<rom>
  <romid>
    <xmlid>A2WC501L</xmlid>
    <internalidaddress>2000</internalidaddress>
    <internalidstring>A2WC501L</internalidstring>
    <ecuid>3F12484206</ecuid>
    <year>05</year>
    <market>USDM</market>
    <make>Subaru</make>
    <model>Baja</model>
    <submodel>Turbo</submodel>
    <transmission>MT</transmission>
    <memmodel>SH7058</memmodel>
    <flashmethod>sti05</flashmethod>
    <checksummodule>subarudbw</checksummodule>
  </romid>
  <include>A2WC500L</include>
</rom>