<rom>
  <romid>
    <xmlid>A2WC500K</xmlid>
    <internalidaddress>2000</internalidaddress>
    <internalidstring>A2WC500K</internalidstring>
    <ecuid>3F12404106</ecuid>
    <year>05</year>
    <market>USDM</market>
    <make>Subaru</make>
    <model>Baja</model>
    <submodel>Turbo</submodel>
    <transmission>AT</transmission>
    <memmodel>SH7058</memmodel>
    <flashmethod>sti05</flashmethod>
    <checksummodule>subarudbw</checksummodule>
  </romid>
  <include>32BITBASE</include>
  <table name="Target Boost" address="c0a98">
    <table name="X" address="c0a44" />
    <table name="Y" address="c0a64" elements="13" />
  </table>
  <table name="Target Boost Compensation (ECT)" address="c05c0">
    <table name="Y" address="c0464" />
  </table>
  <table name="Target Boost Compensation (1st Gear)" address="c0460" />
  <table name="Target Boost Compensation (1st Gear) Speed Disable" address="c0458" />
  <table name="Target Boost Compensation (Atm. Pressure) Multiplier" address="c06c0">
    <table name="Y" address="c06b0" />
  </table>
  <table name="Target Boost Compensation (Atm. Pressure) Multiplier Offset" address="c05f0">
    <table name="Y" address="c05e0" />
  </table>
  <table name="Boost Limit (Fuel Cut)" address="c67d4">
    <table name="Y" address="c67bc" />
  </table>
  <table name="Boost Control Disable (IAM)" address="c0440" />
  <table name="Boost Control Disable (Fine Correction)" address="c043c" />
  <table name="Boost Control Disable Delay (Fine Correction)" address="c03e9" />
  <table name="Initial Wastegate Duty" address="c0814">
    <table name="X" address="c07c4" />
    <table name="Y" address="c07e4" />
  </table>
  <table name="Max Wastegate Duty" address="c0954">
    <table name="X" address="c0904" />
    <table name="Y" address="c0924" elements="12" />
  </table>
  <table name="Max Wastegate Duty Limit Post-Compensation" address="15270" />
  <table name="Initial/Max Wastegate Duty Compensation (IAT)" address="c04e4">
    <table name="Y" address="c04a4" />
  </table>
  <table name="Initial/Max Wastegate Duty Compensation (ECT)" address="c05a0">
    <table name="Y" address="c0464" />
  </table>
  <table name="Initial/Max Wastegate Duty Compensation (Atm. Pressure)" address="c0780">
    <table name="X" address="c0758" />
    <table name="Y" address="c0770" />
  </table>
  <table name="Turbo Dynamics Proportional" address="c062c">
    <table name="Y" address="c0608" />
  </table>
  <table name="Turbo Dynamics Integral Positive" address="c069c">
    <table name="Y" address="c0678" />
  </table>
  <table name="Turbo Dynamics Integral Negative" address="c0664">
    <table name="Y" address="c0640" />
  </table>
  <table name="TD Activation Thresholds (RPM)" address="c0420" />
  <table name="TD Activation Thresholds (Target Boost)" address="c03f4" />
  <table name="TD Integral Cumulative Range (WGDC Correction)" address="c0430" />
  <table name="TD Integral Negative Activation (Boost Error)" address="c0404" />
  <table name="TD Integral Positive Activation (Boost Error)" address="c040c" />
  <table name="TD Integral Positive Activation (Wastegate Duty)" address="c0414" />
  <table name="Manifold Pressure Sensor Scaling" address="c00c4" />
  <table name="Manifold Pressure Sensor Limits (CEL)" address="ca85e" />
  <table name="Manifold Pressure Sensor CEL Delays" address="c2833" />
  <table name="Primary Open Loop Fueling" address="c6e58">
    <table name="X" address="c6dd0" elements="16" />
    <table name="Y" address="c6e10" />
  </table>
  <table name="Primary Open Loop Fueling (Failsafe)" address="c7014">
    <table name="X" address="c6f8c" elements="16" />
    <table name="Y" address="c6fcc" />
  </table>
  <table name="Primary Open Loop Fuel Map Switch (IAM)" address="c584c" />
  <table name="Minimum Active Primary Open Loop Enrichment" address="c57b0" />
  <table name="Minimum Primary Open Loop Enrichment (Throttle)" address="c5e3c">
    <table name="Y" address="c5e24" />
  </table>
  <table name="Primary Open Loop Fueling Compensation (ECT)" address="c6620">
    <table name="Y" address="c5ab8" />
  </table>
  <table name="Primary Open Loop Fueling Compensation (Timing Compensation)_" address="c5e5c">
    <table name="Y" address="c5e44" />
  </table>
  <table name="Front Oxygen Sensor Scaling" address="caea0">
    <table name="Y" address="cae6c" />
  </table>
  <table name="Front Oxygen Sensor Rich Limit" address="21574" />
  <table name="Front Oxygen Sensor Compensation (Atm. Pressure)" address="c1f08">
    <table name="Y" address="c1ef8" />
  </table>
  <table name="CL Fueling Target Compensation (Load)" address="c76c0">
    <table name="X" address="c766c" elements="11" />
    <table name="Y" address="c7698" />
  </table>
  <table name="CL Fueling Target Compensation A (ECT)" address="c7510">
    <table name="X" address="c5ab8" />
    <table name="Y" address="c7504" />
  </table>
  <table name="CL Fueling Target Compensation B (ECT)" address="c75c4">
    <table name="X" address="c5ab8" />
    <table name="Y" address="c75b8" />
  </table>
  <table name="CL to OL Delay" address="c53fe" />
  <table name="CL to OL Transition with Delay A (Throttle)" address="c5d74">
    <table name="Y" address="c5d34" />
  </table>
  <table name="CL to OL Transition with Delay B (Throttle)" address="c5dc4">
    <table name="Y" address="c5d84" />
  </table>
  <table name="CL to OL Transition with Delay C (Throttle)" address="c5e14">
    <table name="Y" address="c5dd4" />
  </table>
  <table name="CL to OL Transition with Delay Throttle Hysteresis" address="c57b4" />
  <table name="CL to OL Transition with Delay A (Base Pulse Width)" address="c6540">
    <table name="Y" address="c6500" />
  </table>
  <table name="CL to OL Transition with Delay B (Base Pulse Width)" address="c65a0">
    <table name="Y" address="c6560" />
  </table>
  <table name="CL to OL Transition with Delay C (Base Pulse Width)" address="c6600">
    <table name="Y" address="c65c0" />
  </table>
  <table name="CL to OL Transition with Delay BPW Hysteresis" address="c57b8" />
  <table name="CL Delay Maximum (EGT)" address="c5834" />
  <table name="CL Delay Maximum (Vehicle Speed)" address="c582c" />
  <table name="CL Delay Minimum (ECT)" address="c57bc" />
  <table name="CL Delay Maximum Engine Speed (Per Gear)" address="c57c0" />
  <table name="CL Delay Maximum Engine Speed (Neutral)" address="c5810" />
  <table name="CL Delay Throttle Atm. Pressure Thresholds" address="c583c" />
  <table name="CL Delay Maximum (Throttle) (Low Atm. Pressure)" address="c5820" />
  <table name="CL Delay Maximum (Throttle) (High Atm. Pressure)" address="c5818" />
  <table name="Injector Latency" address="ca950">
    <table name="Y" address="ca93c" />
  </table>
  <table name="Injector Flow Scaling" address="c552c" />
  <table name="Per Injector Primary Fuel Offset Compensation A" address="c7184">
    <table name="X" address="c7134" />
    <table name="Y" address="c7154" elements="12" />
  </table>
  <table name="Per Injector Primary Fuel Offset Compensation B" address="c7234">
    <table name="X" address="c71e4" />
    <table name="Y" address="c7204" elements="12" />
  </table>
  <table name="Per Injector Primary Fuel Offset Compensation C" address="c72e4">
    <table name="X" address="c7294" />
    <table name="Y" address="c72b4" elements="12" />
  </table>
  <table name="Per Injector Primary Fuel Offset Compensation D" address="c7394">
    <table name="X" address="c7344" />
    <table name="Y" address="c7364" elements="12" />
  </table>
  <table name="Cranking Fuel Injector Pulse Width A (ECT)" address="c5f6a">
    <table name="Y" address="c5ab8" />
  </table>
  <table name="Cranking Fuel Injector Pulse Width B (ECT)" address="c5f8a">
    <table name="Y" address="c5ab8" />
  </table>
  <table name="Cranking Fuel Injector Pulse Width C (ECT)" address="c5faa">
    <table name="Y" address="c5ab8" />
  </table>
  <table name="Cranking Fuel Injector Pulse Width D (ECT)" address="c5fca">
    <table name="Y" address="c5ab8" />
  </table>
  <table name="Cranking Fuel IPW Compensation (RPM)" address="c6c78">
    <table name="X" address="c6c48" />
    <table name="Y" address="c6c5c" />
  </table>
  <table name="Cranking Fuel IPW Compensation (Accelerator)" address="c5b60">
    <table name="Y" address="c5b48" />
  </table>
  <table name="Throttle Tip-in Enrichment" address="c6728">
    <table name="Y" address="c66e0" />
  </table>
  <table name="Minimum Tip-in Enrichment Activation" address="c595c" />
  <table name="Minimum Tip-in Enrichment Activation (Throttle)" address="c5958" />
  <table name="Tip-in Enrichment Compensation (Boost Error)" address="c5ee0">
    <table name="Y" address="c5ebc" />
  </table>
  <table name="Tip-in Enrichment Compensation (ECT)" address="c674c">
    <table name="Y" address="c5ab8" />
  </table>
  <table name="Tip-in Enrichment Disable Applied Counter Threshold" address="c53c5" />
  <table name="Tip-in Enrichment Applied Counter Reset" address="c53c6" />
  <table name="Tip-in Enrichment Disable Throttle Cumulative Threshold" address="c5960" />
  <table name="Tip-in Throttle Cumulative Reset" address="c53c7" />
  <table name="Min Primary Base Enrichment 1" address="c5bb6">
    <table name="Y" address="c5ab8" />
  </table>
  <table name="Min Primary Base Enrichment 1 (Non-Primary OL)" address="c6da4">
    <table name="X" address="c6d78" elements="8" />
    <table name="Y" address="c6d98" />
  </table>
  <table name="Min Primary Base Enrich 2 Initial Start 1A" address="c606a">
    <table name="Y" address="c5ab8" />
  </table>
  <table name="Min Primary Base Enrich 2 Initial Start 1B" address="c60aa">
    <table name="Y" address="c5ab8" />
  </table>
  <table name="Min Primary Base Enrich 2 Initial Start 2A" address="c608a">
    <table name="Y" address="c5ab8" />
  </table>
  <table name="Min Primary Base Enrich 2 Initial Start 2B" address="c60ca">
    <table name="Y" address="c5ab8" />
  </table>
  <table name="Min Primary Base Enrich 2 Decay Step 1" address="c60ea">
    <table name="Y" address="c5ab8" />
  </table>
  <table name="Min Primary Base Enrich 2 Decay Step 2" address="c610a">
    <table name="Y" address="c5ab8" />
  </table>
  <table name="Min Primary Base Enrich 3 Initial Start 1A" address="c5fea">
    <table name="Y" address="c5ab8" />
  </table>
  <table name="Min Primary Base Enrich 3 Initial Start 1B" address="c600a">
    <table name="Y" address="c5ab8" />
  </table>
  <table name="Min Primary Base Enrich 3 Initial Start 2A" address="c602a">
    <table name="Y" address="c5ab8" />
  </table>
  <table name="Min Primary Base Enrich 3 Initial Start 2B" address="c604a">
    <table name="Y" address="c5ab8" />
  </table>
  <table name="Min Primary Base Enrich 3 Decay Delay A" address="c5b76">
    <table name="Y" address="c5ab8" />
  </table>
  <table name="Min Primary Base Enrich 3 Decay Delay B" address="c5b86">
    <table name="Y" address="c5ab8" />
  </table>
  <table name="Min Primary Base Enrich 3 Decay Multiplier" address="c5530" />
  <table name="A/F Learning #1 Limits" address="c575c" />
  <table name="A/F Learning #1 Airflow Ranges" address="c5768" />
  <table name="MAF Limit (Maximum)" address="c1a8c" />
  <table name="MAF Sensor Scaling" address="cacbc">
    <table name="Y" address="cabfc" elements="48" />
  </table>
  <table name="MAF Compensation (IAT)" address="c2308">
    <table name="X" address="c22d4" />
    <table name="Y" address="c22e8" />
  </table>
  <table name="Engine Load Limit (Maximum)" address="1f64c" />
  <table name="Engine Load Compensation (MP)" address="c2250">
    <table name="X" address="c21f4" />
    <table name="Y" address="c2220" elements="12" />
  </table>
  <table name="Base Timing" address="c8694">
    <table name="X" address="c860c" elements="16" />
    <table name="Y" address="c864c" />
  </table>
  <table name="Base Timing Idle" address="c7d21">
    <table name="Y" address="c7bc4" />
  </table>
  <table name="Base Timing Idle Minimum" address="c7d18">
    <table name="Y" address="c7cf4" />
  </table>
  <table name="Base Timing Idle Minimum Vehicle Speed Enable" address="c78e8" />
  <table name="Knock Correction Advance Max" address="c89f8">
    <table name="X" address="c8970" />
    <table name="Y" address="c89b0" />
  </table>
  <table name="Timing Compensation A (IAT)" address="c7d94">
    <table name="Y" address="c7d54" />
  </table>
  <table name="Timing Compensation A (IAT) Activation" address="c87f4">
    <table name="X" address="c87b4" />
    <table name="Y" address="c87d4" />
  </table>
  <table name="Timing Compensation B (IAT)" address="c82d8">
    <table name="Y" address="c8298" />
  </table>
  <table name="Timing Compensation B (IAT) IAM Activation" address="c7bc0" />
  <table name="Timing Compensation B (IAT) Max Additive" address="c7ba4" />
  <table name="Timing Compensation (ECT)" address="c7d41">
    <table name="Y" address="c7bc4" />
  </table>
  <table name="Timing Compensation (MRP)" address="c8b4c">
    <table name="X" address="c8b2c" />
    <table name="Y" address="c8b40" />
  </table>
  <table name="Timing Compensation Per Cylinder A__" address="c817c">
    <table name="Y" address="c8144" />
  </table>
  <table name="Timing Compensation Per Cylinder B__" address="c81c4">
    <table name="Y" address="c818c" />
  </table>
  <table name="Timing Compensation Per Cylinder C__" address="c820c">
    <table name="Y" address="c81d4" />
  </table>
  <table name="Timing Compensation Per Cylinder D__" address="c8254">
    <table name="Y" address="c821c" />
  </table>
  <table name="Timing Comp Minimum Load (Per Cylinder)" address="c7a20" />
  <table name="Timing Comp Maximum RPM (Per Cylinder)" address="c7a1c" />
  <table name="Timing Comp Minimum Coolant Temp (Per Cylinder)" address="c7a24" />
  <table name="Feedback Correction Range (RPM)" address="c7a58" />
  <table name="Feedback Correction Minimum Load" address="c7a68" />
  <table name="Feedback Correction Retard Value" address="c7a38" />
  <table name="Feedback Correction Retard Limit" address="c7a34" />
  <table name="Feedback Correction Negative Advance Value" address="c7a40" />
  <table name="Feedback Correction Negative Advance Delay" address="c7812" />
  <table name="Extended Feedback Correction High RPM Compensation" address="c7a70" />
  <table name="Fine Correction Range (RPM)" address="c7b50" />
  <table name="Fine Correction Range (Load)" address="c7b60" />
  <table name="Fine Correction Rows (RPM)" address="c7b80" />
  <table name="Fine Correction Columns (Load)" address="c7b70" />
  <table name="Fine Correction Retard Value" address="c7b98" />
  <table name="Fine Correction Retard Limit" address="c7b48" />
  <table name="Fine Correction Advance Value" address="c7b4c" />
  <table name="Fine Correction Advance Limit" address="c7b44" />
  <table name="Fine Correction Advance Delay" address="c7820" />
  <table name="Rough Correction Range (RPM)" address="c7ae8" />
  <table name="Rough Correction Range (Load)" address="c7af8" />
  <table name="Rough Correction Minimum KC Advance Map Value" address="c7b08" />
  <table name="Rough Correction Learning Delay (Increasing)" address="c828c">
    <table name="Y" address="c8264" />
  </table>
  <table name="Advance Multiplier (Initial)" address="c7ae4" />
  <table name="Advance Multiplier Step Value" address="c7b0c" />
  <table name="Intake Cam Advance Angle (AVCS)" address="cc228">
    <table name="X" address="cc1a8" />
    <table name="Y" address="cc1e0" />
  </table>
  <table name="Requested Torque (Accelerator Pedal)" address="ca348">
    <table name="X" address="ca2d0" />
    <table name="Y" address="ca30c" elements="15" />
  </table>
  <table name="Target Throttle Plate Position (Requested Torque)" address="ca0b0">
    <table name="X" address="ca02c" />
    <table name="Y" address="ca070" />
  </table>
  <table name="Rev Limit (Fuel Cut)" address="c59b0" />
  <table name="Rev Limit Fuel Resume (Boost)" address="c59b8" />
  <table name="Speed Limiting Enable (Fuel Cut)" address="c59fc" />
  <table name="Speed Limiting Disable (Fuel Cut)" address="c5a04" />
  <table name="Speed Limiting (Throttle)" address="c1d6c" />
  <table name="EGT Sensor Scaling" address="cadf4">
    <table name="Y" address="cad7c" />
  </table>
  <table name="Fuel Temp Sensor Scaling" address="cab84">
    <table name="Y" address="cab0c" />
  </table>
  <table name="Intake Temp Sensor Scaling" address="7fda8">
    <table name="Y" address="7fd30" />
  </table>
  <table name="Coolant Temp Sensor Scaling" address="7fcc0">
    <table name="Y" address="7fc50" />
  </table>
  <table name="Atmospheric Pressure Sensor Scaling" address="c0070" />
  <table name="Radiator Fan Modes (ECT)" address="cb61c" />
  <table name="Radiator Fan Modes (Veh. Speed)" address="cb62c" />
  <table name="Idle Speed Target A" address="c9648">
    <table name="Y" address="c9054" />
  </table>
  <table name="Idle Speed Target B" address="c9688">
    <table name="Y" address="c9054" />
  </table>
  <table name="Idle Speed Target C" address="c96c8">
    <table name="Y" address="c9054" />
  </table>
  <table name="Force Pass Readiness Monitors" address="7279a" />
  <table name="(P0000) PASS CODE (NO DTC DETECTED)" address="6f4b2" />
  <table name="(P0000) PASS CODE (NO DTC DETECTED)_" address="6f4b3" />
  <table name="(P0011) CAMSHAFT POS. - TIMING OVER-ADVANCED 1" address="6f498" />
  <table name="(P0021) CAMSHAFT POS. - TIMING OVER-ADVANCED 2" address="6f499" />
  <table name="(P0030) FRONT O2 SENSOR RANGE/PERF" address="6f4d7" />
  <table name="(P0031) FRONT O2 SENSOR LOW INPUT" address="6f4be" />
  <table name="(P0032) FRONT O2 SENSOR HIGH INPUT" address="6f4bc" />
  <table name="(P0037) REAR O2 SENSOR LOW INPUT" address="6f4bd" />
  <table name="(P0038) REAR O2 SENSOR HIGH INPUT" address="6f4bb" />
  <table name="(P0068) MAP SENSOR RANGE/PERF" address="6f4d3" />
  <table name="(P0101) MAF SENSOR RANGE/PERF" address="6f4d5" />
  <table name="(P0102) MAF SENSOR LOW INPUT" address="6f471" />
  <table name="(P0103) MAF SENSOR HIGH INPUT" address="6f472" />
  <table name="(P0107) MAP SENSOR LOW INPUT" address="6f4bf" />
  <table name="(P0108) MAP SENSOR HIGH INPUT" address="6f4c0" />
  <table name="(P0111) IAT SENSOR RANGE/PERF" address="6f4ba" />
  <table name="(P0112) IAT SENSOR LOW INPUT" address="6f4b8" />
  <table name="(P0113) IAT SENSOR HIGH INPUT" address="6f4b9" />
  <table name="(P0117) COOLANT TEMP SENSOR LOW INPUT" address="6f479" />
  <table name="(P0118) COOLANT TEMP SENSOR HIGH INPUT" address="6f47a" />
  <table name="(P0122) TPS A LOW INPUT" address="6f476" />
  <table name="(P0123) TPS A HIGH INPUT" address="6f477" />
  <table name="(P0125) INSUFFICIENT COOLANT TEMP (FUELING)" address="6f47c" />
  <table name="(P0126) INSUFFICIENT COOLANT TEMP (OPERATION)" address="6f500" />
  <table name="(P0128) THERMOSTAT MALFUNCTION" address="6f4c1" />
  <table name="(P0131) FRONT O2 SENSOR LOW INPUT" address="6f4b5" />
  <table name="(P0132) FRONT O2 SENSOR HIGH INPUT" address="6f4b6" />
  <table name="(P0133) FRONT O2 SENSOR SLOW RESPONSE" address="6f4a3" />
  <table name="(P0134) FRONT O2 SENSOR NO ACTIVITY" address="6f4d6" />
  <table name="(P0137) REAR O2 SENSOR LOW VOLTAGE" address="6f4b4" />
  <table name="(P0138) REAR O2 SENSOR HIGH VOLTAGE" address="6f4b7" />
  <table name="(P0139) REAR O2 SENSOR SLOW RESPONSE" address="6f4a4" />
  <table name="(P0171) SYSTEM TOO LEAN" address="6f4aa" />
  <table name="(P0172) SYSTEM TOO RICH" address="6f4ab" />
  <table name="(P0181) FUEL TEMP SENSOR A RANGE/PERF" address="6f489" />
  <table name="(P0182) FUEL TEMP SENSOR A LOW INPUT" address="6f487" />
  <table name="(P0183) FUEL TEMP SENSOR A HIGH INPUT" address="6f488" />
  <table name="(P0222) TPS B LOW INPUT" address="6f4da" />
  <table name="(P0223) TPS B HIGH INPUT" address="6f4db" />
  <table name="(P0230) FUEL PUMP PRIMARY CIRCUIT" address="6f4d2" />
  <table name="(P0244) WASTEGATE SOLENOID A RANGE/PERF" address="6f4c8" />
  <table name="(P0245) WASTEGATE SOLENOID A LOW" address="6f4c6" />
  <table name="(P0246) WASTEGATE SOLENOID A HIGH" address="6f4c7" />
  <table name="(P0301) MISFIRE CYLINDER 1" address="6f4ac" />
  <table name="(P0302) MISFIRE CYLINDER 2" address="6f4ad" />
  <table name="(P0303) MISFIRE CYLINDER 3" address="6f4ae" />
  <table name="(P0304) MISFIRE CYLINDER 4" address="6f4af" />
  <table name="(P0327) KNOCK SENSOR 1 LOW INPUT" address="6f474" />
  <table name="(P0328) KNOCK SENSOR 1 HIGH INPUT" address="6f475" />
  <table name="(P0335) CRANKSHAFT POS. SENSOR A MALFUNCTION" address="6f46c" />
  <table name="(P0336) CRANKSHAFT POS. SENSOR A RANGE/PERF" address="6f46d" />
  <table name="(P0340) CAMSHAFT POS. SENSOR A MALFUNCTION" address="6f4ee" />
  <table name="(P0345) CAMSHAFT POS. SENSOR A BANK 2" address="6f4ed" />
  <table name="(P0420) CAT EFFICIENCY BELOW THRESHOLD" address="6f4a7" />
  <table name="(P0442) EVAP LEAK DETECTED (SMALL)" address="6f4a8" />
  <table name="(P0447) EVAP VENT CONTROL CIRCUIT OPEN" address="6f4a1" />
  <table name="(P0448) EVAP VENT CONTROL CIRCUIT SHORTED" address="6f4a2" />
  <table name="(P0451) EVAP PRESSURE SENSOR RANGE/PERF" address="6f485" />
  <table name="(P0452) EVAP PRESSURE SENSOR LOW INPUT" address="6f483" />
  <table name="(P0453) EVAP PRESSURE SENSOR HIGH INPUT" address="6f484" />
  <table name="(P0456) EVAP LEAK DETECTED (VERY SMALL)" address="6f4a9" />
  <table name="(P0457) EVAP LEAK DETECTED (FUEL CAP)" address="6f4b1" />
  <table name="(P0458) EVAP PURGE VALVE CIRCUIT LOW" address="6f49c" />
  <table name="(P0459) EVAP PURGE VALVE CIRCUIT HIGH" address="6f49d" />
  <table name="(P0461) FUEL LEVEL SENSOR RANGE/PERF" address="6f47f" />
  <table name="(P0462) FUEL LEVEL SENSOR LOW INPUT" address="6f47d" />
  <table name="(P0463) FUEL LEVEL SENSOR HIGH INPUT" address="6f47e" />
  <table name="(P0464) FUEL LEVEL SENSOR INTERMITTENT" address="6f47b" />
  <table name="(P0483) RADIATOR FAN RATIONALITY CHECK" address="6f494" />
  <table name="(P0502) VEHICLE SPEED SENSOR LOW INPUT" address="6f4d1" />
  <table name="(P0503) VEHICLE SPEED SENSOR INTERMITTENT" address="6f4d8" />
  <table name="(P0506) IDLE CONTROL RPM LOWER THAN EXPECTED" address="6f48f" />
  <table name="(P0507) IDLE CONTROL RPM HIGH THAN EXPECTED" address="6f490" />
  <table name="(P0512) STARTER REQUEST CIRCUIT" address="6f482" />
  <table name="(P0519) IDLE CONTROL MALFUNCTION (FAIL-SAFE)" address="6f4d4" />
  <table name="(P0545) EGT SENSOR CIRCUIT LOW" address="6f4cd" />
  <table name="(P0546) EGT SENSOR CIRCUIT HIGH" address="6f4ce" />
  <table name="(P0600) SERIAL COMMUNICATION LINK" address="6f4ea" />
  <table name="(P0604) CONTROL MODULE RAM ERROR" address="6f470" />
  <table name="(P0605) CONTROL MODULE ROM ERROR" address="6f4ef" />
  <table name="(P0607) CONTROL MODULE PERFORMANCE" address="6f4e2" />
  <table name="(P0638) THROTTLE ACTUATOR RANGE/PERF" address="6f4e1" />
  <table name="(P0691) RADIATOR FAN CIRCUIT LOW" address="6f492" />
  <table name="(P0692) RADIATOR FAN CIRCUIT HIGH" address="6f493" />
  <table name="(P0700) TRANSMISSION CONTROL SYSTEM" address="6f4f8" />
  <table name="(P0851) NEUTRAL SWITCH INPUT LOW" address="6f486" />
  <table name="(P0852) NEUTRAL SWITCH INPUT HIGH" address="6f48a" />
  <table name="(P1152) FRONT O2 SENSOR RANGE/PERF LOW B1 S1" address="6f4a5" />
  <table name="(P1153) FRONT O2 SENSOR RANGE/PERF HIGH B1 S1" address="6f4a6" />
  <table name="(P1160) ABNORMAL RETURN SPRING" address="6f4dc" />
  <table name="(P1301) MISFIRE (HIGH TEMP EXHAUST GAS)" address="6f4b0" />
  <table name="(P1312) EGT SENSOR MALFUNCTION" address="6f4cf" />
  <table name="(P1400) FUEL TANK PRESSURE SOL. LOW" address="6f49a" />
  <table name="(P1420) FUEL TANK PRESSURE SOL. HIGH INPUT" address="6f49b" />
  <table name="(P1443) VENT CONTROL SOLENOID FUNCTION PROBLEM" address="6f4a0" />
  <table name="(P1446) FUEL TANK SENSOR CONTROL CIRCUIT LOW" address="6f48b" />
  <table name="(P1447) FUEL TANK SENSOR CONTROL CIRCUIT HIGH" address="6f48c" />
  <table name="(P1448) FUEL TANK SENSOR CONTROL RANGE/PERF" address="6f491" />
  <table name="(P1491) PCV (BLOWBY) FUNCTION PROBLEM" address="6f4c2" />
  <table name="(P1518) STARTER SWITCH LOW INPUT" address="6f481" />
  <table name="(P1544) EGT TOO HIGH" address="6f4d0" />
  <table name="(P1560) BACK-UP VOLTAGE MALFUNCTION" address="6f4c3" />
  <table name="(P2004) TGV - INTAKE MANIFOLD RUNNER 1 STUCK OPEN" address="6f4fb" />
  <table name="(P2005) TGV - INTAKE MANIFOLD RUNNER 2 STUCK OPEN" address="6f4fd" />
  <table name="(P2006) TGV - INTAKE MANIFOLD RUNNER 1 STUCK CLOSED" address="6f4fc" />
  <table name="(P2007) TGV - INTAKE MANIFOLD RUNNER 2 STUCK CLOSED" address="6f4fe" />
  <table name="(P2008) TGV - INTAKE MANIFOLD RUNNER 1 CIRCUIT OPEN" address="6f509" />
  <table name="(P2009) TGV - INTAKE MANIFOLD RUNNER 1 CIRCUIT LOW" address="6f507" />
  <table name="(P2011) TGV - INTAKE MANIFOLD RUNNER 2 CIRCUIT OPEN" address="6f50a" />
  <table name="(P2012) TGV - INTAKE MANIFOLD RUNNER 2 CIRCUIT LOW" address="6f508" />
  <table name="(P2016) TGV - INTAKE MANIFOLD RUNNER 1 POS. SENSOR LOW" address="6f503" />
  <table name="(P2017) TGV - INTAKE MANIFOLD RUNNER 1 POS. SENSOR HIGH" address="6f504" />
  <table name="(P2021) TGV - INTAKE MANIFOLD RUNNER 2 POS. SENSOR LOW" address="6f505" />
  <table name="(P2022) TGV - INTAKE MANIFOLD RUNNER 2 POS. SENSOR HIGH" address="6f506" />
  <table name="(P2088) OCV SOLENOID A1 CIRCUIT OPEN" address="6f4f7" />
  <table name="(P2089) OCV SOLENOID A1 CIRCUIT SHORT" address="6f4f6" />
  <table name="(P2092) OCV SOLENOID A2 CIRCUIT OPEN" address="6f4f5" />
  <table name="(P2093) OCV SOLENOID A2 CIRCUIT SHORT" address="6f4f4" />
  <table name="(P2096) POST CATALYST TOO LEAN B1" address="6f4e0" />
  <table name="(P2097) POST CATALYST TOO RICH B1" address="6f4e9" />
  <table name="(P2101) THROTTLE ACTUATOR CIRCUIT RANGE/PERF" address="6f4df" />
  <table name="(P2102) THROTTLE ACTUATOR CIRCUIT LOW" address="6f4dd" />
  <table name="(P2103) THROTTLE ACTUATOR CIRCUIT HIGH" address="6f4de" />
  <table name="(P2109) TPS A MINIMUM STOP PERF" address="6f4d9" />
  <table name="(P2122) TPS D CIRCUIT LOW INPUT" address="6f4e6" />
  <table name="(P2123) TPS D CIRCUIT HIGH INPUT" address="6f4e7" />
  <table name="(P2127) TPS E CIRCUIT LOW INPUT" address="6f4e4" />
  <table name="(P2128) TPS E CIRCUIT HIGH INPUT" address="6f4e5" />
  <table name="(P2135) TPS A/B VOLTAGE" address="6f4e8" />
  <table name="(P2138) TPS D/E VOLTAGE" address="6f4e3" />
  <table name="(P2227) BARO. PRESSURE CIRCUIT RANGE/PERF" address="6f4ff" />
  <table name="(P2228) BARO. PRESSURE CIRCUIT LOW INPUT" address="6f502" />
  <table name="(P2229) BARO. PRESSURE CIRCUIT HIGH INPUT" address="6f501" />
</rom>