<rom>
  <romid>
    <xmlid>A2WF101K</xmlid>
    <internalidaddress>2000</internalidaddress>
    <internalidstring>A2WF101K</internalidstring>
    <ecuid>4812403106</ecuid>
    <year>06</year>
    <market>USDM</market>
    <make>Subaru</make>
    <model>Baja</model>
    <submodel>Turbo</submodel>
    <transmission>AT</transmission>
    <memmodel>SH7058</memmodel>
    <flashmethod>sti05</flashmethod>
    <checksummodule>subarudbw</checksummodule>
  </romid>
  <include>32BITBASE</include>
  <table name="Target Boost" address="c0a98">
    <table name="X" address="c0a44" />
    <table name="Y" address="c0a64" elements="13" />
  </table>
  <table name="Target Boost Compensation (ECT)" address="c05c0">
    <table name="Y" address="c0464" />
  </table>
  <table name="Target Boost Compensation (1st Gear)" address="c0460" />
  <table name="Target Boost Compensation (1st Gear) Speed Disable" address="c0458" />
  <table name="Target Boost Compensation (Atm. Pressure) Multiplier" address="c06c0">
    <table name="Y" address="c06b0" />
  </table>
  <table name="Target Boost Compensation (Atm. Pressure) Multiplier Offset" address="c05f0">
    <table name="Y" address="c05e0" />
  </table>
  <table name="Boost Limit (Fuel Cut)" address="c6a94">
    <table name="Y" address="c6a7c" />
  </table>
  <table name="Boost Control Disable (IAM)" address="c0440" />
  <table name="Boost Control Disable (Fine Correction)" address="c043c" />
  <table name="Boost Control Disable Delay (Fine Correction)" address="c03e9" />
  <table name="Initial Wastegate Duty" address="c0814">
    <table name="X" address="c07c4" />
    <table name="Y" address="c07e4" />
  </table>
  <table name="Max Wastegate Duty" address="c0954">
    <table name="X" address="c0904" />
    <table name="Y" address="c0924" elements="12" />
  </table>
  <table name="Max Wastegate Duty Limit Post-Compensation" address="16510" />
  <table name="Initial/Max Wastegate Duty Compensation (IAT)" address="c04e4">
    <table name="Y" address="c04a4" />
  </table>
  <table name="Initial/Max Wastegate Duty Compensation (ECT)" address="c05a0">
    <table name="Y" address="c0464" />
  </table>
  <table name="Initial/Max Wastegate Duty Compensation (Atm. Pressure)" address="c0780">
    <table name="X" address="c0758" />
    <table name="Y" address="c0770" />
  </table>
  <table name="Turbo Dynamics Proportional" address="c062c">
    <table name="Y" address="c0608" />
  </table>
  <table name="Turbo Dynamics Integral Positive" address="c069c">
    <table name="Y" address="c0678" />
  </table>
  <table name="Turbo Dynamics Integral Negative" address="c0664">
    <table name="Y" address="c0640" />
  </table>
  <table name="TD Activation Thresholds (RPM)" address="c0420" />
  <table name="TD Activation Thresholds (Target Boost)" address="c03f4" />
  <table name="TD Integral Cumulative Range (WGDC Correction)" address="c0430" />
  <table name="TD Integral Negative Activation (Boost Error)" address="c0404" />
  <table name="TD Integral Positive Activation (Boost Error)" address="c040c" />
  <table name="TD Integral Positive Activation (Wastegate Duty)" address="c0414" />
  <table name="Manifold Pressure Sensor Scaling" address="c00c4" />
  <table name="Manifold Pressure Sensor Limits (CEL)" address="ca95c" />
  <table name="Manifold Pressure Sensor CEL Delays" address="c283d" />
  <table name="Primary Open Loop Fueling" address="c6d68">
    <table name="X" address="c6ce0" elements="16" />
    <table name="Y" address="c6d20" />
  </table>
  <table name="Primary Open Loop Fueling (Failsafe)" address="c6f24">
    <table name="X" address="c6e9c" elements="16" />
    <table name="Y" address="c6edc" />
  </table>
  <table name="Primary Open Loop Fuel Map Switch (IAM)" address="c5848" />
  <table name="Minimum Active Primary Open Loop Enrichment" address="c57ac" />
  <table name="Minimum Primary Open Loop Enrichment (Throttle)" address="c5e2c">
    <table name="Y" address="c5e14" />
  </table>
  <table name="Primary Open Loop Fueling Compensation (ECT)" address="c65e0">
    <table name="Y" address="c5ab8" />
  </table>
  <table name="Primary Open Loop Fueling Compensation (Timing Compensation)_" address="c5e4c">
    <table name="Y" address="c5e34" />
  </table>
  <table name="Front Oxygen Sensor Scaling" address="cafb8">
    <table name="Y" address="caf84" />
  </table>
  <table name="Front Oxygen Sensor Rich Limit" address="2219c" />
  <table name="Front Oxygen Sensor Compensation (Atm. Pressure)" address="c1f08">
    <table name="Y" address="c1ef8" />
  </table>
  <table name="CL Fueling Target Compensation (Load)" address="c76c0">
    <table name="X" address="c766c" elements="11" />
    <table name="Y" address="c7698" />
  </table>
  <table name="CL Fueling Target Compensation A (ECT)" address="c7510">
    <table name="X" address="c5ab8" />
    <table name="Y" address="c7504" />
  </table>
  <table name="CL Fueling Target Compensation B (ECT)" address="c75c4">
    <table name="X" address="c5ab8" />
    <table name="Y" address="c75b8" />
  </table>
  <table name="CL to OL Delay" address="c53fa" />
  <table name="CL to OL Transition with Delay A (Throttle)" address="c5d64">
    <table name="Y" address="c5d24" />
  </table>
  <table name="CL to OL Transition with Delay B (Throttle)" address="c5db4">
    <table name="Y" address="c5d74" />
  </table>
  <table name="CL to OL Transition with Delay C (Throttle)" address="c5e04">
    <table name="Y" address="c5dc4" />
  </table>
  <table name="CL to OL Transition with Delay Throttle Hysteresis" address="c57b0" />
  <table name="CL to OL Transition with Delay A (Base Pulse Width)" address="c6500">
    <table name="Y" address="c64c0" />
  </table>
  <table name="CL to OL Transition with Delay B (Base Pulse Width)" address="c6560">
    <table name="Y" address="c6520" />
  </table>
  <table name="CL to OL Transition with Delay C (Base Pulse Width)" address="c65c0">
    <table name="Y" address="c6580" />
  </table>
  <table name="CL to OL Transition with Delay BPW Hysteresis" address="c57b4" />
  <table name="CL Delay Maximum (EGT)" address="c5830" />
  <table name="CL Delay Maximum (Vehicle Speed)" address="c5828" />
  <table name="CL Delay Minimum (ECT)" address="c57b8" />
  <table name="CL Delay Maximum Engine Speed (Per Gear)" address="c57bc" />
  <table name="CL Delay Maximum Engine Speed (Neutral)" address="c580c" />
  <table name="CL Delay Throttle Atm. Pressure Thresholds" address="c5838" />
  <table name="CL Delay Maximum (Throttle) (Low Atm. Pressure)" address="c581c" />
  <table name="CL Delay Maximum (Throttle) (High Atm. Pressure)" address="c5814" />
  <table name="Injector Latency" address="caa68">
    <table name="Y" address="caa54" />
  </table>
  <table name="Injector Flow Scaling" address="c5528" />
  <table name="Per Injector Primary Fuel Offset Compensation A" address="c7094">
    <table name="X" address="c7044" />
    <table name="Y" address="c7064" elements="12" />
  </table>
  <table name="Per Injector Primary Fuel Offset Compensation B" address="c7144">
    <table name="X" address="c70f4" />
    <table name="Y" address="c7114" elements="12" />
  </table>
  <table name="Per Injector Primary Fuel Offset Compensation C" address="c71f4">
    <table name="X" address="c71a4" />
    <table name="Y" address="c71c4" elements="12" />
  </table>
  <table name="Per Injector Primary Fuel Offset Compensation D" address="c72a4">
    <table name="X" address="c7254" />
    <table name="Y" address="c7274" elements="12" />
  </table>
  <table name="Cranking Fuel Injector Pulse Width A (ECT)" address="c5f2a">
    <table name="Y" address="c5ab8" />
  </table>
  <table name="Cranking Fuel Injector Pulse Width B (ECT)" address="c5f4a">
    <table name="Y" address="c5ab8" />
  </table>
  <table name="Cranking Fuel Injector Pulse Width C (ECT)" address="c5f6a">
    <table name="Y" address="c5ab8" />
  </table>
  <table name="Cranking Fuel Injector Pulse Width D (ECT)" address="c5f8a">
    <table name="Y" address="c5ab8" />
  </table>
  <table name="Cranking Fuel IPW Compensation (RPM)" address="c6b88">
    <table name="X" address="c6b58" />
    <table name="Y" address="c6b6c" />
  </table>
  <table name="Cranking Fuel IPW Compensation (Accelerator)" address="c5b50">
    <table name="Y" address="c5b38" />
  </table>
  <table name="Throttle Tip-in Enrichment" address="c69e8">
    <table name="Y" address="c69a0" />
  </table>
  <table name="Minimum Tip-in Enrichment Activation" address="c5994" />
  <table name="Minimum Tip-in Enrichment Activation (Throttle)" address="c5990" />
  <table name="Tip-in Enrichment Compensation (Boost Error)" address="c5ed0">
    <table name="Y" address="c5eac" />
  </table>
  <table name="Tip-in Enrichment Compensation (ECT)" address="c6a0c">
    <table name="Y" address="c5ab8" />
  </table>
  <table name="Tip-in Enrichment Disable Applied Counter Threshold" address="c53c5" />
  <table name="Tip-in Enrichment Applied Counter Reset" address="c53c6" />
  <table name="Tip-in Enrichment Disable Throttle Cumulative Threshold" address="c5998" />
  <table name="Tip-in Throttle Cumulative Reset" address="c53c7" />
  <table name="Min Primary Base Enrichment 1" address="c5ba6">
    <table name="Y" address="c5ab8" />
  </table>
  <table name="Min Primary Base Enrichment 1 (Non-Primary OL)" address="c6cb4">
    <table name="X" address="c6c88" elements="8" />
    <table name="Y" address="c6ca8" />
  </table>
  <table name="Min Primary Base Enrich 2 Initial Start 1A" address="c602a">
    <table name="Y" address="c5ab8" />
  </table>
  <table name="Min Primary Base Enrich 2 Initial Start 1B" address="c606a">
    <table name="Y" address="c5ab8" />
  </table>
  <table name="Min Primary Base Enrich 2 Initial Start 2A" address="c604a">
    <table name="Y" address="c5ab8" />
  </table>
  <table name="Min Primary Base Enrich 2 Initial Start 2B" address="c608a">
    <table name="Y" address="c5ab8" />
  </table>
  <table name="Min Primary Base Enrich 2 Decay Step 1" address="c60aa">
    <table name="Y" address="c5ab8" />
  </table>
  <table name="Min Primary Base Enrich 2 Decay Step 2" address="c60ca">
    <table name="Y" address="c5ab8" />
  </table>
  <table name="Min Primary Base Enrich 3 Initial Start 1A" address="c5faa">
    <table name="Y" address="c5ab8" />
  </table>
  <table name="Min Primary Base Enrich 3 Initial Start 1B" address="c5fca">
    <table name="Y" address="c5ab8" />
  </table>
  <table name="Min Primary Base Enrich 3 Initial Start 2A" address="c5fea">
    <table name="Y" address="c5ab8" />
  </table>
  <table name="Min Primary Base Enrich 3 Initial Start 2B" address="c600a">
    <table name="Y" address="c5ab8" />
  </table>
  <table name="Min Primary Base Enrich 3 Decay Delay A" address="c5b66">
    <table name="Y" address="c5ab8" />
  </table>
  <table name="Min Primary Base Enrich 3 Decay Delay B" address="c5b76">
    <table name="Y" address="c5ab8" />
  </table>
  <table name="Min Primary Base Enrich 3 Decay Multiplier" address="c552c" />
  <table name="A/F Learning #1 Limits" address="c5758" />
  <table name="A/F Learning #1 Airflow Ranges" address="c5764" />
  <table name="MAF Limit (Maximum)" address="c1a9c" />
  <table name="MAF Sensor Scaling" address="cadd4">
    <table name="Y" address="cad14" elements="48" />
  </table>
  <table name="MAF Compensation (IAT)" address="c2308">
    <table name="X" address="c22d4" />
    <table name="Y" address="c22e8" />
  </table>
  <table name="Engine Load Limit (Maximum)" address="20274" />
  <table name="Engine Load Compensation (MP)" address="c2250">
    <table name="X" address="c21f4" />
    <table name="Y" address="c2220" elements="12" />
  </table>
  <table name="Base Timing" address="c8884">
    <table name="X" address="c87fc" elements="16" />
    <table name="Y" address="c883c" />
  </table>
  <table name="Base Timing Idle" address="c7e75">
    <table name="Y" address="c7bc4" />
  </table>
  <table name="Base Timing Idle Minimum" address="c7e6c">
    <table name="Y" address="c7e48" />
  </table>
  <table name="Base Timing Idle Minimum Vehicle Speed Enable" address="c7a44" />
  <table name="Knock Correction Advance Max" address="c86b4">
    <table name="X" address="c862c" />
    <table name="Y" address="c866c" />
  </table>
  <table name="Timing Compensation A (IAT)" address="c7ee8">
    <table name="Y" address="c7ea8" />
  </table>
  <table name="Timing Compensation A (IAT) Activation" address="c89e4">
    <table name="X" address="c89a4" />
    <table name="Y" address="c89c4" />
  </table>
  <table name="Timing Compensation B (IAT)" address="c82d8">
    <table name="Y" address="c8298" />
  </table>
  <table name="Timing Compensation B (IAT) IAM Activation" address="c7b9c" />
  <table name="Timing Compensation B (IAT) Max Additive" address="c7b80" />
  <table name="Timing Compensation (ECT)" address="c7e95">
    <table name="Y" address="c7bc4" />
  </table>
  <table name="Timing Compensation (MRP)" address="c8b94">
    <table name="X" address="c8b74" />
    <table name="Y" address="c8b88" />
  </table>
  <table name="Timing Compensation Per Cylinder A__" address="c7c7c">
    <table name="Y" address="c7c44" />
  </table>
  <table name="Timing Compensation Per Cylinder B__" address="c7cc4">
    <table name="Y" address="c7c8c" />
  </table>
  <table name="Timing Compensation Per Cylinder C__" address="c7d0c">
    <table name="Y" address="c7cd4" />
  </table>
  <table name="Timing Compensation Per Cylinder D__" address="c7d54">
    <table name="Y" address="c7d1c" />
  </table>
  <table name="Timing Comp Minimum Load (Per Cylinder)" address="c7828" />
  <table name="Timing Comp Maximum RPM (Per Cylinder)" address="c7824" />
  <table name="Timing Comp Minimum Coolant Temp (Per Cylinder)" address="c782c" />
  <table name="Feedback Correction Range (RPM)" address="c7860" />
  <table name="Feedback Correction Minimum Load" address="c7870" />
  <table name="Feedback Correction Retard Value" address="c7840" />
  <table name="Feedback Correction Retard Limit" address="c783c" />
  <table name="Feedback Correction Negative Advance Value" address="c7848" />
  <table name="Feedback Correction Negative Advance Delay" address="c77fe" />
  <table name="Extended Feedback Correction High RPM Compensation" address="c7878" />
  <table name="Fine Correction Range (RPM)" address="c7958" />
  <table name="Fine Correction Range (Load)" address="c7968" />
  <table name="Fine Correction Rows (RPM)" address="c7988" />
  <table name="Fine Correction Columns (Load)" address="c7978" />
  <table name="Fine Correction Retard Value" address="c79a0" />
  <table name="Fine Correction Retard Limit" address="c7950" />
  <table name="Fine Correction Advance Value" address="c7954" />
  <table name="Fine Correction Advance Limit" address="c794c" />
  <table name="Fine Correction Advance Delay" address="c780c" />
  <table name="Rough Correction Range (RPM)" address="c78f0" />
  <table name="Rough Correction Range (Load)" address="c7900" />
  <table name="Rough Correction Minimum KC Advance Map Value" address="c7910" />
  <table name="Rough Correction Learning Delay (Increasing)" address="c7d8c">
    <table name="Y" address="c7d64" />
  </table>
  <table name="Advance Multiplier (Initial)" address="c78ec" />
  <table name="Advance Multiplier Step Value" address="c7914" />
  <table name="Intake Cam Advance Angle (AVCS)" address="cc340">
    <table name="X" address="cc2c0" />
    <table name="Y" address="cc2f8" />
  </table>
  <table name="Requested Torque (Accelerator Pedal)" address="ca348">
    <table name="X" address="ca2d0" />
    <table name="Y" address="ca30c" elements="15" />
  </table>
  <table name="Target Throttle Plate Position (Requested Torque)" address="ca0b0">
    <table name="X" address="ca02c" />
    <table name="Y" address="ca070" />
  </table>
  <table name="Rev Limit (Fuel Cut)" address="c59e8" />
  <table name="Rev Limit Fuel Resume (Boost)" address="c59f0" />
  <table name="Speed Limiting Enable (Fuel Cut)" address="c5a34" />
  <table name="Speed Limiting Disable (Fuel Cut)" address="c5a3c" />
  <table name="Speed Limiting (Throttle)" address="c1d6c" />
  <table name="EGT Sensor Scaling" address="caf0c">
    <table name="Y" address="cae94" />
  </table>
  <table name="Fuel Temp Sensor Scaling" address="cac9c">
    <table name="Y" address="cac24" />
  </table>
  <table name="Intake Temp Sensor Scaling" address="81204">
    <table name="Y" address="8118c" />
  </table>
  <table name="Coolant Temp Sensor Scaling" address="8111c">
    <table name="Y" address="810ac" />
  </table>
  <table name="Atmospheric Pressure Sensor Scaling" address="c0070" />
  <table name="Radiator Fan Modes (ECT)" address="cb734" />
  <table name="Radiator Fan Modes (Veh. Speed)" address="cb744" />
  <table name="Idle Speed Target A" address="c9628">
    <table name="Y" address="c9054" />
  </table>
  <table name="Idle Speed Target B" address="c9668">
    <table name="Y" address="c9054" />
  </table>
  <table name="Idle Speed Target C" address="c96a8">
    <table name="Y" address="c9054" />
  </table>
  <table name="Force Pass Readiness Monitors" address="73966" />
  <table name="(P0000) PASS CODE (NO DTC DETECTED)" address="705c2" />
  <table name="(P0000) PASS CODE (NO DTC DETECTED)_" address="705c3" />
  <table name="(P0011) CAMSHAFT POS. - TIMING OVER-ADVANCED 1" address="705a8" />
  <table name="(P0021) CAMSHAFT POS. - TIMING OVER-ADVANCED 2" address="705a9" />
  <table name="(P0030) FRONT O2 SENSOR RANGE/PERF" address="705e7" />
  <table name="(P0031) FRONT O2 SENSOR LOW INPUT" address="705ce" />
  <table name="(P0032) FRONT O2 SENSOR HIGH INPUT" address="705cc" />
  <table name="(P0037) REAR O2 SENSOR LOW INPUT" address="705cd" />
  <table name="(P0038) REAR O2 SENSOR HIGH INPUT" address="705cb" />
  <table name="(P0068) MAP SENSOR RANGE/PERF" address="705e3" />
  <table name="(P0101) MAF SENSOR RANGE/PERF" address="705e5" />
  <table name="(P0102) MAF SENSOR LOW INPUT" address="70581" />
  <table name="(P0103) MAF SENSOR HIGH INPUT" address="70582" />
  <table name="(P0107) MAP SENSOR LOW INPUT" address="705cf" />
  <table name="(P0108) MAP SENSOR HIGH INPUT" address="705d0" />
  <table name="(P0111) IAT SENSOR RANGE/PERF" address="705ca" />
  <table name="(P0112) IAT SENSOR LOW INPUT" address="705c8" />
  <table name="(P0113) IAT SENSOR HIGH INPUT" address="705c9" />
  <table name="(P0117) COOLANT TEMP SENSOR LOW INPUT" address="70589" />
  <table name="(P0118) COOLANT TEMP SENSOR HIGH INPUT" address="7058a" />
  <table name="(P0122) TPS A LOW INPUT" address="70586" />
  <table name="(P0123) TPS A HIGH INPUT" address="70587" />
  <table name="(P0125) INSUFFICIENT COOLANT TEMP (FUELING)" address="7058c" />
  <table name="(P0126) INSUFFICIENT COOLANT TEMP (OPERATION)" address="70610" />
  <table name="(P0128) THERMOSTAT MALFUNCTION" address="705d1" />
  <table name="(P0131) FRONT O2 SENSOR LOW INPUT" address="705c5" />
  <table name="(P0132) FRONT O2 SENSOR HIGH INPUT" address="705c6" />
  <table name="(P0133) FRONT O2 SENSOR SLOW RESPONSE" address="705b3" />
  <table name="(P0134) FRONT O2 SENSOR NO ACTIVITY" address="705e6" />
  <table name="(P0137) REAR O2 SENSOR LOW VOLTAGE" address="705c4" />
  <table name="(P0138) REAR O2 SENSOR HIGH VOLTAGE" address="705c7" />
  <table name="(P0139) REAR O2 SENSOR SLOW RESPONSE" address="705b4" />
  <table name="(P0171) SYSTEM TOO LEAN" address="705ba" />
  <table name="(P0172) SYSTEM TOO RICH" address="705bb" />
  <table name="(P0181) FUEL TEMP SENSOR A RANGE/PERF" address="70599" />
  <table name="(P0182) FUEL TEMP SENSOR A LOW INPUT" address="70597" />
  <table name="(P0183) FUEL TEMP SENSOR A HIGH INPUT" address="70598" />
  <table name="(P0222) TPS B LOW INPUT" address="705ea" />
  <table name="(P0223) TPS B HIGH INPUT" address="705eb" />
  <table name="(P0230) FUEL PUMP PRIMARY CIRCUIT" address="705e2" />
  <table name="(P0244) WASTEGATE SOLENOID A RANGE/PERF" address="705d8" />
  <table name="(P0245) WASTEGATE SOLENOID A LOW" address="705d6" />
  <table name="(P0246) WASTEGATE SOLENOID A HIGH" address="705d7" />
  <table name="(P0301) MISFIRE CYLINDER 1" address="705bc" />
  <table name="(P0302) MISFIRE CYLINDER 2" address="705bd" />
  <table name="(P0303) MISFIRE CYLINDER 3" address="705be" />
  <table name="(P0304) MISFIRE CYLINDER 4" address="705bf" />
  <table name="(P0327) KNOCK SENSOR 1 LOW INPUT" address="70584" />
  <table name="(P0328) KNOCK SENSOR 1 HIGH INPUT" address="70585" />
  <table name="(P0335) CRANKSHAFT POS. SENSOR A MALFUNCTION" address="7057c" />
  <table name="(P0336) CRANKSHAFT POS. SENSOR A RANGE/PERF" address="7057d" />
  <table name="(P0340) CAMSHAFT POS. SENSOR A MALFUNCTION" address="705fe" />
  <table name="(P0345) CAMSHAFT POS. SENSOR A BANK 2" address="705fd" />
  <table name="(P0420) CAT EFFICIENCY BELOW THRESHOLD" address="705b7" />
  <table name="(P0442) EVAP LEAK DETECTED (SMALL)" address="705b8" />
  <table name="(P0447) EVAP VENT CONTROL CIRCUIT OPEN" address="705b1" />
  <table name="(P0448) EVAP VENT CONTROL CIRCUIT SHORTED" address="705b2" />
  <table name="(P0451) EVAP PRESSURE SENSOR RANGE/PERF" address="70595" />
  <table name="(P0452) EVAP PRESSURE SENSOR LOW INPUT" address="70593" />
  <table name="(P0453) EVAP PRESSURE SENSOR HIGH INPUT" address="70594" />
  <table name="(P0456) EVAP LEAK DETECTED (VERY SMALL)" address="705b9" />
  <table name="(P0457) EVAP LEAK DETECTED (FUEL CAP)" address="705c1" />
  <table name="(P0458) EVAP PURGE VALVE CIRCUIT LOW" address="705ac" />
  <table name="(P0459) EVAP PURGE VALVE CIRCUIT HIGH" address="705ad" />
  <table name="(P0461) FUEL LEVEL SENSOR RANGE/PERF" address="7058f" />
  <table name="(P0462) FUEL LEVEL SENSOR LOW INPUT" address="7058d" />
  <table name="(P0463) FUEL LEVEL SENSOR HIGH INPUT" address="7058e" />
  <table name="(P0464) FUEL LEVEL SENSOR INTERMITTENT" address="7058b" />
  <table name="(P0483) RADIATOR FAN RATIONALITY CHECK" address="705a4" />
  <table name="(P0502) VEHICLE SPEED SENSOR LOW INPUT" address="705e1" />
  <table name="(P0503) VEHICLE SPEED SENSOR INTERMITTENT" address="705e8" />
  <table name="(P0506) IDLE CONTROL RPM LOWER THAN EXPECTED" address="7059f" />
  <table name="(P0507) IDLE CONTROL RPM HIGH THAN EXPECTED" address="705a0" />
  <table name="(P0512) STARTER REQUEST CIRCUIT" address="70592" />
  <table name="(P0519) IDLE CONTROL MALFUNCTION (FAIL-SAFE)" address="705e4" />
  <table name="(P0545) EGT SENSOR CIRCUIT LOW" address="705dd" />
  <table name="(P0546) EGT SENSOR CIRCUIT HIGH" address="705de" />
  <table name="(P0600) SERIAL COMMUNICATION LINK" address="705fa" />
  <table name="(P0604) CONTROL MODULE RAM ERROR" address="70580" />
  <table name="(P0605) CONTROL MODULE ROM ERROR" address="705ff" />
  <table name="(P0607) CONTROL MODULE PERFORMANCE" address="705f2" />
  <table name="(P0638) THROTTLE ACTUATOR RANGE/PERF" address="705f1" />
  <table name="(P0691) RADIATOR FAN CIRCUIT LOW" address="705a2" />
  <table name="(P0692) RADIATOR FAN CIRCUIT HIGH" address="705a3" />
  <table name="(P0700) TRANSMISSION CONTROL SYSTEM" address="70608" />
  <table name="(P0851) NEUTRAL SWITCH INPUT LOW" address="70596" />
  <table name="(P0852) NEUTRAL SWITCH INPUT HIGH" address="7059a" />
  <table name="(P1152) FRONT O2 SENSOR RANGE/PERF LOW B1 S1" address="705b5" />
  <table name="(P1153) FRONT O2 SENSOR RANGE/PERF HIGH B1 S1" address="705b6" />
  <table name="(P1160) ABNORMAL RETURN SPRING" address="705ec" />
  <table name="(P1301) MISFIRE (HIGH TEMP EXHAUST GAS)" address="705c0" />
  <table name="(P1312) EGT SENSOR MALFUNCTION" address="705df" />
  <table name="(P1400) FUEL TANK PRESSURE SOL. LOW" address="705aa" />
  <table name="(P1420) FUEL TANK PRESSURE SOL. HIGH INPUT" address="705ab" />
  <table name="(P1443) VENT CONTROL SOLENOID FUNCTION PROBLEM" address="705b0" />
  <table name="(P1446) FUEL TANK SENSOR CONTROL CIRCUIT LOW" address="7059b" />
  <table name="(P1447) FUEL TANK SENSOR CONTROL CIRCUIT HIGH" address="7059c" />
  <table name="(P1448) FUEL TANK SENSOR CONTROL RANGE/PERF" address="705a1" />
  <table name="(P1491) PCV (BLOWBY) FUNCTION PROBLEM" address="705d2" />
  <table name="(P1518) STARTER SWITCH LOW INPUT" address="70591" />
  <table name="(P1544) EGT TOO HIGH" address="705e0" />
  <table name="(P1560) BACK-UP VOLTAGE MALFUNCTION" address="705d3" />
  <table name="(P2004) TGV - INTAKE MANIFOLD RUNNER 1 STUCK OPEN" address="7060b" />
  <table name="(P2005) TGV - INTAKE MANIFOLD RUNNER 2 STUCK OPEN" address="7060d" />
  <table name="(P2006) TGV - INTAKE MANIFOLD RUNNER 1 STUCK CLOSED" address="7060c" />
  <table name="(P2007) TGV - INTAKE MANIFOLD RUNNER 2 STUCK CLOSED" address="7060e" />
  <table name="(P2008) TGV - INTAKE MANIFOLD RUNNER 1 CIRCUIT OPEN" address="70619" />
  <table name="(P2009) TGV - INTAKE MANIFOLD RUNNER 1 CIRCUIT LOW" address="70617" />
  <table name="(P2011) TGV - INTAKE MANIFOLD RUNNER 2 CIRCUIT OPEN" address="7061a" />
  <table name="(P2012) TGV - INTAKE MANIFOLD RUNNER 2 CIRCUIT LOW" address="70618" />
  <table name="(P2016) TGV - INTAKE MANIFOLD RUNNER 1 POS. SENSOR LOW" address="70613" />
  <table name="(P2017) TGV - INTAKE MANIFOLD RUNNER 1 POS. SENSOR HIGH" address="70614" />
  <table name="(P2021) TGV - INTAKE MANIFOLD RUNNER 2 POS. SENSOR LOW" address="70615" />
  <table name="(P2022) TGV - INTAKE MANIFOLD RUNNER 2 POS. SENSOR HIGH" address="70616" />
  <table name="(P2088) OCV SOLENOID A1 CIRCUIT OPEN" address="70607" />
  <table name="(P2089) OCV SOLENOID A1 CIRCUIT SHORT" address="70606" />
  <table name="(P2092) OCV SOLENOID A2 CIRCUIT OPEN" address="70605" />
  <table name="(P2093) OCV SOLENOID A2 CIRCUIT SHORT" address="70604" />
  <table name="(P2096) POST CATALYST TOO LEAN B1" address="705f0" />
  <table name="(P2097) POST CATALYST TOO RICH B1" address="705f9" />
  <table name="(P2101) THROTTLE ACTUATOR CIRCUIT RANGE/PERF" address="705ef" />
  <table name="(P2102) THROTTLE ACTUATOR CIRCUIT LOW" address="705ed" />
  <table name="(P2103) THROTTLE ACTUATOR CIRCUIT HIGH" address="705ee" />
  <table name="(P2109) TPS A MINIMUM STOP PERF" address="705e9" />
  <table name="(P2122) TPS D CIRCUIT LOW INPUT" address="705f6" />
  <table name="(P2123) TPS D CIRCUIT HIGH INPUT" address="705f7" />
  <table name="(P2127) TPS E CIRCUIT LOW INPUT" address="705f4" />
  <table name="(P2128) TPS E CIRCUIT HIGH INPUT" address="705f5" />
  <table name="(P2135) TPS A/B VOLTAGE" address="705f8" />
  <table name="(P2138) TPS D/E VOLTAGE" address="705f3" />
  <table name="(P2227) BARO. PRESSURE CIRCUIT RANGE/PERF" address="7060f" />
  <table name="(P2228) BARO. PRESSURE CIRCUIT LOW INPUT" address="70612" />
  <table name="(P2229) BARO. PRESSURE CIRCUIT HIGH INPUT" address="70611" />
</rom>