<rom>
  <romid>
    <xmlid>A4RI401I</xmlid>
    <internalidaddress>200</internalidaddress>
    <internalidstring>A4RI401I</internalidstring>
    <ecuid>3B04484105</ecuid>
    <year>01/02</year>
    <market>JDM</market>
    <make>Subaru</make>
    <model>Forester</model>
    <submodel>Turbo</submodel>
    <transmission>MT/AT</transmission>
    <memmodel>68HC16Y5</memmodel>
    <flashmethod>wrx02</flashmethod>
  </romid>
  <include>A4RI200I</include>
  <table name="Target Boost (MT)_" address="2ba91">
    <table name="X" address="2ba87" />
    <table name="Y" address="2ba70" elements="11" />
  </table>
  <table name="Target Boost (AT)_" address="2ba18">
    <table name="X" address="2ba0e" />
    <table name="Y" address="2b9f7" elements="11" />
  </table>
  <table name="Target Boost Compensation (ECT)" address="2bc1a" />
  <table name="Target Boost Compensation (Atm. Pressure) Multiplier" address="2bb21" />
  <table name="Target Boost Compensation (Atm. Pressure) Multiplier Offset" address="2bb1f" />
  <table name="Target Boost Compensation (Per Gear)(MT)" address="2bb2a" />
  <table name="Target Boost Compensation (Per Gear)(AT)" address="2bb25" />
  <table name="Per Gear Compensation (Maximum Speed)" address="2bb23" />
  <table name="Boost Control Disable (IAM)" address="2bb17" />
  <table name="Boost Control Disable (Fine Correction)" address="2bb15" />
  <table name="Boost Control Disable Delay (Fine Correction)" address="2bb16" />
  <table name="Initial Wastegate Duty" address="2bb96">
    <table name="X" address="2bb8c" />
    <table name="Y" address="2bb7b" />
  </table>
  <table name="Max Wastegate Duty_" address="2b942">
    <table name="X" address="2b938" />
    <table name="Y" address="2b927" />
  </table>
  <table name="Initial/Max Wastegate Duty Compensation (IAT)" address="2b9d2" />
  <table name="Initial/Max Wastegate Duty Compensation (ECT)" address="2b9e6" />
  <table name="Initial/Max Wastegate Duty Compensation (Atm. Pressure)" address="2b9c8" />
  <table name="Turbo Dynamics Proportional" address="2bafd">
    <table name="Y" address="2bae9" />
  </table>
  <table name="Turbo Dynamics Integral Positive" address="2bb69">
    <table name="Y" address="2bb55" />
  </table>
  <table name="Turbo Dynamics Integral Negative" address="2bb43">
    <table name="Y" address="2bb2f" />
  </table>
  <table name="TD Activation Threshold (Target Boost)" address="2bb19" />
  <table name="TD Integral Cumulative Range (WGDC Correction)" address="2bb1b" />
  <table name="TD Integral Activation (Boost Error)" address="2bb0f" />
  <table name="Manifold Pressure Sensor Multiplier A" address="51b0" />
  <table name="Manifold Pressure Sensor Offset A" address="51b6" />
  <table name="Manifold Pressure Sensor Multiplier B" address="5260" />
  <table name="Manifold Pressure Sensor Offset B" address="5266" />
  <table name="Manifold Pressure Sensor Multiplier C" address="52e2" />
  <table name="Manifold Pressure Sensor Offset C" address="52e8" />
  <table name="Manifold Pressure Sensor High Input (CEL)" address="2bf7d" />
  <table name="Manifold Pressure Sensor CEL Delay (High Input)" address="2bf7f" />
  <table name="Manifold Pressure Sensor Low Input (CEL)" address="2bf80" />
  <table name="Manifold Pressure Sensor CEL Delay (Low Input)" address="2bf82" />
  <table name="MAF Sensor Limit (CEL)" address="2bfdb" />
  <table name="Speed Limiting Disable (Fuel Cut)" address="c028" />
  <table name="Intercooler Autowash Threshold (MRP)" address="2b919" />
  <table name="Intercooler Autowash Threshold (ECT)" address="2b911" />
  <table name="Intercooler Autowash Threshold (Engine Speed)" address="2b915" />
  <table name="Intercooler Autowash Threshold (Veh. Speed)" address="2b91d" />
  <table name="Intercooler Autowash Threshold (Intake Air Temp)" address="2b91f" />
</rom>