<rom>
  <romid>
    <xmlid>A4RI200I</xmlid>
    <internalidaddress>200</internalidaddress>
    <internalidstring>A4RI200I</internalidstring>
    <ecuid>2A04484005</ecuid>
    <year>01/02</year>
    <market>JDM</market>
    <make>Subaru</make>
    <model>Forester</model>
    <submodel>Turbo</submodel>
    <transmission>MT/AT</transmission>
    <memmodel>68HC16Y5</memmodel>
    <flashmethod>wrx02</flashmethod>
  </romid>
  <include>16BITBASE</include>
  <table name="Target Boost (MT)_" address="2ba8d">
    <table name="X" address="2ba83" />
    <table name="Y" address="2ba6c" elements="11" />
  </table>
  <table name="Target Boost (AT)_" address="2ba14">
    <table name="X" address="2ba0a" />
    <table name="Y" address="2b9f3" elements="11" />
  </table>
  <table name="Target Boost Compensation (ECT)" address="2bc16" />
  <table name="Target Boost Compensation (Atm. Pressure) Multiplier" address="2bb1d" />
  <table name="Target Boost Compensation (Atm. Pressure) Multiplier Offset" address="2bb1b" />
  <table name="Target Boost Compensation (Per Gear)(MT)" address="2bb26" />
  <table name="Target Boost Compensation (Per Gear)(AT)" address="2bb21" />
  <table name="Per Gear Compensation (Maximum Speed)" address="2bb1f" />
  <table name="Boost Limit (Fuel Cut)" address="29bb4" />
  <table name="Boost Control Disable (IAM)" address="2bb13" />
  <table name="Boost Control Disable (Fine Correction)" address="2bb11" />
  <table name="Boost Control Disable Delay (Fine Correction)" address="2bb12" />
  <table name="Initial Wastegate Duty" address="2bb92">
    <table name="X" address="2bb88" />
    <table name="Y" address="2bb77" />
  </table>
  <table name="Max Wastegate Duty_" address="2b93e">
    <table name="X" address="2b934" />
    <table name="Y" address="2b923" />
  </table>
  <table name="Initial/Max Wastegate Duty Compensation (IAT)" address="2b9ce" />
  <table name="Initial/Max Wastegate Duty Compensation (ECT)" address="2b9e2" />
  <table name="Initial/Max Wastegate Duty Compensation (Atm. Pressure)" address="2b9c4" />
  <table name="Turbo Dynamics Proportional" address="2baf9">
    <table name="Y" address="2bae5" />
  </table>
  <table name="Turbo Dynamics Integral Positive" address="2bb65">
    <table name="Y" address="2bb51" />
  </table>
  <table name="Turbo Dynamics Integral Negative" address="2bb3f">
    <table name="Y" address="2bb2b" />
  </table>
  <table name="TD Activation Threshold (Target Boost)" address="2bb15" />
  <table name="TD Integral Cumulative Range (WGDC Correction)" address="2bb17" />
  <table name="TD Integral Activation (Boost Error)" address="2bb0b" />
  <table name="Manifold Pressure Sensor Multiplier A" address="519a" />
  <table name="Manifold Pressure Sensor Offset A" address="51a0" />
  <table name="Manifold Pressure Sensor Multiplier B" address="524a" />
  <table name="Manifold Pressure Sensor Offset B" address="5250" />
  <table name="Manifold Pressure Sensor Multiplier C" address="52cc" />
  <table name="Manifold Pressure Sensor Offset C" address="52d2" />
  <table name="Manifold Pressure Sensor High Input (CEL)" address="2bf79" />
  <table name="Manifold Pressure Sensor CEL Delay (High Input)" address="2bf7b" />
  <table name="Manifold Pressure Sensor Low Input (CEL)" address="2bf7c" />
  <table name="Manifold Pressure Sensor CEL Delay (Low Input)" address="2bf7e" />
  <table name="Primary Open Loop Fueling A" address="2944e">
    <table name="X" address="2942c" elements="16" />
    <table name="Y" address="29407" elements="18" />
  </table>
  <table name="Primary Open Loop Fueling B" address="295b5">
    <table name="X" address="29593" elements="16" />
    <table name="Y" address="2956e" elements="18" />
  </table>
  <table name="Primary Open Loop Fueling A (Failsafe)" address="2971c">
    <table name="X" address="296fa" elements="16" />
    <table name="Y" address="296d5" />
  </table>
  <table name="Primary Open Loop Fueling B (Failsafe)" address="29883">
    <table name="X" address="29861" elements="16" />
    <table name="Y" address="2983c" />
  </table>
  <table name="Primary Open Loop Fuel Map Switch (IAM)" address="29405" />
  <table name="Minimum Active Primary Open Loop Enrichment" address="2935e" />
  <table name="Minimum Primary Open Loop Enrichment (Throttle)" address="293d9" />
  <table name="Minimum Primary Fueling CL to OL Intermediate Enrich" address="29362" />
  <table name="Maximum Primary Fueling CL to OL Intermediate Steps" address="29368" />
  <table name="Primary Open Loop Fueling Compensation (ECT)" address="293e5" />
  <table name="Front Oxygen Sensor Scaling" address="2853d">
    <table name="Y" address="28521" />
  </table>
  <table name="Front Oxygen Sensor Compensation (Atm. Pressure)" address="2850a">
    <table name="Y" address="28500" />
  </table>
  <table name="Closed Loop Base Fueling Target" address="1951c" />
  <table name="Closed Loop Fueling Target Limits" address="290e9" />
  <table name="CL Fueling Target Compensation (Load)(MT)" address="2921b">
    <table name="X" address="29209" />
    <table name="Y" address="291fa" />
  </table>
  <table name="CL Fueling Target Compensation (Load)(AT)" address="291c2">
    <table name="X" address="291b0" />
    <table name="Y" address="291a1" />
  </table>
  <table name="CL Fueling Target Compensation A (ECT)(MT)" address="29121" />
  <table name="CL Fueling Target Compensation B (ECT)(MT)" address="2916d" />
  <table name="CL Fueling Target Compensation A (ECT)(AT)" address="290fb" />
  <table name="CL Fueling Target Compensation B (ECT)(AT)" address="29147" />
  <table name="CL Fueling Target Compensation (ECT) Disable" address="290f4" />
  <table name="CL to OL Delay" address="29385" />
  <table name="CL to OL Transition with Delay (Throttle)" address="293af" />
  <table name="CL to OL Transition with Delay Throttle Hysteresis" address="2936a" />
  <table name="CL to OL Transition with Delay (Base Pulse Width)" address="293c5" />
  <table name="CL to OL Transition with Delay BPW Hysteresis_" address="2936b" />
  <table name="CL Delay Maximum (Throttle) (MT)" address="29377" />
  <table name="CL Delay Maximum Engine Speed" address="2936f" />
  <table name="CL Delay Maximum (Vehicle Speed)" address="2937b" />
  <table name="CL Delay Minimum (ECT)" address="2936d" />
  <table name="CL Delay Throttle Atm. Pressure Thresholds" address="293a5" />
  <table name="CL Delay Maximum (Throttle) (Low Atm. Pressure)(AT)" address="29375" />
  <table name="CL Delay Maximum (Throttle) (High Atm. Pressure)(AT)" address="29373" />
  <table name="Injector Latency" address="28a65" />
  <table name="Injector Flow Scaling" address="28a5d" />
  <table name="Per Injector Primary Fuel Offset Compensation A" address="29a11">
    <table name="Y" address="29a0b" elements="2" />
  </table>
  <table name="Per Injector Primary Fuel Offset Compensation B" address="29a1b">
    <table name="Y" address="29a15" elements="2" />
  </table>
  <table name="Per Injector Primary Fuel Offset Compensation C" address="29a25">
    <table name="Y" address="29a1f" elements="2" />
  </table>
  <table name="Per Injector Primary Fuel Offset Compensation D" address="29a2f">
    <table name="Y" address="29a29" elements="2" />
  </table>
  <table name="Per Injector Compensation Activation (RPM)" address="29a07" />
  <table name="Cranking Fuel Injector Pulse Width A (ECT)" address="28951" />
  <table name="Cranking Fuel Injector Pulse Width B (ECT)" address="28977" />
  <table name="Cranking Fuel Injector Pulse Width C (ECT)" address="2899d" />
  <table name="Cranking Fuel Injector Pulse Width D (ECT)" address="289c3" />
  <table name="Cranking Fuel IPW Compensation (MAP)" address="288db" />
  <table name="Cranking Fuel IPW Compensation (Throttle)" address="288e9" />
  <table name="Cranking Fuel IPW Compensation (RPM)(MT)" address="28928" />
  <table name="Cranking Fuel IPW Compensation (RPM)(AT)" address="288fa" />
  <table name="Throttle Tip-in Enrichment" address="29a53">
    <table name="Y" address="29a3f" />
  </table>
  <table name="Minimum Tip-in Enrichment Activation" address="29a39" />
  <table name="Minimum Tip-in Enrichment Activation (Throttle)" address="29a37" />
  <table name="Tip-in Enrichment Compensation (Positive Boost Error)" address="29a78" />
  <table name="Tip-in Enrichment Compensation A (ECT)" address="29a85" />
  <table name="Tip-in Enrichment Compensation B (ECT)" address="29ab5" />
  <table name="Tip-in Enrichment Compensation B (ECT) Activation" address="29aa9" />
  <table name="Tip-in Enrichment Compensation (RPM)" address="29a69" />
  <table name="Tip-in Enrichment Disable Applied Counter Threshold" address="29a38" />
  <table name="Tip-in Enrichment Applied Counter Reset" address="29a3d" />
  <table name="Tip-in Enrichment Disable Throttle Cumulative Threshold" address="29a3b" />
  <table name="Tip-in Throttle Cumulative Reset" address="29a3e" />
  <table name="Primary Base Enrichment Additive 1" address="28d06" />
  <table name="Primary Base Enrichment Additive Compensation (Load)" address="28d1c" />
  <table name="Primary Base Enrichment Additive 2 Initial Start 1A" address="28b38" />
  <table name="Primary Base Enrichment Additive 2 Initial Start 1B" address="28bd0" />
  <table name="Primary Base Enrichment Additive 2 Initial Start 2A" address="28b12" />
  <table name="Primary Base Enrichment Additive 2 Initial Start 2B" address="28baa" />
  <table name="Primary Base Enrichment Additive 2 Decay Step 1A" address="28c6a" />
  <table name="Primary Base Enrichment Additive 2 Decay Step 1B" address="28cb6" />
  <table name="Primary Base Enrichment Additive 2 Decay Step 2A" address="28c44" />
  <table name="Primary Base Enrichment Additive 2 Decay Step 2B" address="28c90" />
  <table name="Primary Base Enrichment Additive 3 Initial Start 1A" address="28a8c" />
  <table name="Primary Base Enrichment Additive 3 Initial Start 1B" address="28ab8" />
  <table name="Primary Base Enrichment Additive 3 Initial Start 2A" address="28a76" />
  <table name="Primary Base Enrichment Additive 3 Initial Start 2B" address="28aa2" />
  <table name="Primary Base Enrichment Additive 3 Decay Delay 1" address="28ae7" />
  <table name="Primary Base Enrichment Additive 3 Decay Delay 2" address="28ad1" />
  <table name="Primary Base Enrichment Additive 3 Decay Multiplier" address="28aca" />
  <table name="A/F Learning #1 Limits" address="29282" />
  <table name="A/F Learning #1 Airflow Ranges" address="29288" />
  <table name="MAF Sensor Scaling" address="2808a">
    <table name="Y" address="28028" />
  </table>
  <table name="MAF Sensor Limit (CEL)" address="2bfd7" />
  <table name="MAF Compensation (IAT)" address="2821d">
    <table name="X" address="28216" />
    <table name="Y" address="2820d" />
  </table>
  <table name="Engine Load Compensation (MP)" address="28189">
    <table name="X" address="28171" />
    <table name="Y" address="28158" />
  </table>
  <table name="Base Timing" address="29e83">
    <table name="X" address="29e61" />
    <table name="Y" address="29e3c" elements="18" />
  </table>
  <table name="Base Timing Idle A (Neutral)" address="29e15" />
  <table name="Base Timing Idle B (Neutral)" address="29e24" />
  <table name="Base Timing Idle (In-Gear)(Above Speed Threshold)" address="29de8" />
  <table name="Base Timing Idle A (In-Gear)(Below Speed Threshold)" address="29df7" />
  <table name="Base Timing Idle B (In-Gear)(Below Speed Threshold)" address="29e06" />
  <table name="Base Timing Idle Vehicle Speed Threshold" address="29ddc" />
  <table name="Knock Correction Advance Max" address="2a44e">
    <table name="X" address="2a42c" elements="16" />
    <table name="Y" address="2a407" elements="18" />
  </table>
  <table name="Timing Compensation (IAT)" address="29fec" />
  <table name="Timing Comp Min Load (IAT)" address="29ffc" />
  <table name="Timing Compensation (ECT)" address="29fd6" />
  <table name="Timing Compensation Idle A (ECT)" address="29faa" />
  <table name="Timing Compensation Idle B (ECT)" address="29fc0" />
  <table name="Timing Compensation Per Cylinder A (RPM)_" address="2a686" />
  <table name="Timing Compensation Per Cylinder B (RPM)_" address="2a69a" />
  <table name="Timing Compensation Per Cylinder C (RPM)_" address="2a6ae" />
  <table name="Timing Compensation Per Cylinder D (RPM)_" address="2a6c2" />
  <table name="Timing Comp Minimum Load (Per Cylinder)" address="2a67a" />
  <table name="Timing Comp Maximum RPM (Per Cylinder)" address="2a678" />
  <table name="Timing Comp Minimum Coolant Temp (Per Cylinder)" address="2a67c" />
  <table name="Feedback Correction Range (RPM)" address="2a5a9" />
  <table name="Feedback Correction Minimum Load" address="2a5b1" />
  <table name="Feedback Correction Retard Value" address="2a59c" />
  <table name="Feedback Correction Retard Limit" address="2a59b" />
  <table name="Feedback Correction Negative Advance Value" address="2a59d" />
  <table name="Feedback Correction Negative Advance Delay" address="2a597" />
  <table name="Fine Correction Range (RPM)" address="2a5f0" />
  <table name="Fine Correction Range (Load)" address="2a5f8" />
  <table name="Fine Correction Rows (RPM)" address="2a5c5" />
  <table name="Fine Correction Columns (Load)" address="2a5b5" />
  <table name="Fine Correction Retard Value" address="2a5e0" />
  <table name="Fine Correction Retard Limit" address="2a5d8" />
  <table name="Fine Correction Advance Value" address="2a5d9" />
  <table name="Fine Correction Advance Limit" address="2a5d7" />
  <table name="Fine Correction Advance Delay" address="2a5d5" />
  <table name="Rough Correction Range (RPM)" address="2a56f" />
  <table name="Rough Correction Range (Load)" address="2a577" />
  <table name="Rough Correction Minimum KC Advance Map Value" address="2a57f" />
  <table name="Rough Correction Learning Delay (Increasing)" address="2a587" />
  <table name="Advance Multiplier (Initial)" address="2a56e" />
  <table name="Advance Multiplier Step Value" address="2a580" />
  <table name="Intake Cam Advance Angle (AVCS)" address="2b42a">
    <table name="X" address="2b40c" />
    <table name="Y" address="2b3e3" elements="20" />
  </table>
  <table name="Rev Limit (Fuel Cut)" address="29b83" />
  <table name="Rev Limit Timing Retard" address="2a2a1" />
  <table name="Speed Limiting (Fuel Cut)" address="29ba4" />
  <table name="Speed Limiting Disable (Fuel Cut)" address="c012" />
  <table name="Intake Temp Sensor Scaling" address="284be" />
  <table name="Coolant Temp Sensor Scaling" address="2847a" />
  <table name="Radiator Fan Modes (ECT)" address="2b2f4" />
  <table name="Radiator Fan Modes (Veh. Speed)" address="2b2f8" />
  <table name="Gear Determination Thresholds (MT)" address="28666" />
  <table name="Intercooler Autowash Threshold (MRP)" address="2b915" />
  <table name="Intercooler Autowash Threshold (ECT)" address="2b90d" />
  <table name="Intercooler Autowash Threshold (Engine Speed)" address="2b911" />
  <table name="Intercooler Autowash Threshold (Veh. Speed)" address="2b919" />
  <table name="Intercooler Autowash Threshold (Intake Air Temp)" address="2b91b" />
  <table name="Idle Speed Target A (MT)" address="2a9ca" />
  <table name="Idle Speed Target B (MT)" address="2a9f0" />
  <table name="Idle Speed Target A (AT)" address="2aa16" />
  <table name="Idle Speed Target B (AT)" address="2aa3c" />
  <table name="Min Idle Speed A/C (MT)" address="2aa67" />
  <table name="Min Idle Speed A/C (AT)" address="2aa69" />
  <table name="Min Idle Speed Startup (MT)" address="2acc2" />
  <table name="Min Idle Speed Startup (AT)" address="2acbe" />
  <table name="Min Idle Speed High Electrical Load (MT)" address="2acc0" />
  <table name="Min Idle Speed High Electrical Load (AT)" address="2acba" />
  <table name="Force Pass Readiness Monitors" address="134fa" />
  <scaling name="TGVCELFix(P1086,P1087,P1088,P1089)" storagetype="bloblist">
    <data name="enabled" value="274C274C" />
    <data name="disabled" value="FA01639A" />
  </scaling>
  <table name="TGV CEL Fix (P1086, P1087, P1088, P1089)" address="b82" scaling="TGVCELFix(P1086,P1087,P1088,P1089)" />
  <scaling name="TGVCELFix(P1090,P1091,P1092,P1093)" storagetype="bloblist">
    <data name="enabled" value="274C274C274C274C" />
    <data name="disabled" value="FA016262FA0162FE" />
  </scaling>
  <table name="TGV CEL Fix (P1090, P1091, P1092, P1093)" address="d30" scaling="TGVCELFix(P1090,P1091,P1092,P1093)" />
  <scaling name="TGVCELFix(P1094,P1095,P1096,P1097)" storagetype="bloblist">
    <data name="enabled" value="274C274C" />
    <data name="disabled" value="FA01862C" />
  </scaling>
  <table name="TGV CEL Fix (P1094, P1095, P1096, P1097)" address="b6e" scaling="TGVCELFix(P1094,P1095,P1096,P1097)" />
  <table name="(P0011) CAMSHAFT POS. - TIMING OVER-ADVANCED 1" address="2e53d" />
  <table name="(P0021) CAMSHAFT POS. - TIMING OVER-ADVANCED 2" address="2e541" />
  <table name="(P0030) FRONT O2 SENSOR RANGE/PERF" address="2e939" />
  <table name="(P0031) FRONT O2 SENSOR LOW INPUT" address="2e6b9" />
  <table name="(P0032) FRONT O2 SENSOR HIGH INPUT" address="2e6b1" />
  <table name="(P0034) TURBO BYPASS VALVE CIRCUIT LOW" address="2e66d" />
  <table name="(P0035) TURBO BYPASS VALVE CIRCUIT HIGH" address="2e671" />
  <scaling name="(P0037)REARO2SENSORLOWINPUT" storagetype="bloblist">
    <data name="enabled" value="040037" />
    <data name="disabled" value="050000" />
  </scaling>
  <table name="(P0037) REAR O2 SENSOR LOW INPUT" address="2e6b5" scaling="(P0037)REARO2SENSORLOWINPUT" />
  <scaling name="(P0038)REARO2SENSORHIGHINPUT" storagetype="bloblist">
    <data name="enabled" value="040038" />
    <data name="disabled" value="050000" />
  </scaling>
  <table name="(P0038) REAR O2 SENSOR HIGH INPUT" address="2e6ad" scaling="(P0038)REARO2SENSORHIGHINPUT" />
  <table name="(P0068) MAP SENSOR RANGE/PERF" address="2e90d" />
  <table name="(P0101) MAF SENSOR RANGE/PERF" address="2e91d" />
  <table name="(P0102) MAF SENSOR LOW INPUT" address="2e3a9" />
  <table name="(P0103) MAF SENSOR HIGH INPUT" address="2e3ad" />
  <table name="(P0107) MAP SENSOR LOW INPUT" address="2e6d1" />
  <table name="(P0108) MAP SENSOR HIGH INPUT" address="2e6d5" />
  <table name="(P0111) IAT SENSOR RANGE/PERF" address="2e6a5" />
  <table name="(P0112) IAT SENSOR LOW INPUT" address="2e69d" />
  <table name="(P0113) IAT SENSOR HIGH INPUT" address="2e6a1" />
  <table name="(P0117) COOLANT TEMP SENSOR LOW INPUT" address="2e3f1" />
  <table name="(P0118) COOLANT TEMP SENSOR HIGH INPUT" address="2e3f5" />
  <table name="(P0121) TPS RANGE/PERF" address="2e3e9" />
  <table name="(P0122) TPS A LOW INPUT" address="2e3dd" />
  <table name="(P0123) TPS A HIGH INPUT" address="2e3e1" />
  <table name="(P0125) INSUFFICIENT COOLANT TEMP (FUELING)" address="2e3fd" />
  <table name="(P0128) THERMOSTAT MALFUNCTION" address="2e72d" />
  <table name="(P0129) ATMOS. PRESSURE SENSOR RANGE/PERF" address="2e911" />
  <table name="(P0130) FRONT O2 SENSOR MALFUNCTION" address="2e931" />
  <table name="(P0133) FRONT O2 SENSOR SLOW RESPONSE" address="2e5e9" />
  <table name="(P0134) FRONT O2 SENSOR NO ACTIVITY" address="2e929" />
  <scaling name="(P0137)REARO2SENSORLOWVOLTAGE" storagetype="bloblist">
    <data name="enabled" value="040137" />
    <data name="disabled" value="050000" />
  </scaling>
  <table name="(P0137) REAR O2 SENSOR LOW VOLTAGE" address="2e679" scaling="(P0137)REARO2SENSORLOWVOLTAGE" />
  <scaling name="(P0138)REARO2SENSORHIGHVOLTAGE" storagetype="bloblist">
    <data name="enabled" value="040138" />
    <data name="disabled" value="050000" />
  </scaling>
  <table name="(P0138) REAR O2 SENSOR HIGH VOLTAGE" address="2e691" scaling="(P0138)REARO2SENSORHIGHVOLTAGE" />
  <table name="(P0139) REAR O2 SENSOR SLOW RESPONSE" address="2e5f1" />
  <table name="(P0171) SYSTEM TOO LEAN" address="2e625" />
  <table name="(P0172) SYSTEM TOO RICH" address="2e629" />
  <table name="(P0181) FUEL TEMP SENSOR A RANGE/PERF" address="2e475" />
  <table name="(P0182) FUEL TEMP SENSOR A LOW INPUT" address="2e46d" />
  <table name="(P0183) FUEL TEMP SENSOR A HIGH INPUT" address="2e471" />
  <table name="(P0230) FUEL PUMP PRIMARY CIRCUIT" address="2e905" />
  <table name="(P0244) WASTEGATE SOLENOID A RANGE/PERF" address="2e781" />
  <table name="(P0245) WASTEGATE SOLENOID A LOW" address="2e775" />
  <table name="(P0246) WASTEGATE SOLENOID A HIGH" address="2e779" />
  <table name="(P0249) WASTEGATE SOLENOID B LOW" address="2e789" />
  <table name="(P0250) WASTEGATE SOLENOID B HIGH" address="2e78d" />
  <table name="(P0261) FUEL INJECTOR #1 CIRCUIT LOW" address="2e7cd" />
  <table name="(P0264) FUEL INJECTOR #2 CIRCUIT LOW" address="2e7d1" />
  <table name="(P0267) FUEL INJECTOR #3 CIRCUIT LOW" address="2e7d5" />
  <table name="(P0270) FUEL INJECTOR #4 CIRCUIT LOW" address="2e7d9" />
  <table name="(P0301) MISFIRE CYLINDER 1" address="2e631" />
  <table name="(P0302) MISFIRE CYLINDER 2" address="2e635" />
  <table name="(P0303) MISFIRE CYLINDER 3" address="2e639" />
  <table name="(P0304) MISFIRE CYLINDER 4" address="2e63d" />
  <table name="(P0327) KNOCK SENSOR 1 LOW INPUT" address="2e3d5" />
  <table name="(P0328) KNOCK SENSOR 1 HIGH INPUT" address="2e3d9" />
  <table name="(P0335) CRANKSHAFT POS. SENSOR A MALFUNCTION" address="2e385" />
  <table name="(P0336) CRANKSHAFT POS. SENSOR A RANGE/PERF" address="2e38d" />
  <table name="(P0340) CAMSHAFT POS. SENSOR A MALFUNCTION" address="2e395" />
  <table name="(P0341) CAMSHAFT POS. SENSOR A RANGE/PERF" address="2e391" />
  <table name="(P0350) IGNITION COIL PRIMARY/SECONDARY" address="2e429" />
  <table name="(P0365) CAMSHAFT POS. SENSOR B BANK 1" address="2e535" />
  <table name="(P0390) CAMSHAFT POS. SENSOR B BANK 2" address="2e539" />
  <table name="(P0420) CAT EFFICIENCY BELOW THRESHOLD" address="2e60d" />
  <table name="(P0442) EVAP LEAK DETECTED (SMALL)" address="2e611" />
  <table name="(P0447) EVAP VENT CONTROL CIRCUIT OPEN" address="2e571" />
  <table name="(P0448) EVAP VENT CONTROL CIRCUIT SHORTED" address="2e575" />
  <table name="(P0451) EVAP PRESSURE SENSOR RANGE/PERF" address="2e445" />
  <table name="(P0452) EVAP PRESSURE SENSOR LOW INPUT" address="2e439" />
  <table name="(P0453) EVAP PRESSURE SENSOR HIGH INPUT" address="2e43d" />
  <table name="(P0456) EVAP LEAK DETECTED (VERY SMALL)" address="2e619" />
  <table name="(P0457) EVAP LEAK DETECTED (FUEL CAP)" address="2e64d" />
  <scaling name="(P0458)EVAPPURGEVALVECIRCUITLOW" storagetype="bloblist">
    <data name="enabled" value="040458" />
    <data name="disabled" value="050000" />
  </scaling>
  <table name="(P0458) EVAP PURGE VALVE CIRCUIT LOW" address="2e54d" scaling="(P0458)EVAPPURGEVALVECIRCUITLOW" />
  <scaling name="(P0459)EVAPPURGEVALVECIRCUITHIGH" storagetype="bloblist">
    <data name="enabled" value="040459" />
    <data name="disabled" value="050000" />
  </scaling>
  <table name="(P0459) EVAP PURGE VALVE CIRCUIT HIGH" address="2e551" scaling="(P0459)EVAPPURGEVALVECIRCUITHIGH" />
  <table name="(P0461) FUEL LEVEL SENSOR RANGE/PERF" address="2e409" />
  <table name="(P0462) FUEL LEVEL SENSOR LOW INPUT" address="2e401" />
  <table name="(P0463) FUEL LEVEL SENSOR HIGH INPUT" address="2e405" />
  <table name="(P0464) FUEL LEVEL SENSOR INTERMITTENT" address="2e3f9" />
  <table name="(P0483) RADIATOR FAN RATIONALITY CHECK" address="2e529" />
  <table name="(P0502) VEHICLE SPEED SENSOR LOW INPUT" address="2e901" />
  <table name="(P0503) VEHICLE SPEED SENSOR INTERMITTENT" address="2e941" />
  <table name="(P0506) IDLE CONTROL RPM LOWER THAN EXPECTED" address="2e4f9" />
  <table name="(P0507) IDLE CONTROL RPM HIGH THAN EXPECTED" address="2e4fd" />
  <table name="(P0508) IDLE CONTROL CIRCUIT LOW" address="2e4ed" />
  <table name="(P0509) IDLE CONTROL CIRCUIT HIGH" address="2e4f1" />
  <scaling name="(P0512)STARTERREQUESTCIRCUIT" storagetype="bloblist">
    <data name="enabled" value="040512" />
    <data name="disabled" value="050000" />
  </scaling>
  <table name="(P0512) STARTER REQUEST CIRCUIT" address="2e431" scaling="(P0512)STARTERREQUESTCIRCUIT" />
  <table name="(P0519) IDLE CONTROL MALFUNCTION (FAIL-SAFE)" address="2e915" />
  <table name="(P0545) EGT SENSOR CIRCUIT LOW" address="2e7e1" />
  <table name="(P0546) EGT SENSOR CIRCUIT HIGH" address="2e7e5" />
  <table name="(P0558) ALTERNATOR CIRCUIT LOW" address="2e8f5" />
  <table name="(P0559) ALTERNATOR CIRCUIT HIGH" address="2e8f9" />
  <table name="(P0562) SYSTEM VOLTAGE LOW" address="2e769" />
  <table name="(P0563) SYSTEM VOLTAGE HIGH" address="2e76d" />
  <table name="(P0565) CRUISE CONTROL SET SIGNAL" address="2e909" />
  <table name="(P0604) CONTROL MODULE RAM ERROR" address="2e39d" />
  <table name="(P0691) RADIATOR FAN CIRCUIT LOW" address="2e519" />
  <table name="(P0692) RADIATOR FAN CIRCUIT HIGH" address="2e51d" />
  <table name="(P0703) BRAKE SWITCH INPUT MALFUNCTION" address="2e595" />
  <table name="(P0705) TRANSMISSION RANGE SENSOR MALFUNCTION" address="2e58d" />
  <table name="(P0710) ATF TEMP SENSOR MALFUNCTION" address="2e589" />
  <table name="(P0716) TORQUE CONVERTER TURBINE SPEED RANGE/PERF" address="2e8a5" />
  <table name="(P0720) AT VEHICLE SPEED SENSOR HIGH" address="2e57d" />
  <table name="(P0726) ENGINE SPEED INPUT RANGE/PERF" address="2e8a9" />
  <table name="(P0731) GEAR 1 INCORRECT RATIO" address="2e5b5" />
  <table name="(P0732) GEAR 2 INCORRECT RATIO" address="2e5b9" />
  <table name="(P0733) GEAR 3 INCORRECT RATIO" address="2e5bd" />
  <table name="(P0734) GEAR 4 INCORRECT RATIO" address="2e5c5" />
  <table name="(P0741) TORQUE CONVERTER CLUTCH MALFUNCTION" address="2e599" />
  <table name="(P0743) TORQUE CONVERTER CLUTCH LOCK-UP DUTY SOLENOID" address="2e5b1" />
  <table name="(P0748) PRESSURE CONTROL LINE PRESSURE DUTY SOLENOID" address="2e5ad" />
  <table name="(P0753) SHIFT SOLENOID A ELECTRICAL" address="2e5a1" />
  <table name="(P0758) SHIFT SOLENOID B ELECTRICAL" address="2e5a5" />
  <table name="(P0771) AT LOW CLUTCH TIMING SOLENOID MALFUNCTION" address="2e8a1" />
  <table name="(P0778) AT 2-4 BRAKE PRESSURE SOLENOID MALFUNCTION" address="2e701" />
  <table name="(P0785) AT 2-4 BRAKE TIMING SOLENOID MALFUNCTION" address="2e6fd" />
  <scaling name="(P0851)NEUTRALSWITCHINPUTLOW" storagetype="bloblist">
    <data name="enabled" value="040851" />
    <data name="disabled" value="050000" />
  </scaling>
  <table name="(P0851) NEUTRAL SWITCH INPUT LOW" address="2e469" scaling="(P0851)NEUTRALSWITCHINPUTLOW" />
  <scaling name="(P0852)NEUTRALSWITCHINPUTHIGH" storagetype="bloblist">
    <data name="enabled" value="040852" />
    <data name="disabled" value="050000" />
  </scaling>
  <table name="(P0852) NEUTRAL SWITCH INPUT HIGH" address="2e479" scaling="(P0852)NEUTRALSWITCHINPUTHIGH" />
  <table name="(P0864) TCM COMMUNICATION RANGE/PERF" address="2e52d" />
  <table name="(P0865) TCM COMMUNICATION CIRCUIT LOW" address="2e559" />
  <table name="(P0866) TCM COMMUNICATION CIRCUIT HIGH" address="2e55d" />
  <table name="(P1086) TGV POS. 2 CIRCUIT LOW" address="2e815" />
  <table name="(P1087) TGV POS. 2 CIRCUIT HIGH" address="2e819" />
  <table name="(P1088) TGV POS. 1 CIRCUIT LOW" address="2e81d" />
  <table name="(P1089) TGV POS. 1 CIRCUIT HIGH" address="2e821" />
  <table name="(P1090) TGV SYSTEM 1 (VALVE OPEN)" address="2e4d9" />
  <table name="(P1091) TGV SYSTEM 1 (VALVE CLOSE)" address="2e4dd" />
  <table name="(P1092) TGV SYSTEM 2 (VALVE OPEN)" address="2e4e1" />
  <table name="(P1093) TGV SYSTEM 2 (VALVE CLOSE)" address="2e4e5" />
  <table name="(P1094) TGV SIGNAL 1 (OPEN)" address="2e7c5" />
  <table name="(P1095) TGV SIGNAL 1 (SHORT)" address="2e7bd" />
  <table name="(P1096) TGV SIGNAL 2 (OPEN)" address="2e7c9" />
  <table name="(P1097) TGV SIGNAL 2 (SHORT)" address="2e7c1" />
  <table name="(P1110) ATMOS. PRESSURE SENSOR LOW INPUT" address="2e6c1" />
  <table name="(P1111) ATMOS. PRESSURE SENSOR HIGH INPUT" address="2e6c5" />
  <table name="(P1134) FRONT O2 SENSOR MICROCOMPUTER" address="2e67d" />
  <table name="(P1152) FRONT O2 SENSOR RANGE/PERF LOW B1 S1" address="2e5f9" />
  <table name="(P1153) FRONT O2 SENSOR RANGE/PERF HIGH B1 S1" address="2e5fd" />
  <table name="(P1199) DIFFERENTIAL PRESSURE SENSOR" address="2e811" />
  <table name="(P1235) ICV SOLENOID CIRCUIT LOW" address="2e65d" />
  <table name="(P1236) ICV SOLENOID CIRCUIT HIGH" address="2e661" />
  <table name="(P1237) ECV SOLENOID LOW POS. PRESSURE" address="2e449" />
  <table name="(P1238) ECV SOLENOID HIGH POS. PRESSURE" address="2e44d" />
  <table name="(P1239) ECV SOLENOID LOW NEG. PRESSURE" address="2e451" />
  <table name="(P1240) ECV SOLENOID HIGH NEG. PRESSURE" address="2e455" />
  <table name="(P1241) 2 STAGE TWIN TURBO SYSTEM (SINGLE)" address="2e80d" />
  <table name="(P1242) 2 STAGE TWIN TURBO SYSTEM (TWIN)" address="2e809" />
  <table name="(P1247) RELIEF VALVE SOLENOID 1 CIRCUIT LOW" address="2e791" />
  <table name="(P1248) RELIEF VALVE SOLENOID 1 CIRCUIT HIGH" address="2e751" />
  <table name="(P1249) RELIEF VALVE SOLENOID 2 CIRCUIT LOW" address="2e755" />
  <table name="(P1250) RELIEF VALVE SOLENOID 2 CIRCUIT HIGH" address="2e759" />
  <table name="(P1301) MISFIRE (HIGH TEMP EXHAUST GAS)" address="2e649" />
  <table name="(P1306) OCV SOLENOID SIGNAL 1 MALFUNCTION (OPEN)" address="2e7f1" />
  <table name="(P1307) OCV SOLENOID SIGNAL 1 MALFUNCTION (SHORT)" address="2e7f9" />
  <table name="(P1308) OCV SOLENOID SIGNAL 2 MALFUNCTION (OPEN)" address="2e7f5" />
  <table name="(P1309) OCV SOLENOID SIGNAL 2 MALFUNCTION (SHORT)" address="2e7fd" />
  <table name="(P1312) EGT SENSOR MALFUNCTION" address="2e7e9" />
  <table name="(P1400) FUEL TANK PRESSURE SOL. LOW" address="2e545" />
  <table name="(P1420) FUEL TANK PRESSURE SOL. HIGH INPUT" address="2e549" />
  <table name="(P1443) VENT CONTROL SOLENOID FUNCTION PROBLEM" address="2e561" />
  <table name="(P1446) FUEL TANK SENSOR CONTROL CIRCUIT LOW" address="2e4d1" />
  <table name="(P1447) FUEL TANK SENSOR CONTROL CIRCUIT HIGH" address="2e4d5" />
  <table name="(P1448) FUEL TANK SENSOR CONTROL RANGE/PERF" address="2e509" />
  <scaling name="(P1518)STARTERSWITCHLOWINPUT" storagetype="bloblist">
    <data name="enabled" value="041518" />
    <data name="disabled" value="050000" />
  </scaling>
  <table name="(P1518) STARTER SWITCH LOW INPUT" address="2e42d" scaling="(P1518)STARTERSWITCHLOWINPUT" />
  <table name="(P1544) EGT TOO HIGH" address="2e7ed" />
  <table name="(P1560) BACK-UP VOLTAGE MALFUNCTION" address="2e75d" />
  <table name="(P1700) TPS CIRCUIT MALFUNCTION (AT)" address="2e585" />
  <table name="(P1711) ENGINE TORQUE SIGNAL #1 MALFUNCTION" address="2e6ed" />
  <table name="(P1712) ENGINE TORQUE SIGNAL #2 MALFUNCTION" address="2e6f1" />
</rom>