<rom>
  <romid>
    <xmlid>A4SGD10C</xmlid>
    <internalidaddress>200</internalidaddress>
    <internalidstring>A4SGD10C</internalidstring>
    <ecuid>1B14400605</ecuid>
    <year>02</year>
    <market>USDM</market>
    <make>Subaru</make>
    <model>Impreza</model>
    <submodel>WRX</submodel>
    <transmission>MT/AT</transmission>
    <memmodel>68HC16Y5</memmodel>
    <flashmethod>wrx02</flashmethod>
  </romid>
  <include>16BITBASE</include>
  <table name="Target Boost (MT)" address="2b470">
    <table name="X" address="2b45e" />
    <table name="Y" address="2b44b" />
  </table>
  <table name="Target Boost (AT)" address="2b403">
    <table name="X" address="2b3f1" />
    <table name="Y" address="2b3de" />
  </table>
  <table name="Target Boost Compensation (IAT)" address="2b4d5">
    <table name="X" address="2b4cf" />
    <table name="Y" address="2b4ca" />
  </table>
  <table name="Target Boost Compensation (Atm. Pressure)" address="2b4be" />
  <table name="Boost Limit (CEL)" address="2bb85" />
  <table name="Boost Limit CEL Delay" address="2bb7d" />
  <table name="Boost Limit (Fuel Cut)" address="298e4" />
  <table name="Boost Control Disable (IAM)" address="2b539" />
  <table name="Boost Control Disable (Fine Correction)" address="2b537" />
  <table name="Boost Control Disable Delay (Fine Correction)" address="2b538" />
  <table name="Initial Off-Idle Wastegate Duty" address="2b3cf" />
  <table name="Max Wastegate Duty (MT)" address="2b36b">
    <table name="X" address="2b359" />
    <table name="Y" address="2b348" />
  </table>
  <table name="Max Wastegate Duty (AT)" address="2b308">
    <table name="X" address="2b2f6" />
    <table name="Y" address="2b2e5" />
  </table>
  <table name="Max Wastegate Duty Compensation (IAT)" address="2b3bb" />
  <table name="Max Wastegate Duty Compensation (Atm. Pressure)" address="2b3b1" />
  <table name="Turbo Dynamics Burst" address="2b513">
    <table name="Y" address="2b4ff" />
  </table>
  <table name="Turbo Dynamics Continuous" address="2b4ed">
    <table name="Y" address="2b4d9" />
  </table>
  <table name="TD Burst Activation Thresholds (Boost Error)" address="2b52f" />
  <table name="TD Continuous Activation Thresholds (Boost Error)" address="2b533" />
  <table name="Manifold Pressure Sensor Multiplier A" address="5408" />
  <table name="Manifold Pressure Sensor Offset A" address="540e" />
  <table name="Manifold Pressure Sensor Multiplier B" address="54bc" />
  <table name="Manifold Pressure Sensor Offset B" address="54c2" />
  <table name="Manifold Pressure Sensor Multiplier C" address="5544" />
  <table name="Manifold Pressure Sensor Offset C" address="554a" />
  <table name="Manifold Pressure Sensor Multiplier D" address="d412" />
  <table name="Manifold Pressure Sensor Offset D" address="d418" />
  <table name="Manifold Pressure Sensor High Input (CEL)" address="2b8ad" />
  <table name="Manifold Pressure Sensor CEL Delay (High Input)" address="2b8af" />
  <table name="Manifold Pressure Sensor Low Input (CEL)" address="2b8b0" />
  <table name="Manifold Pressure Sensor CEL Delay (Low Input)" address="2b8b2" />
  <table name="Primary Open Loop Fueling" address="293a4">
    <table name="X" address="29384" elements="15" />
    <table name="Y" address="29363" />
  </table>
  <table name="Primary Open Loop Fueling (Failsafe)" address="294e6">
    <table name="X" address="294c8" />
    <table name="Y" address="294a3" />
  </table>
  <table name="Primary Open Loop Fuel Map Switch (IAM)" address="29353" />
  <table name="Minimum Active Primary Open Loop Enrichment" address="292ac" />
  <table name="Minimum Primary Open Loop Enrichment (Throttle)" address="29327" />
  <table name="Minimum Primary Fueling CL to OL Intermediate Enrich" address="292b0" />
  <table name="Maximum Primary Fueling CL to OL Intermediate Steps" address="292b6" />
  <table name="Primary Open Loop Fueling Compensation (ECT)" address="29333" />
  <table name="Front Oxygen Sensor Scaling" address="2855f">
    <table name="Y" address="28543" />
  </table>
  <table name="Front Oxygen Sensor Compensation (Atm. Pressure)" address="2852c">
    <table name="Y" address="28522" />
  </table>
  <table name="Closed Loop Base Fueling Target" address="15fea" />
  <table name="Closed Loop Fueling Target Limits" address="29065" />
  <table name="CL Fueling Target Compensation (Load)(MT)" address="2914b">
    <table name="X" address="29139" />
    <table name="Y" address="2912a" />
  </table>
  <table name="CL Fueling Target Compensation (Load)(AT)" address="290f2">
    <table name="X" address="290e0" />
    <table name="Y" address="290d1" />
  </table>
  <table name="CL Fueling Target Compensation (ECT)(MT)" address="2909d" />
  <table name="CL Fueling Target Compensation (ECT)(AT)" address="29077" />
  <table name="CL Fueling Target Compensation (ECT) Disable" address="29070" />
  <table name="CL to OL Delay" address="292d3" />
  <table name="CL to OL Transition with Delay (Throttle)" address="292fd" />
  <table name="CL to OL Transition with Delay Throttle Hysteresis" address="292b8" />
  <table name="CL to OL Transition with Delay (Base Pulse Width)" address="29313" />
  <table name="CL to OL Transition with Delay BPW Hysteresis_" address="292b9" />
  <table name="CL Delay Maximum (EGT)" address="292cb" />
  <table name="CL Delay Maximum (Throttle) (MT)" address="292c5" />
  <table name="CL Delay Maximum Engine Speed" address="292bd" />
  <table name="CL Delay Maximum (Vehicle Speed)" address="292c9" />
  <table name="CL Delay Minimum (ECT)" address="292bb" />
  <table name="CL Delay Throttle Atm. Pressure Thresholds" address="292f3" />
  <table name="CL Delay Maximum (Throttle) (Low Atm. Pressure)(AT)" address="292c3" />
  <table name="CL Delay Maximum (Throttle) (High Atm. Pressure)(AT)" address="292c1" />
  <table name="Injector Latency" address="28aee" />
  <table name="Injector Flow Scaling" address="28ae6" />
  <table name="Per Injector Primary Fuel Offset Compensation A" address="29656">
    <table name="Y" address="29644" />
  </table>
  <table name="Per Injector Primary Fuel Offset Compensation B" address="29678">
    <table name="Y" address="29666" />
  </table>
  <table name="Per Injector Primary Fuel Offset Compensation C" address="2969a">
    <table name="Y" address="29688" />
  </table>
  <table name="Per Injector Primary Fuel Offset Compensation D" address="296bc">
    <table name="Y" address="296aa" />
  </table>
  <table name="Per Injector Compensation Activation (RPM)" address="29640" />
  <table name="Cranking Fuel Injector Pulse Width A (ECT)" address="289e6" />
  <table name="Cranking Fuel Injector Pulse Width B (ECT)" address="28a0c">
    <table name="Y" elements="13" />
  </table>
  <table name="Cranking Fuel Injector Pulse Width C (ECT)" address="28a2c" />
  <table name="Cranking Fuel Injector Pulse Width D (ECT)" address="28a52">
    <table name="Y" elements="13" />
  </table>
  <table name="Cranking Fuel IPW Compensation (MAP)" address="28970" />
  <table name="Cranking Fuel IPW Compensation (Throttle)" address="2897e" />
  <table name="Cranking Fuel IPW Compensation (RPM)(MT)" address="289bd" />
  <table name="Cranking Fuel IPW Compensation (RPM)(AT)" address="2898f" />
  <table name="Throttle Tip-in Enrichment" address="29796">
    <table name="Y" address="29782" />
  </table>
  <table name="Minimum Tip-in Enrichment Activation" address="2977c" />
  <table name="Minimum Tip-in Enrichment Activation (Throttle)" address="2977a" />
  <table name="Tip-in Enrichment Compensation (Positive Boost Error)" address="297bb" />
  <table name="Tip-in Enrichment Compensation A (ECT)" address="297d7" />
  <table name="Tip-in Enrichment Compensation B (ECT)" address="29807" />
  <table name="Tip-in Enrichment Compensation B (ECT) Activation" address="297fb" />
  <table name="Tip-in Enrichment Compensation (RPM)" address="297ac" />
  <table name="Tip-in Enrichment Disable Applied Counter Threshold" address="2977b" />
  <table name="Tip-in Enrichment Applied Counter Reset" address="29780" />
  <table name="Tip-in Enrichment Disable Throttle Cumulative Threshold" address="2977e" />
  <table name="Tip-in Throttle Cumulative Reset" address="29781" />
  <table name="Primary Base Enrichment Additive 1" address="28c7a" />
  <table name="Primary Base Enrichment Additive Compensation (Load)" address="28c90" />
  <table name="Primary Base Enrichment Additive 2 Initial Start 1A" address="28b91" />
  <table name="Primary Base Enrichment Additive 2 Initial Start 1B" address="28bd7" />
  <table name="Primary Base Enrichment Additive 2 Initial Start 2A" address="28bb7">
    <table name="Y" elements="13" />
  </table>
  <table name="Primary Base Enrichment Additive 2 Initial Start 2B" address="28bfd">
    <table name="Y" elements="13" />
  </table>
  <table name="Primary Base Enrichment Additive 2 Decay Step 1" address="28c1f" />
  <table name="Primary Base Enrichment Additive 2 Decay Step 2" address="28c45">
    <table name="Y" elements="13" />
  </table>
  <table name="Primary Base Enrichment Additive 3 Initial Start 1A" address="28b14">
    <table name="Y" elements="13" />
  </table>
  <table name="Primary Base Enrichment Additive 3 Initial Start 1B" address="28b3d">
    <table name="Y" elements="13" />
  </table>
  <table name="Primary Base Enrichment Additive 3 Initial Start 2A" address="28afe" />
  <table name="Primary Base Enrichment Additive 3 Initial Start 2B" address="28b27" />
  <table name="Primary Base Enrichment Additive 3 Decay Delay 1" address="28b69">
    <table name="Y" elements="13" />
  </table>
  <table name="Primary Base Enrichment Additive 3 Decay Delay 2" address="28b53" />
  <table name="Primary Base Enrichment Additive 3 Decay Multiplier" address="28b4c" />
  <table name="A/F Learning #1 Limits" address="291b2" />
  <table name="A/F Learning #1 Airflow Ranges" address="291b8" />
  <table name="MAF Sensor Scaling" address="28089">
    <table name="Y" address="28027" />
  </table>
  <table name="MAF Sensor Limit (CEL)" address="2b94b" />
  <table name="MAF Compensation (IAT)" address="2821c">
    <table name="X" address="28215" />
    <table name="Y" address="2820c" />
  </table>
  <table name="Engine Load Compensation (MP)" address="28188">
    <table name="X" address="28170" />
    <table name="Y" address="28157" />
  </table>
  <table name="Base Timing" address="29bb3">
    <table name="X" address="29b91" />
    <table name="Y" address="29b70" elements="16" />
  </table>
  <table name="Base Timing Idle A (Neutral)" address="29b49" />
  <table name="Base Timing Idle B (Neutral)" address="29b58" />
  <table name="Base Timing Idle (In-Gear)(Above Speed Threshold)" address="29b1c" />
  <table name="Base Timing Idle A (In-Gear)(Below Speed Threshold)" address="29b2b" />
  <table name="Base Timing Idle B (In-Gear)(Below Speed Threshold)" address="29b3a" />
  <table name="Base Timing Idle Vehicle Speed Threshold" address="29b10" />
  <table name="Knock Correction Advance Max" address="2a11e">
    <table name="X" address="2a102" />
    <table name="Y" address="2a0e1" />
  </table>
  <table name="Timing Compensation (IAT)" address="29d0a" />
  <table name="Timing Comp Min Load (IAT)" address="29d1a" />
  <table name="Timing Compensation (ECT)" address="29cf4" />
  <table name="Timing Compensation Idle A (ECT)" address="29cc8" />
  <table name="Timing Compensation Idle B (ECT)" address="29cde" />
  <table name="Timing Compensation Per Cylinder A (RPM)" address="2a316" />
  <table name="Timing Compensation Per Cylinder B (RPM)" address="2a31e" />
  <table name="Timing Compensation Per Cylinder C (RPM)" address="2a326" />
  <table name="Timing Compensation Per Cylinder D (RPM)" address="2a32e" />
  <table name="Timing Comp Minimum Load (Per Cylinder)" address="2a30a" />
  <table name="Timing Comp Maximum RPM (Per Cylinder)" address="2a308" />
  <table name="Timing Comp Minimum Coolant Temp (Per Cylinder)" address="2a30c" />
  <table name="Feedback Correction Range (RPM)" address="2a238" />
  <table name="Feedback Correction Minimum Load" address="2a240" />
  <table name="Feedback Correction Retard Value" address="2a22b" />
  <table name="Feedback Correction Retard Limit" address="2a22a" />
  <table name="Feedback Correction Negative Advance Value" address="2a22c" />
  <table name="Feedback Correction Negative Advance Delay" address="2a226" />
  <table name="Fine Correction Range (RPM)" address="2a280" />
  <table name="Fine Correction Range (Load)" address="2a288" />
  <table name="Fine Correction Rows (RPM)" address="2a255" />
  <table name="Fine Correction Columns (Load)" address="2a245" />
  <table name="Fine Correction Retard Value" address="2a270" />
  <table name="Fine Correction Retard Limit" address="2a268" />
  <table name="Fine Correction Advance Value" address="2a269" />
  <table name="Fine Correction Advance Limit" address="2a267" />
  <table name="Fine Correction Advance Delay" address="2a265" />
  <table name="Rough Correction Range (RPM)" address="2a1ef" />
  <table name="Rough Correction Range (Load)" address="2a1f7" />
  <table name="Rough Correction Minimum KC Advance Map Value" address="2a1ff" />
  <table name="Rough Correction Learning Delay (Increasing)" address="2a207" />
  <table name="Advance Multiplier (Initial)" address="2a1ee" />
  <table name="Advance Multiplier Step Value" address="2a200" />
  <table name="EGT Limit (Failsafe)" address="2bc9e">
    <table name="X" address="2bc98" />
    <table name="Y" address="2bc93" />
  </table>
  <table name="Rev Limit (Fuel Cut)" address="298b4" />
  <table name="Rev Limit Timing Retard" address="29f7b" />
  <table name="Speed Limiting (Fuel Cut)" address="298d4" />
  <table name="Speed Limiting Disable (Fuel Cut)" address="12d36" />
  <table name="Speed Limiting (Wastegate)" address="2b526" />
  <table name="Speed Limiting Disable (Wastegate)" address="2b525" />
  <table name="EGT Sensor Scaling" address="28629" />
  <table name="Fuel Temp Sensor Scaling" address="285e3" />
  <table name="Intake Temp Sensor Scaling" address="284bd" />
  <table name="Coolant Temp Sensor Scaling" address="28479" />
  <table name="Radiator Fan Modes (ECT)" address="2b228" />
  <table name="Radiator Fan Modes (Veh. Speed)" address="2b22c" />
  <table name="Radiator Fan Switching Determination (Modes)" address="2b208" />
  <table name="Gear Determination Thresholds (MT)" address="286ca" />
  <table name="Idle Speed Target A (MT)" address="2a774" />
  <table name="Idle Speed Target B (MT)" address="2a79a" />
  <table name="Idle Speed Target C (MT)" address="2a7c0" />
  <table name="Idle Speed Target D (MT)" address="2a7e6" />
  <table name="Idle Speed Target A (AT)" address="2a80c" />
  <table name="Idle Speed Target B (AT)" address="2a832" />
  <table name="Idle Speed Target C (AT)" address="2a858" />
  <table name="Idle Speed Target D (AT)" address="2a87e" />
  <table name="Min Idle Speed A/C (MT)" address="2a8a0" />
  <table name="Min Idle Speed A/C (AT)" address="2a8a2" />
  <table name="Min Idle Speed Startup (MT)" address="2ab04" />
  <table name="Min Idle Speed Startup (AT)" address="2aafc" />
  <table name="Min Idle Speed High Electrical Load (MT)" address="2ab02" />
  <table name="Min Idle Speed High Electrical Load (AT)" address="2aaf8" />
  <table name="Force Pass Readiness Monitors" address="1e6a8" />
  <table name="Catalyst Readiness Threshold Fix B" address="2b6d2" />
  <table name="Catalyst Readiness Threshold Fix C" address="2b6f5" />
  <table name="Catalyst Readiness Threshold Fix F" address="2b6e2" />
  <scaling name="TGVCELFix(P1086,P1087,P1088,P1089)" storagetype="bloblist">
    <data name="enabled" value="274C274C" />
    <data name="disabled" value="FA00E348" />
  </scaling>
  <table name="TGV CEL Fix (P1086, P1087, P1088, P1089)" address="b6a" scaling="TGVCELFix(P1086,P1087,P1088,P1089)" />
  <scaling name="TGVCELFix(P1090,P1091,P1092,P1093)" storagetype="bloblist">
    <data name="enabled" value="274C274C274C274C" />
    <data name="disabled" value="FA00E210FA00E2AC" />
  </scaling>
  <table name="TGV CEL Fix (P1090, P1091, P1092, P1093)" address="d28" scaling="TGVCELFix(P1090,P1091,P1092,P1093)" />
  <scaling name="TGVCELFix(P1094,P1095,P1096,P1097)" storagetype="bloblist">
    <data name="enabled" value="274C274C" />
    <data name="disabled" value="FA01CCB0" />
  </scaling>
  <table name="TGV CEL Fix (P1094, P1095, P1096, P1097)" address="b56" scaling="TGVCELFix(P1094,P1095,P1096,P1097)" />
  <table name="Misfire CEL Fix (P0301, P0302, P0303, P0304)" address="2d1c4" />
  <table name="(P0031) FRONT O2 SENSOR LOW INPUT" address="2dbb9" />
  <table name="(P0032) FRONT O2 SENSOR HIGH INPUT" address="2dbb1" />
  <table name="(P0034) TURBO BYPASS VALVE CIRCUIT LOW" address="2db6d" />
  <table name="(P0035) TURBO BYPASS VALVE CIRCUIT HIGH" address="2db71" />
  <table name="(P0037) REAR O2 SENSOR LOW INPUT" address="2dbb5" />
  <table name="(P0038) REAR O2 SENSOR HIGH INPUT" address="2dbad" />
  <table name="(P0101) MAF SENSOR RANGE/PERF" address="2d8b5" />
  <table name="(P0102) MAF SENSOR LOW INPUT" address="2d8a9" />
  <table name="(P0103) MAF SENSOR HIGH INPUT" address="2d8ad" />
  <table name="(P0106) PRESSURE SENSOR RANGE" address="2dbcd" />
  <table name="(P0107) MAP SENSOR LOW INPUT" address="2dbd1" />
  <table name="(P0108) MAP SENSOR HIGH INPUT" address="2dbd5" />
  <table name="(P0111) IAT SENSOR RANGE/PERF" address="2dba5" />
  <table name="(P0112) IAT SENSOR LOW INPUT" address="2db9d" />
  <table name="(P0113) IAT SENSOR HIGH INPUT" address="2dba1" />
  <table name="(P0117) COOLANT TEMP SENSOR LOW INPUT" address="2d8f1" />
  <table name="(P0118) COOLANT TEMP SENSOR HIGH INPUT" address="2d8f5" />
  <table name="(P0121) TPS RANGE/PERF" address="2d8e9" />
  <table name="(P0122) TPS A LOW INPUT" address="2d8dd" />
  <table name="(P0123) TPS A HIGH INPUT" address="2d8e1" />
  <table name="(P0125) INSUFFICIENT COOLANT TEMP (FUELING)" address="2d8fd" />
  <table name="(P0128) THERMOSTAT MALFUNCTION" address="2dc2d" />
  <table name="(P0131) FRONT O2 SENSOR LOW INPUT" address="2db81" />
  <table name="(P0132) FRONT O2 SENSOR HIGH INPUT" address="2db89" />
  <table name="(P0133) FRONT O2 SENSOR SLOW RESPONSE" address="2dae9" />
  <table name="(P0136) REAR O2 SENSOR CIRCUIT MALFUNCTION" address="2daf5" />
  <table name="(P0139) REAR O2 SENSOR SLOW RESPONSE" address="2daf1" />
  <table name="(P0171) SYSTEM TOO LEAN" address="2db25" />
  <table name="(P0172) SYSTEM TOO RICH" address="2db29" />
  <table name="(P0181) FUEL TEMP SENSOR A RANGE/PERF" address="2d975" />
  <table name="(P0182) FUEL TEMP SENSOR A LOW INPUT" address="2d96d" />
  <table name="(P0183) FUEL TEMP SENSOR A HIGH INPUT" address="2d971" />
  <table name="(P0244) WASTEGATE SOLENOID A RANGE/PERF" address="2dc81" />
  <table name="(P0245) WASTEGATE SOLENOID A LOW" address="2dc75" />
  <table name="(P0246) WASTEGATE SOLENOID A HIGH" address="2dc79" />
  <table name="(P0249) WASTEGATE SOLENOID B LOW" address="2dc89" />
  <table name="(P0250) WASTEGATE SOLENOID B HIGH" address="2dc8d" />
  <table name="(P0261) FUEL INJECTOR #1 CIRCUIT LOW" address="2dccd" />
  <table name="(P0264) FUEL INJECTOR #2 CIRCUIT LOW" address="2dcd1" />
  <table name="(P0267) FUEL INJECTOR #3 CIRCUIT LOW" address="2dcd5" />
  <table name="(P0270) FUEL INJECTOR #4 CIRCUIT LOW" address="2dcd9" />
  <table name="(P0301) MISFIRE CYLINDER 1" address="2db31" />
  <table name="(P0302) MISFIRE CYLINDER 2" address="2db35" />
  <table name="(P0303) MISFIRE CYLINDER 3" address="2db39" />
  <table name="(P0304) MISFIRE CYLINDER 4" address="2db3d" />
  <table name="(P0327) KNOCK SENSOR 1 LOW INPUT" address="2d8d5" />
  <table name="(P0328) KNOCK SENSOR 1 HIGH INPUT" address="2d8d9" />
  <table name="(P0335) CRANKSHAFT POS. SENSOR A MALFUNCTION" address="2d885" />
  <table name="(P0336) CRANKSHAFT POS. SENSOR A RANGE/PERF" address="2d88d" />
  <table name="(P0340) CAMSHAFT POS. SENSOR A MALFUNCTION" address="2d895" />
  <table name="(P0341) CAMSHAFT POS. SENSOR A RANGE/PERF" address="2d891" />
  <table name="(P0350) IGNITION COIL PRIMARY/SECONDARY" address="2d929" />
  <table name="(P0365) CAMSHAFT POS. SENSOR B BANK 1" address="2da35" />
  <table name="(P0390) CAMSHAFT POS. SENSOR B BANK 2" address="2da39" />
  <table name="(P0420) CAT EFFICIENCY BELOW THRESHOLD" address="2db0d" />
  <table name="(P0442) EVAP LEAK DETECTED (SMALL)" address="2db11" />
  <table name="(P0444) EVAP PURGE VALVE CIRCUIT LOW" address="2da11" />
  <table name="(P0445) EVAP PURGE VALVE CIRCUIT HIGH" address="2da15" />
  <table name="(P0447) EVAP VENT CONTROL CIRCUIT OPEN" address="2da71" />
  <table name="(P0448) EVAP VENT CONTROL CIRCUIT SHORTED" address="2da75" />
  <table name="(P0451) EVAP PRESSURE SENSOR RANGE/PERF" address="2d945" />
  <table name="(P0452) EVAP PRESSURE SENSOR LOW INPUT" address="2d939" />
  <table name="(P0453) EVAP PRESSURE SENSOR HIGH INPUT" address="2d93d" />
  <table name="(P0456) EVAP LEAK DETECTED (VERY SMALL)" address="2db19" />
  <table name="(P0457) EVAP LEAK DETECTED (FUEL CAP)" address="2db4d" />
  <table name="(P0461) FUEL LEVEL SENSOR RANGE/PERF" address="2d909" />
  <table name="(P0462) FUEL LEVEL SENSOR LOW INPUT" address="2d901" />
  <table name="(P0463) FUEL LEVEL SENSOR HIGH INPUT" address="2d905" />
  <table name="(P0464) FUEL LEVEL SENSOR INTERMITTENT" address="2d8f9" />
  <table name="(P0480) RADIATOR FAN RELAY 1 LOW" address="2da21" />
  <table name="(P0483) RADIATOR FAN RATIONALITY CHECK" address="2da29" />
  <table name="(P0500) VEHICLE SPEED SENSOR A" address="2d8b9" />
  <table name="(P0506) IDLE CONTROL RPM LOWER THAN EXPECTED" address="2d9f9" />
  <table name="(P0507) IDLE CONTROL RPM HIGH THAN EXPECTED" address="2d9fd" />
  <table name="(P0508) IDLE CONTROL CIRCUIT LOW" address="2d9ed" />
  <table name="(P0509) IDLE CONTROL CIRCUIT HIGH" address="2d9f1" />
  <table name="(P0512) STARTER REQUEST CIRCUIT" address="2d931" />
  <table name="(P0545) EGT SENSOR CIRCUIT LOW" address="2dce1" />
  <table name="(P0546) EGT SENSOR CIRCUIT HIGH" address="2dce5" />
  <table name="(P0562) SYSTEM VOLTAGE LOW" address="2dc69" />
  <table name="(P0563) SYSTEM VOLTAGE HIGH" address="2dc6d" />
  <table name="(P0604) CONTROL MODULE RAM ERROR" address="2d89d" />
  <table name="(P0703) BRAKE SWITCH INPUT MALFUNCTION" address="2da95" />
  <table name="(P0705) TRANSMISSION RANGE SENSOR MALFUNCTION" address="2da8d" />
  <table name="(P0710) ATF TEMP SENSOR MALFUNCTION" address="2da89" />
  <table name="(P0715) TORQUE CONVERTER TURBINE SPEED MALFUNCTION" address="2dbf5" />
  <table name="(P0720) AT VEHICLE SPEED SENSOR HIGH" address="2da7d" />
  <table name="(P0725) ENGINE SPEED INPUT MALFUNCTION" address="2da81" />
  <table name="(P0731) GEAR 1 INCORRECT RATIO" address="2dab5" />
  <table name="(P0732) GEAR 2 INCORRECT RATIO" address="2dab9" />
  <table name="(P0733) GEAR 3 INCORRECT RATIO" address="2dabd" />
  <table name="(P0734) GEAR 4 INCORRECT RATIO" address="2dac5" />
  <table name="(P0741) TORQUE CONVERTER CLUTCH MALFUNCTION" address="2da99" />
  <table name="(P0743) TORQUE CONVERTER CLUTCH LOCK-UP DUTY SOLENOID" address="2dab1" />
  <table name="(P0748) PRESSURE CONTROL LINE PRESSURE DUTY SOLENOID" address="2daad" />
  <table name="(P0753) SHIFT SOLENOID A ELECTRICAL" address="2daa1" />
  <table name="(P0758) SHIFT SOLENOID B ELECTRICAL" address="2daa5" />
  <table name="(P0778) AT 2-4 BRAKE PRESSURE SOLENOID MALFUNCTION" address="2dc01" />
  <table name="(P0785) AT 2-4 BRAKE TIMING SOLENOID MALFUNCTION" address="2dbfd" />
  <table name="(P1086) TGV POS. 2 CIRCUIT LOW" address="2dd15" />
  <table name="(P1087) TGV POS. 2 CIRCUIT HIGH" address="2dd19" />
  <table name="(P1088) TGV POS. 1 CIRCUIT LOW" address="2dd1d" />
  <table name="(P1089) TGV POS. 1 CIRCUIT HIGH" address="2dd21" />
  <table name="(P1090) TGV SYSTEM 1 (VALVE OPEN)" address="2d9d9" />
  <table name="(P1091) TGV SYSTEM 1 (VALVE CLOSE)" address="2d9dd" />
  <table name="(P1092) TGV SYSTEM 2 (VALVE OPEN)" address="2d9e1" />
  <table name="(P1093) TGV SYSTEM 2 (VALVE CLOSE)" address="2d9e5" />
  <table name="(P1094) TGV SIGNAL 1 (OPEN)" address="2dcc5" />
  <table name="(P1095) TGV SIGNAL 1 (SHORT)" address="2dcbd" />
  <table name="(P1096) TGV SIGNAL 2 (OPEN)" address="2dcc9" />
  <table name="(P1097) TGV SIGNAL 2 (SHORT)" address="2dcc1" />
  <table name="(P1110) ATMOS. PRESSURE SENSOR LOW INPUT" address="2dbc1" />
  <table name="(P1111) ATMOS. PRESSURE SENSOR HIGH INPUT" address="2dbc5" />
  <table name="(P1112) ATMOS. PRESSURE SENSOR RANGE/PERF" address="2dbc9" />
  <table name="(P1130) FRONT O2 SENSOR MALFUNCTION (OPEN)" address="2dc09" />
  <table name="(P1131) FRONT O2 SENSOR MALFUNCTION (SHORT)" address="2dc11" />
  <table name="(P1134) FRONT O2 SENSOR MICROCOMPUTER" address="2db7d" />
  <table name="(P1139) FRONT O2 SENSOR RANGE/PERF" address="2dbe5" />
  <table name="(P1141) MAF SENSOR HIGH INPUT" address="2d8b1" />
  <table name="(P1142) MAF SENSOR LOW INPUT" address="2d8e5" />
  <table name="(P1146) MAP SENSOR RANGE/PERF" address="2dbdd" />
  <table name="(P1199) DIFFERENTIAL PRESSURE SENSOR" address="2dd11" />
  <table name="(P1230) FUEL PUMP CONTROL UNIT MALFUNCTION" address="2db21" />
  <table name="(P1235) ICV SOLENOID CIRCUIT LOW" address="2db5d" />
  <table name="(P1236) ICV SOLENOID CIRCUIT HIGH" address="2db61" />
  <table name="(P1237) ECV SOLENOID LOW POS. PRESSURE" address="2d949" />
  <table name="(P1238) ECV SOLENOID HIGH POS. PRESSURE" address="2d94d" />
  <table name="(P1239) ECV SOLENOID LOW NEG. PRESSURE" address="2d951" />
  <table name="(P1240) ECV SOLENOID HIGH NEG. PRESSURE" address="2d955" />
  <table name="(P1241) 2 STAGE TWIN TURBO SYSTEM (SINGLE)" address="2dd0d" />
  <table name="(P1242) 2 STAGE TWIN TURBO SYSTEM (TWIN)" address="2dd09" />
  <table name="(P1247) RELIEF VALVE SOLENOID 1 CIRCUIT LOW" address="2dc91" />
  <table name="(P1248) RELIEF VALVE SOLENOID 1 CIRCUIT HIGH" address="2dc51" />
  <table name="(P1249) RELIEF VALVE SOLENOID 2 CIRCUIT LOW" address="2dc55" />
  <table name="(P1250) RELIEF VALVE SOLENOID 2 CIRCUIT HIGH" address="2dc59" />
  <table name="(P1301) MISFIRE (HIGH TEMP EXHAUST GAS)" address="2db49" />
  <table name="(P1306) OCV SOLENOID SIGNAL 1 MALFUNCTION (OPEN)" address="2dcf1" />
  <table name="(P1307) OCV SOLENOID SIGNAL 1 MALFUNCTION (SHORT)" address="2dcf9" />
  <table name="(P1308) OCV SOLENOID SIGNAL 2 MALFUNCTION (OPEN)" address="2dcf5" />
  <table name="(P1309) OCV SOLENOID SIGNAL 2 MALFUNCTION (SHORT)" address="2dcfd" />
  <table name="(P1312) EGT SENSOR MALFUNCTION" address="2dce9" />
  <table name="(P1400) FUEL TANK PRESSURE SOL. LOW" address="2da45" />
  <table name="(P1420) FUEL TANK PRESSURE SOL. HIGH INPUT" address="2da49" />
  <table name="(P1443) VENT CONTROL SOLENOID FUNCTION PROBLEM" address="2da61" />
  <table name="(P1480) RADIATOR FAN RELAY 1 CIRCUIT HIGH" address="2da25" />
  <table name="(P1507) IDLE CONTROL MALFUNCTION (FAIL-SAFE)" address="2d9f5" />
  <table name="(P1518) STARTER SWITCH LOW INPUT" address="2d92d" />
  <table name="(P1544) EGT TOO HIGH" address="2dced" />
  <table name="(P1560) BACK-UP VOLTAGE MALFUNCTION" address="2dc5d" />
  <table name="(P1590) NEUTRAL POS. SWITCH HIGH INPUT (AT)" address="2d95d" />
  <table name="(P1591) NEUTRAL POS. SWITCH LOW INPUT (AT)" address="2d961" />
  <table name="(P1594) AT DIAGNOSIS SIGNAL MALFUNCTION" address="2dae1" />
  <table name="(P1595) AT DIAGNOSIS SIGNAL LOW INPUT" address="2dacd" />
  <table name="(P1596) AT DIAGNOSIS SIGNAL HIGH INPUT" address="2dad1" />
  <table name="(P1700) TPS CIRCUIT MALFUNCTION (AT)" address="2da85" />
  <table name="(P1701) CRUISE CONTROL SET SIGNAL MALFUNCTION (AT)" address="2da91" />
  <table name="(P1703) LOW CLUTCH TIMING SOLENOID MALFUNCTION (AT)" address="2dbf9" />
  <table name="(P1711) ENGINE TORQUE SIGNAL #1 MALFUNCTION" address="2dbed" />
  <table name="(P1712) ENGINE TORQUE SIGNAL #2 MALFUNCTION" address="2dbf1" />
</rom>