<rom>
  <romid>
    <xmlid>A4TC300K</xmlid>
    <internalidaddress>200</internalidaddress>
    <internalidstring>A4TC300K</internalidstring>
    <ecuid>3614446205</ecuid>
    <year>03</year>
    <market>USDM</market>
    <make>Subaru</make>
    <model>Impreza</model>
    <submodel>WRX</submodel>
    <transmission>AT</transmission>
    <memmodel>68HC16Y5</memmodel>
    <flashmethod>wrx02</flashmethod>
  </romid>
  <include>A4TC300L</include>
  <table name="EGT Sensor Scaling" address="2bdc8" />
  <table name="Intake Temp Sensor Scaling" address="2bd86" />
  <table name="Coolant Temp Sensor Scaling" address="2bd48" />
  <table name="Misfire CEL Fix (P0301, P0302, P0303, P0304)" address="2bc3b" />
</rom>