<rom>
  <romid>
    <xmlid>A4TC101K</xmlid>
    <internalidaddress>200</internalidaddress>
    <internalidstring>A4TC101K</internalidstring>
    <ecuid>3614446105</ecuid>
    <year>03</year>
    <market>USDM</market>
    <make>Subaru</make>
    <model>Impreza</model>
    <submodel>WRX</submodel>
    <transmission>AT</transmission>
    <memmodel>68HC16Y5</memmodel>
    <flashmethod>wrx02</flashmethod>
  </romid>
  <include>A4TC300L</include>
  <table name="Boost Limit (CEL)" address="2af68" />
  <table name="Boost Limit CEL Delay" address="2af60" />
  <table name="Manifold Pressure Sensor Multiplier D" address="d0d0" />
  <table name="Manifold Pressure Sensor Offset D" address="d0d6" />
  <table name="Manifold Pressure Sensor High Input (CEL)" address="2ad4e" />
  <table name="Manifold Pressure Sensor CEL Delay (High Input)" address="2ad50" />
  <table name="Manifold Pressure Sensor Low Input (CEL)" address="2ad51" />
  <table name="Manifold Pressure Sensor CEL Delay (Low Input)" address="2ad53" />
  <table name="MAF Sensor Limit (CEL)" address="2aded" />
  <table name="EGT Limit (Failsafe)" address="2b0af">
    <table name="X" address="2b0a9" />
    <table name="Y" address="2b0a4" />
  </table>
  <table name="EGT Sensor Scaling" address="2bdc6" />
  <table name="Intake Temp Sensor Scaling" address="2bd84" />
  <table name="Coolant Temp Sensor Scaling" address="2bd46" />
  <table name="Force Pass Readiness Monitors" address="1f110" />
  <scaling name="TGVCELFix(P1086,P1087,P1088,P1089)" storagetype="bloblist">
    <data name="enabled" value="274C274C" />
    <data name="disabled" value="FA00DF8A" />
  </scaling>
  <table name="TGV CEL Fix (P1086, P1087, P1088, P1089)" address="b6e" scaling="TGVCELFix(P1086,P1087,P1088,P1089)" />
  <scaling name="TGVCELFix(P1090,P1091,P1092,P1093)" storagetype="bloblist">
    <data name="enabled" value="274C274C274C274C" />
    <data name="disabled" value="FA00DE52FA00DEEE" />
  </scaling>
  <table name="TGV CEL Fix (P1090, P1091, P1092, P1093)" address="d3a" scaling="TGVCELFix(P1090,P1091,P1092,P1093)" />
  <scaling name="TGVCELFix(P1094,P1095,P1096,P1097)" storagetype="bloblist">
    <data name="enabled" value="274C274C" />
    <data name="disabled" value="FA01D69E" />
  </scaling>
  <table name="TGV CEL Fix (P1094, P1095, P1096, P1097)" address="b5a" scaling="TGVCELFix(P1094,P1095,P1096,P1097)" />
  <table name="Misfire CEL Fix (P0301, P0302, P0303, P0304)" address="2bc39" />
</rom>