<rom>
  <romid>
    <xmlid>A4TE200A</xmlid>
    <internalidaddress>200</internalidaddress>
    <internalidstring>A4TE200A</internalidstring>
    <ecuid>3D04403005</ecuid>
    <year>04</year>
    <market>JDM</market>
    <make>Subaru</make>
    <model>Impreza</model>
    <submodel>WRX</submodel>
    <transmission>MT/AT</transmission>
    <memmodel>68HC16Y5</memmodel>
    <flashmethod>wrx02</flashmethod>
  </romid>
  <include>A4TE000A</include>
  <table name="Manifold Pressure Sensor Multiplier A" address="4b4a" />
  <table name="Manifold Pressure Sensor Offset A" address="4b50" />
  <table name="Manifold Pressure Sensor Multiplier B" address="4bf6" />
  <table name="Manifold Pressure Sensor Offset B" address="4bfc" />
  <table name="Manifold Pressure Sensor Multiplier C" address="4c76" />
  <table name="Manifold Pressure Sensor Offset C" address="4c7c" />
  <table name="Closed Loop Base Fueling Target" address="194ba" />
  <table name="Speed Limiting Disable (Fuel Cut)" address="ae22" />
  <scaling name="TGVCELFix(P1086,P1087,P1088,P1089)" storagetype="bloblist">
    <data name="enabled" value="274C274C" />
    <data name="disabled" value="FA01636C" />
  </scaling>
  <table name="TGV CEL Fix (P1086, P1087, P1088, P1089)" address="b7e" scaling="TGVCELFix(P1086,P1087,P1088,P1089)" />
  <scaling name="TGVCELFix(P1090,P1091,P1092,P1093)" storagetype="bloblist">
    <data name="enabled" value="274C274C274C274C" />
    <data name="disabled" value="FA016234FA0162D0" />
  </scaling>
  <table name="TGV CEL Fix (P1090, P1091, P1092, P1093)" address="d18" scaling="TGVCELFix(P1090,P1091,P1092,P1093)" />
  <scaling name="TGVCELFix(P1094,P1095,P1096,P1097)" storagetype="bloblist">
    <data name="enabled" value="274C274C" />
    <data name="disabled" value="FA01867A" />
  </scaling>
  <table name="TGV CEL Fix (P1094, P1095, P1096, P1097)" address="b6a" scaling="TGVCELFix(P1094,P1095,P1096,P1097)" />
</rom>