<rom>
  <romid>
    <xmlid>A4TF510E</xmlid>
    <internalidaddress>200</internalidaddress>
    <internalidstring>A4TF510E</internalidstring>
    <ecuid>2E14446206</ecuid>
    <year>04</year>
    <market>USDM</market>
    <make>Subaru</make>
    <model>Impreza</model>
    <submodel>WRX</submodel>
    <transmission>AT</transmission>
    <memmodel>68HC16Y5</memmodel>
    <flashmethod>wrx04</flashmethod>
  </romid>
  <include>A4TF400E</include>
  <table name="Manifold Pressure Sensor Multiplier D" address="c336" />
  <table name="Manifold Pressure Sensor Offset D" address="c33c" />
  <table name="Closed Loop Base Fueling Target" address="0f328" />
  <table name="EGT Limit (Failsafe)" address="2b004">
    <table name="X" address="2affe" />
    <table name="Y" address="2aff9" />
  </table>
  <table name="EGT Sensor Scaling" address="2ba70" />
  <table name="Intake Temp Sensor Scaling" address="2ba2e" />
  <table name="Coolant Temp Sensor Scaling" address="2b9f0" />
  <table name="Force Pass Readiness Monitors" address="1d958" />
  <scaling name="TGVCELFix(P1086,P1087,P1088,P1089)" storagetype="bloblist">
    <data name="enabled" value="274C274C" />
    <data name="disabled" value="FA00D09E" />
  </scaling>
  <table name="TGV CEL Fix (P1086, P1087, P1088, P1089)" address="b72" scaling="TGVCELFix(P1086,P1087,P1088,P1089)" />
  <scaling name="TGVCELFix(P1090,P1091,P1092,P1093)" storagetype="bloblist">
    <data name="enabled" value="274C274C274C274C" />
    <data name="disabled" value="FA00CF66FA00D002" />
  </scaling>
  <table name="TGV CEL Fix (P1090, P1091, P1092, P1093)" address="d42" scaling="TGVCELFix(P1090,P1091,P1092,P1093)" />
  <scaling name="TGVCELFix(P1094,P1095,P1096,P1097)" storagetype="bloblist">
    <data name="enabled" value="274C274C" />
    <data name="disabled" value="FA01BE86" />
  </scaling>
  <table name="TGV CEL Fix (P1094, P1095, P1096, P1097)" address="b5e" scaling="TGVCELFix(P1094,P1095,P1096,P1097)" />
  <table name="Misfire CEL Fix (P0301, P0302, P0303, P0304)" address="2b8f1" />
</rom>