<rom>
  <romid>
    <xmlid>A4TH000O</xmlid>
    <internalidaddress>200</internalidaddress>
    <internalidstring>A4TH000O</internalidstring>
    <ecuid>3A54584005</ecuid>
    <year>04</year>
    <market>ADM</market>
    <make>Subaru</make>
    <model>Impreza</model>
    <submodel>WRX</submodel>
    <transmission>MT/AT</transmission>
    <memmodel>68HC16Y5</memmodel>
    <flashmethod>wrx02</flashmethod>
  </romid>
  <include>A4TH100H</include>
  <table name="Manifold Pressure Sensor Multiplier A" address="4e04" />
  <table name="Manifold Pressure Sensor Offset A" address="4e0a" />
  <table name="Manifold Pressure Sensor Multiplier B" address="4eb0" />
  <table name="Manifold Pressure Sensor Offset B" address="4eb6" />
  <table name="Manifold Pressure Sensor Multiplier C" address="4f30" />
  <table name="Manifold Pressure Sensor Offset C" address="4f36" />
  <table name="Closed Loop Base Fueling Target" address="195f4" />
  <table name="Speed Limiting Disable (Fuel Cut)" address="b942" />
  <scaling name="TGVCELFix(P1086,P1087,P1088,P1089)" storagetype="bloblist">
    <data name="enabled" value="274C274C" />
    <data name="disabled" value="FA016444" />
  </scaling>
  <table name="TGV CEL Fix (P1086, P1087, P1088, P1089)" address="b8a" scaling="TGVCELFix(P1086,P1087,P1088,P1089)" />
  <scaling name="TGVCELFix(P1090,P1091,P1092,P1093)" storagetype="bloblist">
    <data name="enabled" value="274C274C274C274C" />
    <data name="disabled" value="FA01630CFA0163A8" />
  </scaling>
  <table name="TGV CEL Fix (P1090, P1091, P1092, P1093)" address="d42" scaling="TGVCELFix(P1090,P1091,P1092,P1093)" />
  <scaling name="TGVCELFix(P1094,P1095,P1096,P1097)" storagetype="bloblist">
    <data name="enabled" value="274C274C" />
    <data name="disabled" value="FA018782" />
  </scaling>
  <table name="TGV CEL Fix (P1094, P1095, P1096, P1097)" address="b76" scaling="TGVCELFix(P1094,P1095,P1096,P1097)" />
</rom>