<rom>
  <romid>
    <xmlid>A8DH200O</xmlid>
    <internalidaddress>2000</internalidaddress>
    <internalidstring>A8DH200O</internalidstring>
    <ecuid>4352584006</ecuid>
    <year>06</year>
    <market>ADM</market>
    <make>Subaru</make>
    <model>Impreza</model>
    <submodel>WRX</submodel>
    <transmission>MT</transmission>
    <memmodel>SH7058</memmodel>
    <flashmethod>sti05</flashmethod>
    <checksummodule>subarudbw</checksummodule>
  </romid>
  <include>32BITBASE</include>
  <table name="Target Boost" address="c0cd8">
    <table name="X" address="c0c8c" />
    <table name="Y" address="c0cac" elements="11" />
  </table>
  <table name="Target Boost Compensation (ECT)" address="c0888">
    <table name="Y" address="c06e0" />
  </table>
  <table name="Target Boost Compensation (1st Gear)" address="c06d8" />
  <table name="Target Boost Compensation (1st Gear) Speed Disable" address="c06d4" />
  <table name="Target Boost Compensation (Atm. Pressure) Multiplier" address="c0990">
    <table name="Y" address="c0980" />
  </table>
  <table name="Target Boost Compensation (Atm. Pressure) Multiplier Offset" address="c08bc">
    <table name="Y" address="c08ac" />
  </table>
  <table name="Boost Limit (Fuel Cut)" address="c7e38">
    <table name="Y" address="c7e20" />
  </table>
  <table name="Boost Control Disable (IAM)" address="c06c8" />
  <table name="Boost Control Disable (Fine Correction)" address="c06c4" />
  <table name="Boost Control Disable Delay (Fine Correction)" address="c0665" />
  <table name="Initial Wastegate Duty" address="c0aec">
    <table name="X" address="c0aac" />
    <table name="Y" address="c0acc" elements="8" />
  </table>
  <table name="Max Wastegate Duty" address="c0bc4">
    <table name="X" address="c0b84" />
    <table name="Y" address="c0ba4" />
  </table>
  <table name="Max Wastegate Duty Limit Post-Compensation" address="17728" />
  <table name="Initial/Max Wastegate Duty Compensation (IAT)" address="c07a8">
    <table name="Y" address="c0768" />
  </table>
  <table name="Initial/Max Wastegate Duty Compensation (ECT)" address="c0868">
    <table name="Y" address="c06e0" />
  </table>
  <table name="Initial/Max Wastegate Duty Compensation (Atm. Pressure)" address="c0a4c">
    <table name="X" address="c0a24" />
    <table name="Y" address="c0a3c" />
  </table>
  <table name="Turbo Dynamics Proportional" address="c08e4">
    <table name="Y" address="c08c0" />
  </table>
  <table name="Turbo Dynamics Integral Positive" address="c0954">
    <table name="Y" address="c0930" />
  </table>
  <table name="Turbo Dynamics Integral Negative" address="c091c">
    <table name="Y" address="c08f8" />
  </table>
  <table name="TD Proportional Compensation (IAT)" address="c0730">
    <table name="Y" address="c0720" />
  </table>
  <table name="TD Integral Positive Compensation (IAT)" address="c0758">
    <table name="Y" address="c0748" />
  </table>
  <table name="TD Integral Negative Compensation (IAT)" address="c0744">
    <table name="Y" address="c0734" />
  </table>
  <table name="TD Activation Thresholds (RPM)" address="c069c" />
  <table name="TD Activation Thresholds (Target Boost)" address="c0678" />
  <table name="TD Integral Cumulative Range (WGDC Correction)" address="c06a4" />
  <table name="TD Integral Negative Activation (Boost Error)" address="c0684" />
  <table name="TD Integral Positive Activation (Boost Error)" address="c068c" />
  <table name="TD Integral Positive Activation (Wastegate Duty)" address="c0690" />
  <table name="Manifold Pressure Sensor Scaling" address="c028c" />
  <table name="Manifold Pressure Sensor Limits (CEL)" address="cc81a" />
  <table name="Manifold Pressure Sensor CEL Delays" address="c29ce" />
  <table name="Primary Open Loop Fueling" address="c8714">
    <table name="X" address="c8690" />
    <table name="Y" address="c86cc" />
  </table>
  <table name="Primary Open Loop Fueling (Failsafe)" address="c88bc">
    <table name="X" address="c8838" />
    <table name="Y" address="c8874" />
  </table>
  <table name="Primary Open Loop Fuel Map Switch (IAM)" address="c6be8" />
  <table name="Minimum Active Primary Open Loop Enrichment" address="c6bec" />
  <table name="Minimum Primary Open Loop Enrichment (Throttle)" address="c7314">
    <table name="Y" address="c72fc" />
  </table>
  <table name="Primary Open Loop Fueling Compensation (ECT)" address="c7c84">
    <table name="Y" address="c6f84" />
  </table>
  <table name="Primary Open Loop Fueling Compensation (Timing Compensation)" address="c72a4">
    <table name="Y" address="c728c" />
  </table>
  <table name="Front Oxygen Sensor Scaling" address="ccd4c">
    <table name="Y" address="ccd18" />
  </table>
  <table name="Front Oxygen Sensor Rich Limit" address="225e0" />
  <table name="Front Oxygen Sensor Compensation (Atm. Pressure)" address="c1f00">
    <table name="Y" address="c1ef0" />
  </table>
  <table name="CL Fueling Target Compensation (Load)" address="c9298">
    <table name="X" address="c9244" elements="11" />
    <table name="Y" address="c9270" />
  </table>
  <table name="CL Fueling Target Compensation A (ECT)" address="c9118">
    <table name="X" address="c6f84" />
    <table name="Y" address="c910c" />
  </table>
  <table name="CL Fueling Target Compensation B (ECT)" address="c91cc">
    <table name="X" address="c6f84" />
    <table name="Y" address="c91c0" />
  </table>
  <table name="CL to OL Delay" address="c683e">
    <table name="Y" elements="2" />
  </table>
  <table name="CL to OL Transition with Delay (Throttle)" address="c72ec">
    <table name="Y" address="c72ac" />
  </table>
  <table name="CL to OL Transition with Delay Throttle Hysteresis" address="c6bf0" />
  <table name="CL to OL Transition with Delay (Base Pulse Width)" address="c7bb0">
    <table name="Y" address="c7b70" />
  </table>
  <table name="CL to OL Transition with Delay BPW Hysteresis" address="c6bf4" />
  <table name="CL to OL Transition Counter Step Value (MAF)" address="c7bf8">
    <table name="Y" address="c7bd0" />
  </table>
  <table name="CL Delay Maximum (Throttle)" address="c6c6c" />
  <table name="CL Delay Maximum (Vehicle Speed)" address="c6c70" />
  <table name="CL Delay Minimum (ECT)" address="c6bf8" />
  <table name="CL Delay Maximum (Engine Load)" address="c6c80" />
  <table name="CL Delay Engine Load Counter Threshold" address="c683a" />
  <table name="CL Delay Maximum Engine Speed (Per Gear)" address="c6bfc" />
  <table name="CL Delay Maximum Engine Speed (Neutral)" address="c6c4c" />
  <table name="Injector Latency" address="c8158">
    <table name="Y" address="c8144" />
  </table>
  <table name="Injector Flow Scaling" address="c693c" />
  <table name="Per Injector Pulse Width Compensation A" address="c8a4c">
    <table name="X" address="c89cc" />
    <table name="Y" address="c8a10" elements="15" />
  </table>
  <table name="Per Injector Pulse Width Compensation B" address="c8bcc">
    <table name="X" address="c8b4c" />
    <table name="Y" address="c8b90" elements="15" />
  </table>
  <table name="Per Injector Pulse Width Compensation C" address="c8d4c">
    <table name="X" address="c8ccc" />
    <table name="Y" address="c8d10" elements="15" />
  </table>
  <table name="Per Injector Pulse Width Compensation D" address="c8ecc">
    <table name="X" address="c8e4c" />
    <table name="Y" address="c8e90" elements="15" />
  </table>
  <table name="Cranking Fuel Injector Pulse Width A (ECT)" address="c7532">
    <table name="Y" address="c6f84" />
  </table>
  <table name="Cranking Fuel Injector Pulse Width B (ECT)" address="c7552">
    <table name="Y" address="c6f84" />
  </table>
  <table name="Cranking Fuel Injector Pulse Width C (ECT)" address="c7572">
    <table name="Y" address="c6f84" />
  </table>
  <table name="Cranking Fuel Injector Pulse Width D (ECT)" address="c7592">
    <table name="Y" address="c6f84" />
  </table>
  <table name="Cranking Fuel Injector Pulse Width E (ECT)" address="c75b2">
    <table name="Y" address="c6f84" />
  </table>
  <table name="Cranking Fuel Injector Pulse Width F (ECT)" address="c75d2">
    <table name="Y" address="c6f84" />
  </table>
  <table name="Cranking Fuel IPW Compensation A (RPM)" address="c83ec">
    <table name="X" address="c83bc" />
    <table name="Y" address="c83d0" />
  </table>
  <table name="Cranking Fuel IPW Compensation B (RPM)" address="c8454">
    <table name="X" address="c8424" />
    <table name="Y" address="c8438" />
  </table>
  <table name="Cranking Fuel IPW Compensation (Accelerator)" address="c7080">
    <table name="Y" address="c7068" />
  </table>
  <table name="Throttle Tip-in Enrichment" address="c7d8c">
    <table name="Y" address="c7d44" />
  </table>
  <table name="Minimum Tip-in Enrichment Activation" address="c6d74" />
  <table name="Minimum Tip-in Enrichment Activation (Throttle)" address="c6d6c" />
  <table name="Tip-in Enrichment Compensation (Boost Error)" address="c7398">
    <table name="Y" address="c7374" />
  </table>
  <table name="Tip-in Enrichment Compensation (ECT)" address="c7db0">
    <table name="Y" address="c6f84" />
  </table>
  <table name="Tip-in Enrichment Disable Applied Counter Threshold" address="c6802" />
  <table name="Tip-in Enrichment Applied Counter Reset" address="c6803" />
  <table name="Tip-in Enrichment Disable Throttle Cumulative Threshold" address="c6d70" />
  <table name="Tip-in Throttle Cumulative Reset" address="c6804" />
  <table name="Min Primary Base Enrichment 1 A" address="c8508">
    <table name="X" address="c6f84" />
    <table name="Y" address="c84e8" />
  </table>
  <table name="Min Primary Base Enrichment 1 B" address="c85a8">
    <table name="X" address="c6f84" />
    <table name="Y" address="c8588" />
  </table>
  <table name="Min Primary Base Enrichment 1 (Non-Primary OL)" address="c865c">
    <table name="X" address="c8628" />
    <table name="Y" address="c8650" />
  </table>
  <table name="Min Primary Base Enrich 2 Initial Start 1A" address="c7672">
    <table name="Y" address="c6f84" />
  </table>
  <table name="Min Primary Base Enrich 2 Initial Start 1B" address="c76b2">
    <table name="Y" address="c6f84" />
  </table>
  <table name="Min Primary Base Enrich 2 Initial Start 2A" address="c7692">
    <table name="Y" address="c6f84" />
  </table>
  <table name="Min Primary Base Enrich 2 Initial Start 2B" address="c76d2">
    <table name="Y" address="c6f84" />
  </table>
  <table name="Min Primary Base Enrich 2 Decay Step 1" address="c76f2">
    <table name="Y" address="c6f84" />
  </table>
  <table name="Min Primary Base Enrich 2 Decay Step 2" address="c7712">
    <table name="Y" address="c6f84" />
  </table>
  <table name="Min Primary Base Enrich 3 Initial Start 1A" address="c75f2">
    <table name="Y" address="c6f84" />
  </table>
  <table name="Min Primary Base Enrich 3 Initial Start 1B" address="c7612">
    <table name="Y" address="c6f84" />
  </table>
  <table name="Min Primary Base Enrich 3 Initial Start 2A" address="c7632">
    <table name="Y" address="c6f84" />
  </table>
  <table name="Min Primary Base Enrich 3 Initial Start 2B" address="c7652">
    <table name="Y" address="c6f84" />
  </table>
  <table name="Min Primary Base Enrich 3 Decay Delay A" address="c7096">
    <table name="Y" address="c6f84" />
  </table>
  <table name="Min Primary Base Enrich 3 Decay Delay B" address="c70a6">
    <table name="Y" address="c6f84" />
  </table>
  <table name="Min Primary Base Enrich 3 Decay Multiplier" address="c6940" />
  <table name="A/F Learning #1 Limits" address="c6bbc" />
  <table name="A/F Learning #1 Airflow Ranges" address="c6bcc" />
  <table name="MAF Limit (Maximum)" address="c19f8" />
  <table name="MAF Sensor Scaling" address="ccc58">
    <table name="Y" address="ccb98" elements="48" />
  </table>
  <table name="MAF Compensation (IAT)" address="c2378">
    <table name="X" address="c2344" />
    <table name="Y" address="c2358" />
  </table>
  <table name="Engine Load Limit (Maximum)" address="20650" />
  <table name="Engine Load Compensation (MP)" address="c2408">
    <table name="X" address="c23a0" />
    <table name="Y" address="c23cc" />
  </table>
  <table name="Base Timing" address="ca838">
    <table name="X" address="ca7b4" />
    <table name="Y" address="ca7f0" />
  </table>
  <table name="Base Timing Idle A (In-Gear)" address="ca0a9">
    <table name="Y" address="c9f68" />
  </table>
  <table name="Base Timing Idle B (In-Gear)" address="ca0b9">
    <table name="Y" address="c9f68" />
  </table>
  <table name="Base Timing Idle A (Neutral)" address="ca0c9">
    <table name="Y" address="c9f68" />
  </table>
  <table name="Base Timing Idle B (Neutral)" address="ca0d9">
    <table name="Y" address="c9f68" />
  </table>
  <table name="Base Timing Idle Minimum" address="ca0a0">
    <table name="Y" address="ca07c" />
  </table>
  <table name="Base Timing Idle Minimum Vehicle Speed Enable" address="c9c8c" />
  <table name="Base Timing Alternate (ECT)" address="c9fe8">
    <table name="Y" address="c9f68" />
  </table>
  <table name="Knock Correction Advance Max" address="cae08">
    <table name="X" address="cad84" elements="15" />
    <table name="Y" address="cadc0" />
  </table>
  <table name="Timing Compensation A (IAT)" address="ca15c">
    <table name="Y" address="ca11c" />
  </table>
  <table name="Timing Compensation A (IAT) Activation" address="ca988">
    <table name="X" address="ca948" />
    <table name="Y" address="ca968" />
  </table>
  <table name="Timing Compensation B (IAT)" address="ca480">
    <table name="Y" address="ca440" />
  </table>
  <table name="Timing Compensation B (IAT) IAM Activation" address="c9f64" />
  <table name="Timing Compensation B (IAT) Max Additive" address="c9f48" />
  <table name="Timing Compensation (ECT)" address="ca109">
    <table name="Y" address="c9f68" />
  </table>
  <table name="Timing Compensation (MRP)" address="caf4c">
    <table name="X" address="caf2c" />
    <table name="Y" address="caf40" />
  </table>
  <table name="Timing Compensation Per Cylinder A" address="cab98">
    <table name="X" address="cab50" />
    <table name="Y" address="cab88" />
  </table>
  <table name="Timing Compensation Per Cylinder B" address="cac18">
    <table name="X" address="cabd0" />
    <table name="Y" address="cac08" />
  </table>
  <table name="Timing Compensation Per Cylinder C" address="cac98">
    <table name="X" address="cac50" />
    <table name="Y" address="cac88" />
  </table>
  <table name="Timing Compensation Per Cylinder D" address="cad18">
    <table name="X" address="cacd0" />
    <table name="Y" address="cad08" />
  </table>
  <table name="Timing Comp Minimum Load (Per Cylinder)" address="c9dc0" />
  <table name="Timing Comp Maximum RPM (Per Cylinder)" address="c9dbc" />
  <table name="Timing Comp Minimum Coolant Temp (Per Cylinder)" address="c9dc4" />
  <table name="Feedback Correction Range (RPM)" address="c9dd0" />
  <table name="Feedback Correction Minimum Load" address="c9dc8" />
  <table name="Feedback Correction Retard Value" address="c9dec" />
  <table name="Feedback Correction Retard Limit" address="c9de8" />
  <table name="Feedback Correction Negative Advance Value" address="c9df4" />
  <table name="Feedback Correction Negative Advance Delay" address="c9bb6" />
  <table name="Extended Feedback Correction High RPM Compensation" address="c9dfc" />
  <table name="Fine Correction Minimum (RPM)" address="c9e08" />
  <table name="Fine Correction Maximum (RPM)" address="c9f28" />
  <table name="Fine Correction Range (Load)" address="c9f30" />
  <table name="Fine Correction Rows (RPM)" address="c9ef8" />
  <table name="Fine Correction Columns (Load)" address="c9ee8" />
  <table name="Fine Correction Retard Value" address="c9f24" />
  <table name="Fine Correction Retard Limit" address="c9f20" />
  <table name="Fine Correction Advance Value" address="c9f1c" />
  <table name="Fine Correction Advance Limit" address="c9f18" />
  <table name="Fine Correction Advance Delay" address="c9bc4" />
  <table name="Rough Correction Range (RPM)" address="c9e98" />
  <table name="Rough Correction Range (Load)" address="c9ea8" />
  <table name="Rough Correction Minimum KC Advance Map Value" address="c9eb8" />
  <table name="Rough Correction Learning Delay (Increasing)" address="ca434">
    <table name="Y" address="ca40c" />
  </table>
  <table name="Advance Multiplier (Initial)" address="c9ebc" />
  <table name="Advance Multiplier Step Value" address="c9ec0" />
  <table name="Intake Cam Advance Angle (AVCS)" address="ce704">
    <table name="X" address="ce688" elements="15" />
    <table name="Y" address="ce6c4" elements="16" />
  </table>
  <table name="Requested Torque (Accelerator Pedal)" address="dc234">
    <table name="X" address="dc1b4" />
    <table name="Y" address="dc1f0" />
  </table>
  <table name="Target Throttle Plate Position A (Requested Torque)" address="dbcf0">
    <table name="X" address="dbc6c" />
    <table name="Y" address="dbcb0" />
  </table>
  <table name="Target Throttle Plate Position B (Requested Torque)" address="dbf94">
    <table name="X" address="dbf10" />
    <table name="Y" address="dbf54" />
  </table>
  <table name="Rev Limit (Fuel Cut)" address="c6dbc" />
  <table name="Rev Limit Fuel Resume (Boost)" address="c6dc4" />
  <table name="Speed Limiting Enable (Fuel Cut)" address="c6e0c" />
  <table name="Speed Limiting Disable (Fuel Cut)" address="c6e18" />
  <table name="Speed Limiting (Throttle)" address="db83c" />
  <table name="Intake Temp Sensor Scaling" address="82598">
    <table name="Y" address="82520" />
  </table>
  <table name="Coolant Temp Sensor Scaling" address="824b0">
    <table name="Y" address="82440" />
  </table>
  <table name="Atmospheric Pressure Sensor Scaling" address="c0250" />
  <table name="Radiator Fan Modes A (ECT)" address="cd4d4" />
  <table name="Radiator Fan Modes B (ECT)" address="cd4e4" />
  <table name="Radiator Fan Modes (Veh. Speed)" address="cd4f4" />
  <table name="Gear Determination Thresholds" address="c1c38" />
  <table name="Idle Speed Target A" address="cb904">
    <table name="Y" address="cb528" />
  </table>
  <table name="Idle Speed Target B" address="cb944">
    <table name="Y" address="cb528" />
  </table>
  <table name="Idle Speed Target C" address="cb984">
    <table name="Y" address="cb528" />
  </table>
  <table name="Force Pass Readiness Monitors" address="7499e" />
  <table name="(P0000) PASS CODE (NO DTC DETECTED)" address="7148f" />
  <table name="(P0000) PASS CODE (NO DTC DETECTED)_" address="71490" />
  <table name="(P0011) CAMSHAFT POS. - TIMING OVER-ADVANCED 1" address="71475" />
  <table name="(P0021) CAMSHAFT POS. - TIMING OVER-ADVANCED 2" address="71476" />
  <table name="(P0030) FRONT O2 SENSOR RANGE/PERF" address="714b4" />
  <table name="(P0031) FRONT O2 SENSOR LOW INPUT" address="7149b" />
  <table name="(P0032) FRONT O2 SENSOR HIGH INPUT" address="71499" />
  <table name="(P0037) REAR O2 SENSOR LOW INPUT" address="7149a" />
  <table name="(P0038) REAR O2 SENSOR HIGH INPUT" address="71498" />
  <table name="(P0102) MAF SENSOR LOW INPUT" address="71451" />
  <table name="(P0103) MAF SENSOR HIGH INPUT" address="71452" />
  <table name="(P0107) MAP SENSOR LOW INPUT" address="7149c" />
  <table name="(P0108) MAP SENSOR HIGH INPUT" address="7149d" />
  <table name="(P0112) IAT SENSOR LOW INPUT" address="71495" />
  <table name="(P0113) IAT SENSOR HIGH INPUT" address="71496" />
  <table name="(P0117) COOLANT TEMP SENSOR LOW INPUT" address="71459" />
  <table name="(P0118) COOLANT TEMP SENSOR HIGH INPUT" address="7145a" />
  <table name="(P0122) TPS A LOW INPUT" address="71456" />
  <table name="(P0123) TPS A HIGH INPUT" address="71457" />
  <table name="(P0125) INSUFFICIENT COOLANT TEMP (FUELING)" address="7145c" />
  <table name="(P0131) FRONT O2 SENSOR LOW INPUT" address="71492" />
  <table name="(P0132) FRONT O2 SENSOR HIGH INPUT" address="71493" />
  <table name="(P0133) FRONT O2 SENSOR SLOW RESPONSE" address="71480" />
  <table name="(P0134) FRONT O2 SENSOR NO ACTIVITY" address="714b3" />
  <table name="(P0140) REAR O2 SENSOR NO ACTIVITY" address="714f0" />
  <table name="(P0171) SYSTEM TOO LEAN" address="71487" />
  <table name="(P0172) SYSTEM TOO RICH" address="71488" />
  <table name="(P0222) TPS B LOW INPUT" address="714b7" />
  <table name="(P0223) TPS B HIGH INPUT" address="714b8" />
  <table name="(P0230) FUEL PUMP PRIMARY CIRCUIT" address="714af" />
  <table name="(P0244) WASTEGATE SOLENOID A RANGE/PERF" address="714a5" />
  <table name="(P0245) WASTEGATE SOLENOID A LOW" address="714a3" />
  <table name="(P0246) WASTEGATE SOLENOID A HIGH" address="714a4" />
  <table name="(P0301) MISFIRE CYLINDER 1" address="71489" />
  <table name="(P0302) MISFIRE CYLINDER 2" address="7148a" />
  <table name="(P0303) MISFIRE CYLINDER 3" address="7148b" />
  <table name="(P0304) MISFIRE CYLINDER 4" address="7148c" />
  <table name="(P0327) KNOCK SENSOR 1 LOW INPUT" address="71454" />
  <table name="(P0328) KNOCK SENSOR 1 HIGH INPUT" address="71455" />
  <table name="(P0335) CRANKSHAFT POS. SENSOR A MALFUNCTION" address="7144c" />
  <table name="(P0340) CAMSHAFT POS. SENSOR A MALFUNCTION_" address="714cb" />
  <table name="(P0345) CAMSHAFT POS. SENSOR A BANK 2" address="714ca" />
  <table name="(P0410) SECONDARY AIR PUMP SYSTEM" address="714ea" />
  <table name="(P0413) SECONDARY AIR PUMP A OPEN" address="714ee" />
  <table name="(P0414) SECONDARY AIR PUMP A SHORTED" address="714f1" />
  <table name="(P0418) SECONDARY AIR PUMP RELAY A" address="714ef" />
  <table name="(P0420) CAT EFFICIENCY BELOW THRESHOLD" address="71484" />
  <table name="(P0458) EVAP PURGE VALVE CIRCUIT LOW" address="71479" />
  <table name="(P0459) EVAP PURGE VALVE CIRCUIT HIGH" address="7147a" />
  <table name="(P0462) FUEL LEVEL SENSOR LOW INPUT" address="7145d" />
  <table name="(P0463) FUEL LEVEL SENSOR HIGH INPUT" address="7145e" />
  <table name="(P0502) VEHICLE SPEED SENSOR LOW INPUT" address="714ae" />
  <table name="(P0503) VEHICLE SPEED SENSOR INTERMITTENT" address="714b5" />
  <table name="(P0512) STARTER REQUEST CIRCUIT" address="71462" />
  <table name="(P0519) IDLE CONTROL MALFUNCTION (FAIL-SAFE)" address="714b1" />
  <table name="(P0604) CONTROL MODULE RAM ERROR" address="71450" />
  <table name="(P0605) CONTROL MODULE ROM ERROR" address="714cc" />
  <table name="(P0607) CONTROL MODULE PERFORMANCE" address="714bf" />
  <table name="(P0638) THROTTLE ACTUATOR RANGE/PERF" address="714be" />
  <table name="(P0691) RADIATOR FAN CIRCUIT LOW" address="7146f" />
  <table name="(P0692) RADIATOR FAN CIRCUIT HIGH" address="71470" />
  <table name="(P0851) NEUTRAL SWITCH INPUT LOW" address="71466" />
  <table name="(P0852) NEUTRAL SWITCH INPUT HIGH" address="7146a" />
  <table name="(P1160) ABNORMAL RETURN SPRING" address="714b9" />
  <table name="(P1410) SECONDARY AIR PUMP VALVE STUCK OPEN" address="714f5" />
  <table name="(P1418) SECONDARY AIR PUMP CIRCUIT SHORTED" address="714f2" />
  <table name="(P1518) STARTER SWITCH LOW INPUT" address="71461" />
  <table name="(P1560) BACK-UP VOLTAGE MALFUNCTION" address="714a0" />
  <table name="(P2004) TGV - INTAKE MANIFOLD RUNNER 1 STUCK OPEN" address="714d8" />
  <table name="(P2005) TGV - INTAKE MANIFOLD RUNNER 2 STUCK OPEN" address="714da" />
  <table name="(P2006) TGV - INTAKE MANIFOLD RUNNER 1 STUCK CLOSED" address="714d9" />
  <table name="(P2007) TGV - INTAKE MANIFOLD RUNNER 2 STUCK CLOSED" address="714db" />
  <table name="(P2008) TGV - INTAKE MANIFOLD RUNNER 1 CIRCUIT OPEN" address="714e6" />
  <table name="(P2009) TGV - INTAKE MANIFOLD RUNNER 1 CIRCUIT LOW" address="714e4" />
  <table name="(P2011) TGV - INTAKE MANIFOLD RUNNER 2 CIRCUIT OPEN" address="714e7" />
  <table name="(P2012) TGV - INTAKE MANIFOLD RUNNER 2 CIRCUIT LOW" address="714e5" />
  <table name="(P2016) TGV - INTAKE MANIFOLD RUNNER 1 POS. SENSOR LOW" address="714e0" />
  <table name="(P2017) TGV - INTAKE MANIFOLD RUNNER 1 POS. SENSOR HIGH" address="714e1" />
  <table name="(P2021) TGV - INTAKE MANIFOLD RUNNER 2 POS. SENSOR LOW" address="714e2" />
  <table name="(P2022) TGV - INTAKE MANIFOLD RUNNER 2 POS. SENSOR HIGH" address="714e3" />
  <table name="(P2088) OCV SOLENOID A1 CIRCUIT OPEN" address="714d4" />
  <table name="(P2089) OCV SOLENOID A1 CIRCUIT SHORT" address="714d3" />
  <table name="(P2092) OCV SOLENOID A2 CIRCUIT OPEN" address="714d2" />
  <table name="(P2093) OCV SOLENOID A2 CIRCUIT SHORT" address="714d1" />
  <table name="(P2101) THROTTLE ACTUATOR CIRCUIT RANGE/PERF" address="714bc" />
  <table name="(P2102) THROTTLE ACTUATOR CIRCUIT LOW" address="714ba" />
  <table name="(P2103) THROTTLE ACTUATOR CIRCUIT HIGH" address="714bb" />
  <table name="(P2109) TPS A MINIMUM STOP PERF" address="714b6" />
  <table name="(P2122) TPS D CIRCUIT LOW INPUT" address="714c3" />
  <table name="(P2123) TPS D CIRCUIT HIGH INPUT" address="714c4" />
  <table name="(P2127) TPS E CIRCUIT LOW INPUT" address="714c1" />
  <table name="(P2128) TPS E CIRCUIT HIGH INPUT" address="714c2" />
  <table name="(P2135) TPS A/B VOLTAGE" address="714c5" />
  <table name="(P2138) TPS D/E VOLTAGE" address="714c0" />
  <table name="(P2228) BARO. PRESSURE CIRCUIT LOW INPUT" address="714df" />
  <table name="(P2229) BARO. PRESSURE CIRCUIT HIGH INPUT" address="714de" />
  <table name="(P2432) SECONDARY AIR PUMP CIRCUIT LOW" address="714ed" />
  <table name="(P2433) SECONDARY AIR PUMP CIRCUIT HIGH" address="714ec" />
  <table name="(P2440) SECONDARY AIR PUMP VALVE 1 STUCK OPEN" address="714f9" />
  <table name="(P2441) SECONDARY AIR PUMP VALVE 1 STUCK CLOSED" address="714f8" />
  <table name="(P2444) SECONDARY AIR PUMP 1 STUCK ON B1" address="714e8" />
  <table name="(P2503) CHARGING SYSTEM VOLTAGE LOW" address="714d7" />
  <table name="(P2504) CHARGING SYSTEM VOLTAGE HIGH" address="714d6" />
</rom>