<rom>
  <romid>
    <xmlid>A8DH200Y</xmlid>
    <internalidaddress>2000</internalidaddress>
    <internalidstring>A8DH200Y</internalidstring>
    <ecuid>4342584006</ecuid>
    <year>06</year>
    <market>EDM</market>
    <make>Subaru</make>
    <model>Impreza</model>
    <submodel>WRX</submodel>
    <transmission>MT</transmission>
    <memmodel>SH7058</memmodel>
    <flashmethod>sti05</flashmethod>
    <checksummodule>subarudbw</checksummodule>
  </romid>
  <include>32BITBASE</include>
  <table name="Target Boost" address="c0cd8">
    <table name="X" address="c0c8c" />
    <table name="Y" address="c0cac" elements="11" />
  </table>
  <table name="Target Boost Compensation (ECT)" address="c0888">
    <table name="Y" address="c06e0" />
  </table>
  <table name="Target Boost Compensation (1st Gear)" address="c06d8" />
  <table name="Target Boost Compensation (1st Gear) Speed Disable" address="c06d4" />
  <table name="Target Boost Compensation (Atm. Pressure) Multiplier" address="c0990">
    <table name="Y" address="c0980" />
  </table>
  <table name="Target Boost Compensation (Atm. Pressure) Multiplier Offset" address="c08bc">
    <table name="Y" address="c08ac" />
  </table>
  <table name="Boost Limit (Fuel Cut)" address="c75fc">
    <table name="Y" address="c75e4" />
  </table>
  <table name="Boost Control Disable (IAM)" address="c06c8" />
  <table name="Boost Control Disable (Fine Correction)" address="c06c4" />
  <table name="Boost Control Disable Delay (Fine Correction)" address="c0665" />
  <table name="Initial Wastegate Duty" address="c0aec">
    <table name="X" address="c0aac" />
    <table name="Y" address="c0acc" elements="8" />
  </table>
  <table name="Max Wastegate Duty" address="c0bc4">
    <table name="X" address="c0b84" />
    <table name="Y" address="c0ba4" />
  </table>
  <table name="Max Wastegate Duty Limit Post-Compensation" address="17498" />
  <table name="Initial/Max Wastegate Duty Compensation (IAT)" address="c07a8">
    <table name="Y" address="c0768" />
  </table>
  <table name="Initial/Max Wastegate Duty Compensation (ECT)" address="c0868">
    <table name="Y" address="c06e0" />
  </table>
  <table name="Initial/Max Wastegate Duty Compensation (Atm. Pressure)" address="c0a4c">
    <table name="X" address="c0a24" />
    <table name="Y" address="c0a3c" />
  </table>
  <table name="Turbo Dynamics Proportional" address="c08e4">
    <table name="Y" address="c08c0" />
  </table>
  <table name="Turbo Dynamics Integral Positive" address="c0954">
    <table name="Y" address="c0930" />
  </table>
  <table name="Turbo Dynamics Integral Negative" address="c091c">
    <table name="Y" address="c08f8" />
  </table>
  <table name="TD Proportional Compensation (IAT)" address="c0730">
    <table name="Y" address="c0720" />
  </table>
  <table name="TD Integral Positive Compensation (IAT)" address="c0758">
    <table name="Y" address="c0748" />
  </table>
  <table name="TD Integral Negative Compensation (IAT)" address="c0744">
    <table name="Y" address="c0734" />
  </table>
  <table name="TD Activation Thresholds (RPM)" address="c069c" />
  <table name="TD Activation Thresholds (Target Boost)" address="c0678" />
  <table name="TD Integral Cumulative Range (WGDC Correction)" address="c06a4" />
  <table name="TD Integral Negative Activation (Boost Error)" address="c0684" />
  <table name="TD Integral Positive Activation (Boost Error)" address="c068c" />
  <table name="TD Integral Positive Activation (Wastegate Duty)" address="c0690" />
  <table name="Manifold Pressure Sensor Scaling" address="c028c" />
  <table name="Manifold Pressure Sensor Limits (CEL)" address="cbd04" />
  <table name="Manifold Pressure Sensor CEL Delays" address="c1efe" />
  <table name="Primary Open Loop Fueling" address="c7b28">
    <table name="X" address="c7aa4" />
    <table name="Y" address="c7ae0" />
  </table>
  <table name="Primary Open Loop Fueling (Failsafe)" address="c7cd0">
    <table name="X" address="c7c4c" />
    <table name="Y" address="c7c88" />
  </table>
  <table name="Primary Open Loop Fuel Map Switch (IAM)" address="c60e8" />
  <table name="Minimum Active Primary Open Loop Enrichment" address="c60ec" />
  <table name="Minimum Primary Open Loop Enrichment (Throttle)" address="c6808">
    <table name="Y" address="c67f0" />
  </table>
  <table name="Primary Open Loop Fueling Compensation (ECT)" address="c7148">
    <table name="Y" address="c6488" />
  </table>
  <table name="Primary Open Loop Fueling Compensation (Timing Compensation)" address="c6798">
    <table name="Y" address="c6780" />
  </table>
  <table name="Front Oxygen Sensor Scaling" address="cc250">
    <table name="Y" address="cc21c" />
  </table>
  <table name="Front Oxygen Sensor Rich Limit" address="1d7c8" />
  <table name="Front Oxygen Sensor Compensation (Atm. Pressure)" address="c12d0">
    <table name="Y" address="c12c0" />
  </table>
  <table name="CL Fueling Target Compensation (Load)" address="c879c">
    <table name="X" address="c8748" elements="11" />
    <table name="Y" address="c8774" />
  </table>
  <table name="CL Fueling Target Compensation A (ECT)" address="c861c">
    <table name="X" address="c6488" />
    <table name="Y" address="c8610" />
  </table>
  <table name="CL Fueling Target Compensation B (ECT)" address="c86d0">
    <table name="X" address="c6488" />
    <table name="Y" address="c86c4" />
  </table>
  <table name="CL to OL Delay" address="c5d3e">
    <table name="Y" elements="2" />
  </table>
  <table name="CL to OL Transition with Delay (Throttle)" address="c67e0">
    <table name="Y" address="c67a0" />
  </table>
  <table name="CL to OL Transition with Delay Throttle Hysteresis" address="c60f0" />
  <table name="CL to OL Transition with Delay (Base Pulse Width)" address="c7074">
    <table name="Y" address="c7034" />
  </table>
  <table name="CL to OL Transition with Delay BPW Hysteresis" address="c60f4" />
  <table name="CL to OL Transition Counter Step Value (MAF)" address="c70bc">
    <table name="Y" address="c7094" />
  </table>
  <table name="CL Delay Maximum (Throttle)" address="c616c" />
  <table name="CL Delay Maximum (Vehicle Speed)" address="c6170" />
  <table name="CL Delay Minimum (ECT)" address="c60f8" />
  <table name="CL Delay Maximum (Engine Load)" address="c6180" />
  <table name="CL Delay Engine Load Counter Threshold" address="c5d3a" />
  <table name="CL Delay Maximum Engine Speed (Per Gear)" address="c60fc" />
  <table name="CL Delay Maximum Engine Speed (Neutral)" address="c614c" />
  <table name="Injector Latency" address="c765c">
    <table name="Y" address="c7648" />
  </table>
  <table name="Injector Flow Scaling" address="c5e3c" />
  <table name="Per Injector Pulse Width Compensation A" address="c7e60">
    <table name="X" address="c7de0" />
    <table name="Y" address="c7e24" elements="15" />
  </table>
  <table name="Per Injector Pulse Width Compensation B" address="c7fe0">
    <table name="X" address="c7f60" />
    <table name="Y" address="c7fa4" elements="15" />
  </table>
  <table name="Per Injector Pulse Width Compensation C" address="c8160">
    <table name="X" address="c80e0" />
    <table name="Y" address="c8124" elements="15" />
  </table>
  <table name="Per Injector Pulse Width Compensation D" address="c82e0">
    <table name="X" address="c8260" />
    <table name="Y" address="c82a4" elements="15" />
  </table>
  <table name="Cranking Fuel Injector Pulse Width A (ECT)" address="c69f6">
    <table name="Y" address="c6488" />
  </table>
  <table name="Cranking Fuel Injector Pulse Width B (ECT)" address="c6a16">
    <table name="Y" address="c6488" />
  </table>
  <table name="Cranking Fuel Injector Pulse Width C (ECT)" address="c6a36">
    <table name="Y" address="c6488" />
  </table>
  <table name="Cranking Fuel Injector Pulse Width D (ECT)" address="c6a56">
    <table name="Y" address="c6488" />
  </table>
  <table name="Cranking Fuel Injector Pulse Width E (ECT)" address="c6a76">
    <table name="Y" address="c6488" />
  </table>
  <table name="Cranking Fuel Injector Pulse Width F (ECT)" address="c6a96">
    <table name="Y" address="c6488" />
  </table>
  <table name="Cranking Fuel IPW Compensation A (RPM)" address="c7800">
    <table name="X" address="c77d0" />
    <table name="Y" address="c77e4" />
  </table>
  <table name="Cranking Fuel IPW Compensation B (RPM)" address="c7868">
    <table name="X" address="c7838" />
    <table name="Y" address="c784c" />
  </table>
  <table name="Cranking Fuel IPW Compensation (Accelerator)" address="c6574">
    <table name="Y" address="c655c" />
  </table>
  <table name="Throttle Tip-in Enrichment" address="c7550">
    <table name="Y" address="c7508" />
  </table>
  <table name="Minimum Tip-in Enrichment Activation" address="c62b8" />
  <table name="Minimum Tip-in Enrichment Activation (Throttle)" address="c62b0" />
  <table name="Tip-in Enrichment Compensation (Boost Error)" address="c688c">
    <table name="Y" address="c6868" />
  </table>
  <table name="Tip-in Enrichment Compensation (ECT)" address="c7574">
    <table name="Y" address="c6488" />
  </table>
  <table name="Tip-in Enrichment Disable Applied Counter Threshold" address="c5d06" />
  <table name="Tip-in Enrichment Applied Counter Reset" address="c5d07" />
  <table name="Tip-in Enrichment Disable Throttle Cumulative Threshold" address="c62b4" />
  <table name="Tip-in Throttle Cumulative Reset" address="c5d08" />
  <table name="Min Primary Base Enrichment 1 A" address="c791c">
    <table name="X" address="c6488" />
    <table name="Y" address="c78fc" />
  </table>
  <table name="Min Primary Base Enrichment 1 B" address="c79bc">
    <table name="X" address="c6488" />
    <table name="Y" address="c799c" />
  </table>
  <table name="Min Primary Base Enrichment 1 (Non-Primary OL)" address="c7a70">
    <table name="X" address="c7a3c" />
    <table name="Y" address="c7a64" />
  </table>
  <table name="Min Primary Base Enrich 2 Initial Start 1A" address="c6b36">
    <table name="Y" address="c6488" />
  </table>
  <table name="Min Primary Base Enrich 2 Initial Start 1B" address="c6b76">
    <table name="Y" address="c6488" />
  </table>
  <table name="Min Primary Base Enrich 2 Initial Start 2A" address="c6b56">
    <table name="Y" address="c6488" />
  </table>
  <table name="Min Primary Base Enrich 2 Initial Start 2B" address="c6b96">
    <table name="Y" address="c6488" />
  </table>
  <table name="Min Primary Base Enrich 2 Decay Step 1" address="c6bb6">
    <table name="Y" address="c6488" />
  </table>
  <table name="Min Primary Base Enrich 2 Decay Step 2" address="c6bd6">
    <table name="Y" address="c6488" />
  </table>
  <table name="Min Primary Base Enrich 3 Initial Start 1A" address="c6ab6">
    <table name="Y" address="c6488" />
  </table>
  <table name="Min Primary Base Enrich 3 Initial Start 1B" address="c6ad6">
    <table name="Y" address="c6488" />
  </table>
  <table name="Min Primary Base Enrich 3 Initial Start 2A" address="c6af6">
    <table name="Y" address="c6488" />
  </table>
  <table name="Min Primary Base Enrich 3 Initial Start 2B" address="c6b16">
    <table name="Y" address="c6488" />
  </table>
  <table name="Min Primary Base Enrich 3 Decay Delay A" address="c658a">
    <table name="Y" address="c6488" />
  </table>
  <table name="Min Primary Base Enrich 3 Decay Delay B" address="c659a">
    <table name="Y" address="c6488" />
  </table>
  <table name="Min Primary Base Enrich 3 Decay Multiplier" address="c5e40" />
  <table name="A/F Learning #1 Limits" address="c60bc" />
  <table name="A/F Learning #1 Airflow Ranges" address="c60cc" />
  <table name="MAF Limit (Maximum)" address="c0f44" />
  <table name="MAF Sensor Scaling" address="cc15c">
    <table name="Y" address="cc09c" elements="48" />
  </table>
  <table name="MAF Compensation (IAT)" address="c18a8">
    <table name="X" address="c1874" />
    <table name="Y" address="c1888" />
  </table>
  <table name="Engine Load Limit (Maximum)" address="1b83c" />
  <table name="Engine Load Compensation (MP)" address="c1938">
    <table name="X" address="c18d0" />
    <table name="Y" address="c18fc" />
  </table>
  <table name="Base Timing" address="ca118">
    <table name="X" address="ca094" />
    <table name="Y" address="ca0d0" />
  </table>
  <table name="Base Timing Idle A (In-Gear)" address="c95e1">
    <table name="Y" address="c946c" />
  </table>
  <table name="Base Timing Idle B (In-Gear)" address="c95f1">
    <table name="Y" address="c946c" />
  </table>
  <table name="Base Timing Idle A (Neutral)" address="c9601">
    <table name="Y" address="c946c" />
  </table>
  <table name="Base Timing Idle B (Neutral)" address="c9611">
    <table name="Y" address="c946c" />
  </table>
  <table name="Base Timing Idle Minimum" address="c95d8">
    <table name="Y" address="c95b4" />
  </table>
  <table name="Base Timing Idle Minimum Vehicle Speed Enable" address="c92f0" />
  <table name="Base Timing Alternate (ECT)" address="c951e">
    <table name="Y" address="c946c" />
  </table>
  <table name="Knock Correction Advance Max" address="c9f5c">
    <table name="X" address="c9ed8" elements="15" />
    <table name="Y" address="c9f14" />
  </table>
  <table name="Timing Compensation A (IAT)" address="c9694">
    <table name="Y" address="c9654" />
  </table>
  <table name="Timing Compensation A (IAT) Activation" address="ca268">
    <table name="X" address="ca228" />
    <table name="Y" address="ca248" />
  </table>
  <table name="Timing Compensation B (IAT)" address="c9984">
    <table name="Y" address="c9944" />
  </table>
  <table name="Timing Compensation B (IAT) IAM Activation" address="c9444" />
  <table name="Timing Compensation B (IAT) Max Additive" address="c9428" />
  <table name="Timing Compensation (ECT)" address="c9641">
    <table name="Y" address="c946c" />
  </table>
  <table name="Timing Compensation (MRP)" address="ca498">
    <table name="X" address="ca478" />
    <table name="Y" address="ca48c" />
  </table>
  <table name="Timing Compensation Per Cylinder A" address="c9cec">
    <table name="X" address="c9ca4" />
    <table name="Y" address="c9cdc" />
  </table>
  <table name="Timing Compensation Per Cylinder B" address="c9d6c">
    <table name="X" address="c9d24" />
    <table name="Y" address="c9d5c" />
  </table>
  <table name="Timing Compensation Per Cylinder C" address="c9dec">
    <table name="X" address="c9da4" />
    <table name="Y" address="c9ddc" />
  </table>
  <table name="Timing Compensation Per Cylinder D" address="c9e6c">
    <table name="X" address="c9e24" />
    <table name="Y" address="c9e5c" />
  </table>
  <table name="Timing Comp Minimum Load (Per Cylinder)" address="c90d0" />
  <table name="Timing Comp Maximum RPM (Per Cylinder)" address="c90cc" />
  <table name="Timing Comp Minimum Coolant Temp (Per Cylinder)" address="c90d4" />
  <table name="Feedback Correction Range (RPM)" address="c90e0" />
  <table name="Feedback Correction Minimum Load" address="c90d8" />
  <table name="Feedback Correction Retard Value" address="c90fc" />
  <table name="Feedback Correction Retard Limit" address="c90f8" />
  <table name="Feedback Correction Negative Advance Value" address="c9104" />
  <table name="Feedback Correction Negative Advance Delay" address="c909c" />
  <table name="Extended Feedback Correction High RPM Compensation" address="c910c" />
  <table name="Fine Correction Minimum (RPM)" address="c9118" />
  <table name="Fine Correction Maximum (RPM)" address="c9238" />
  <table name="Fine Correction Range (Load)" address="c9240" />
  <table name="Fine Correction Rows (RPM)" address="c9208" />
  <table name="Fine Correction Columns (Load)" address="c91f8" />
  <table name="Fine Correction Retard Value" address="c9234" />
  <table name="Fine Correction Retard Limit" address="c9230" />
  <table name="Fine Correction Advance Value" address="c922c" />
  <table name="Fine Correction Advance Limit" address="c9228" />
  <table name="Fine Correction Advance Delay" address="c90aa" />
  <table name="Rough Correction Range (RPM)" address="c91a8" />
  <table name="Rough Correction Range (Load)" address="c91b8" />
  <table name="Rough Correction Minimum KC Advance Map Value" address="c91c8" />
  <table name="Rough Correction Learning Delay (Increasing)" address="c9514">
    <table name="Y" address="c94ec" />
  </table>
  <table name="Advance Multiplier (Initial)" address="c91cc" />
  <table name="Advance Multiplier Step Value" address="c91d0" />
  <table name="Intake Cam Advance Angle (AVCS)" address="cdc08">
    <table name="X" address="cdb8c" elements="15" />
    <table name="Y" address="cdbc8" elements="16" />
  </table>
  <table name="Requested Torque (Accelerator Pedal)" address="dc234">
    <table name="X" address="dc1b4" />
    <table name="Y" address="dc1f0" />
  </table>
  <table name="Target Throttle Plate Position A (Requested Torque)" address="dbcf0">
    <table name="X" address="dbc6c" />
    <table name="Y" address="dbcb0" />
  </table>
  <table name="Target Throttle Plate Position B (Requested Torque)" address="dbf94">
    <table name="X" address="dbf10" />
    <table name="Y" address="dbf54" />
  </table>
  <table name="Rev Limit (Fuel Cut)" address="c6300" />
  <table name="Rev Limit Fuel Resume (Boost)" address="c6308" />
  <table name="Speed Limiting Enable (Fuel Cut)" address="c6350" />
  <table name="Speed Limiting Disable (Fuel Cut)" address="c635c" />
  <table name="Speed Limiting (Throttle)" address="db83c" />
  <table name="Intake Temp Sensor Scaling" address="7d31c">
    <table name="Y" address="7d2a4" />
  </table>
  <table name="Coolant Temp Sensor Scaling" address="7d234">
    <table name="Y" address="7d1c4" />
  </table>
  <table name="Atmospheric Pressure Sensor Scaling" address="c0250" />
  <table name="Radiator Fan Modes A (ECT)" address="cc9d8" />
  <table name="Radiator Fan Modes B (ECT)" address="cc9e8" />
  <table name="Radiator Fan Modes (Veh. Speed)" address="cc9f8" />
  <table name="Gear Determination Thresholds" address="c116c" />
  <table name="Idle Speed Target A" address="cae08">
    <table name="Y" address="caa2c" />
  </table>
  <table name="Idle Speed Target B" address="cae48">
    <table name="Y" address="caa2c" />
  </table>
  <table name="Idle Speed Target C" address="cae88">
    <table name="Y" address="caa2c" />
  </table>
  <table name="Force Pass Readiness Monitors" address="6f97a" />
  <table name="(P0000) PASS CODE (NO DTC DETECTED)" address="6c46b" />
  <table name="(P0000) PASS CODE (NO DTC DETECTED)_" address="6c46c" />
  <table name="(P0011) CAMSHAFT POS. - TIMING OVER-ADVANCED 1" address="6c451" />
  <table name="(P0021) CAMSHAFT POS. - TIMING OVER-ADVANCED 2" address="6c452" />
  <table name="(P0030) FRONT O2 SENSOR RANGE/PERF" address="6c490" />
  <table name="(P0031) FRONT O2 SENSOR LOW INPUT" address="6c477" />
  <table name="(P0032) FRONT O2 SENSOR HIGH INPUT" address="6c475" />
  <table name="(P0037) REAR O2 SENSOR LOW INPUT" address="6c476" />
  <table name="(P0038) REAR O2 SENSOR HIGH INPUT" address="6c474" />
  <table name="(P0102) MAF SENSOR LOW INPUT" address="6c42d" />
  <table name="(P0103) MAF SENSOR HIGH INPUT" address="6c42e" />
  <table name="(P0107) MAP SENSOR LOW INPUT" address="6c478" />
  <table name="(P0108) MAP SENSOR HIGH INPUT" address="6c479" />
  <table name="(P0112) IAT SENSOR LOW INPUT" address="6c471" />
  <table name="(P0113) IAT SENSOR HIGH INPUT" address="6c472" />
  <table name="(P0117) COOLANT TEMP SENSOR LOW INPUT" address="6c435" />
  <table name="(P0118) COOLANT TEMP SENSOR HIGH INPUT" address="6c436" />
  <table name="(P0122) TPS A LOW INPUT" address="6c432" />
  <table name="(P0123) TPS A HIGH INPUT" address="6c433" />
  <table name="(P0125) INSUFFICIENT COOLANT TEMP (FUELING)" address="6c438" />
  <table name="(P0131) FRONT O2 SENSOR LOW INPUT" address="6c46e" />
  <table name="(P0132) FRONT O2 SENSOR HIGH INPUT" address="6c46f" />
  <table name="(P0133) FRONT O2 SENSOR SLOW RESPONSE" address="6c45c" />
  <table name="(P0134) FRONT O2 SENSOR NO ACTIVITY" address="6c48f" />
  <table name="(P0140) REAR O2 SENSOR NO ACTIVITY" address="6c4cc" />
  <table name="(P0171) SYSTEM TOO LEAN" address="6c463" />
  <table name="(P0172) SYSTEM TOO RICH" address="6c464" />
  <table name="(P0222) TPS B LOW INPUT" address="6c493" />
  <table name="(P0223) TPS B HIGH INPUT" address="6c494" />
  <table name="(P0230) FUEL PUMP PRIMARY CIRCUIT" address="6c48b" />
  <table name="(P0244) WASTEGATE SOLENOID A RANGE/PERF" address="6c481" />
  <table name="(P0245) WASTEGATE SOLENOID A LOW" address="6c47f" />
  <table name="(P0246) WASTEGATE SOLENOID A HIGH" address="6c480" />
  <table name="(P0301) MISFIRE CYLINDER 1" address="6c465" />
  <table name="(P0302) MISFIRE CYLINDER 2" address="6c466" />
  <table name="(P0303) MISFIRE CYLINDER 3" address="6c467" />
  <table name="(P0304) MISFIRE CYLINDER 4" address="6c468" />
  <table name="(P0327) KNOCK SENSOR 1 LOW INPUT" address="6c430" />
  <table name="(P0328) KNOCK SENSOR 1 HIGH INPUT" address="6c431" />
  <table name="(P0335) CRANKSHAFT POS. SENSOR A MALFUNCTION" address="6c428" />
  <table name="(P0340) CAMSHAFT POS. SENSOR A MALFUNCTION_" address="6c4a7" />
  <table name="(P0345) CAMSHAFT POS. SENSOR A BANK 2" address="6c4a6" />
  <table name="(P0410) SECONDARY AIR PUMP SYSTEM" address="6c4c6" />
  <table name="(P0413) SECONDARY AIR PUMP A OPEN" address="6c4ca" />
  <table name="(P0414) SECONDARY AIR PUMP A SHORTED" address="6c4cd" />
  <table name="(P0418) SECONDARY AIR PUMP RELAY A" address="6c4cb" />
  <table name="(P0420) CAT EFFICIENCY BELOW THRESHOLD" address="6c460" />
  <table name="(P0458) EVAP PURGE VALVE CIRCUIT LOW" address="6c455" />
  <table name="(P0459) EVAP PURGE VALVE CIRCUIT HIGH" address="6c456" />
  <table name="(P0462) FUEL LEVEL SENSOR LOW INPUT" address="6c439" />
  <table name="(P0463) FUEL LEVEL SENSOR HIGH INPUT" address="6c43a" />
  <table name="(P0502) VEHICLE SPEED SENSOR LOW INPUT" address="6c48a" />
  <table name="(P0503) VEHICLE SPEED SENSOR INTERMITTENT" address="6c491" />
  <table name="(P0512) STARTER REQUEST CIRCUIT" address="6c43e" />
  <table name="(P0519) IDLE CONTROL MALFUNCTION (FAIL-SAFE)" address="6c48d" />
  <table name="(P0604) CONTROL MODULE RAM ERROR" address="6c42c" />
  <table name="(P0605) CONTROL MODULE ROM ERROR" address="6c4a8" />
  <table name="(P0607) CONTROL MODULE PERFORMANCE" address="6c49b" />
  <table name="(P0638) THROTTLE ACTUATOR RANGE/PERF" address="6c49a" />
  <table name="(P0691) RADIATOR FAN CIRCUIT LOW" address="6c44b" />
  <table name="(P0692) RADIATOR FAN CIRCUIT HIGH" address="6c44c" />
  <table name="(P0851) NEUTRAL SWITCH INPUT LOW" address="6c442" />
  <table name="(P0852) NEUTRAL SWITCH INPUT HIGH" address="6c446" />
  <table name="(P1160) ABNORMAL RETURN SPRING" address="6c495" />
  <table name="(P1410) SECONDARY AIR PUMP VALVE STUCK OPEN" address="6c4d1" />
  <table name="(P1418) SECONDARY AIR PUMP CIRCUIT SHORTED" address="6c4ce" />
  <table name="(P1518) STARTER SWITCH LOW INPUT" address="6c43d" />
  <table name="(P1560) BACK-UP VOLTAGE MALFUNCTION" address="6c47c" />
  <table name="(P2004) TGV - INTAKE MANIFOLD RUNNER 1 STUCK OPEN" address="6c4b4" />
  <table name="(P2005) TGV - INTAKE MANIFOLD RUNNER 2 STUCK OPEN" address="6c4b6" />
  <table name="(P2006) TGV - INTAKE MANIFOLD RUNNER 1 STUCK CLOSED" address="6c4b5" />
  <table name="(P2007) TGV - INTAKE MANIFOLD RUNNER 2 STUCK CLOSED" address="6c4b7" />
  <table name="(P2008) TGV - INTAKE MANIFOLD RUNNER 1 CIRCUIT OPEN" address="6c4c2" />
  <table name="(P2009) TGV - INTAKE MANIFOLD RUNNER 1 CIRCUIT LOW" address="6c4c0" />
  <table name="(P2011) TGV - INTAKE MANIFOLD RUNNER 2 CIRCUIT OPEN" address="6c4c3" />
  <table name="(P2012) TGV - INTAKE MANIFOLD RUNNER 2 CIRCUIT LOW" address="6c4c1" />
  <table name="(P2016) TGV - INTAKE MANIFOLD RUNNER 1 POS. SENSOR LOW" address="6c4bc" />
  <table name="(P2017) TGV - INTAKE MANIFOLD RUNNER 1 POS. SENSOR HIGH" address="6c4bd" />
  <table name="(P2021) TGV - INTAKE MANIFOLD RUNNER 2 POS. SENSOR LOW" address="6c4be" />
  <table name="(P2022) TGV - INTAKE MANIFOLD RUNNER 2 POS. SENSOR HIGH" address="6c4bf" />
  <table name="(P2088) OCV SOLENOID A1 CIRCUIT OPEN" address="6c4b0" />
  <table name="(P2089) OCV SOLENOID A1 CIRCUIT SHORT" address="6c4af" />
  <table name="(P2092) OCV SOLENOID A2 CIRCUIT OPEN" address="6c4ae" />
  <table name="(P2093) OCV SOLENOID A2 CIRCUIT SHORT" address="6c4ad" />
  <table name="(P2101) THROTTLE ACTUATOR CIRCUIT RANGE/PERF" address="6c498" />
  <table name="(P2102) THROTTLE ACTUATOR CIRCUIT LOW" address="6c496" />
  <table name="(P2103) THROTTLE ACTUATOR CIRCUIT HIGH" address="6c497" />
  <table name="(P2109) TPS A MINIMUM STOP PERF" address="6c492" />
  <table name="(P2122) TPS D CIRCUIT LOW INPUT" address="6c49f" />
  <table name="(P2123) TPS D CIRCUIT HIGH INPUT" address="6c4a0" />
  <table name="(P2127) TPS E CIRCUIT LOW INPUT" address="6c49d" />
  <table name="(P2128) TPS E CIRCUIT HIGH INPUT" address="6c49e" />
  <table name="(P2135) TPS A/B VOLTAGE" address="6c4a1" />
  <table name="(P2138) TPS D/E VOLTAGE" address="6c49c" />
  <table name="(P2228) BARO. PRESSURE CIRCUIT LOW INPUT" address="6c4bb" />
  <table name="(P2229) BARO. PRESSURE CIRCUIT HIGH INPUT" address="6c4ba" />
  <table name="(P2432) SECONDARY AIR PUMP CIRCUIT LOW" address="6c4c9" />
  <table name="(P2433) SECONDARY AIR PUMP CIRCUIT HIGH" address="6c4c8" />
  <table name="(P2440) SECONDARY AIR PUMP VALVE 1 STUCK OPEN" address="6c4d5" />
  <table name="(P2441) SECONDARY AIR PUMP VALVE 1 STUCK CLOSED" address="6c4d4" />
  <table name="(P2444) SECONDARY AIR PUMP 1 STUCK ON B1" address="6c4c4" />
  <table name="(P2503) CHARGING SYSTEM VOLTAGE LOW" address="6c4b3" />
  <table name="(P2504) CHARGING SYSTEM VOLTAGE HIGH" address="6c4b2" />
</rom>