<rom>
  <romid>
    <xmlid>A8DH200W</xmlid>
    <internalidaddress>2000</internalidaddress>
    <internalidstring>A8DH200W</internalidstring>
    <ecuid>4312504006</ecuid>
    <year>06</year>
    <market>USDM</market>
    <make>Subaru</make>
    <model>Impreza</model>
    <submodel>WRX</submodel>
    <transmission>AT</transmission>
    <memmodel>SH7058</memmodel>
    <flashmethod>sti05</flashmethod>
    <checksummodule>subarudbw</checksummodule>
  </romid>
  <include>32BITBASE</include>
  <table name="Target Boost" address="c0c1c">
    <table name="X" address="c0bd0" />
    <table name="Y" address="c0bf0" elements="11" />
  </table>
  <table name="Target Boost Compensation (ECT)" address="c07d4">
    <table name="Y" address="c063c" />
  </table>
  <table name="Target Boost Compensation (1st Gear)" address="c0634" />
  <table name="Target Boost Compensation (1st Gear) Speed Disable" address="c0630" />
  <table name="Target Boost Compensation (Atm. Pressure) Multiplier" address="c08d4">
    <table name="Y" address="c08c4" />
  </table>
  <table name="Target Boost Compensation (Atm. Pressure) Multiplier Offset" address="c0804">
    <table name="Y" address="c07f4" />
  </table>
  <table name="Boost Limit (Fuel Cut)" address="c972c">
    <table name="Y" address="c9714" />
  </table>
  <table name="Boost Control Disable (IAM)" address="c0624" />
  <table name="Boost Control Disable (Fine Correction)" address="c0620" />
  <table name="Boost Control Disable Delay (Fine Correction)" address="c05c1" />
  <table name="Initial Wastegate Duty" address="c0a30">
    <table name="X" address="c09f0" />
    <table name="Y" address="c0a10" elements="8" />
  </table>
  <table name="Max Wastegate Duty" address="c0b08">
    <table name="X" address="c0ac8" />
    <table name="Y" address="c0ae8" />
  </table>
  <table name="Max Wastegate Duty Limit Post-Compensation" address="17ddc" />
  <table name="Initial/Max Wastegate Duty Compensation (IAT)" address="c06f8">
    <table name="Y" address="c06b8" />
  </table>
  <table name="Initial/Max Wastegate Duty Compensation (ECT)" address="c07b4">
    <table name="Y" address="c063c" />
  </table>
  <table name="Initial/Max Wastegate Duty Compensation (Atm. Pressure)" address="c0994">
    <table name="X" address="c096c" />
    <table name="Y" address="c0984" />
  </table>
  <table name="Turbo Dynamics Proportional" address="c0840">
    <table name="Y" address="c081c" />
  </table>
  <table name="Turbo Dynamics Integral Positive" address="c08b0">
    <table name="Y" address="c088c" />
  </table>
  <table name="Turbo Dynamics Integral Negative" address="c0878">
    <table name="Y" address="c0854" />
  </table>
  <table name="TD Proportional Compensation (IAT)" address="c068c">
    <table name="Y" address="c067c" />
  </table>
  <table name="TD Integral Positive Compensation (IAT)" address="c06b4">
    <table name="Y" address="c06a4" />
  </table>
  <table name="TD Integral Negative Compensation (IAT)" address="c06a0">
    <table name="Y" address="c0690" />
  </table>
  <table name="TD Activation Thresholds (RPM)" address="c05f0" />
  <table name="TD Activation Thresholds (Target Boost)" address="c05cc" />
  <table name="TD Integral Cumulative Range (WGDC Correction)" address="c0600" />
  <table name="TD Integral Negative Activation (Boost Error)" address="c05dc" />
  <table name="TD Integral Positive Activation (Boost Error)" address="c05e4" />
  <table name="TD Integral Positive Activation (Wastegate Duty)" address="c05ec" />
  <table name="Manifold Pressure Sensor Scaling" address="c028c" />
  <table name="Manifold Pressure Sensor Limits (CEL)" address="ce826" />
  <table name="Manifold Pressure Sensor CEL Delays" address="c335c" />
  <table name="Primary Open Loop Fueling" address="ca098">
    <table name="X" address="ca014" />
    <table name="Y" address="ca050" />
  </table>
  <table name="Primary Open Loop Fueling (Failsafe)" address="ca240">
    <table name="X" address="ca1bc" />
    <table name="Y" address="ca1f8" />
  </table>
  <table name="Primary Open Loop Fuel Map Switch (IAM)" address="c8498" />
  <table name="Minimum Active Primary Open Loop Enrichment" address="c849c" />
  <table name="Minimum Primary Open Loop Enrichment (Throttle)" address="c8c08">
    <table name="Y" address="c8bf0" />
  </table>
  <table name="Primary Open Loop Fueling Compensation (ECT)" address="c9578">
    <table name="Y" address="c8878" />
  </table>
  <table name="Primary Open Loop Fueling Compensation (Timing Compensation)" address="c8b98">
    <table name="Y" address="c8b80" />
  </table>
  <table name="Front Oxygen Sensor Scaling" address="ced58">
    <table name="Y" address="ced24" />
  </table>
  <table name="Front Oxygen Sensor Rich Limit" address="23a6c" />
  <table name="Front Oxygen Sensor Compensation (Atm. Pressure)" address="c28a0">
    <table name="Y" address="c2890" />
  </table>
  <table name="CL Fueling Target Compensation (Load)" address="cac04">
    <table name="X" address="cabb0" elements="11" />
    <table name="Y" address="cabdc" />
  </table>
  <table name="CL Fueling Target Compensation A (ECT)" address="caa54">
    <table name="X" address="c8878" />
    <table name="Y" address="caa48" />
  </table>
  <table name="CL Fueling Target Compensation B (ECT)" address="cab08">
    <table name="X" address="c8878" />
    <table name="Y" address="caafc" />
  </table>
  <table name="CL to OL Delay" address="c80e0">
    <table name="Y" elements="3" />
  </table>
  <table name="CL to OL Transition with Delay (Throttle)" address="c8be0">
    <table name="Y" address="c8ba0" />
  </table>
  <table name="CL to OL Transition with Delay Throttle Hysteresis" address="c84a0" />
  <table name="CL to OL Transition with Delay (Base Pulse Width)" address="c94a4">
    <table name="Y" address="c9464" />
  </table>
  <table name="CL to OL Transition with Delay BPW Hysteresis" address="c84a4" />
  <table name="CL to OL Transition Counter Step Value (MAF)" address="c94ec">
    <table name="Y" address="c94c4" />
  </table>
  <table name="CL Delay Maximum (Vehicle Speed)" address="c8520" />
  <table name="CL Delay Minimum (ECT)" address="c84a8" />
  <table name="CL Delay Maximum (Engine Load)" address="c8530" />
  <table name="CL Delay Engine Load Counter Threshold" address="c80de" />
  <table name="CL Delay Maximum Engine Speed (Per Gear)" address="c84d4" />
  <table name="CL Delay Maximum Engine Speed (Neutral)" address="c84fc" />
  <table name="CL Delay Throttle Atm. Pressure Thresholds" address="c8504" />
  <table name="CL Delay Maximum (Throttle) (Low Atm. Pressure)" address="c8514" />
  <table name="CL Delay Maximum (Throttle) (High Atm. Pressure)" address="c850c" />
  <table name="Injector Latency" address="c9aa4">
    <table name="Y" address="c9a90" />
  </table>
  <table name="Injector Flow Scaling" address="c81ec" />
  <table name="Per Injector Pulse Width Compensation A" address="ca3d0">
    <table name="X" address="ca350" />
    <table name="Y" address="ca394" elements="15" />
  </table>
  <table name="Per Injector Pulse Width Compensation B" address="ca550">
    <table name="X" address="ca4d0" />
    <table name="Y" address="ca514" elements="15" />
  </table>
  <table name="Per Injector Pulse Width Compensation C" address="ca6d0">
    <table name="X" address="ca650" />
    <table name="Y" address="ca694" elements="15" />
  </table>
  <table name="Per Injector Pulse Width Compensation D" address="ca850">
    <table name="X" address="ca7d0" />
    <table name="Y" address="ca814" elements="15" />
  </table>
  <table name="Cranking Fuel Injector Pulse Width A (ECT)" address="c8e26">
    <table name="Y" address="c8878" />
  </table>
  <table name="Cranking Fuel Injector Pulse Width B (ECT)" address="c8e46">
    <table name="Y" address="c8878" />
  </table>
  <table name="Cranking Fuel Injector Pulse Width C (ECT)" address="c8e66">
    <table name="Y" address="c8878" />
  </table>
  <table name="Cranking Fuel Injector Pulse Width D (ECT)" address="c8e86">
    <table name="Y" address="c8878" />
  </table>
  <table name="Cranking Fuel Injector Pulse Width E (ECT)" address="c8ea6">
    <table name="Y" address="c8878" />
  </table>
  <table name="Cranking Fuel Injector Pulse Width F (ECT)" address="c8ec6">
    <table name="Y" address="c8878" />
  </table>
  <table name="Cranking Fuel IPW Compensation A (RPM)" address="c9d5c">
    <table name="X" address="c9d2c" />
    <table name="Y" address="c9d40" />
  </table>
  <table name="Cranking Fuel IPW Compensation B (RPM)" address="c9dc4">
    <table name="X" address="c9d94" />
    <table name="Y" address="c9da8" />
  </table>
  <table name="Cranking Fuel IPW Compensation (Accelerator)" address="c8974">
    <table name="Y" address="c895c" />
  </table>
  <table name="Throttle Tip-in Enrichment" address="c9680">
    <table name="Y" address="c9638" />
  </table>
  <table name="Minimum Tip-in Enrichment Activation" address="c8658" />
  <table name="Minimum Tip-in Enrichment Activation (Throttle)" address="c8650" />
  <table name="Tip-in Enrichment Compensation (Boost Error)" address="c8c8c">
    <table name="Y" address="c8c68" />
  </table>
  <table name="Tip-in Enrichment Compensation (ECT)" address="c96a4">
    <table name="Y" address="c8878" />
  </table>
  <table name="Tip-in Enrichment Disable Applied Counter Threshold" address="c80a5" />
  <table name="Tip-in Enrichment Applied Counter Reset" address="c80a6" />
  <table name="Tip-in Enrichment Disable Throttle Cumulative Threshold" address="c8654" />
  <table name="Tip-in Throttle Cumulative Reset" address="c80a7" />
  <table name="Min Primary Base Enrichment 1 A" address="c9e8c">
    <table name="X" address="c8878" />
    <table name="Y" address="c9e6c" />
  </table>
  <table name="Min Primary Base Enrichment 1 B" address="c9f2c">
    <table name="X" address="c8878" />
    <table name="Y" address="c9f0c" />
  </table>
  <table name="Min Primary Base Enrichment 1 (Non-Primary OL)" address="c9fe0">
    <table name="X" address="c9fac" />
    <table name="Y" address="c9fd4" />
  </table>
  <table name="Min Primary Base Enrich 2 Initial Start 1A" address="c8f66">
    <table name="Y" address="c8878" />
  </table>
  <table name="Min Primary Base Enrich 2 Initial Start 1B" address="c8fa6">
    <table name="Y" address="c8878" />
  </table>
  <table name="Min Primary Base Enrich 2 Initial Start 2A" address="c8f86">
    <table name="Y" address="c8878" />
  </table>
  <table name="Min Primary Base Enrich 2 Initial Start 2B" address="c8fc6">
    <table name="Y" address="c8878" />
  </table>
  <table name="Min Primary Base Enrich 2 Decay Step 1" address="c8fe6">
    <table name="Y" address="c8878" />
  </table>
  <table name="Min Primary Base Enrich 2 Decay Step 2" address="c9006">
    <table name="Y" address="c8878" />
  </table>
  <table name="Min Primary Base Enrich 3 Initial Start 1A" address="c8ee6">
    <table name="Y" address="c8878" />
  </table>
  <table name="Min Primary Base Enrich 3 Initial Start 1B" address="c8f06">
    <table name="Y" address="c8878" />
  </table>
  <table name="Min Primary Base Enrich 3 Initial Start 2A" address="c8f26">
    <table name="Y" address="c8878" />
  </table>
  <table name="Min Primary Base Enrich 3 Initial Start 2B" address="c8f46">
    <table name="Y" address="c8878" />
  </table>
  <table name="Min Primary Base Enrich 3 Decay Delay A" address="c898a">
    <table name="Y" address="c8878" />
  </table>
  <table name="Min Primary Base Enrich 3 Decay Delay B" address="c899a">
    <table name="Y" address="c8878" />
  </table>
  <table name="Min Primary Base Enrich 3 Decay Multiplier" address="c81f0" />
  <table name="A/F Learning #1 Limits" address="c846c" />
  <table name="A/F Learning #1 Airflow Ranges" address="c847c" />
  <table name="MAF Limit (Maximum)" address="c2398" />
  <table name="MAF Sensor Scaling" address="cec64">
    <table name="Y" address="ceba4" elements="48" />
  </table>
  <table name="MAF Compensation (IAT)" address="c2ce8">
    <table name="X" address="c2cb4" />
    <table name="Y" address="c2cc8" />
  </table>
  <table name="Engine Load Limit (Maximum)" address="21ac4" />
  <table name="Engine Load Compensation (MP)" address="c2d78">
    <table name="X" address="c2d10" />
    <table name="Y" address="c2d3c" />
  </table>
  <table name="Base Timing" address="cc314">
    <table name="X" address="cc290" />
    <table name="Y" address="cc2cc" />
  </table>
  <table name="Base Timing Idle A (In-Gear)" address="cba51">
    <table name="Y" address="cb910" />
  </table>
  <table name="Base Timing Idle B (In-Gear)" address="cba61">
    <table name="Y" address="cb910" />
  </table>
  <table name="Base Timing Idle A (Neutral)" address="cba71">
    <table name="Y" address="cb910" />
  </table>
  <table name="Base Timing Idle B (Neutral)" address="cba81">
    <table name="Y" address="cb910" />
  </table>
  <table name="Base Timing Idle Minimum" address="cba48">
    <table name="Y" address="cba24" />
  </table>
  <table name="Base Timing Idle Minimum Vehicle Speed Enable" address="cb610" />
  <table name="Base Timing Alternate (ECT)" address="cb990">
    <table name="Y" address="cb910" />
  </table>
  <table name="Knock Correction Advance Max" address="cc8e4">
    <table name="X" address="cc860" elements="15" />
    <table name="Y" address="cc89c" />
  </table>
  <table name="Timing Compensation A (IAT)" address="cbb04">
    <table name="Y" address="cbac4" />
  </table>
  <table name="Timing Compensation A (IAT) Activation" address="cc464">
    <table name="X" address="cc424" />
    <table name="Y" address="cc444" />
  </table>
  <table name="Timing Compensation B (IAT)" address="cbf5c">
    <table name="Y" address="cbf1c" />
  </table>
  <table name="Timing Compensation B (IAT) IAM Activation" address="cb90c" />
  <table name="Timing Compensation B (IAT) Max Additive" address="cb8f0" />
  <table name="Timing Compensation (ECT)" address="cbab1">
    <table name="Y" address="cb910" />
  </table>
  <table name="Timing Compensation (MRP)" address="cca28">
    <table name="X" address="cca08" />
    <table name="Y" address="cca1c" />
  </table>
  <table name="Timing Compensation Per Cylinder A" address="cc674">
    <table name="X" address="cc62c" />
    <table name="Y" address="cc664" />
  </table>
  <table name="Timing Compensation Per Cylinder B" address="cc6f4">
    <table name="X" address="cc6ac" />
    <table name="Y" address="cc6e4" />
  </table>
  <table name="Timing Compensation Per Cylinder C" address="cc774">
    <table name="X" address="cc72c" />
    <table name="Y" address="cc764" />
  </table>
  <table name="Timing Compensation Per Cylinder D" address="cc7f4">
    <table name="X" address="cc7ac" />
    <table name="Y" address="cc7e4" />
  </table>
  <table name="Timing Comp Minimum Load (Per Cylinder)" address="cb768" />
  <table name="Timing Comp Maximum RPM (Per Cylinder)" address="cb764" />
  <table name="Timing Comp Minimum Coolant Temp (Per Cylinder)" address="cb76c" />
  <table name="Feedback Correction Range (RPM)" address="cb778" />
  <table name="Feedback Correction Minimum Load" address="cb770" />
  <table name="Feedback Correction Retard Value" address="cb794" />
  <table name="Feedback Correction Retard Limit" address="cb790" />
  <table name="Feedback Correction Negative Advance Value" address="cb79c" />
  <table name="Feedback Correction Negative Advance Delay" address="cb53a" />
  <table name="Extended Feedback Correction High RPM Compensation" address="cb7a4" />
  <table name="Fine Correction Minimum (RPM)" address="cb7b0" />
  <table name="Fine Correction Maximum (RPM)" address="cb8d0" />
  <table name="Fine Correction Range (Load)" address="cb8d8" />
  <table name="Fine Correction Rows (RPM)" address="cb8a0" />
  <table name="Fine Correction Columns (Load)" address="cb890" />
  <table name="Fine Correction Retard Value" address="cb8cc" />
  <table name="Fine Correction Retard Limit" address="cb8c8" />
  <table name="Fine Correction Advance Value" address="cb8c4" />
  <table name="Fine Correction Advance Limit" address="cb8c0" />
  <table name="Fine Correction Advance Delay" address="cb548" />
  <table name="Rough Correction Range (RPM)" address="cb840" />
  <table name="Rough Correction Range (Load)" address="cb850" />
  <table name="Rough Correction Minimum KC Advance Map Value" address="cb860" />
  <table name="Rough Correction Learning Delay (Increasing)" address="cbf10">
    <table name="Y" address="cbee8" />
  </table>
  <table name="Advance Multiplier (Initial)" address="cb864" />
  <table name="Advance Multiplier Step Value" address="cb868" />
  <table name="Intake Cam Advance Angle (AVCS)" address="d0710">
    <table name="X" address="d0694" elements="15" />
    <table name="Y" address="d06d0" elements="16" />
  </table>
  <table name="Requested Torque (Accelerator Pedal)" address="dc230">
    <table name="X" address="dc1b4" />
    <table name="Y" address="dc1f0" elements="16" />
  </table>
  <table name="Target Throttle Plate Position A (Requested Torque)" address="dbcf0">
    <table name="X" address="dbc6c" />
    <table name="Y" address="dbcb0" />
  </table>
  <table name="Target Throttle Plate Position B (Requested Torque)" address="dbf94">
    <table name="X" address="dbf10" />
    <table name="Y" address="dbf54" />
  </table>
  <table name="Rev Limit (Fuel Cut)" address="c86a0" />
  <table name="Rev Limit Fuel Resume (Boost)" address="c86a8" />
  <table name="Speed Limiting Enable (Fuel Cut)" address="c86ec" />
  <table name="Speed Limiting Disable (Fuel Cut)" address="c86f8" />
  <table name="Speed Limiting (Throttle)" address="db83c" />
  <table name="Fuel Temp Sensor Scaling" address="ceb2c">
    <table name="Y" address="ceab4" />
  </table>
  <table name="Intake Temp Sensor Scaling" address="96bcc">
    <table name="Y" address="96b54" />
  </table>
  <table name="Coolant Temp Sensor Scaling" address="96ae4">
    <table name="Y" address="96a74" />
  </table>
  <table name="Atmospheric Pressure Sensor Scaling" address="c0250" />
  <table name="Radiator Fan Modes A (ECT)" address="cf4e0" />
  <table name="Radiator Fan Modes B (ECT)" address="cf4f0" />
  <table name="Radiator Fan Modes (Veh. Speed)" address="cf500" />
  <table name="Idle Speed Target A" address="cd428">
    <table name="Y" address="cd02c" />
  </table>
  <table name="Idle Speed Target B" address="cd468">
    <table name="Y" address="cd02c" />
  </table>
  <table name="Idle Speed Target C" address="cd4a8">
    <table name="Y" address="cd02c" />
  </table>
  <table name="Force Pass Readiness Monitors" address="88b2a" />
  <table name="(P0000) PASS CODE (NO DTC DETECTED)" address="8561b" />
  <table name="(P0000) PASS CODE (NO DTC DETECTED)_" address="8561c" />
  <table name="(P0011) CAMSHAFT POS. - TIMING OVER-ADVANCED 1" address="85601" />
  <table name="(P0016) CRANKSHAFT/CAMSHAFT CORRELATION 1A" address="85680" />
  <table name="(P0018) CRANKSHAFT/CAMSHAFT CORRELATION 2A" address="8567f" />
  <table name="(P0021) CAMSHAFT POS. - TIMING OVER-ADVANCED 2" address="85602" />
  <table name="(P0030) FRONT O2 SENSOR RANGE/PERF" address="85640" />
  <table name="(P0031) FRONT O2 SENSOR LOW INPUT" address="85627" />
  <table name="(P0032) FRONT O2 SENSOR HIGH INPUT" address="85625" />
  <table name="(P0037) REAR O2 SENSOR LOW INPUT" address="85626" />
  <table name="(P0038) REAR O2 SENSOR HIGH INPUT" address="85624" />
  <table name="(P0068) MAP SENSOR RANGE/PERF" address="8563c" />
  <table name="(P0101) MAF SENSOR RANGE/PERF" address="8563e" />
  <table name="(P0102) MAF SENSOR LOW INPUT" address="855dd" />
  <table name="(P0103) MAF SENSOR HIGH INPUT" address="855de" />
  <table name="(P0107) MAP SENSOR LOW INPUT" address="85628" />
  <table name="(P0108) MAP SENSOR HIGH INPUT" address="85629" />
  <table name="(P0111) IAT SENSOR RANGE/PERF" address="85623" />
  <table name="(P0112) IAT SENSOR LOW INPUT" address="85621" />
  <table name="(P0113) IAT SENSOR HIGH INPUT" address="85622" />
  <table name="(P0117) COOLANT TEMP SENSOR LOW INPUT" address="855e5" />
  <table name="(P0118) COOLANT TEMP SENSOR HIGH INPUT" address="855e6" />
  <table name="(P0122) TPS A LOW INPUT" address="855e2" />
  <table name="(P0123) TPS A HIGH INPUT" address="855e3" />
  <table name="(P0125) INSUFFICIENT COOLANT TEMP (FUELING)" address="855e8" />
  <table name="(P0126) INSUFFICIENT COOLANT TEMP (OPERATION)" address="85669" />
  <table name="(P0128) THERMOSTAT MALFUNCTION" address="8562a" />
  <table name="(P0131) FRONT O2 SENSOR LOW INPUT" address="8561e" />
  <table name="(P0132) FRONT O2 SENSOR HIGH INPUT" address="8561f" />
  <table name="(P0133) FRONT O2 SENSOR SLOW RESPONSE" address="8560c" />
  <table name="(P0134) FRONT O2 SENSOR NO ACTIVITY" address="8563f" />
  <table name="(P0137) REAR O2 SENSOR LOW VOLTAGE" address="8561d" />
  <table name="(P0138) REAR O2 SENSOR HIGH VOLTAGE" address="85620" />
  <table name="(P0139) REAR O2 SENSOR SLOW RESPONSE" address="8560d" />
  <table name="(P0140) REAR O2 SENSOR NO ACTIVITY" address="8567c" />
  <table name="(P0171) SYSTEM TOO LEAN" address="85613" />
  <table name="(P0172) SYSTEM TOO RICH" address="85614" />
  <table name="(P0181) FUEL TEMP SENSOR A RANGE/PERF" address="855f5" />
  <table name="(P0182) FUEL TEMP SENSOR A LOW INPUT" address="855f3" />
  <table name="(P0183) FUEL TEMP SENSOR A HIGH INPUT" address="855f4" />
  <table name="(P0222) TPS B LOW INPUT" address="85643" />
  <table name="(P0223) TPS B HIGH INPUT" address="85644" />
  <table name="(P0230) FUEL PUMP PRIMARY CIRCUIT" address="8563b" />
  <table name="(P0244) WASTEGATE SOLENOID A RANGE/PERF" address="85631" />
  <table name="(P0245) WASTEGATE SOLENOID A LOW" address="8562f" />
  <table name="(P0246) WASTEGATE SOLENOID A HIGH" address="85630" />
  <table name="(P0301) MISFIRE CYLINDER 1" address="85615" />
  <table name="(P0302) MISFIRE CYLINDER 2" address="85616" />
  <table name="(P0303) MISFIRE CYLINDER 3" address="85617" />
  <table name="(P0304) MISFIRE CYLINDER 4" address="85618" />
  <table name="(P0327) KNOCK SENSOR 1 LOW INPUT" address="855e0" />
  <table name="(P0328) KNOCK SENSOR 1 HIGH INPUT" address="855e1" />
  <table name="(P0335) CRANKSHAFT POS. SENSOR A MALFUNCTION" address="855d8" />
  <table name="(P0336) CRANKSHAFT POS. SENSOR A RANGE/PERF" address="855d9" />
  <table name="(P0340) CAMSHAFT POS. SENSOR A MALFUNCTION_" address="85657" />
  <table name="(P0345) CAMSHAFT POS. SENSOR A BANK 2" address="85656" />
  <table name="(P0410) SECONDARY AIR PUMP SYSTEM" address="85676" />
  <table name="(P0411) SECONDARY AIR PUMP INCORRECT FLOW" address="85675" />
  <table name="(P0413) SECONDARY AIR PUMP A OPEN" address="8567a" />
  <table name="(P0414) SECONDARY AIR PUMP A SHORTED" address="8567d" />
  <table name="(P0416) SECONDARY AIR PUMP B OPEN" address="85687" />
  <table name="(P0417) SECONDARY AIR PUMP B SHORTED" address="85686" />
  <table name="(P0418) SECONDARY AIR PUMP RELAY A" address="8567b" />
  <table name="(P0420) CAT EFFICIENCY BELOW THRESHOLD" address="85610" />
  <table name="(P0442) EVAP LEAK DETECTED (SMALL)" address="85611" />
  <table name="(P0447) EVAP VENT CONTROL CIRCUIT OPEN" address="8560a" />
  <table name="(P0448) EVAP VENT CONTROL CIRCUIT SHORTED" address="8560b" />
  <table name="(P0451) EVAP PRESSURE SENSOR RANGE/PERF" address="855f1" />
  <table name="(P0452) EVAP PRESSURE SENSOR LOW INPUT" address="855ef" />
  <table name="(P0453) EVAP PRESSURE SENSOR HIGH INPUT" address="855f0" />
  <table name="(P0456) EVAP LEAK DETECTED (VERY SMALL)" address="85612" />
  <table name="(P0457) EVAP LEAK DETECTED (FUEL CAP)" address="8561a" />
  <table name="(P0458) EVAP PURGE VALVE CIRCUIT LOW" address="85605" />
  <table name="(P0459) EVAP PURGE VALVE CIRCUIT HIGH" address="85606" />
  <table name="(P0461) FUEL LEVEL SENSOR RANGE/PERF" address="855eb" />
  <table name="(P0462) FUEL LEVEL SENSOR LOW INPUT" address="855e9" />
  <table name="(P0463) FUEL LEVEL SENSOR HIGH INPUT" address="855ea" />
  <table name="(P0464) FUEL LEVEL SENSOR INTERMITTENT" address="855e7" />
  <table name="(P0483) RADIATOR FAN RATIONALITY CHECK" address="855fd" />
  <table name="(P0502) VEHICLE SPEED SENSOR LOW INPUT" address="8563a" />
  <table name="(P0503) VEHICLE SPEED SENSOR INTERMITTENT" address="85641" />
  <table name="(P0506) IDLE CONTROL RPM LOWER THAN EXPECTED" address="855f9" />
  <table name="(P0507) IDLE CONTROL RPM HIGH THAN EXPECTED" address="855fa" />
  <table name="(P0512) STARTER REQUEST CIRCUIT" address="855ee" />
  <table name="(P0519) IDLE CONTROL MALFUNCTION (FAIL-SAFE)" address="8563d" />
  <table name="(P0600) SERIAL COMMUNICATION LINK" address="85653" />
  <table name="(P0604) CONTROL MODULE RAM ERROR" address="855dc" />
  <table name="(P0605) CONTROL MODULE ROM ERROR" address="85658" />
  <table name="(P0607) CONTROL MODULE PERFORMANCE" address="8564b" />
  <table name="(P0638) THROTTLE ACTUATOR RANGE/PERF" address="8564a" />
  <table name="(P0691) RADIATOR FAN CIRCUIT LOW" address="855fb" />
  <table name="(P0692) RADIATOR FAN CIRCUIT HIGH" address="855fc" />
  <table name="(P0700) TRANSMISSION CONTROL SYSTEM" address="85661" />
  <table name="(P0851) NEUTRAL SWITCH INPUT LOW" address="855f2" />
  <table name="(P0852) NEUTRAL SWITCH INPUT HIGH" address="855f6" />
  <table name="(P1152) FRONT O2 SENSOR RANGE/PERF LOW B1 S1" address="8560e" />
  <table name="(P1153) FRONT O2 SENSOR RANGE/PERF HIGH B1 S1" address="8560f" />
  <table name="(P1160) ABNORMAL RETURN SPRING" address="85645" />
  <table name="(P1400) FUEL TANK PRESSURE SOL. LOW" address="85603" />
  <table name="(P1410) SECONDARY AIR PUMP VALVE STUCK OPEN" address="85681" />
  <table name="(P1418) SECONDARY AIR PUMP CIRCUIT SHORTED" address="8567e" />
  <table name="(P1420) FUEL TANK PRESSURE SOL. HIGH INPUT" address="85604" />
  <table name="(P1443) VENT CONTROL SOLENOID FUNCTION PROBLEM" address="85609" />
  <table name="(P1491) PCV (BLOWBY) FUNCTION PROBLEM" address="8562b" />
  <table name="(P1518) STARTER SWITCH LOW INPUT" address="855ed" />
  <table name="(P1560) BACK-UP VOLTAGE MALFUNCTION" address="8562c" />
  <table name="(P2004) TGV - INTAKE MANIFOLD RUNNER 1 STUCK OPEN" address="85664" />
  <table name="(P2005) TGV - INTAKE MANIFOLD RUNNER 2 STUCK OPEN" address="85666" />
  <table name="(P2006) TGV - INTAKE MANIFOLD RUNNER 1 STUCK CLOSED" address="85665" />
  <table name="(P2007) TGV - INTAKE MANIFOLD RUNNER 2 STUCK CLOSED" address="85667" />
  <table name="(P2008) TGV - INTAKE MANIFOLD RUNNER 1 CIRCUIT OPEN" address="85672" />
  <table name="(P2009) TGV - INTAKE MANIFOLD RUNNER 1 CIRCUIT LOW" address="85670" />
  <table name="(P2011) TGV - INTAKE MANIFOLD RUNNER 2 CIRCUIT OPEN" address="85673" />
  <table name="(P2012) TGV - INTAKE MANIFOLD RUNNER 2 CIRCUIT LOW" address="85671" />
  <table name="(P2016) TGV - INTAKE MANIFOLD RUNNER 1 POS. SENSOR LOW" address="8566c" />
  <table name="(P2017) TGV - INTAKE MANIFOLD RUNNER 1 POS. SENSOR HIGH" address="8566d" />
  <table name="(P2021) TGV - INTAKE MANIFOLD RUNNER 2 POS. SENSOR LOW" address="8566e" />
  <table name="(P2022) TGV - INTAKE MANIFOLD RUNNER 2 POS. SENSOR HIGH" address="8566f" />
  <table name="(P2088) OCV SOLENOID A1 CIRCUIT OPEN" address="85660" />
  <table name="(P2089) OCV SOLENOID A1 CIRCUIT SHORT" address="8565f" />
  <table name="(P2092) OCV SOLENOID A2 CIRCUIT OPEN" address="8565e" />
  <table name="(P2093) OCV SOLENOID A2 CIRCUIT SHORT" address="8565d" />
  <table name="(P2096) POST CATALYST TOO LEAN B1" address="85649" />
  <table name="(P2097) POST CATALYST TOO RICH B1" address="85652" />
  <table name="(P2101) THROTTLE ACTUATOR CIRCUIT RANGE/PERF" address="85648" />
  <table name="(P2102) THROTTLE ACTUATOR CIRCUIT LOW" address="85646" />
  <table name="(P2103) THROTTLE ACTUATOR CIRCUIT HIGH" address="85647" />
  <table name="(P2109) TPS A MINIMUM STOP PERF" address="85642" />
  <table name="(P2122) TPS D CIRCUIT LOW INPUT" address="8564f" />
  <table name="(P2123) TPS D CIRCUIT HIGH INPUT" address="85650" />
  <table name="(P2127) TPS E CIRCUIT LOW INPUT" address="8564d" />
  <table name="(P2128) TPS E CIRCUIT HIGH INPUT" address="8564e" />
  <table name="(P2135) TPS A/B VOLTAGE" address="85651" />
  <table name="(P2138) TPS D/E VOLTAGE" address="8564c" />
  <table name="(P2227) BARO. PRESSURE CIRCUIT RANGE/PERF" address="85668" />
  <table name="(P2228) BARO. PRESSURE CIRCUIT LOW INPUT" address="8566b" />
  <table name="(P2229) BARO. PRESSURE CIRCUIT HIGH INPUT" address="8566a" />
  <table name="(P2431) SECONDARY AIR PUMP CIRCUIT RANGE/PERF" address="85677" />
  <table name="(P2432) SECONDARY AIR PUMP CIRCUIT LOW" address="85679" />
  <table name="(P2433) SECONDARY AIR PUMP CIRCUIT HIGH" address="85678" />
  <table name="(P2440) SECONDARY AIR PUMP VALVE 1 STUCK OPEN" address="85685" />
  <table name="(P2441) SECONDARY AIR PUMP VALVE 1 STUCK CLOSED" address="85684" />
  <table name="(P2442) SECONDARY AIR PUMP VALVE 2 STUCK OPEN" address="85683" />
  <table name="(P2443) SECONDARY AIR PUMP 2 STUCK CLOSED" address="85682" />
  <table name="(P2444) SECONDARY AIR PUMP 1 STUCK ON B1" address="85674" />
</rom>