<rom>
  <romid>
    <xmlid>A8DK100O</xmlid>
    <internalidaddress>2000</internalidaddress>
    <internalidstring>A8DK100O</internalidstring>
    <ecuid>4D52584006</ecuid>
    <year>07</year>
    <market>ADM</market>
    <make>Subaru</make>
    <model>Impreza</model>
    <submodel>WRX</submodel>
    <transmission>MT</transmission>
    <memmodel>SH7058</memmodel>
    <flashmethod>sti05</flashmethod>
    <checksummodule>subarudbw</checksummodule>
  </romid>
  <include>32BITBASE</include>
  <table name="Target Boost" address="c0cdc">
    <table name="X" address="c0c90" />
    <table name="Y" address="c0cb0" elements="11" />
  </table>
  <table name="Target Boost Compensation (ECT)" address="c088c">
    <table name="Y" address="c06e4" />
  </table>
  <table name="Target Boost Compensation (1st Gear)" address="c06dc" />
  <table name="Target Boost Compensation (1st Gear) Speed Disable" address="c06d8" />
  <table name="Target Boost Compensation (Atm. Pressure) Multiplier" address="c0994">
    <table name="Y" address="c0984" />
  </table>
  <table name="Target Boost Compensation (Atm. Pressure) Multiplier Offset" address="c08c0">
    <table name="Y" address="c08b0" />
  </table>
  <table name="Boost Limit (Fuel Cut)" address="c7f50">
    <table name="Y" address="c7f38" />
  </table>
  <table name="Boost Control Disable (IAM)" address="c06cc" />
  <table name="Boost Control Disable (Fine Correction)" address="c06c8" />
  <table name="Boost Control Disable Delay (Fine Correction)" address="c0669" />
  <table name="Initial Wastegate Duty" address="c0af0">
    <table name="X" address="c0ab0" />
    <table name="Y" address="c0ad0" elements="8" />
  </table>
  <table name="Max Wastegate Duty" address="c0bc8">
    <table name="X" address="c0b88" />
    <table name="Y" address="c0ba8" />
  </table>
  <table name="Max Wastegate Duty Limit Post-Compensation" address="17b9c" />
  <table name="Initial/Max Wastegate Duty Compensation (IAT)" address="c07ac">
    <table name="Y" address="c076c" />
  </table>
  <table name="Initial/Max Wastegate Duty Compensation (ECT)" address="c086c">
    <table name="Y" address="c06e4" />
  </table>
  <table name="Initial/Max Wastegate Duty Compensation (Atm. Pressure)" address="c0a50">
    <table name="X" address="c0a28" />
    <table name="Y" address="c0a40" />
  </table>
  <table name="Turbo Dynamics Proportional" address="c08e8">
    <table name="Y" address="c08c4" />
  </table>
  <table name="Turbo Dynamics Integral Positive" address="c0958">
    <table name="Y" address="c0934" />
  </table>
  <table name="Turbo Dynamics Integral Negative" address="c0920">
    <table name="Y" address="c08fc" />
  </table>
  <table name="TD Proportional Compensation (IAT)" address="c0734">
    <table name="Y" address="c0724" />
  </table>
  <table name="TD Integral Positive Compensation (IAT)" address="c075c">
    <table name="Y" address="c074c" />
  </table>
  <table name="TD Integral Negative Compensation (IAT)" address="c0748">
    <table name="Y" address="c0738" />
  </table>
  <table name="TD Activation Thresholds (RPM)" address="c06a0" />
  <table name="TD Activation Thresholds (Target Boost)" address="c067c" />
  <table name="TD Integral Cumulative Range (WGDC Correction)" address="c06a8" />
  <table name="TD Integral Negative Activation (Boost Error)" address="c0688" />
  <table name="TD Integral Positive Activation (Boost Error)" address="c0690" />
  <table name="TD Integral Positive Activation (Wastegate Duty)" address="c0694" />
  <table name="Manifold Pressure Sensor Scaling" address="c028c" />
  <table name="Manifold Pressure Sensor Limits (CEL)" address="cca7e" />
  <table name="Manifold Pressure Sensor CEL Delays" address="c29f5" />
  <table name="Primary Open Loop Fueling" address="c882c">
    <table name="X" address="c87a8" />
    <table name="Y" address="c87e4" />
  </table>
  <table name="Primary Open Loop Fueling (Failsafe)" address="c89d4">
    <table name="X" address="c8950" />
    <table name="Y" address="c898c" />
  </table>
  <table name="Primary Open Loop Fuel Map Switch (IAM)" address="c6cdc" />
  <table name="Minimum Active Primary Open Loop Enrichment" address="c6ce0" />
  <table name="Minimum Primary Open Loop Enrichment (Throttle)" address="c742c">
    <table name="Y" address="c7414" />
  </table>
  <table name="Primary Open Loop Fueling Compensation (ECT)" address="c7d9c">
    <table name="Y" address="c709c" />
  </table>
  <table name="Primary Open Loop Fueling Compensation (Timing Compensation)" address="c73bc">
    <table name="Y" address="c73a4" />
  </table>
  <table name="Front Oxygen Sensor Scaling" address="ccfb0">
    <table name="Y" address="ccf7c" />
  </table>
  <table name="Front Oxygen Sensor Rich Limit" address="22b64" />
  <table name="Front Oxygen Sensor Compensation (Atm. Pressure)" address="c1f30">
    <table name="Y" address="c1f20" />
  </table>
  <table name="CL Fueling Target Compensation A (Load)" address="c93b0">
    <table name="X" address="c935c" />
    <table name="Y" address="c9388" />
  </table>
  <table name="CL Fueling Target Compensation B (Load)" address="c94f8">
    <table name="X" address="c94a4" />
    <table name="Y" address="c94d0" elements="10" />
  </table>
  <table name="CL Fueling Target Compensation A (ECT)" address="c9230">
    <table name="X" address="c709c" />
    <table name="Y" address="c9224" />
  </table>
  <table name="CL Fueling Target Compensation B (ECT)" address="c92e4">
    <table name="X" address="c709c" />
    <table name="Y" address="c92d8" />
  </table>
  <table name="CL to OL Delay" address="c692e">
    <table name="Y" elements="2" />
  </table>
  <table name="CL to OL Transition with Delay (Throttle)" address="c7404">
    <table name="Y" address="c73c4" />
  </table>
  <table name="CL to OL Transition with Delay Throttle Hysteresis" address="c6ce4" />
  <table name="CL to OL Transition with Delay (Base Pulse Width)" address="c7cc8">
    <table name="Y" address="c7c88" />
  </table>
  <table name="CL to OL Transition with Delay BPW Hysteresis" address="c6ce8" />
  <table name="CL to OL Transition Counter Step Value (MAF)" address="c7d10">
    <table name="Y" address="c7ce8" />
  </table>
  <table name="CL Delay Maximum (Throttle)" address="c6d60" />
  <table name="CL Delay Maximum (Vehicle Speed)" address="c6d64" />
  <table name="CL Delay Minimum (ECT)" address="c6cec" />
  <table name="CL Delay Maximum (Engine Load)" address="c6d74" />
  <table name="CL Delay Engine Load Counter Threshold" address="c692a" />
  <table name="CL Delay Maximum Engine Speed (Per Gear)" address="c6cf0" />
  <table name="CL Delay Maximum Engine Speed (Neutral)" address="c6d40" />
  <table name="Injector Latency" address="c8270">
    <table name="Y" address="c825c" />
  </table>
  <table name="Injector Flow Scaling" address="c6a30" />
  <table name="Per Injector Pulse Width Compensation A" address="c8b64">
    <table name="X" address="c8ae4" />
    <table name="Y" address="c8b28" elements="15" />
  </table>
  <table name="Per Injector Pulse Width Compensation B" address="c8ce4">
    <table name="X" address="c8c64" />
    <table name="Y" address="c8ca8" elements="15" />
  </table>
  <table name="Per Injector Pulse Width Compensation C" address="c8e64">
    <table name="X" address="c8de4" />
    <table name="Y" address="c8e28" elements="15" />
  </table>
  <table name="Per Injector Pulse Width Compensation D" address="c8fe4">
    <table name="X" address="c8f64" />
    <table name="Y" address="c8fa8" elements="15" />
  </table>
  <table name="Cranking Fuel Injector Pulse Width A (ECT)" address="c764a">
    <table name="Y" address="c709c" />
  </table>
  <table name="Cranking Fuel Injector Pulse Width B (ECT)" address="c766a">
    <table name="Y" address="c709c" />
  </table>
  <table name="Cranking Fuel Injector Pulse Width C (ECT)" address="c768a">
    <table name="Y" address="c709c" />
  </table>
  <table name="Cranking Fuel Injector Pulse Width D (ECT)" address="c76aa">
    <table name="Y" address="c709c" />
  </table>
  <table name="Cranking Fuel Injector Pulse Width E (ECT)" address="c76ca">
    <table name="Y" address="c709c" />
  </table>
  <table name="Cranking Fuel Injector Pulse Width F (ECT)" address="c76ea">
    <table name="Y" address="c709c" />
  </table>
  <table name="Cranking Fuel IPW Compensation A (RPM)" address="c8504">
    <table name="X" address="c84d4" />
    <table name="Y" address="c84e8" />
  </table>
  <table name="Cranking Fuel IPW Compensation B (RPM)" address="c856c">
    <table name="X" address="c853c" />
    <table name="Y" address="c8550" />
  </table>
  <table name="Cranking Fuel IPW Compensation (Accelerator)" address="c7198">
    <table name="Y" address="c7180" />
  </table>
  <table name="Throttle Tip-in Enrichment" address="c7ea4">
    <table name="Y" address="c7e5c" />
  </table>
  <table name="Minimum Tip-in Enrichment Activation" address="c6e68" />
  <table name="Minimum Tip-in Enrichment Activation (Throttle)" address="c6e60" />
  <table name="Tip-in Enrichment Compensation (Boost Error)" address="c74b0">
    <table name="Y" address="c748c" />
  </table>
  <table name="Tip-in Enrichment Compensation (ECT)" address="c7ec8">
    <table name="Y" address="c709c" />
  </table>
  <table name="Tip-in Enrichment Disable Applied Counter Threshold" address="c68f2" />
  <table name="Tip-in Enrichment Applied Counter Reset" address="c68f3" />
  <table name="Tip-in Enrichment Disable Throttle Cumulative Threshold" address="c6e64" />
  <table name="Tip-in Throttle Cumulative Reset" address="c68f4" />
  <table name="Min Primary Base Enrichment 1 A" address="c8620">
    <table name="X" address="c709c" />
    <table name="Y" address="c8600" />
  </table>
  <table name="Min Primary Base Enrichment 1 B" address="c86c0">
    <table name="X" address="c709c" />
    <table name="Y" address="c86a0" />
  </table>
  <table name="Min Primary Base Enrichment 1 (Non-Primary OL)" address="c8774">
    <table name="X" address="c8740" />
    <table name="Y" address="c8768" />
  </table>
  <table name="Min Primary Base Enrich 2 Initial Start 1A" address="c778a">
    <table name="Y" address="c709c" />
  </table>
  <table name="Min Primary Base Enrich 2 Initial Start 1B" address="c77ca">
    <table name="Y" address="c709c" />
  </table>
  <table name="Min Primary Base Enrich 2 Initial Start 2A" address="c77aa">
    <table name="Y" address="c709c" />
  </table>
  <table name="Min Primary Base Enrich 2 Initial Start 2B" address="c77ea">
    <table name="Y" address="c709c" />
  </table>
  <table name="Min Primary Base Enrich 2 Decay Step 1" address="c780a">
    <table name="Y" address="c709c" />
  </table>
  <table name="Min Primary Base Enrich 2 Decay Step 2" address="c782a">
    <table name="Y" address="c709c" />
  </table>
  <table name="Min Primary Base Enrich 3 Initial Start 1A" address="c770a">
    <table name="Y" address="c709c" />
  </table>
  <table name="Min Primary Base Enrich 3 Initial Start 1B" address="c772a">
    <table name="Y" address="c709c" />
  </table>
  <table name="Min Primary Base Enrich 3 Initial Start 2A" address="c774a">
    <table name="Y" address="c709c" />
  </table>
  <table name="Min Primary Base Enrich 3 Initial Start 2B" address="c776a">
    <table name="Y" address="c709c" />
  </table>
  <table name="Min Primary Base Enrich 3 Decay Delay A" address="c71ae">
    <table name="Y" address="c709c" />
  </table>
  <table name="Min Primary Base Enrich 3 Decay Delay B" address="c71be">
    <table name="Y" address="c709c" />
  </table>
  <table name="Min Primary Base Enrich 3 Decay Multiplier" address="c6a34" />
  <table name="A/F Learning #1 Limits" address="c6cb0" />
  <table name="A/F Learning #1 Airflow Ranges" address="c6cc0" />
  <table name="MAF Limit (Maximum)" address="c1a04" />
  <table name="MAF Sensor Scaling" address="ccebc">
    <table name="Y" address="ccdfc" elements="48" />
  </table>
  <table name="MAF Compensation (IAT)" address="c23a8">
    <table name="X" address="c2374" />
    <table name="Y" address="c2388" />
  </table>
  <table name="Engine Load Limit (Maximum)" address="20bb8" />
  <table name="Engine Load Compensation (MP)" address="c2438">
    <table name="X" address="c23d0" />
    <table name="Y" address="c23fc" />
  </table>
  <table name="Base Timing" address="caa98">
    <table name="X" address="caa14" />
    <table name="Y" address="caa50" />
  </table>
  <table name="Base Timing Idle A (In-Gear)" address="ca309">
    <table name="Y" address="ca1c8" />
  </table>
  <table name="Base Timing Idle B (In-Gear)" address="ca319">
    <table name="Y" address="ca1c8" />
  </table>
  <table name="Base Timing Idle A (Neutral)" address="ca329">
    <table name="Y" address="ca1c8" />
  </table>
  <table name="Base Timing Idle B (Neutral)" address="ca339">
    <table name="Y" address="ca1c8" />
  </table>
  <table name="Base Timing Idle Minimum" address="ca300">
    <table name="Y" address="ca2dc" />
  </table>
  <table name="Base Timing Idle Minimum Vehicle Speed Enable" address="c9eec" />
  <table name="Base Timing Alternate (ECT)" address="ca248">
    <table name="Y" address="ca1c8" />
  </table>
  <table name="Knock Correction Advance Max" address="cb068">
    <table name="X" address="cafe4" elements="15" />
    <table name="Y" address="cb020" />
  </table>
  <table name="Timing Compensation A (IAT)" address="ca3bc">
    <table name="Y" address="ca37c" />
  </table>
  <table name="Timing Compensation A (IAT) Activation" address="cabe8">
    <table name="X" address="caba8" />
    <table name="Y" address="cabc8" />
  </table>
  <table name="Timing Compensation B (IAT)" address="ca6e0">
    <table name="Y" address="ca6a0" />
  </table>
  <table name="Timing Compensation B (IAT) IAM Activation" address="ca1c4" />
  <table name="Timing Compensation B (IAT) Max Additive" address="ca1a8" />
  <table name="Timing Compensation (ECT)" address="ca369">
    <table name="Y" address="ca1c8" />
  </table>
  <table name="Timing Compensation (MRP)" address="cb1ac">
    <table name="X" address="cb18c" />
    <table name="Y" address="cb1a0" />
  </table>
  <table name="Timing Compensation Per Cylinder A" address="cadf8">
    <table name="X" address="cadb0" />
    <table name="Y" address="cade8" />
  </table>
  <table name="Timing Compensation Per Cylinder B" address="cae78">
    <table name="X" address="cae30" />
    <table name="Y" address="cae68" />
  </table>
  <table name="Timing Compensation Per Cylinder C" address="caef8">
    <table name="X" address="caeb0" />
    <table name="Y" address="caee8" />
  </table>
  <table name="Timing Compensation Per Cylinder D" address="caf78">
    <table name="X" address="caf30" />
    <table name="Y" address="caf68" />
  </table>
  <table name="Timing Comp Minimum Load (Per Cylinder)" address="ca020" />
  <table name="Timing Comp Maximum RPM (Per Cylinder)" address="ca01c" />
  <table name="Timing Comp Minimum Coolant Temp (Per Cylinder)" address="ca024" />
  <table name="Feedback Correction Range (RPM)" address="ca030" />
  <table name="Feedback Correction Minimum Load" address="ca028" />
  <table name="Feedback Correction Retard Value" address="ca04c" />
  <table name="Feedback Correction Retard Limit" address="ca048" />
  <table name="Feedback Correction Negative Advance Value" address="ca054" />
  <table name="Feedback Correction Negative Advance Delay" address="c9e16" />
  <table name="Extended Feedback Correction High RPM Compensation" address="ca05c" />
  <table name="Fine Correction Minimum (RPM)" address="ca068" />
  <table name="Fine Correction Maximum (RPM)" address="ca188" />
  <table name="Fine Correction Range (Load)" address="ca190" />
  <table name="Fine Correction Rows (RPM)" address="ca158" />
  <table name="Fine Correction Columns (Load)" address="ca148" />
  <table name="Fine Correction Retard Value" address="ca184" />
  <table name="Fine Correction Retard Limit" address="ca180" />
  <table name="Fine Correction Advance Value" address="ca17c" />
  <table name="Fine Correction Advance Limit" address="ca178" />
  <table name="Fine Correction Advance Delay" address="c9e24" />
  <table name="Rough Correction Range (RPM)" address="ca0f8" />
  <table name="Rough Correction Range (Load)" address="ca108" />
  <table name="Rough Correction Minimum KC Advance Map Value" address="ca118" />
  <table name="Rough Correction Learning Delay (Increasing)" address="ca694">
    <table name="Y" address="ca66c" />
  </table>
  <table name="Advance Multiplier (Initial)" address="ca11c" />
  <table name="Advance Multiplier Step Value" address="ca120" />
  <table name="Intake Cam Advance Angle (AVCS)" address="ce998">
    <table name="X" address="ce91c" elements="15" />
    <table name="Y" address="ce958" elements="16" />
  </table>
  <table name="Requested Torque (Accelerator Pedal)" address="dc234">
    <table name="X" address="dc1b4" />
    <table name="Y" address="dc1f0" />
  </table>
  <table name="Target Throttle Plate Position (Requested Torque)" address="dbcf0">
    <table name="X" address="dbc6c" />
    <table name="Y" address="dbcb0" />
  </table>
  <table name="Target Throttle Plate Position Maximum (Requested Torque)" address="dbf94">
    <table name="X" address="dbf10" />
    <table name="Y" address="dbf54" />
  </table>
  <table name="Rev Limit (Fuel Cut)" address="c6eb0" />
  <table name="Rev Limit Fuel Resume (Boost)" address="c6eb8" />
  <table name="Speed Limiting Enable (Fuel Cut)" address="c6f00" />
  <table name="Speed Limiting Disable (Fuel Cut)" address="c6f0c" />
  <table name="Speed Limiting (Throttle)" address="db83c" />
  <table name="Intake Temp Sensor Scaling" address="85490">
    <table name="Y" address="85418" />
  </table>
  <table name="Coolant Temp Sensor Scaling" address="853a8">
    <table name="Y" address="85338" />
  </table>
  <table name="Atmospheric Pressure Sensor Scaling" address="c0250" />
  <table name="Radiator Fan Modes A (ECT)" address="cd738" />
  <table name="Radiator Fan Modes B (ECT)" address="cd748" />
  <table name="Radiator Fan Modes (Veh. Speed)" address="cd758" />
  <table name="Gear Determination Thresholds" address="c1c48" />
  <table name="Idle Speed Target A" address="cbb68">
    <table name="Y" address="cb78c" />
  </table>
  <table name="Idle Speed Target B" address="cbba8">
    <table name="Y" address="cb78c" />
  </table>
  <table name="Idle Speed Target C" address="cbbe8">
    <table name="Y" address="cb78c" />
  </table>
  <table name="Force Pass Readiness Monitors" address="7ef8e" />
  <table name="(P0000) PASS CODE (NO DTC DETECTED)" address="73ff1" />
  <table name="(P0000) PASS CODE (NO DTC DETECTED)_" address="73ff2" />
  <table name="(P0011) CAMSHAFT POS. - TIMING OVER-ADVANCED 1" address="73fd5" />
  <table name="(P0021) CAMSHAFT POS. - TIMING OVER-ADVANCED 2" address="73fd6" />
  <table name="(P0030) FRONT O2 SENSOR RANGE/PERF" address="7401f" />
  <table name="(P0031) FRONT O2 SENSOR LOW INPUT" address="74000" />
  <table name="(P0032) FRONT O2 SENSOR HIGH INPUT" address="73ffe" />
  <table name="(P0037) REAR O2 SENSOR LOW INPUT" address="73fff" />
  <table name="(P0038) REAR O2 SENSOR HIGH INPUT" address="73ffd" />
  <table name="(P0102) MAF SENSOR LOW INPUT" address="73fad" />
  <table name="(P0103) MAF SENSOR HIGH INPUT" address="73fae" />
  <table name="(P0107) MAP SENSOR LOW INPUT" address="74001" />
  <table name="(P0108) MAP SENSOR HIGH INPUT" address="74002" />
  <table name="(P0112) IAT SENSOR LOW INPUT" address="73ffa" />
  <table name="(P0113) IAT SENSOR HIGH INPUT" address="73ffb" />
  <table name="(P0117) COOLANT TEMP SENSOR LOW INPUT" address="73fb6" />
  <table name="(P0118) COOLANT TEMP SENSOR HIGH INPUT" address="73fb7" />
  <table name="(P0122) TPS A LOW INPUT" address="73fb4" />
  <table name="(P0123) TPS A HIGH INPUT" address="73fb5" />
  <table name="(P0125) INSUFFICIENT COOLANT TEMP (FUELING)" address="73fb9" />
  <table name="(P0131) FRONT O2 SENSOR LOW INPUT" address="73ff4" />
  <table name="(P0132) FRONT O2 SENSOR HIGH INPUT" address="73ff6" />
  <table name="(P0133) FRONT O2 SENSOR SLOW RESPONSE" address="73fde" />
  <table name="(P0134) FRONT O2 SENSOR NO ACTIVITY" address="7401d" />
  <table name="(P0140) REAR O2 SENSOR NO ACTIVITY" address="7406b" />
  <table name="(P0171) SYSTEM TOO LEAN" address="73fe8" />
  <table name="(P0172) SYSTEM TOO RICH" address="73fe9" />
  <table name="(P0222) TPS B LOW INPUT" address="74027" />
  <table name="(P0223) TPS B HIGH INPUT" address="74028" />
  <table name="(P0230) FUEL PUMP PRIMARY CIRCUIT" address="74018" />
  <table name="(P0244) WASTEGATE SOLENOID A RANGE/PERF" address="7400e" />
  <table name="(P0245) WASTEGATE SOLENOID A LOW" address="7400c" />
  <table name="(P0246) WASTEGATE SOLENOID A HIGH" address="7400d" />
  <table name="(P0301) MISFIRE CYLINDER 1" address="73fea" />
  <table name="(P0302) MISFIRE CYLINDER 2" address="73feb" />
  <table name="(P0303) MISFIRE CYLINDER 3" address="73fec" />
  <table name="(P0304) MISFIRE CYLINDER 4" address="73fed" />
  <table name="(P0327) KNOCK SENSOR 1 LOW INPUT" address="73fb2" />
  <table name="(P0328) KNOCK SENSOR 1 HIGH INPUT" address="73fb3" />
  <table name="(P0335) CRANKSHAFT POS. SENSOR A MALFUNCTION" address="73fa8" />
  <table name="(P0340) CAMSHAFT POS. SENSOR A MALFUNCTION_" address="7403b" />
  <table name="(P0345) CAMSHAFT POS. SENSOR A BANK 2" address="7403a" />
  <table name="(P0410) SECONDARY AIR PUMP SYSTEM" address="74065" />
  <table name="(P0413) SECONDARY AIR PUMP A OPEN" address="74069" />
  <table name="(P0414) SECONDARY AIR PUMP A SHORTED" address="7406e" />
  <table name="(P0418) SECONDARY AIR PUMP RELAY A" address="7406a" />
  <table name="(P0420) CAT EFFICIENCY BELOW THRESHOLD" address="73fe4" />
  <table name="(P0458) EVAP PURGE VALVE CIRCUIT LOW" address="73fd9" />
  <table name="(P0459) EVAP PURGE VALVE CIRCUIT HIGH" address="73fda" />
  <table name="(P0462) FUEL LEVEL SENSOR LOW INPUT" address="73fba" />
  <table name="(P0463) FUEL LEVEL SENSOR HIGH INPUT" address="73fbb" />
  <table name="(P0502) VEHICLE SPEED SENSOR LOW INPUT" address="74017" />
  <table name="(P0503) VEHICLE SPEED SENSOR INTERMITTENT" address="74020" />
  <table name="(P0512) STARTER REQUEST CIRCUIT" address="73fbf" />
  <table name="(P0519) IDLE CONTROL MALFUNCTION (FAIL-SAFE)" address="7401a" />
  <table name="(P0604) CONTROL MODULE RAM ERROR" address="73fac" />
  <table name="(P0605) CONTROL MODULE ROM ERROR" address="7403c" />
  <table name="(P0607) CONTROL MODULE PERFORMANCE" address="7402f" />
  <table name="(P0638) THROTTLE ACTUATOR RANGE/PERF" address="7402e" />
  <table name="(P0691) RADIATOR FAN CIRCUIT LOW" address="73fd2" />
  <table name="(P0692) RADIATOR FAN CIRCUIT HIGH" address="73fd3" />
  <table name="(P0851) NEUTRAL SWITCH INPUT LOW" address="73fc3" />
  <table name="(P0852) NEUTRAL SWITCH INPUT HIGH" address="73fc7" />
  <table name="(P1160) ABNORMAL RETURN SPRING" address="74029" />
  <table name="(P1410) SECONDARY AIR PUMP VALVE STUCK OPEN" address="74072" />
  <table name="(P1418) SECONDARY AIR PUMP CIRCUIT SHORTED" address="7406f" />
  <table name="(P1518) STARTER SWITCH LOW INPUT" address="73fbe" />
  <table name="(P1560) BACK-UP VOLTAGE MALFUNCTION" address="74009" />
  <table name="(P2004) TGV - INTAKE MANIFOLD RUNNER 1 STUCK OPEN" address="74053" />
  <table name="(P2005) TGV - INTAKE MANIFOLD RUNNER 2 STUCK OPEN" address="74055" />
  <table name="(P2006) TGV - INTAKE MANIFOLD RUNNER 1 STUCK CLOSED" address="74054" />
  <table name="(P2007) TGV - INTAKE MANIFOLD RUNNER 2 STUCK CLOSED" address="74056" />
  <table name="(P2008) TGV - INTAKE MANIFOLD RUNNER 1 CIRCUIT OPEN" address="74061" />
  <table name="(P2009) TGV - INTAKE MANIFOLD RUNNER 1 CIRCUIT LOW" address="7405f" />
  <table name="(P2011) TGV - INTAKE MANIFOLD RUNNER 2 CIRCUIT OPEN" address="74062" />
  <table name="(P2012) TGV - INTAKE MANIFOLD RUNNER 2 CIRCUIT LOW" address="74060" />
  <table name="(P2016) TGV - INTAKE MANIFOLD RUNNER 1 POS. SENSOR LOW" address="7405b" />
  <table name="(P2017) TGV - INTAKE MANIFOLD RUNNER 1 POS. SENSOR HIGH" address="7405c" />
  <table name="(P2021) TGV - INTAKE MANIFOLD RUNNER 2 POS. SENSOR LOW" address="7405d" />
  <table name="(P2022) TGV - INTAKE MANIFOLD RUNNER 2 POS. SENSOR HIGH" address="7405e" />
  <table name="(P2088) OCV SOLENOID A1 CIRCUIT OPEN" address="74044" />
  <table name="(P2089) OCV SOLENOID A1 CIRCUIT SHORT" address="74043" />
  <table name="(P2092) OCV SOLENOID A2 CIRCUIT OPEN" address="74042" />
  <table name="(P2093) OCV SOLENOID A2 CIRCUIT SHORT" address="74041" />
  <table name="(P2101) THROTTLE ACTUATOR CIRCUIT RANGE/PERF" address="7402c" />
  <table name="(P2102) THROTTLE ACTUATOR CIRCUIT LOW" address="7402a" />
  <table name="(P2103) THROTTLE ACTUATOR CIRCUIT HIGH" address="7402b" />
  <table name="(P2109) TPS A MINIMUM STOP PERF" address="74026" />
  <table name="(P2122) TPS D CIRCUIT LOW INPUT" address="74033" />
  <table name="(P2123) TPS D CIRCUIT HIGH INPUT" address="74034" />
  <table name="(P2127) TPS E CIRCUIT LOW INPUT" address="74031" />
  <table name="(P2128) TPS E CIRCUIT HIGH INPUT" address="74032" />
  <table name="(P2135) TPS A/B VOLTAGE" address="74035" />
  <table name="(P2138) TPS D/E VOLTAGE" address="74030" />
  <table name="(P2228) BARO. PRESSURE CIRCUIT LOW INPUT" address="7405a" />
  <table name="(P2229) BARO. PRESSURE CIRCUIT HIGH INPUT" address="74059" />
  <table name="(P2432) SECONDARY AIR PUMP CIRCUIT LOW" address="74068" />
  <table name="(P2433) SECONDARY AIR PUMP CIRCUIT HIGH" address="74067" />
  <table name="(P2440) SECONDARY AIR PUMP VALVE 1 STUCK OPEN" address="74076" />
  <table name="(P2441) SECONDARY AIR PUMP VALVE 1 STUCK CLOSED" address="74075" />
  <table name="(P2444) SECONDARY AIR PUMP 1 STUCK ON B1" address="74063" />
  <table name="(P2503) CHARGING SYSTEM VOLTAGE LOW" address="74052" />
  <table name="(P2504) CHARGING SYSTEM VOLTAGE HIGH" address="74051" />
</rom>