<rom>
  <romid>
    <xmlid>A8DK100U</xmlid>
    <internalidaddress>2000</internalidaddress>
    <internalidstring>A8DK100U</internalidstring>
    <ecuid>4DA2584006</ecuid>
    <year>07</year>
    <market>SADM</market>
    <make>Subaru</make>
    <model>Impreza</model>
    <submodel>WRX</submodel>
    <transmission>MT</transmission>
    <memmodel>SH7058</memmodel>
    <flashmethod>sti05</flashmethod>
    <checksummodule>subarudbw</checksummodule>
  </romid>
  <include>A8DK100Y</include>
  <table name="Manifold Pressure Sensor CEL Delays" address="c1f2a" />
</rom>