<rom>
  <romid>
    <xmlid>A8DK100W</xmlid>
    <internalidaddress>2000</internalidaddress>
    <internalidstring>A8DK100W</internalidstring>
    <ecuid>4D12504006</ecuid>
    <year>07</year>
    <market>USDM</market>
    <make>Subaru</make>
    <model>Impreza</model>
    <submodel>WRX</submodel>
    <transmission>AT</transmission>
    <memmodel>SH7058</memmodel>
    <flashmethod>sti05</flashmethod>
    <checksummodule>subarudbw</checksummodule>
  </romid>
  <include>32BITBASE</include>
  <table name="Target Boost" address="c0c20">
    <table name="X" address="c0bd4" />
    <table name="Y" address="c0bf4" elements="11" />
  </table>
  <table name="Target Boost Compensation (ECT)" address="c07d8">
    <table name="Y" address="c0640" />
  </table>
  <table name="Target Boost Compensation (1st Gear)" address="c0638" />
  <table name="Target Boost Compensation (1st Gear) Speed Disable" address="c0634" />
  <table name="Target Boost Compensation (Atm. Pressure) Multiplier" address="c08d8">
    <table name="Y" address="c08c8" />
  </table>
  <table name="Target Boost Compensation (Atm. Pressure) Multiplier Offset" address="c0808">
    <table name="Y" address="c07f8" />
  </table>
  <table name="Boost Limit (Fuel Cut)" address="c9ea0">
    <table name="Y" address="c9e88" />
  </table>
  <table name="Boost Control Disable (IAM)" address="c0628" />
  <table name="Boost Control Disable (Fine Correction)" address="c0624" />
  <table name="Boost Control Disable Delay (Fine Correction)" address="c05c5" />
  <table name="Initial Wastegate Duty" address="c0a34">
    <table name="X" address="c09f4" />
    <table name="Y" address="c0a14" elements="8" />
  </table>
  <table name="Max Wastegate Duty" address="c0b0c">
    <table name="X" address="c0acc" />
    <table name="Y" address="c0aec" />
  </table>
  <table name="Max Wastegate Duty Limit Post-Compensation" address="182b8" />
  <table name="Initial/Max Wastegate Duty Compensation (IAT)" address="c06fc">
    <table name="Y" address="c06bc" />
  </table>
  <table name="Initial/Max Wastegate Duty Compensation (ECT)" address="c07b8">
    <table name="Y" address="c0640" />
  </table>
  <table name="Initial/Max Wastegate Duty Compensation (Atm. Pressure)" address="c0998">
    <table name="X" address="c0970" />
    <table name="Y" address="c0988" />
  </table>
  <table name="Turbo Dynamics Proportional" address="c0844">
    <table name="Y" address="c0820" />
  </table>
  <table name="Turbo Dynamics Integral Positive" address="c08b4">
    <table name="Y" address="c0890" />
  </table>
  <table name="Turbo Dynamics Integral Negative" address="c087c">
    <table name="Y" address="c0858" />
  </table>
  <table name="TD Proportional Compensation (IAT)" address="c0690">
    <table name="Y" address="c0680" />
  </table>
  <table name="TD Integral Positive Compensation (IAT)" address="c06b8">
    <table name="Y" address="c06a8" />
  </table>
  <table name="TD Integral Negative Compensation (IAT)" address="c06a4">
    <table name="Y" address="c0694" />
  </table>
  <table name="TD Activation Thresholds (RPM)" address="c05f4" />
  <table name="TD Activation Thresholds (Target Boost)" address="c05d0" />
  <table name="TD Integral Cumulative Range (WGDC Correction)" address="c0604" />
  <table name="TD Integral Negative Activation (Boost Error)" address="c05e0" />
  <table name="TD Integral Positive Activation (Boost Error)" address="c05e8" />
  <table name="TD Integral Positive Activation (Wastegate Duty)" address="c05f0" />
  <table name="Manifold Pressure Sensor Scaling" address="c028c" />
  <table name="Manifold Pressure Sensor Limits (CEL)" address="cecba" />
  <table name="Manifold Pressure Sensor CEL Delays" address="c33c1" />
  <table name="Primary Open Loop Fueling" address="ca2f0">
    <table name="X" address="ca26c" />
    <table name="Y" address="ca2a8" />
  </table>
  <table name="Primary Open Loop Fueling (Failsafe)" address="ca498">
    <table name="X" address="ca414" />
    <table name="Y" address="ca450" />
  </table>
  <table name="Primary Open Loop Fuel Map Switch (IAM)" address="c886c" />
  <table name="Minimum Active Primary Open Loop Enrichment" address="c8870" />
  <table name="Minimum Primary Open Loop Enrichment (Throttle)" address="c8fe0">
    <table name="Y" address="c8fc8" />
  </table>
  <table name="Primary Open Loop Fueling Compensation (ECT)" address="c99ac">
    <table name="Y" address="c8bc0" />
  </table>
  <table name="Primary Open Loop Fueling Compensation (Timing Compensation)" address="c8f70">
    <table name="Y" address="c8f58" />
  </table>
  <table name="Front Oxygen Sensor Scaling" address="cf1ec">
    <table name="Y" address="cf1b8" />
  </table>
  <table name="Front Oxygen Sensor Rich Limit" address="240f0" />
  <table name="Front Oxygen Sensor Compensation (Atm. Pressure)" address="c2914">
    <table name="Y" address="c2904" />
  </table>
  <table name="CL Fueling Target Compensation A (Load)" address="caf4c">
    <table name="X" address="caef8" />
    <table name="Y" address="caf24" />
  </table>
  <table name="CL Fueling Target Compensation B (Load)" address="cb094">
    <table name="X" address="cb040" />
    <table name="Y" address="cb06c" elements="10" />
  </table>
  <table name="CL Fueling Target Compensation A (ECT)" address="cad9c">
    <table name="X" address="c8bc0" />
    <table name="Y" address="cad90" />
  </table>
  <table name="CL Fueling Target Compensation B (ECT)" address="cae50">
    <table name="X" address="c8bc0" />
    <table name="Y" address="cae44" />
  </table>
  <table name="CL to OL Delay" address="c840a">
    <table name="Y" elements="3" />
  </table>
  <table name="CL to OL Transition with Delay (Throttle)" address="c8fb8">
    <table name="Y" address="c8f78" />
  </table>
  <table name="CL to OL Transition with Delay Throttle Hysteresis" address="c8874" />
  <table name="CL to OL Transition with Delay (Base Pulse Width)" address="c98d8">
    <table name="Y" address="c9898" />
  </table>
  <table name="CL to OL Transition with Delay BPW Hysteresis" address="c8878" />
  <table name="CL to OL Transition Counter Step Value (MAF)" address="c9920">
    <table name="Y" address="c98f8" />
  </table>
  <table name="CL Delay Maximum (Vehicle Speed)" address="c88f4" />
  <table name="CL Delay Minimum (ECT)" address="c887c" />
  <table name="CL Delay Maximum (Engine Load)" address="c8904" />
  <table name="CL Delay Engine Load Counter Threshold" address="c8408" />
  <table name="CL Delay Maximum Engine Speed (Per Gear)" address="c88a8" />
  <table name="CL Delay Maximum Engine Speed (Neutral)" address="c88d0" />
  <table name="CL Delay Throttle Atm. Pressure Thresholds" address="c88d8" />
  <table name="CL Delay Maximum (Throttle) (Low Atm. Pressure)" address="c88e8" />
  <table name="CL Delay Maximum (Throttle) (High Atm. Pressure)" address="c88e0" />
  <table name="Injector Latency" address="c9204">
    <table name="Y" address="c91f0" />
  </table>
  <table name="Injector Flow Scaling" address="c8504" />
  <table name="Per Injector Pulse Width Compensation A" address="ca628">
    <table name="X" address="ca5a8" />
    <table name="Y" address="ca5ec" elements="15" />
  </table>
  <table name="Per Injector Pulse Width Compensation B" address="ca7a8">
    <table name="X" address="ca728" />
    <table name="Y" address="ca76c" elements="15" />
  </table>
  <table name="Per Injector Pulse Width Compensation C" address="ca928">
    <table name="X" address="ca8a8" />
    <table name="Y" address="ca8ec" elements="15" />
  </table>
  <table name="Per Injector Pulse Width Compensation D" address="caaa8">
    <table name="X" address="caa28" />
    <table name="Y" address="caa6c" elements="15" />
  </table>
  <table name="Cranking Fuel Injector Pulse Width A (ECT)" address="c912e">
    <table name="Y" address="c8bc0" />
  </table>
  <table name="Cranking Fuel Injector Pulse Width B (ECT)" address="c914e">
    <table name="Y" address="c8bc0" />
  </table>
  <table name="Cranking Fuel Injector Pulse Width C (ECT)" address="c916e">
    <table name="Y" address="c8bc0" />
  </table>
  <table name="Cranking Fuel Injector Pulse Width D (ECT)" address="c918e">
    <table name="Y" address="c8bc0" />
  </table>
  <table name="Cranking Fuel Injector Pulse Width E (ECT)" address="c91ae">
    <table name="Y" address="c8bc0" />
  </table>
  <table name="Cranking Fuel Injector Pulse Width F (ECT)" address="c91ce">
    <table name="Y" address="c8bc0" />
  </table>
  <table name="Cranking Fuel IPW Compensation A (RPM)" address="c9fb4">
    <table name="X" address="c9f84" />
    <table name="Y" address="c9f98" />
  </table>
  <table name="Cranking Fuel IPW Compensation B (RPM)" address="ca01c">
    <table name="X" address="c9fec" />
    <table name="Y" address="ca000" />
  </table>
  <table name="Cranking Fuel IPW Compensation (Accelerator)" address="c8cac">
    <table name="Y" address="c8c94" />
  </table>
  <table name="Throttle Tip-in Enrichment" address="c9db4">
    <table name="Y" address="c9d6c" />
  </table>
  <table name="Minimum Tip-in Enrichment Activation" address="c8aa4" />
  <table name="Minimum Tip-in Enrichment Activation (Throttle)" address="c8a9c" />
  <table name="Tip-in Enrichment Compensation (Boost Error)" address="c90d4">
    <table name="Y" address="c90b0" />
  </table>
  <table name="Tip-in Enrichment Compensation (ECT)" address="c9dd8">
    <table name="Y" address="c8bc0" />
  </table>
  <table name="Tip-in Enrichment Disable Applied Counter Threshold" address="c83c7" />
  <table name="Tip-in Enrichment Applied Counter Reset" address="c83c8" />
  <table name="Tip-in Enrichment Disable Throttle Cumulative Threshold" address="c8aa0" />
  <table name="Tip-in Throttle Cumulative Reset" address="c83c9" />
  <table name="Min Primary Base Enrichment 1 A" address="ca0e4">
    <table name="X" address="c8bc0" />
    <table name="Y" address="ca0c4" />
  </table>
  <table name="Min Primary Base Enrichment 1 B" address="ca184">
    <table name="X" address="c8bc0" />
    <table name="Y" address="ca164" />
  </table>
  <table name="Min Primary Base Enrichment 1 (Non-Primary OL)" address="ca238">
    <table name="X" address="ca204" />
    <table name="Y" address="ca22c" />
  </table>
  <table name="Min Primary Base Enrich 2 Initial Start 1A" address="c928e">
    <table name="Y" address="c8bc0" />
  </table>
  <table name="Min Primary Base Enrich 2 Initial Start 1B" address="c92ce">
    <table name="Y" address="c8bc0" />
  </table>
  <table name="Min Primary Base Enrich 2 Initial Start 2A" address="c92ae">
    <table name="Y" address="c8bc0" />
  </table>
  <table name="Min Primary Base Enrich 2 Initial Start 2B" address="c92ee">
    <table name="Y" address="c8bc0" />
  </table>
  <table name="Min Primary Base Enrich 2 Decay Step 1" address="c930e">
    <table name="Y" address="c8bc0" />
  </table>
  <table name="Min Primary Base Enrich 2 Decay Step 2" address="c932e">
    <table name="Y" address="c8bc0" />
  </table>
  <table name="Min Primary Base Enrich 3 Initial Start 1A" address="c920e">
    <table name="Y" address="c8bc0" />
  </table>
  <table name="Min Primary Base Enrich 3 Initial Start 1B" address="c922e">
    <table name="Y" address="c8bc0" />
  </table>
  <table name="Min Primary Base Enrich 3 Initial Start 2A" address="c924e">
    <table name="Y" address="c8bc0" />
  </table>
  <table name="Min Primary Base Enrich 3 Initial Start 2B" address="c926e">
    <table name="Y" address="c8bc0" />
  </table>
  <table name="Min Primary Base Enrich 3 Decay Delay A" address="c8cc2">
    <table name="Y" address="c8bc0" />
  </table>
  <table name="Min Primary Base Enrich 3 Decay Delay B" address="c8cd2">
    <table name="Y" address="c8bc0" />
  </table>
  <table name="Min Primary Base Enrich 3 Decay Multiplier" address="c8508" />
  <table name="A/F Learning #1 Limits" address="c8784" />
  <table name="A/F Learning #1 Airflow Ranges" address="c8794" />
  <table name="MAF Limit (Maximum)" address="c23b8" />
  <table name="MAF Sensor Scaling" address="cf0f8">
    <table name="Y" address="cf038" elements="48" />
  </table>
  <table name="MAF Compensation (IAT)" address="c2d18">
    <table name="X" address="c2ce4" />
    <table name="Y" address="c2cf8" />
  </table>
  <table name="Engine Load Limit (Maximum)" address="2212c" />
  <table name="Engine Load Compensation (MP)" address="c2da8">
    <table name="X" address="c2d40" />
    <table name="Y" address="c2d6c" />
  </table>
  <table name="Base Timing" address="cc7a4">
    <table name="X" address="cc720" />
    <table name="Y" address="cc75c" />
  </table>
  <table name="Base Timing Idle A (In-Gear)" address="cc0e1">
    <table name="Y" address="cbda0" />
  </table>
  <table name="Base Timing Idle B (In-Gear)" address="cc0f1">
    <table name="Y" address="cbda0" />
  </table>
  <table name="Base Timing Idle A (Neutral)" address="cc101">
    <table name="Y" address="cbda0" />
  </table>
  <table name="Base Timing Idle B (Neutral)" address="cc111">
    <table name="Y" address="cbda0" />
  </table>
  <table name="Base Timing Idle Minimum" address="cc0d8">
    <table name="Y" address="cc0b4" />
  </table>
  <table name="Base Timing Idle Minimum Vehicle Speed Enable" address="cbae8" />
  <table name="Base Timing Alternate (ECT)" address="cc020">
    <table name="Y" address="cbda0" />
  </table>
  <table name="Knock Correction Advance Max" address="ccdec">
    <table name="X" address="ccd68" elements="15" />
    <table name="Y" address="ccda4" />
  </table>
  <table name="Timing Compensation A (IAT)" address="cc194">
    <table name="Y" address="cc154" />
  </table>
  <table name="Timing Compensation A (IAT) Activation" address="cc8f4">
    <table name="X" address="cc8b4" />
    <table name="Y" address="cc8d4" />
  </table>
  <table name="Timing Compensation B (IAT)" address="cc3b8">
    <table name="Y" address="cc378" />
  </table>
  <table name="Timing Compensation B (IAT) IAM Activation" address="cbc18" />
  <table name="Timing Compensation B (IAT) Max Additive" address="cbbfc" />
  <table name="Timing Compensation (ECT)" address="cc141">
    <table name="Y" address="cbda0" />
  </table>
  <table name="Timing Compensation (MRP)" address="ccb24">
    <table name="X" address="ccb04" />
    <table name="Y" address="ccb18" />
  </table>
  <table name="Timing Compensation Per Cylinder A" address="ccb7c">
    <table name="X" address="ccb34" />
    <table name="Y" address="ccb6c" />
  </table>
  <table name="Timing Compensation Per Cylinder B" address="ccbfc">
    <table name="X" address="ccbb4" />
    <table name="Y" address="ccbec" />
  </table>
  <table name="Timing Compensation Per Cylinder C" address="ccc7c">
    <table name="X" address="ccc34" />
    <table name="Y" address="ccc6c" />
  </table>
  <table name="Timing Compensation Per Cylinder D" address="cccfc">
    <table name="X" address="cccb4" />
    <table name="Y" address="cccec" />
  </table>
  <table name="Timing Comp Minimum Load (Per Cylinder)" address="cbc20" />
  <table name="Timing Comp Maximum RPM (Per Cylinder)" address="cbc1c" />
  <table name="Timing Comp Minimum Coolant Temp (Per Cylinder)" address="cbc24" />
  <table name="Feedback Correction Range (RPM)" address="cbc30" />
  <table name="Feedback Correction Minimum Load" address="cbc28" />
  <table name="Feedback Correction Retard Value" address="cbc4c" />
  <table name="Feedback Correction Retard Limit" address="cbc48" />
  <table name="Feedback Correction Negative Advance Value" address="cbc54" />
  <table name="Feedback Correction Negative Advance Delay" address="cb9ca" />
  <table name="Extended Feedback Correction High RPM Compensation" address="cbc5c" />
  <table name="Fine Correction Minimum (RPM)" address="cbc68" />
  <table name="Fine Correction Maximum (RPM)" address="cbd88" />
  <table name="Fine Correction Range (Load)" address="cbd90" />
  <table name="Fine Correction Rows (RPM)" address="cbd58" />
  <table name="Fine Correction Columns (Load)" address="cbd48" />
  <table name="Fine Correction Retard Value" address="cbd84" />
  <table name="Fine Correction Retard Limit" address="cbd80" />
  <table name="Fine Correction Advance Value" address="cbd7c" />
  <table name="Fine Correction Advance Limit" address="cbd78" />
  <table name="Fine Correction Advance Delay" address="cb9d8" />
  <table name="Rough Correction Range (RPM)" address="cbcf8" />
  <table name="Rough Correction Range (Load)" address="cbd08" />
  <table name="Rough Correction Minimum KC Advance Map Value" address="cbd18" />
  <table name="Rough Correction Learning Delay (Increasing)" address="cc3f0">
    <table name="Y" address="cc3c8" />
  </table>
  <table name="Advance Multiplier (Initial)" address="cbd1c" />
  <table name="Advance Multiplier Step Value" address="cbd20" />
  <table name="Intake Cam Advance Angle (AVCS)" address="d0bd4">
    <table name="X" address="d0b58" elements="15" />
    <table name="Y" address="d0b94" elements="16" />
  </table>
  <table name="Requested Torque (Accelerator Pedal)" address="dc230">
    <table name="X" address="dc1b4" />
    <table name="Y" address="dc1f0" elements="16" />
  </table>
  <table name="Target Throttle Plate Position (Requested Torque)" address="dbcf0">
    <table name="X" address="dbc6c" />
    <table name="Y" address="dbcb0" />
  </table>
  <table name="Target Throttle Plate Position Maximum (Requested Torque)" address="dbf94">
    <table name="X" address="dbf10" />
    <table name="Y" address="dbf54" />
  </table>
  <table name="Rev Limit (Fuel Cut)" address="c8aec" />
  <table name="Rev Limit Fuel Resume (Boost)" address="c8af4" />
  <table name="Speed Limiting Enable (Fuel Cut)" address="c84cc" />
  <table name="Speed Limiting Disable (Fuel Cut)" address="c84d8" />
  <table name="Speed Limiting (Throttle)" address="db83c" />
  <table name="Fuel Temp Sensor Scaling" address="cefc0">
    <table name="Y" address="cef48" />
  </table>
  <table name="Intake Temp Sensor Scaling" address="9c984">
    <table name="Y" address="9c90c" />
  </table>
  <table name="Coolant Temp Sensor Scaling" address="9c89c">
    <table name="Y" address="9c82c" />
  </table>
  <table name="Atmospheric Pressure Sensor Scaling" address="c0250" />
  <table name="Radiator Fan Modes A (ECT)" address="cf974" />
  <table name="Radiator Fan Modes B (ECT)" address="cf984" />
  <table name="Radiator Fan Modes (Veh. Speed)" address="cf994" />
  <table name="Idle Speed Target A" address="cd8bc">
    <table name="Y" address="cd4c0" />
  </table>
  <table name="Idle Speed Target B" address="cd8fc">
    <table name="Y" address="cd4c0" />
  </table>
  <table name="Idle Speed Target C" address="cd93c">
    <table name="Y" address="cd4c0" />
  </table>
  <table name="Force Pass Readiness Monitors" address="9600e" />
  <table name="(P0000) PASS CODE (NO DTC DETECTED)" address="8af11" />
  <table name="(P0000) PASS CODE (NO DTC DETECTED)_" address="8af12" />
  <table name="(P0011) CAMSHAFT POS. - TIMING OVER-ADVANCED 1" address="8aef5" />
  <table name="(P0016) CRANKSHAFT/CAMSHAFT CORRELATION 1A" address="8af91" />
  <table name="(P0018) CRANKSHAFT/CAMSHAFT CORRELATION 2A" address="8af90" />
  <table name="(P0021) CAMSHAFT POS. - TIMING OVER-ADVANCED 2" address="8aef6" />
  <table name="(P0030) FRONT O2 SENSOR RANGE/PERF" address="8af3f" />
  <table name="(P0031) FRONT O2 SENSOR LOW INPUT" address="8af20" />
  <table name="(P0032) FRONT O2 SENSOR HIGH INPUT" address="8af1e" />
  <table name="(P0037) REAR O2 SENSOR LOW INPUT" address="8af1f" />
  <table name="(P0038) REAR O2 SENSOR HIGH INPUT" address="8af1d" />
  <table name="(P0068) MAP SENSOR RANGE/PERF" address="8af39" />
  <table name="(P0101) MAF SENSOR RANGE/PERF" address="8af3b" />
  <table name="(P0102) MAF SENSOR LOW INPUT" address="8aecd" />
  <table name="(P0103) MAF SENSOR HIGH INPUT" address="8aece" />
  <table name="(P0107) MAP SENSOR LOW INPUT" address="8af21" />
  <table name="(P0108) MAP SENSOR HIGH INPUT" address="8af22" />
  <table name="(P0111) IAT SENSOR RANGE/PERF" address="8af1c" />
  <table name="(P0112) IAT SENSOR LOW INPUT" address="8af1a" />
  <table name="(P0113) IAT SENSOR HIGH INPUT" address="8af1b" />
  <table name="(P0117) COOLANT TEMP SENSOR LOW INPUT" address="8aed6" />
  <table name="(P0118) COOLANT TEMP SENSOR HIGH INPUT" address="8aed7" />
  <table name="(P0122) TPS A LOW INPUT" address="8aed4" />
  <table name="(P0123) TPS A HIGH INPUT" address="8aed5" />
  <table name="(P0125) INSUFFICIENT COOLANT TEMP (FUELING)" address="8aed9" />
  <table name="(P0126) INSUFFICIENT COOLANT TEMP (OPERATION)" address="8af78" />
  <table name="(P0128) THERMOSTAT MALFUNCTION" address="8af27" />
  <table name="(P0131) FRONT O2 SENSOR LOW INPUT" address="8af14" />
  <table name="(P0132) FRONT O2 SENSOR HIGH INPUT" address="8af16" />
  <table name="(P0133) FRONT O2 SENSOR SLOW RESPONSE" address="8aefe" />
  <table name="(P0134) FRONT O2 SENSOR NO ACTIVITY" address="8af3d" />
  <table name="(P0137) REAR O2 SENSOR LOW VOLTAGE" address="8af13" />
  <table name="(P0138) REAR O2 SENSOR HIGH VOLTAGE" address="8af18" />
  <table name="(P0139) REAR O2 SENSOR SLOW RESPONSE" address="8aeff" />
  <table name="(P0140) REAR O2 SENSOR NO ACTIVITY" address="8af8b" />
  <table name="(P0171) SYSTEM TOO LEAN" address="8af08" />
  <table name="(P0172) SYSTEM TOO RICH" address="8af09" />
  <table name="(P0181) FUEL TEMP SENSOR A RANGE/PERF" address="8aee6" />
  <table name="(P0182) FUEL TEMP SENSOR A LOW INPUT" address="8aee4" />
  <table name="(P0183) FUEL TEMP SENSOR A HIGH INPUT" address="8aee5" />
  <table name="(P0222) TPS B LOW INPUT" address="8af47" />
  <table name="(P0223) TPS B HIGH INPUT" address="8af48" />
  <table name="(P0230) FUEL PUMP PRIMARY CIRCUIT" address="8af38" />
  <table name="(P0244) WASTEGATE SOLENOID A RANGE/PERF" address="8af2e" />
  <table name="(P0245) WASTEGATE SOLENOID A LOW" address="8af2c" />
  <table name="(P0246) WASTEGATE SOLENOID A HIGH" address="8af2d" />
  <table name="(P0301) MISFIRE CYLINDER 1" address="8af0a" />
  <table name="(P0302) MISFIRE CYLINDER 2" address="8af0b" />
  <table name="(P0303) MISFIRE CYLINDER 3" address="8af0c" />
  <table name="(P0304) MISFIRE CYLINDER 4" address="8af0d" />
  <table name="(P0327) KNOCK SENSOR 1 LOW INPUT" address="8aed2" />
  <table name="(P0328) KNOCK SENSOR 1 HIGH INPUT" address="8aed3" />
  <table name="(P0335) CRANKSHAFT POS. SENSOR A MALFUNCTION" address="8aec8" />
  <table name="(P0336) CRANKSHAFT POS. SENSOR A RANGE/PERF" address="8aec9" />
  <table name="(P0340) CAMSHAFT POS. SENSOR A MALFUNCTION_" address="8af5b" />
  <table name="(P0345) CAMSHAFT POS. SENSOR A BANK 2" address="8af5a" />
  <table name="(P0410) SECONDARY AIR PUMP SYSTEM" address="8af85" />
  <table name="(P0411) SECONDARY AIR PUMP INCORRECT FLOW" address="8af84" />
  <table name="(P0413) SECONDARY AIR PUMP A OPEN" address="8af89" />
  <table name="(P0414) SECONDARY AIR PUMP A SHORTED" address="8af8e" />
  <table name="(P0416) SECONDARY AIR PUMP B OPEN" address="8af98" />
  <table name="(P0417) SECONDARY AIR PUMP B SHORTED" address="8af97" />
  <table name="(P0418) SECONDARY AIR PUMP RELAY A" address="8af8a" />
  <table name="(P0420) CAT EFFICIENCY BELOW THRESHOLD" address="8af04" />
  <table name="(P0441) EVAP INCORRECT PURGE FLOW" address="8af99" />
  <table name="(P0442) EVAP LEAK DETECTED (SMALL)" address="8af05" />
  <table name="(P0447) EVAP VENT CONTROL CIRCUIT OPEN" address="8aefc" />
  <table name="(P0448) EVAP VENT CONTROL CIRCUIT SHORTED" address="8aefd" />
  <table name="(P0451) EVAP PRESSURE SENSOR RANGE/PERF" address="8aee2" />
  <table name="(P0452) EVAP PRESSURE SENSOR LOW INPUT" address="8aee0" />
  <table name="(P0453) EVAP PRESSURE SENSOR HIGH INPUT" address="8aee1" />
  <table name="(P0456) EVAP LEAK DETECTED (VERY SMALL)" address="8af06" />
  <table name="(P0457) EVAP LEAK DETECTED (FUEL CAP)" address="8af10" />
  <table name="(P0458) EVAP PURGE VALVE CIRCUIT LOW" address="8aef9" />
  <table name="(P0459) EVAP PURGE VALVE CIRCUIT HIGH" address="8aefa" />
  <table name="(P0461) FUEL LEVEL SENSOR RANGE/PERF" address="8aedc" />
  <table name="(P0462) FUEL LEVEL SENSOR LOW INPUT" address="8aeda" />
  <table name="(P0463) FUEL LEVEL SENSOR HIGH INPUT" address="8aedb" />
  <table name="(P0464) FUEL LEVEL SENSOR INTERMITTENT" address="8aed8" />
  <table name="(P0483) RADIATOR FAN RATIONALITY CHECK" address="8aef4" />
  <table name="(P0502) VEHICLE SPEED SENSOR LOW INPUT" address="8af37" />
  <table name="(P0503) VEHICLE SPEED SENSOR INTERMITTENT" address="8af40" />
  <table name="(P0506) IDLE CONTROL RPM LOWER THAN EXPECTED" address="8aef0" />
  <table name="(P0507) IDLE CONTROL RPM HIGH THAN EXPECTED" address="8aef1" />
  <table name="(P0512) STARTER REQUEST CIRCUIT" address="8aedf" />
  <table name="(P0519) IDLE CONTROL MALFUNCTION (FAIL-SAFE)" address="8af3a" />
  <table name="(P0600) SERIAL COMMUNICATION LINK" address="8af57" />
  <table name="(P0604) CONTROL MODULE RAM ERROR" address="8aecc" />
  <table name="(P0605) CONTROL MODULE ROM ERROR" address="8af5c" />
  <table name="(P0607) CONTROL MODULE PERFORMANCE" address="8af4f" />
  <table name="(P0638) THROTTLE ACTUATOR RANGE/PERF" address="8af4e" />
  <table name="(P0691) RADIATOR FAN CIRCUIT LOW" address="8aef2" />
  <table name="(P0692) RADIATOR FAN CIRCUIT HIGH" address="8aef3" />
  <table name="(P0700) TRANSMISSION CONTROL SYSTEM" address="8af68" />
  <table name="(P0851) NEUTRAL SWITCH INPUT LOW" address="8aee3" />
  <table name="(P0852) NEUTRAL SWITCH INPUT HIGH" address="8aee7" />
  <table name="(P1152) FRONT O2 SENSOR RANGE/PERF LOW B1 S1" address="8af00" />
  <table name="(P1153) FRONT O2 SENSOR RANGE/PERF HIGH B1 S1" address="8af01" />
  <table name="(P1160) ABNORMAL RETURN SPRING" address="8af49" />
  <table name="(P1400) FUEL TANK PRESSURE SOL. LOW" address="8aef7" />
  <table name="(P1410) SECONDARY AIR PUMP VALVE STUCK OPEN" address="8af92" />
  <table name="(P1418) SECONDARY AIR PUMP CIRCUIT SHORTED" address="8af8f" />
  <table name="(P1420) FUEL TANK PRESSURE SOL. HIGH INPUT" address="8aef8" />
  <table name="(P1443) VENT CONTROL SOLENOID FUNCTION PROBLEM" address="8aefb" />
  <table name="(P1491) PCV (BLOWBY) FUNCTION PROBLEM" address="8af28" />
  <table name="(P1518) STARTER SWITCH LOW INPUT" address="8aede" />
  <table name="(P1560) BACK-UP VOLTAGE MALFUNCTION" address="8af29" />
  <table name="(P1602) CONTROL MODULE PROGRAMMING ERROR" address="8af8d" />
  <table name="(P2004) TGV - INTAKE MANIFOLD RUNNER 1 STUCK OPEN" address="8af73" />
  <table name="(P2005) TGV - INTAKE MANIFOLD RUNNER 2 STUCK OPEN" address="8af75" />
  <table name="(P2006) TGV - INTAKE MANIFOLD RUNNER 1 STUCK CLOSED" address="8af74" />
  <table name="(P2007) TGV - INTAKE MANIFOLD RUNNER 2 STUCK CLOSED" address="8af76" />
  <table name="(P2008) TGV - INTAKE MANIFOLD RUNNER 1 CIRCUIT OPEN" address="8af81" />
  <table name="(P2009) TGV - INTAKE MANIFOLD RUNNER 1 CIRCUIT LOW" address="8af7f" />
  <table name="(P2011) TGV - INTAKE MANIFOLD RUNNER 2 CIRCUIT OPEN" address="8af82" />
  <table name="(P2012) TGV - INTAKE MANIFOLD RUNNER 2 CIRCUIT LOW" address="8af80" />
  <table name="(P2016) TGV - INTAKE MANIFOLD RUNNER 1 POS. SENSOR LOW" address="8af7b" />
  <table name="(P2017) TGV - INTAKE MANIFOLD RUNNER 1 POS. SENSOR HIGH" address="8af7c" />
  <table name="(P2021) TGV - INTAKE MANIFOLD RUNNER 2 POS. SENSOR LOW" address="8af7d" />
  <table name="(P2022) TGV - INTAKE MANIFOLD RUNNER 2 POS. SENSOR HIGH" address="8af7e" />
  <table name="(P2088) OCV SOLENOID A1 CIRCUIT OPEN" address="8af64" />
  <table name="(P2089) OCV SOLENOID A1 CIRCUIT SHORT" address="8af63" />
  <table name="(P2092) OCV SOLENOID A2 CIRCUIT OPEN" address="8af62" />
  <table name="(P2093) OCV SOLENOID A2 CIRCUIT SHORT" address="8af61" />
  <table name="(P2096) POST CATALYST TOO LEAN B1" address="8af4d" />
  <table name="(P2097) POST CATALYST TOO RICH B1" address="8af56" />
  <table name="(P2101) THROTTLE ACTUATOR CIRCUIT RANGE/PERF" address="8af4c" />
  <table name="(P2102) THROTTLE ACTUATOR CIRCUIT LOW" address="8af4a" />
  <table name="(P2103) THROTTLE ACTUATOR CIRCUIT HIGH" address="8af4b" />
  <table name="(P2109) TPS A MINIMUM STOP PERF" address="8af46" />
  <table name="(P2122) TPS D CIRCUIT LOW INPUT" address="8af53" />
  <table name="(P2123) TPS D CIRCUIT HIGH INPUT" address="8af54" />
  <table name="(P2127) TPS E CIRCUIT LOW INPUT" address="8af51" />
  <table name="(P2128) TPS E CIRCUIT HIGH INPUT" address="8af52" />
  <table name="(P2135) TPS A/B VOLTAGE" address="8af55" />
  <table name="(P2138) TPS D/E VOLTAGE" address="8af50" />
  <table name="(P2419) EVAP SWITCHING VALVE LOW" address="8af9a" />
  <table name="(P2420) EVAP SWITCHING VALVE HIGH" address="8af9b" />
  <table name="(P2431) SECONDARY AIR PUMP CIRCUIT RANGE/PERF" address="8af86" />
  <table name="(P2432) SECONDARY AIR PUMP CIRCUIT LOW" address="8af88" />
  <table name="(P2433) SECONDARY AIR PUMP CIRCUIT HIGH" address="8af87" />
  <table name="(P2440) SECONDARY AIR PUMP VALVE 1 STUCK OPEN" address="8af96" />
  <table name="(P2441) SECONDARY AIR PUMP VALVE 1 STUCK CLOSED" address="8af95" />
  <table name="(P2442) SECONDARY AIR PUMP VALVE 2 STUCK OPEN" address="8af94" />
  <table name="(P2443) SECONDARY AIR PUMP 2 STUCK CLOSED" address="8af93" />
  <table name="(P2444) SECONDARY AIR PUMP 1 STUCK ON B1" address="8af83" />
</rom>