<rom>
  <romid>
    <xmlid>A8DK100X</xmlid>
    <internalidaddress>2000</internalidaddress>
    <internalidstring>A8DK100X</internalidstring>
    <ecuid>4D12584006</ecuid>
    <year>07</year>
    <market>USDM</market>
    <make>Subaru</make>
    <model>Impreza</model>
    <submodel>WRX</submodel>
    <transmission>MT</transmission>
    <memmodel>SH7058</memmodel>
    <flashmethod>sti05</flashmethod>
    <checksummodule>subarudbw</checksummodule>
  </romid>
  <include>32BITBASE</include>
  <table name="Target Boost" address="c0c38">
    <table name="X" address="c0bec" />
    <table name="Y" address="c0c0c" elements="11" />
  </table>
  <table name="Target Boost Compensation (ECT)" address="c07e8">
    <table name="Y" address="c0640" />
  </table>
  <table name="Target Boost Compensation (1st Gear)" address="c0638" />
  <table name="Target Boost Compensation (1st Gear) Speed Disable" address="c0634" />
  <table name="Target Boost Compensation (Atm. Pressure) Multiplier" address="c08f0">
    <table name="Y" address="c08e0" />
  </table>
  <table name="Target Boost Compensation (Atm. Pressure) Multiplier Offset" address="c081c">
    <table name="Y" address="c080c" />
  </table>
  <table name="Boost Limit (Fuel Cut)" address="c9f9c">
    <table name="Y" address="c9f84" />
  </table>
  <table name="Boost Control Disable (IAM)" address="c0628" />
  <table name="Boost Control Disable (Fine Correction)" address="c0624" />
  <table name="Boost Control Disable Delay (Fine Correction)" address="c05c5" />
  <table name="Initial Wastegate Duty" address="c0a4c">
    <table name="X" address="c0a0c" />
    <table name="Y" address="c0a2c" elements="8" />
  </table>
  <table name="Max Wastegate Duty" address="c0b24">
    <table name="X" address="c0ae4" />
    <table name="Y" address="c0b04" />
  </table>
  <table name="Max Wastegate Duty Limit Post-Compensation" address="182b8" />
  <table name="Initial/Max Wastegate Duty Compensation (IAT)" address="c0708">
    <table name="Y" address="c06c8" />
  </table>
  <table name="Initial/Max Wastegate Duty Compensation (ECT)" address="c07c8">
    <table name="Y" address="c0640" />
  </table>
  <table name="Initial/Max Wastegate Duty Compensation (Atm. Pressure)" address="c09ac">
    <table name="X" address="c0984" />
    <table name="Y" address="c099c" />
  </table>
  <table name="Turbo Dynamics Proportional" address="c0844">
    <table name="Y" address="c0820" />
  </table>
  <table name="Turbo Dynamics Integral Positive" address="c08b4">
    <table name="Y" address="c0890" />
  </table>
  <table name="Turbo Dynamics Integral Negative" address="c087c">
    <table name="Y" address="c0858" />
  </table>
  <table name="TD Proportional Compensation (IAT)" address="c0690">
    <table name="Y" address="c0680" />
  </table>
  <table name="TD Integral Positive Compensation (IAT)" address="c06b8">
    <table name="Y" address="c06a8" />
  </table>
  <table name="TD Integral Negative Compensation (IAT)" address="c06a4">
    <table name="Y" address="c0694" />
  </table>
  <table name="TD Activation Thresholds (RPM)" address="c05fc" />
  <table name="TD Activation Thresholds (Target Boost)" address="c05d8" />
  <table name="TD Integral Cumulative Range (WGDC Correction)" address="c0604" />
  <table name="TD Integral Negative Activation (Boost Error)" address="c05e4" />
  <table name="TD Integral Positive Activation (Boost Error)" address="c05ec" />
  <table name="TD Integral Positive Activation (Wastegate Duty)" address="c05f0" />
  <table name="Manifold Pressure Sensor Scaling" address="c028c" />
  <table name="Manifold Pressure Sensor Limits (CEL)" address="cedb6" />
  <table name="Manifold Pressure Sensor CEL Delays" address="c33e5" />
  <table name="Primary Open Loop Fueling" address="ca3ec">
    <table name="X" address="ca368" />
    <table name="Y" address="ca3a4" />
  </table>
  <table name="Primary Open Loop Fueling (Failsafe)" address="ca594">
    <table name="X" address="ca510" />
    <table name="Y" address="ca54c" />
  </table>
  <table name="Primary Open Loop Fuel Map Switch (IAM)" address="c8968" />
  <table name="Minimum Active Primary Open Loop Enrichment" address="c896c" />
  <table name="Minimum Primary Open Loop Enrichment (Throttle)" address="c90dc">
    <table name="Y" address="c90c4" />
  </table>
  <table name="Primary Open Loop Fueling Compensation (ECT)" address="c9aa8">
    <table name="Y" address="c8cbc" />
  </table>
  <table name="Primary Open Loop Fueling Compensation (Timing Compensation)" address="c906c">
    <table name="Y" address="c9054" />
  </table>
  <table name="Front Oxygen Sensor Scaling" address="cf2e8">
    <table name="Y" address="cf2b4" />
  </table>
  <table name="Front Oxygen Sensor Rich Limit" address="240f0" />
  <table name="Front Oxygen Sensor Compensation (Atm. Pressure)" address="c28d0">
    <table name="Y" address="c28c0" />
  </table>
  <table name="CL Fueling Target Compensation A (Load)" address="cb060">
    <table name="X" address="cb00c" />
    <table name="Y" address="cb038" />
  </table>
  <table name="CL Fueling Target Compensation B (Load)" address="cb1a8">
    <table name="X" address="cb154" />
    <table name="Y" address="cb180" elements="10" />
  </table>
  <table name="CL Fueling Target Compensation A (ECT)" address="caee0">
    <table name="X" address="c8cbc" />
    <table name="Y" address="caed4" />
  </table>
  <table name="CL Fueling Target Compensation B (ECT)" address="caf94">
    <table name="X" address="c8cbc" />
    <table name="Y" address="caf88" />
  </table>
  <table name="CL to OL Delay" address="c8506">
    <table name="Y" elements="3" />
  </table>
  <table name="CL to OL Transition with Delay (Throttle)" address="c90b4">
    <table name="Y" address="c9074" />
  </table>
  <table name="CL to OL Transition with Delay Throttle Hysteresis" address="c8970" />
  <table name="CL to OL Transition with Delay (Base Pulse Width)" address="c99d4">
    <table name="Y" address="c9994" />
  </table>
  <table name="CL to OL Transition with Delay BPW Hysteresis" address="c8974" />
  <table name="CL to OL Transition Counter Step Value (MAF)" address="c9a1c">
    <table name="Y" address="c99f4" />
  </table>
  <table name="CL Delay Maximum (Throttle)" address="c89ec" />
  <table name="CL Delay Maximum (Vehicle Speed)" address="c89f0" />
  <table name="CL Delay Minimum (ECT)" address="c8978" />
  <table name="CL Delay Maximum (Engine Load)" address="c8a00" />
  <table name="CL Delay Engine Load Counter Threshold" address="c8504" />
  <table name="CL Delay Maximum Engine Speed (Per Gear)" address="c897c" />
  <table name="CL Delay Maximum Engine Speed (Neutral)" address="c89cc" />
  <table name="Injector Latency" address="c9300">
    <table name="Y" address="c92ec" />
  </table>
  <table name="Injector Flow Scaling" address="c8600" />
  <table name="Per Injector Pulse Width Compensation A" address="ca724">
    <table name="X" address="ca6a4" />
    <table name="Y" address="ca6e8" elements="15" />
  </table>
  <table name="Per Injector Pulse Width Compensation B" address="ca8a4">
    <table name="X" address="ca824" />
    <table name="Y" address="ca868" elements="15" />
  </table>
  <table name="Per Injector Pulse Width Compensation C" address="caa24">
    <table name="X" address="ca9a4" />
    <table name="Y" address="ca9e8" elements="15" />
  </table>
  <table name="Per Injector Pulse Width Compensation D" address="caba4">
    <table name="X" address="cab24" />
    <table name="Y" address="cab68" elements="15" />
  </table>
  <table name="Cranking Fuel Injector Pulse Width A (ECT)" address="c922a">
    <table name="Y" address="c8cbc" />
  </table>
  <table name="Cranking Fuel Injector Pulse Width B (ECT)" address="c924a">
    <table name="Y" address="c8cbc" />
  </table>
  <table name="Cranking Fuel Injector Pulse Width C (ECT)" address="c926a">
    <table name="Y" address="c8cbc" />
  </table>
  <table name="Cranking Fuel Injector Pulse Width D (ECT)" address="c928a">
    <table name="Y" address="c8cbc" />
  </table>
  <table name="Cranking Fuel Injector Pulse Width E (ECT)" address="c92aa">
    <table name="Y" address="c8cbc" />
  </table>
  <table name="Cranking Fuel Injector Pulse Width F (ECT)" address="c92ca">
    <table name="Y" address="c8cbc" />
  </table>
  <table name="Cranking Fuel IPW Compensation A (RPM)" address="ca0c4">
    <table name="X" address="ca094" />
    <table name="Y" address="ca0a8" />
  </table>
  <table name="Cranking Fuel IPW Compensation B (RPM)" address="ca12c">
    <table name="X" address="ca0fc" />
    <table name="Y" address="ca110" />
  </table>
  <table name="Cranking Fuel IPW Compensation (Accelerator)" address="c8da8">
    <table name="Y" address="c8d90" />
  </table>
  <table name="Throttle Tip-in Enrichment" address="c9eb0">
    <table name="Y" address="c9e68" />
  </table>
  <table name="Minimum Tip-in Enrichment Activation" address="c8ba0" />
  <table name="Minimum Tip-in Enrichment Activation (Throttle)" address="c8b98" />
  <table name="Tip-in Enrichment Compensation (Boost Error)" address="c91d0">
    <table name="Y" address="c91ac" />
  </table>
  <table name="Tip-in Enrichment Compensation (ECT)" address="c9ed4">
    <table name="Y" address="c8cbc" />
  </table>
  <table name="Tip-in Enrichment Disable Applied Counter Threshold" address="c84c3" />
  <table name="Tip-in Enrichment Applied Counter Reset" address="c84c4" />
  <table name="Tip-in Enrichment Disable Throttle Cumulative Threshold" address="c8b9c" />
  <table name="Tip-in Throttle Cumulative Reset" address="c84c5" />
  <table name="Min Primary Base Enrichment 1 A" address="ca1e0">
    <table name="X" address="c8cbc" />
    <table name="Y" address="ca1c0" />
  </table>
  <table name="Min Primary Base Enrichment 1 B" address="ca280">
    <table name="X" address="c8cbc" />
    <table name="Y" address="ca260" />
  </table>
  <table name="Min Primary Base Enrichment 1 (Non-Primary OL)" address="ca334">
    <table name="X" address="ca300" />
    <table name="Y" address="ca328" />
  </table>
  <table name="Min Primary Base Enrich 2 Initial Start 1A" address="c938a">
    <table name="Y" address="c8cbc" />
  </table>
  <table name="Min Primary Base Enrich 2 Initial Start 1B" address="c93ca">
    <table name="Y" address="c8cbc" />
  </table>
  <table name="Min Primary Base Enrich 2 Initial Start 2A" address="c93aa">
    <table name="Y" address="c8cbc" />
  </table>
  <table name="Min Primary Base Enrich 2 Initial Start 2B" address="c93ea">
    <table name="Y" address="c8cbc" />
  </table>
  <table name="Min Primary Base Enrich 2 Decay Step 1" address="c940a">
    <table name="Y" address="c8cbc" />
  </table>
  <table name="Min Primary Base Enrich 2 Decay Step 2" address="c942a">
    <table name="Y" address="c8cbc" />
  </table>
  <table name="Min Primary Base Enrich 3 Initial Start 1A" address="c930a">
    <table name="Y" address="c8cbc" />
  </table>
  <table name="Min Primary Base Enrich 3 Initial Start 1B" address="c932a">
    <table name="Y" address="c8cbc" />
  </table>
  <table name="Min Primary Base Enrich 3 Initial Start 2A" address="c934a">
    <table name="Y" address="c8cbc" />
  </table>
  <table name="Min Primary Base Enrich 3 Initial Start 2B" address="c936a">
    <table name="Y" address="c8cbc" />
  </table>
  <table name="Min Primary Base Enrich 3 Decay Delay A" address="c8dbe">
    <table name="Y" address="c8cbc" />
  </table>
  <table name="Min Primary Base Enrich 3 Decay Delay B" address="c8dce">
    <table name="Y" address="c8cbc" />
  </table>
  <table name="Min Primary Base Enrich 3 Decay Multiplier" address="c8604" />
  <table name="A/F Learning #1 Limits" address="c8880" />
  <table name="A/F Learning #1 Airflow Ranges" address="c8890" />
  <table name="MAF Limit (Maximum)" address="c23a4" />
  <table name="MAF Sensor Scaling" address="cf1f4">
    <table name="Y" address="cf134" elements="48" />
  </table>
  <table name="MAF Compensation (IAT)" address="c2d48">
    <table name="X" address="c2d14" />
    <table name="Y" address="c2d28" />
  </table>
  <table name="Engine Load Limit (Maximum)" address="2212c" />
  <table name="Engine Load Compensation (MP)" address="c2dd8">
    <table name="X" address="c2d70" />
    <table name="Y" address="c2d9c" />
  </table>
  <table name="Base Timing" address="cc8a0">
    <table name="X" address="cc81c" />
    <table name="Y" address="cc858" />
  </table>
  <table name="Base Timing Idle A (In-Gear)" address="cc1dd">
    <table name="Y" address="cbe9c" />
  </table>
  <table name="Base Timing Idle B (In-Gear)" address="cc1ed">
    <table name="Y" address="cbe9c" />
  </table>
  <table name="Base Timing Idle A (Neutral)" address="cc1fd">
    <table name="Y" address="cbe9c" />
  </table>
  <table name="Base Timing Idle B (Neutral)" address="cc20d">
    <table name="Y" address="cbe9c" />
  </table>
  <table name="Base Timing Idle Minimum" address="cc1d4">
    <table name="Y" address="cc1b0" />
  </table>
  <table name="Base Timing Idle Minimum Vehicle Speed Enable" address="cbbe4" />
  <table name="Base Timing Alternate (ECT)" address="cc11c">
    <table name="Y" address="cbe9c" />
  </table>
  <table name="Knock Correction Advance Max" address="ccee8">
    <table name="X" address="cce64" elements="15" />
    <table name="Y" address="ccea0" />
  </table>
  <table name="Timing Compensation A (IAT)" address="cc290">
    <table name="Y" address="cc250" />
  </table>
  <table name="Timing Compensation A (IAT) Activation" address="cc9f0">
    <table name="X" address="cc9b0" />
    <table name="Y" address="cc9d0" />
  </table>
  <table name="Timing Compensation B (IAT)" address="cc4b4">
    <table name="Y" address="cc474" />
  </table>
  <table name="Timing Compensation B (IAT) IAM Activation" address="cbd14" />
  <table name="Timing Compensation B (IAT) Max Additive" address="cbcf8" />
  <table name="Timing Compensation (ECT)" address="cc23d">
    <table name="Y" address="cbe9c" />
  </table>
  <table name="Timing Compensation (MRP)" address="ccc20">
    <table name="X" address="ccc00" />
    <table name="Y" address="ccc14" />
  </table>
  <table name="Timing Compensation Per Cylinder A" address="ccc78">
    <table name="X" address="ccc30" />
    <table name="Y" address="ccc68" />
  </table>
  <table name="Timing Compensation Per Cylinder B" address="cccf8">
    <table name="X" address="cccb0" />
    <table name="Y" address="ccce8" />
  </table>
  <table name="Timing Compensation Per Cylinder C" address="ccd78">
    <table name="X" address="ccd30" />
    <table name="Y" address="ccd68" />
  </table>
  <table name="Timing Compensation Per Cylinder D" address="ccdf8">
    <table name="X" address="ccdb0" />
    <table name="Y" address="ccde8" />
  </table>
  <table name="Timing Comp Minimum Load (Per Cylinder)" address="cbd1c" />
  <table name="Timing Comp Maximum RPM (Per Cylinder)" address="cbd18" />
  <table name="Timing Comp Minimum Coolant Temp (Per Cylinder)" address="cbd20" />
  <table name="Feedback Correction Range (RPM)" address="cbd2c" />
  <table name="Feedback Correction Minimum Load" address="cbd24" />
  <table name="Feedback Correction Retard Value" address="cbd48" />
  <table name="Feedback Correction Retard Limit" address="cbd44" />
  <table name="Feedback Correction Negative Advance Value" address="cbd50" />
  <table name="Feedback Correction Negative Advance Delay" address="cbac6" />
  <table name="Extended Feedback Correction High RPM Compensation" address="cbd58" />
  <table name="Fine Correction Minimum (RPM)" address="cbd64" />
  <table name="Fine Correction Maximum (RPM)" address="cbe84" />
  <table name="Fine Correction Range (Load)" address="cbe8c" />
  <table name="Fine Correction Rows (RPM)" address="cbe54" />
  <table name="Fine Correction Columns (Load)" address="cbe44" />
  <table name="Fine Correction Retard Value" address="cbe80" />
  <table name="Fine Correction Retard Limit" address="cbe7c" />
  <table name="Fine Correction Advance Value" address="cbe78" />
  <table name="Fine Correction Advance Limit" address="cbe74" />
  <table name="Fine Correction Advance Delay" address="cbad4" />
  <table name="Rough Correction Range (RPM)" address="cbdf4" />
  <table name="Rough Correction Range (Load)" address="cbe04" />
  <table name="Rough Correction Minimum KC Advance Map Value" address="cbe14" />
  <table name="Rough Correction Learning Delay (Increasing)" address="cc4ec">
    <table name="Y" address="cc4c4" />
  </table>
  <table name="Advance Multiplier (Initial)" address="cbe18" />
  <table name="Advance Multiplier Step Value" address="cbe1c" />
  <table name="Intake Cam Advance Angle (AVCS)" address="d0cd0">
    <table name="X" address="d0c54" elements="15" />
    <table name="Y" address="d0c90" elements="16" />
  </table>
  <table name="Requested Torque (Accelerator Pedal)" address="dc234">
    <table name="X" address="dc1b4" />
    <table name="Y" address="dc1f0" />
  </table>
  <table name="Target Throttle Plate Position (Requested Torque)" address="dbcf0">
    <table name="X" address="dbc6c" />
    <table name="Y" address="dbcb0" />
  </table>
  <table name="Target Throttle Plate Position Maximum (Requested Torque)" address="dbf94">
    <table name="X" address="dbf10" />
    <table name="Y" address="dbf54" />
  </table>
  <table name="Rev Limit (Fuel Cut)" address="c8be8" />
  <table name="Rev Limit Fuel Resume (Boost)" address="c8bf0" />
  <table name="Speed Limiting Enable (Fuel Cut)" address="c85cc" />
  <table name="Speed Limiting Disable (Fuel Cut)" address="c85d8" />
  <table name="Speed Limiting (Throttle)" address="db83c" />
  <table name="Fuel Temp Sensor Scaling" address="cf0bc">
    <table name="Y" address="cf044" />
  </table>
  <table name="Intake Temp Sensor Scaling" address="9c97c">
    <table name="Y" address="9c904" />
  </table>
  <table name="Coolant Temp Sensor Scaling" address="9c894">
    <table name="Y" address="9c824" />
  </table>
  <table name="Atmospheric Pressure Sensor Scaling" address="c0250" />
  <table name="Radiator Fan Modes A (ECT)" address="cfa70" />
  <table name="Radiator Fan Modes B (ECT)" address="cfa80" />
  <table name="Radiator Fan Modes (Veh. Speed)" address="cfa90" />
  <table name="Gear Determination Thresholds" address="c262c" />
  <table name="Idle Speed Target A" address="cd998">
    <table name="Y" address="cd5bc" />
  </table>
  <table name="Idle Speed Target B" address="cd9d8">
    <table name="Y" address="cd5bc" />
  </table>
  <table name="Idle Speed Target C" address="cda18">
    <table name="Y" address="cd5bc" />
  </table>
  <table name="Force Pass Readiness Monitors" address="9600e" />
  <table name="(P0000) PASS CODE (NO DTC DETECTED)" address="8af11" />
  <table name="(P0000) PASS CODE (NO DTC DETECTED)_" address="8af12" />
  <table name="(P0011) CAMSHAFT POS. - TIMING OVER-ADVANCED 1" address="8aef5" />
  <table name="(P0016) CRANKSHAFT/CAMSHAFT CORRELATION 1A" address="8af91" />
  <table name="(P0018) CRANKSHAFT/CAMSHAFT CORRELATION 2A" address="8af90" />
  <table name="(P0021) CAMSHAFT POS. - TIMING OVER-ADVANCED 2" address="8aef6" />
  <table name="(P0030) FRONT O2 SENSOR RANGE/PERF" address="8af3f" />
  <table name="(P0031) FRONT O2 SENSOR LOW INPUT" address="8af20" />
  <table name="(P0032) FRONT O2 SENSOR HIGH INPUT" address="8af1e" />
  <table name="(P0037) REAR O2 SENSOR LOW INPUT" address="8af1f" />
  <table name="(P0038) REAR O2 SENSOR HIGH INPUT" address="8af1d" />
  <table name="(P0068) MAP SENSOR RANGE/PERF" address="8af39" />
  <table name="(P0101) MAF SENSOR RANGE/PERF" address="8af3b" />
  <table name="(P0102) MAF SENSOR LOW INPUT" address="8aecd" />
  <table name="(P0103) MAF SENSOR HIGH INPUT" address="8aece" />
  <table name="(P0107) MAP SENSOR LOW INPUT" address="8af21" />
  <table name="(P0108) MAP SENSOR HIGH INPUT" address="8af22" />
  <table name="(P0111) IAT SENSOR RANGE/PERF" address="8af1c" />
  <table name="(P0112) IAT SENSOR LOW INPUT" address="8af1a" />
  <table name="(P0113) IAT SENSOR HIGH INPUT" address="8af1b" />
  <table name="(P0117) COOLANT TEMP SENSOR LOW INPUT" address="8aed6" />
  <table name="(P0118) COOLANT TEMP SENSOR HIGH INPUT" address="8aed7" />
  <table name="(P0122) TPS A LOW INPUT" address="8aed4" />
  <table name="(P0123) TPS A HIGH INPUT" address="8aed5" />
  <table name="(P0125) INSUFFICIENT COOLANT TEMP (FUELING)" address="8aed9" />
  <table name="(P0126) INSUFFICIENT COOLANT TEMP (OPERATION)" address="8af78" />
  <table name="(P0128) THERMOSTAT MALFUNCTION" address="8af27" />
  <table name="(P0131) FRONT O2 SENSOR LOW INPUT" address="8af14" />
  <table name="(P0132) FRONT O2 SENSOR HIGH INPUT" address="8af16" />
  <table name="(P0133) FRONT O2 SENSOR SLOW RESPONSE" address="8aefe" />
  <table name="(P0134) FRONT O2 SENSOR NO ACTIVITY" address="8af3d" />
  <table name="(P0137) REAR O2 SENSOR LOW VOLTAGE" address="8af13" />
  <table name="(P0138) REAR O2 SENSOR HIGH VOLTAGE" address="8af18" />
  <table name="(P0139) REAR O2 SENSOR SLOW RESPONSE" address="8aeff" />
  <table name="(P0140) REAR O2 SENSOR NO ACTIVITY" address="8af8b" />
  <table name="(P0171) SYSTEM TOO LEAN" address="8af08" />
  <table name="(P0172) SYSTEM TOO RICH" address="8af09" />
  <table name="(P0181) FUEL TEMP SENSOR A RANGE/PERF" address="8aee6" />
  <table name="(P0182) FUEL TEMP SENSOR A LOW INPUT" address="8aee4" />
  <table name="(P0183) FUEL TEMP SENSOR A HIGH INPUT" address="8aee5" />
  <table name="(P0222) TPS B LOW INPUT" address="8af47" />
  <table name="(P0223) TPS B HIGH INPUT" address="8af48" />
  <table name="(P0230) FUEL PUMP PRIMARY CIRCUIT" address="8af38" />
  <table name="(P0244) WASTEGATE SOLENOID A RANGE/PERF" address="8af2e" />
  <table name="(P0245) WASTEGATE SOLENOID A LOW" address="8af2c" />
  <table name="(P0246) WASTEGATE SOLENOID A HIGH" address="8af2d" />
  <table name="(P0301) MISFIRE CYLINDER 1" address="8af0a" />
  <table name="(P0302) MISFIRE CYLINDER 2" address="8af0b" />
  <table name="(P0303) MISFIRE CYLINDER 3" address="8af0c" />
  <table name="(P0304) MISFIRE CYLINDER 4" address="8af0d" />
  <table name="(P0327) KNOCK SENSOR 1 LOW INPUT" address="8aed2" />
  <table name="(P0328) KNOCK SENSOR 1 HIGH INPUT" address="8aed3" />
  <table name="(P0335) CRANKSHAFT POS. SENSOR A MALFUNCTION" address="8aec8" />
  <table name="(P0336) CRANKSHAFT POS. SENSOR A RANGE/PERF" address="8aec9" />
  <table name="(P0340) CAMSHAFT POS. SENSOR A MALFUNCTION_" address="8af5b" />
  <table name="(P0345) CAMSHAFT POS. SENSOR A BANK 2" address="8af5a" />
  <table name="(P0410) SECONDARY AIR PUMP SYSTEM" address="8af85" />
  <table name="(P0411) SECONDARY AIR PUMP INCORRECT FLOW" address="8af84" />
  <table name="(P0413) SECONDARY AIR PUMP A OPEN" address="8af89" />
  <table name="(P0414) SECONDARY AIR PUMP A SHORTED" address="8af8e" />
  <table name="(P0416) SECONDARY AIR PUMP B OPEN" address="8af98" />
  <table name="(P0417) SECONDARY AIR PUMP B SHORTED" address="8af97" />
  <table name="(P0418) SECONDARY AIR PUMP RELAY A" address="8af8a" />
  <table name="(P0420) CAT EFFICIENCY BELOW THRESHOLD" address="8af04" />
  <table name="(P0441) EVAP INCORRECT PURGE FLOW" address="8af99" />
  <table name="(P0442) EVAP LEAK DETECTED (SMALL)" address="8af05" />
  <table name="(P0447) EVAP VENT CONTROL CIRCUIT OPEN" address="8aefc" />
  <table name="(P0448) EVAP VENT CONTROL CIRCUIT SHORTED" address="8aefd" />
  <table name="(P0451) EVAP PRESSURE SENSOR RANGE/PERF" address="8aee2" />
  <table name="(P0452) EVAP PRESSURE SENSOR LOW INPUT" address="8aee0" />
  <table name="(P0453) EVAP PRESSURE SENSOR HIGH INPUT" address="8aee1" />
  <table name="(P0456) EVAP LEAK DETECTED (VERY SMALL)" address="8af06" />
  <table name="(P0457) EVAP LEAK DETECTED (FUEL CAP)" address="8af10" />
  <table name="(P0458) EVAP PURGE VALVE CIRCUIT LOW" address="8aef9" />
  <table name="(P0459) EVAP PURGE VALVE CIRCUIT HIGH" address="8aefa" />
  <table name="(P0461) FUEL LEVEL SENSOR RANGE/PERF" address="8aedc" />
  <table name="(P0462) FUEL LEVEL SENSOR LOW INPUT" address="8aeda" />
  <table name="(P0463) FUEL LEVEL SENSOR HIGH INPUT" address="8aedb" />
  <table name="(P0464) FUEL LEVEL SENSOR INTERMITTENT" address="8aed8" />
  <table name="(P0483) RADIATOR FAN RATIONALITY CHECK" address="8aef4" />
  <table name="(P0502) VEHICLE SPEED SENSOR LOW INPUT" address="8af37" />
  <table name="(P0503) VEHICLE SPEED SENSOR INTERMITTENT" address="8af40" />
  <table name="(P0506) IDLE CONTROL RPM LOWER THAN EXPECTED" address="8aef0" />
  <table name="(P0507) IDLE CONTROL RPM HIGH THAN EXPECTED" address="8aef1" />
  <table name="(P0512) STARTER REQUEST CIRCUIT" address="8aedf" />
  <table name="(P0519) IDLE CONTROL MALFUNCTION (FAIL-SAFE)" address="8af3a" />
  <table name="(P0600) SERIAL COMMUNICATION LINK" address="8af57" />
  <table name="(P0604) CONTROL MODULE RAM ERROR" address="8aecc" />
  <table name="(P0605) CONTROL MODULE ROM ERROR" address="8af5c" />
  <table name="(P0607) CONTROL MODULE PERFORMANCE" address="8af4f" />
  <table name="(P0638) THROTTLE ACTUATOR RANGE/PERF" address="8af4e" />
  <table name="(P0691) RADIATOR FAN CIRCUIT LOW" address="8aef2" />
  <table name="(P0692) RADIATOR FAN CIRCUIT HIGH" address="8aef3" />
  <table name="(P0700) TRANSMISSION CONTROL SYSTEM" address="8af68" />
  <table name="(P0851) NEUTRAL SWITCH INPUT LOW" address="8aee3" />
  <table name="(P0852) NEUTRAL SWITCH INPUT HIGH" address="8aee7" />
  <table name="(P1152) FRONT O2 SENSOR RANGE/PERF LOW B1 S1" address="8af00" />
  <table name="(P1153) FRONT O2 SENSOR RANGE/PERF HIGH B1 S1" address="8af01" />
  <table name="(P1160) ABNORMAL RETURN SPRING" address="8af49" />
  <table name="(P1400) FUEL TANK PRESSURE SOL. LOW" address="8aef7" />
  <table name="(P1410) SECONDARY AIR PUMP VALVE STUCK OPEN" address="8af92" />
  <table name="(P1418) SECONDARY AIR PUMP CIRCUIT SHORTED" address="8af8f" />
  <table name="(P1420) FUEL TANK PRESSURE SOL. HIGH INPUT" address="8aef8" />
  <table name="(P1443) VENT CONTROL SOLENOID FUNCTION PROBLEM" address="8aefb" />
  <table name="(P1491) PCV (BLOWBY) FUNCTION PROBLEM" address="8af28" />
  <table name="(P1518) STARTER SWITCH LOW INPUT" address="8aede" />
  <table name="(P1560) BACK-UP VOLTAGE MALFUNCTION" address="8af29" />
  <table name="(P1602) CONTROL MODULE PROGRAMMING ERROR" address="8af8d" />
  <table name="(P2004) TGV - INTAKE MANIFOLD RUNNER 1 STUCK OPEN" address="8af73" />
  <table name="(P2005) TGV - INTAKE MANIFOLD RUNNER 2 STUCK OPEN" address="8af75" />
  <table name="(P2006) TGV - INTAKE MANIFOLD RUNNER 1 STUCK CLOSED" address="8af74" />
  <table name="(P2007) TGV - INTAKE MANIFOLD RUNNER 2 STUCK CLOSED" address="8af76" />
  <table name="(P2008) TGV - INTAKE MANIFOLD RUNNER 1 CIRCUIT OPEN" address="8af81" />
  <table name="(P2009) TGV - INTAKE MANIFOLD RUNNER 1 CIRCUIT LOW" address="8af7f" />
  <table name="(P2011) TGV - INTAKE MANIFOLD RUNNER 2 CIRCUIT OPEN" address="8af82" />
  <table name="(P2012) TGV - INTAKE MANIFOLD RUNNER 2 CIRCUIT LOW" address="8af80" />
  <table name="(P2016) TGV - INTAKE MANIFOLD RUNNER 1 POS. SENSOR LOW" address="8af7b" />
  <table name="(P2017) TGV - INTAKE MANIFOLD RUNNER 1 POS. SENSOR HIGH" address="8af7c" />
  <table name="(P2021) TGV - INTAKE MANIFOLD RUNNER 2 POS. SENSOR LOW" address="8af7d" />
  <table name="(P2022) TGV - INTAKE MANIFOLD RUNNER 2 POS. SENSOR HIGH" address="8af7e" />
  <table name="(P2088) OCV SOLENOID A1 CIRCUIT OPEN" address="8af64" />
  <table name="(P2089) OCV SOLENOID A1 CIRCUIT SHORT" address="8af63" />
  <table name="(P2092) OCV SOLENOID A2 CIRCUIT OPEN" address="8af62" />
  <table name="(P2093) OCV SOLENOID A2 CIRCUIT SHORT" address="8af61" />
  <table name="(P2096) POST CATALYST TOO LEAN B1" address="8af4d" />
  <table name="(P2097) POST CATALYST TOO RICH B1" address="8af56" />
  <table name="(P2101) THROTTLE ACTUATOR CIRCUIT RANGE/PERF" address="8af4c" />
  <table name="(P2102) THROTTLE ACTUATOR CIRCUIT LOW" address="8af4a" />
  <table name="(P2103) THROTTLE ACTUATOR CIRCUIT HIGH" address="8af4b" />
  <table name="(P2109) TPS A MINIMUM STOP PERF" address="8af46" />
  <table name="(P2122) TPS D CIRCUIT LOW INPUT" address="8af53" />
  <table name="(P2123) TPS D CIRCUIT HIGH INPUT" address="8af54" />
  <table name="(P2127) TPS E CIRCUIT LOW INPUT" address="8af51" />
  <table name="(P2128) TPS E CIRCUIT HIGH INPUT" address="8af52" />
  <table name="(P2135) TPS A/B VOLTAGE" address="8af55" />
  <table name="(P2138) TPS D/E VOLTAGE" address="8af50" />
  <table name="(P2419) EVAP SWITCHING VALVE LOW" address="8af9a" />
  <table name="(P2420) EVAP SWITCHING VALVE HIGH" address="8af9b" />
  <table name="(P2431) SECONDARY AIR PUMP CIRCUIT RANGE/PERF" address="8af86" />
  <table name="(P2432) SECONDARY AIR PUMP CIRCUIT LOW" address="8af88" />
  <table name="(P2433) SECONDARY AIR PUMP CIRCUIT HIGH" address="8af87" />
  <table name="(P2440) SECONDARY AIR PUMP VALVE 1 STUCK OPEN" address="8af96" />
  <table name="(P2441) SECONDARY AIR PUMP VALVE 1 STUCK CLOSED" address="8af95" />
  <table name="(P2442) SECONDARY AIR PUMP VALVE 2 STUCK OPEN" address="8af94" />
  <table name="(P2443) SECONDARY AIR PUMP 2 STUCK CLOSED" address="8af93" />
  <table name="(P2444) SECONDARY AIR PUMP 1 STUCK ON B1" address="8af83" />
</rom>