<rom>
  <romid>
    <xmlid>AZ1G400U</xmlid>
    <internalidaddress>2004</internalidaddress>
    <internalidstring>AZ1G400U</internalidstring>
    <ecuid>6642584007</ecuid>
    <year>09</year>
    <market>EDM</market>
    <make>Subaru</make>
    <model>Impreza</model>
    <submodel>WRX</submodel>
    <transmission>MT</transmission>
    <memmodel>SH7058</memmodel>
    <flashmethod>subarucan</flashmethod>
    <checksummodule>subarudbw</checksummodule>
  </romid>
  <include>32BITBASE</include>
  <table name="Target Boost_" address="c0ed4">
    <table name="X" address="c0e6c" />
    <table name="Y" address="c0e98" />
  </table>
  <table name="Target Boost Compensation (ECT)" address="c0888">
    <table name="Y" address="c07a8" />
  </table>
  <table name="Target Boost Compensation (1st Gear)" address="c07a0" />
  <table name="Target Boost Compensation (1st Gear) Speed Disable" address="c079c" />
  <table name="Target Boost Compensation (IAT)_" address="c09d0">
    <table name="Y" address="c09b8" />
  </table>
  <table name="Target Boost Compensation (Atm. Pressure)_" address="c0a58">
    <table name="X" address="c0a28" />
    <table name="Y" address="c0a40" />
  </table>
  <table name="Boost Limit (Fuel Cut)_" address="cd3c4">
    <table name="X" address="cd394" />
    <table name="Y" address="cd3ac" />
  </table>
  <table name="Boost Control Disable (IAM)" address="c0790" />
  <table name="Boost Control Disable (Fine Correction)" address="c078c" />
  <table name="Boost Control Disable Delay (Fine Correction)" address="c0741" />
  <table name="Initial Wastegate Duty_" address="c0ce4">
    <table name="X" address="c0c74" elements="15" />
    <table name="Y" address="c0cb0" elements="13" />
  </table>
  <table name="Max Wastegate Duty_" address="c0aec">
    <table name="X" address="c0a7c" elements="15" />
    <table name="Y" address="c0ab8" elements="13" />
  </table>
  <table name="Max Wastegate Duty Limit Post-Compensation" address="14720" />
  <table name="Initial/Max Wastegate Duty Compensation (IAT)" address="c0828">
    <table name="Y" address="c07e8" />
  </table>
  <table name="Initial/Max Wastegate Duty Compensation (ECT)" address="c0848">
    <table name="Y" address="c07a8" />
  </table>
  <table name="Initial/Max Wastegate Duty Compensation (Atm. Pressure)" address="c0a10">
    <table name="X" address="c09e8" />
    <table name="Y" address="c0a00" />
  </table>
  <table name="Turbo Dynamics Proportional" address="c08bc">
    <table name="Y" address="c0898" />
  </table>
  <table name="Turbo Dynamics Integral Positive" address="c092c">
    <table name="Y" address="c0908" />
  </table>
  <table name="Turbo Dynamics Integral Negative" address="c08f4">
    <table name="Y" address="c08d0" />
  </table>
  <table name="TD Proportional Compensation (IAT)" address="c0858">
    <table name="Y" address="c07e8" elements="16" />
  </table>
  <table name="TD Integral Positive Compensation (IAT)" address="c0878">
    <table name="Y" address="c07e8" elements="16" />
  </table>
  <table name="TD Integral Negative Compensation (IAT)" address="c0868">
    <table name="Y" address="c07e8" elements="16" />
  </table>
  <table name="TD Activation Thresholds (RPM)" address="c077c" />
  <table name="TD Activation Thresholds (Target Boost)_" address="c0768" />
  <table name="TD Integral Cumulative Range (WGDC Correction)" address="c0784" />
  <table name="TD Integral Negative Activation (Boost Error)" address="c0770" />
  <table name="TD Integral Positive Activation (Boost Error)" address="c0774" />
  <table name="TD Integral Positive Activation (Wastegate Duty)" address="c0778" />
  <table name="Manifold Pressure Sensor Scaling_" address="d2d38" />
  <table name="Manifold Pressure Sensor Limits (CEL)" address="d2ce0" />
  <table name="Manifold Pressure Sensor CEL Delays" address="c3822" />
  <table name="Primary Open Loop Fueling" address="caf4c">
    <table name="X" address="caec8" />
    <table name="Y" address="caf04" />
  </table>
  <table name="Primary Open Loop Fueling (Failsafe)" address="cb0e0">
    <table name="X" address="cb05c" />
    <table name="Y" address="cb098" />
  </table>
  <table name="Primary Open Loop Fuel Map Switch (IAM)" address="c7464" />
  <table name="Minimum Active Primary Open Loop Enrichment" address="c7468" />
  <table name="Minimum Primary Open Loop Enrichment (Throttle)" address="c8010">
    <table name="Y" address="c7ff8" />
  </table>
  <table name="Minimum Primary Open Loop Enrichment (Accelerator)" address="c8030">
    <table name="Y" address="c8018" />
  </table>
  <table name="Primary Open Loop Fueling Compensation (ECT)" address="c992c">
    <table name="Y" address="c7894" />
  </table>
  <table name="Primary Open Loop Fueling Compensation (Timing Compensation)_" address="c7fa0">
    <table name="Y" address="c7f88" />
  </table>
  <table name="Front Oxygen Sensor Scaling" address="d3198">
    <table name="Y" address="d3164" />
  </table>
  <table name="Front Oxygen Sensor Rich Limit" address="219f4" />
  <table name="Front Oxygen Sensor Compensation (Atm. Pressure)" address="c2cb0">
    <table name="Y" address="c2ca0" />
  </table>
  <table name="CL Fueling Target Compensation A (Load)" address="cc444">
    <table name="X" address="cc3ec" />
    <table name="Y" address="cc418" elements="11" />
  </table>
  <table name="CL Fueling Target Compensation B (Load)" address="cc6dc">
    <table name="X" address="cc684" />
    <table name="Y" address="cc6b0" />
  </table>
  <table name="CL Fueling Target Compensation Imm. Cruise (ECT)" address="cc320">
    <table name="X" address="c7894" />
    <table name="Y" address="cc314" />
  </table>
  <table name="CL Fueling Target Compensation Imm. Non-Cruise (ECT)" address="cc38c">
    <table name="X" address="c7894" />
    <table name="Y" address="cc380" />
  </table>
  <table name="CL to OL Delay_" address="c6f6a" />
  <table name="CL to OL Transition with Delay (Throttle)" address="c7fe8">
    <table name="Y" address="c7fa8" />
  </table>
  <table name="CL to OL Transition with Delay Throttle Hysteresis" address="c7470" />
  <table name="CL to OL Transition with Delay (Base Pulse Width)" address="c9858">
    <table name="Y" address="c9818" />
  </table>
  <table name="CL to OL Transition with Delay BPW Hysteresis" address="c746c" />
  <table name="CL to OL Transition Counter Step Value (MAF)" address="c98a0">
    <table name="Y" address="c9878" />
  </table>
  <table name="CL Delay Maximum (Throttle)" address="c74d0" />
  <table name="CL Delay Maximum (Vehicle Speed)" address="c74ec" />
  <table name="CL Delay Minimum (ECT)" address="c7474" />
  <table name="CL Delay Maximum (Engine Load)" address="c74fc" />
  <table name="CL Delay Engine Load Counter Threshold" address="c6f62" />
  <table name="CL Delay Maximum Engine Speed (Per Gear)" address="c7478" />
  <table name="CL Delay Maximum Engine Speed (Neutral)" address="c74a0" />
  <table name="Injector Latency_" address="cbfdc">
    <table name="X" address="cbfbc" />
    <table name="Y" address="cbfd0" />
  </table>
  <table name="Injector Flow Scaling" address="c7130" />
  <table name="Per Injector Pulse Width Compensation A" address="cb79c">
    <table name="X" address="cb714" />
    <table name="Y" address="cb758" elements="17" />
  </table>
  <table name="Per Injector Pulse Width Compensation B" address="cb948">
    <table name="X" address="cb8c0" />
    <table name="Y" address="cb904" elements="17" />
  </table>
  <table name="Per Injector Pulse Width Compensation C" address="cbaf4">
    <table name="X" address="cba6c" />
    <table name="Y" address="cbab0" elements="17" />
  </table>
  <table name="Per Injector Pulse Width Compensation D" address="cbca0">
    <table name="X" address="cbc18" />
    <table name="Y" address="cbc5c" elements="17" />
  </table>
  <table name="Cranking Fuel Injector Pulse Width A (ECT)" address="c8556">
    <table name="Y" address="c7894" />
  </table>
  <table name="Cranking Fuel Injector Pulse Width B (ECT)" address="c8576">
    <table name="Y" address="c7894" />
  </table>
  <table name="Cranking Fuel Injector Pulse Width C (ECT)" address="c8596">
    <table name="Y" address="c7894" />
  </table>
  <table name="Cranking Fuel Injector Pulse Width D (ECT)" address="c85b6">
    <table name="Y" address="c7894" />
  </table>
  <table name="Cranking Fuel Injector Pulse Width E (ECT)" address="c85d6">
    <table name="Y" address="c7894" />
  </table>
  <table name="Cranking Fuel Injector Pulse Width F (ECT)" address="c85f6">
    <table name="Y" address="c7894" />
  </table>
  <table name="Cranking Fuel IPW Compensation Imm. Cruise (RPM)" address="ca928">
    <table name="X" address="ca8f8" />
    <table name="Y" address="ca90c" />
  </table>
  <table name="Cranking Fuel IPW Compensation Imm. Non-Cruise (RPM)" address="ca8d4">
    <table name="X" address="ca8a4" />
    <table name="Y" address="ca8b8" />
  </table>
  <table name="Cranking Fuel IPW Compensation (MAP)" address="c7ad8">
    <table name="Y" address="c7ab0" />
  </table>
  <table name="Cranking Fuel IPW Compensation (Accelerator)" address="c7b0c">
    <table name="Y" address="c7ae4" elements="10" />
  </table>
  <table name="Cranking Fuel IPW Compensation (IAT)" address="c7b2c">
    <table name="Y" address="c7b18" />
  </table>
  <table name="Throttle Tip-in Enrichment A" address="c9f84">
    <table name="Y" address="c9f3c" />
  </table>
  <table name="Throttle Tip-in Enrichment B" address="c9ff0">
    <table name="Y" address="c9fa8" />
  </table>
  <table name="Minimum Tip-in Enrichment Activation" address="c778c" />
  <table name="Minimum Tip-in Enrichment Activation (Throttle)" address="c7788" />
  <table name="Tip-in Enrichment Compensation (Boost Error)" address="c83bc">
    <table name="Y" address="c8398" />
  </table>
  <table name="Tip-in Enrichment Compensation (RPM)" address="c8388">
    <table name="Y" address="c8348" elements="16" />
  </table>
  <table name="Tip-in Enrichment Compensation A (ECT)" address="c83c5">
    <table name="Y" address="c7894" />
  </table>
  <table name="Tip-in Enrichment Compensation B (ECT)" address="ca014">
    <table name="Y" address="c7894" />
  </table>
  <table name="Tip-in Enrichment Compensation C (ECT)" address="ca034">
    <table name="Y" address="c7894" />
  </table>
  <table name="Tip-in Enrichment Compensation D (ECT)" address="ca074">
    <table name="Y" address="c78d4" />
  </table>
  <table name="Tip-in Enrichment Compensation D (ECT) Activation" address="c7790" />
  <table name="Tip-in Enrichment Disable Applied Counter Threshold A (ECT)" address="c83d5">
    <table name="Y" address="c7894" />
  </table>
  <table name="Tip-in Enrichment Disable Applied Counter Threshold B (ECT)" address="c83e5">
    <table name="Y" address="c7894" />
  </table>
  <table name="Tip-in Enrichment Applied Counter Reset" address="c6f15" />
  <table name="Tip-in Enrichment Disable Throttle Cumulative Threshold A (ECT)" address="ca094">
    <table name="Y" address="c7894" />
  </table>
  <table name="Tip-in Enrichment Disable Throttle Cumulative Threshold B (ECT)" address="ca0b4">
    <table name="Y" address="c7894" />
  </table>
  <table name="Tip-in Throttle Cumulative Reset" address="c6f16" />
  <table name="Min Primary Base Enrichment 1 Cruise" address="cab80">
    <table name="X" address="c7894" />
    <table name="Y" address="cab5c" elements="9" />
  </table>
  <table name="Min Primary Base Enrichment 1 Non-Cruise" address="caadc">
    <table name="X" address="c7894" />
    <table name="Y" address="caabc" />
  </table>
  <table name="Min Primary Base Enrichment 1 (Non-Primary OL)_" address="c7b91">
    <table name="Y" address="c7894" />
  </table>
  <table name="A/F Learning #1 Limits" address="c7364" />
  <table name="A/F Learning #1 Airflow Ranges" address="c7374" />
  <table name="MAF Limit (Maximum)" address="c280c" />
  <table name="MAF Sensor Scaling" address="d308c">
    <table name="Y" address="d2fb4" />
  </table>
  <table name="MAF Compensation (IAT)" address="c2f84">
    <table name="X" address="c2f50" />
    <table name="Y" address="c2f64" />
  </table>
  <table name="Engine Load Limit A (Maximum)" address="202a0" />
  <table name="Engine Load Limit B Maximum (RPM)" address="c2bb0">
    <table name="Y" address="c2ba8" />
  </table>
  <table name="Engine Load Compensation Cruise (MP)" address="c3010">
    <table name="X" address="c2fac" />
    <table name="Y" address="c2fd8" elements="14" />
  </table>
  <table name="Engine Load Compensation Non-Cruise (MP)" address="c3110">
    <table name="X" address="c30ac" />
    <table name="Y" address="c30d8" elements="14" />
  </table>
  <table name="Base Timing Primary Cruise" address="cf9e4">
    <table name="X" address="cf960" />
    <table name="Y" address="cf99c" />
  </table>
  <table name="Base Timing Reference Cruise (AVCS related)" address="cfd0c">
    <table name="X" address="cfc88" />
    <table name="Y" address="cfcc4" />
  </table>
  <table name="Base Timing Primary Non-Cruise" address="cfb78">
    <table name="X" address="cfaf4" />
    <table name="Y" address="cfb30" />
  </table>
  <table name="Base Timing Reference Non-Cruise (AVCS related)" address="cfea0">
    <table name="X" address="cfe1c" />
    <table name="Y" address="cfe58" />
  </table>
  <table name="Base Timing Idle A (In-Gear)" address="cdf5a">
    <table name="Y" address="cdd04" />
  </table>
  <table name="Base Timing Idle B (In-Gear)" address="cdf6a">
    <table name="Y" address="cdd04" />
  </table>
  <table name="Base Timing Idle A (Neutral)" address="cdf7a">
    <table name="Y" address="cdd04" />
  </table>
  <table name="Base Timing Idle B (Neutral)" address="cdf8a">
    <table name="Y" address="cdd04" />
  </table>
  <table name="Base Timing Idle Minimum" address="cdf51">
    <table name="Y" address="cdd84" />
  </table>
  <table name="Base Timing Idle Minimum Vehicle Speed Enable" address="cdb14" />
  <table name="Knock Correction Advance Max Cruise" address="cf638">
    <table name="X" address="cf5b4" elements="15" />
    <table name="Y" address="cf5f0" />
  </table>
  <table name="Knock Correction Advance Max Non-Cruise" address="cf7cc">
    <table name="X" address="cf748" elements="15" />
    <table name="Y" address="cf784" />
  </table>
  <table name="Timing Compensation A (IAT)" address="ce03c">
    <table name="Y" address="cdffc" />
  </table>
  <table name="Timing Compensation A (IAT) Activation" address="cfff0">
    <table name="X" address="cffb0" />
    <table name="Y" address="cffd0" />
  </table>
  <table name="Timing Compensation B (IAT)" address="ce634">
    <table name="Y" address="ce5f4" />
  </table>
  <table name="Timing Compensation B (IAT) IAM Activation" address="cdcc0" />
  <table name="Timing Compensation B (IAT) Max Additive" address="cdca4" />
  <table name="Timing Compensation Imm. Cruise A (ECT)" address="cdfda">
    <table name="Y" address="cdd04" />
  </table>
  <table name="Timing Compensation Imm. Cruise B (ECT)" address="cdfea">
    <table name="Y" address="cdd04" />
  </table>
  <table name="Timing Compensation Imm. Non-Cruise A (ECT)" address="cdfba">
    <table name="Y" address="cdd04" />
  </table>
  <table name="Timing Compensation Imm. Non-Cruise B (ECT)" address="cdfca">
    <table name="Y" address="cdd04" />
  </table>
  <table name="Timing Compensation Per Cylinder A" address="cf1ec">
    <table name="X" address="cf1a0" />
    <table name="Y" address="cf1d8" elements="5" />
  </table>
  <table name="Timing Compensation Per Cylinder B" address="cf280">
    <table name="X" address="cf234" />
    <table name="Y" address="cf26c" elements="5" />
  </table>
  <table name="Timing Compensation Per Cylinder C" address="cf314">
    <table name="X" address="cf2c8" />
    <table name="Y" address="cf300" elements="5" />
  </table>
  <table name="Timing Compensation Per Cylinder D" address="cf3ac">
    <table name="X" address="cf35c" />
    <table name="Y" address="cf394" elements="6" />
  </table>
  <table name="Timing Comp Minimum Load (Per Cylinder)" address="cd87c" />
  <table name="Timing Comp Maximum RPM (Per Cylinder)" address="cd878" />
  <table name="Timing Comp Minimum Coolant Temp (Per Cylinder)" address="cd880" />
  <table name="Feedback Correction Range (RPM)" address="cd88c" />
  <table name="Feedback Correction Minimum Load" address="cd884" />
  <table name="Feedback Correction Retard Value" address="cd8ac" />
  <table name="Feedback Correction Retard Limit" address="cd8a8" />
  <table name="Feedback Correction Negative Advance Value" address="cd8b0" />
  <table name="Feedback Correction Negative Advance Delay" address="cd7f2" />
  <table name="Extended Feedback Correction High RPM Compensation" address="cd8b8" />
  <table name="Fine Correction Range (RPM)" address="cda0c" />
  <table name="Fine Correction Range (Load)" address="cda1c" />
  <table name="Fine Correction Rows (RPM)" address="cd9c8" />
  <table name="Fine Correction Columns (Load)" address="cd9e4" />
  <table name="Fine Correction Retard Value" address="cda08" />
  <table name="Fine Correction Retard Limit" address="cda04" />
  <table name="Fine Correction Advance Value" address="cda00" />
  <table name="Fine Correction Advance Limit" address="cd9fc" />
  <table name="Fine Correction Advance Delay" address="cd802" />
  <table name="Rough Correction Range (RPM)" address="cd978" />
  <table name="Rough Correction Range (Load)" address="cd988" />
  <table name="Rough Correction Minimum KC Advance Map Value" address="cd998" />
  <table name="Rough Correction Learning Delay (Increasing)_" address="ce824">
    <table name="Y" address="ce7fc" />
  </table>
  <table name="Advance Multiplier (Initial)" address="cd99c" />
  <table name="Advance Multiplier Step Value" address="cd9a0" />
  <table name="Intake Cam Advance Angle Cruise (AVCS)" address="d4ca0">
    <table name="X" address="d4c24" elements="15" />
    <table name="Y" address="d4c60" elements="16" />
  </table>
  <table name="Intake Cam Advance Angle Non-Cruise (AVCS)" address="d4efc">
    <table name="X" address="d4e80" elements="15" />
    <table name="Y" address="d4ebc" elements="16" />
  </table>
  <table name="Requested Torque A (Accelerator Pedal)" address="dd698">
    <table name="X" address="dd618" />
    <table name="Y" address="dd654" />
  </table>
  <table name="Requested Torque B (Accelerator Pedal)" address="dd918">
    <table name="X" address="dd898" />
    <table name="Y" address="dd8d4" />
  </table>
  <table name="Requested Torque C (Accelerator Pedal)" address="ddb98">
    <table name="X" address="ddb18" />
    <table name="Y" address="ddb54" />
  </table>
  <table name="Requested Torque Base (RPM)" address="dc838">
    <table name="Y" address="dc7f8" />
  </table>
  <table name="Target Throttle Plate Position Cruise (Requested Torque Ratio)" address="dcce8">
    <table name="X" address="dcc68" elements="16" />
    <table name="Y" address="dcca8" />
  </table>
  <table name="Target Throttle Plate Position Non-Cruise (Requested Torque Ratio)" address="dcf68">
    <table name="X" address="dcee8" elements="16" />
    <table name="Y" address="dcf28" />
  </table>
  <table name="Target Throttle Plate Position Maximum (Requested Torque Ratio)" address="dd1e8">
    <table name="X" address="dd168" elements="16" />
    <table name="Y" address="dd1a8" />
  </table>
  <table name="Rev Limit (Fuel Cut)" address="c77e8" />
  <table name="Rev Limit Fuel Resume (Boost)" address="c77f0" />
  <table name="Speed Limiting Enable (Fuel Cut)" address="c7838" />
  <table name="Speed Limiting Disable (Fuel Cut)" address="c7840" />
  <table name="Speed Limiting A (Throttle)" address="dc644" />
  <table name="Speed Limiting B (Throttle)" address="dc65c" />
  <table name="Intake Temp Sensor Scaling" address="d2ebc">
    <table name="Y" address="d2e44" />
  </table>
  <table name="Coolant Temp Sensor Scaling" address="d2dd4">
    <table name="Y" address="d2d64" />
  </table>
  <table name="Radiator Fan Modes A (ECT)" address="d345c" />
  <table name="Radiator Fan Modes B (ECT)" address="d346c" />
  <table name="Radiator Fan Modes (Veh. Speed)" address="d347c" />
  <table name="Gear Determination Thresholds A" address="c2a04" />
  <table name="Gear Determination Thresholds B" address="c2a18" />
  <table name="Gear Determination Thresholds C" address="c2a2c" />
  <table name="Idle Speed Target A" address="d1230">
    <table name="Y" address="d0bc8" />
  </table>
  <table name="Idle Speed Target B" address="d1270">
    <table name="Y" address="d0bc8" />
  </table>
  <table name="Idle Speed Target C" address="d12b0">
    <table name="Y" address="d0bc8" />
  </table>
  <table name="Force Pass Readiness Monitors_" address="81228" />
  <table name="(P0000) PASS CODE (NO DTC DETECTED)" address="7651b" />
  <table name="(P0000) PASS CODE (NO DTC DETECTED)_" address="7651c" />
  <table name="(P0011) CAMSHAFT POS. - TIMING OVER-ADVANCED 1" address="764ff" />
  <table name="(P0016) CRANKSHAFT/CAMSHAFT CORRELATION 1A" address="76592" />
  <table name="(P0018) CRANKSHAFT/CAMSHAFT CORRELATION 2A" address="76591" />
  <table name="(P0021) CAMSHAFT POS. - TIMING OVER-ADVANCED 2" address="76500" />
  <table name="(P0030) FRONT O2 SENSOR RANGE/PERF" address="76540" />
  <table name="(P0031) FRONT O2 SENSOR LOW INPUT" address="7652a" />
  <table name="(P0032) FRONT O2 SENSOR HIGH INPUT" address="76528" />
  <table name="(P0037) REAR O2 SENSOR LOW INPUT" address="76529" />
  <table name="(P0038) REAR O2 SENSOR HIGH INPUT" address="76527" />
  <table name="(P0102) MAF SENSOR LOW INPUT" address="764d9" />
  <table name="(P0103) MAF SENSOR HIGH INPUT" address="764da" />
  <table name="(P0107) MAP SENSOR LOW INPUT" address="7652b" />
  <table name="(P0108) MAP SENSOR HIGH INPUT" address="7652c" />
  <table name="(P0112) IAT SENSOR LOW INPUT" address="76524" />
  <table name="(P0113) IAT SENSOR HIGH INPUT" address="76525" />
  <table name="(P0117) COOLANT TEMP SENSOR LOW INPUT" address="764e2" />
  <table name="(P0118) COOLANT TEMP SENSOR HIGH INPUT" address="764e3" />
  <table name="(P0122) TPS A LOW INPUT" address="764e0" />
  <table name="(P0123) TPS A HIGH INPUT" address="764e1" />
  <table name="(P0125) INSUFFICIENT COOLANT TEMP (FUELING)" address="764e5" />
  <table name="(P0131) FRONT O2 SENSOR LOW INPUT" address="7651e" />
  <table name="(P0132) FRONT O2 SENSOR HIGH INPUT" address="76520" />
  <table name="(P0133) FRONT O2 SENSOR SLOW RESPONSE" address="76508" />
  <table name="(P0134) FRONT O2 SENSOR NO ACTIVITY" address="7653e" />
  <table name="(P0140) REAR O2 SENSOR NO ACTIVITY" address="7658c" />
  <table name="(P0171) SYSTEM TOO LEAN" address="76512" />
  <table name="(P0172) SYSTEM TOO RICH" address="76513" />
  <table name="(P0222) TPS B LOW INPUT" address="76548" />
  <table name="(P0223) TPS B HIGH INPUT" address="76549" />
  <table name="(P0230) FUEL PUMP PRIMARY CIRCUIT" address="7653a" />
  <table name="(P0244) WASTEGATE SOLENOID A RANGE/PERF" address="76538" />
  <table name="(P0245) WASTEGATE SOLENOID A LOW" address="76536" />
  <table name="(P0246) WASTEGATE SOLENOID A HIGH" address="76537" />
  <table name="(P0301) MISFIRE CYLINDER 1" address="76514" />
  <table name="(P0302) MISFIRE CYLINDER 2" address="76515" />
  <table name="(P0303) MISFIRE CYLINDER 3" address="76516" />
  <table name="(P0304) MISFIRE CYLINDER 4" address="76517" />
  <table name="(P0327) KNOCK SENSOR 1 LOW INPUT" address="764de" />
  <table name="(P0328) KNOCK SENSOR 1 HIGH INPUT" address="764df" />
  <table name="(P0335) CRANKSHAFT POS. SENSOR A MALFUNCTION" address="764d4" />
  <table name="(P0340) CAMSHAFT POS. SENSOR A MALFUNCTION" address="7655c" />
  <table name="(P0345) CAMSHAFT POS. SENSOR A BANK 2" address="7655b" />
  <table name="(P0410) SECONDARY AIR PUMP SYSTEM" address="76586" />
  <table name="(P0413) SECONDARY AIR PUMP A OPEN" address="7658a" />
  <table name="(P0414) SECONDARY AIR PUMP A SHORTED" address="7658f" />
  <table name="(P0418) SECONDARY AIR PUMP RELAY A" address="7658b" />
  <table name="(P0420) CAT EFFICIENCY BELOW THRESHOLD" address="7650e" />
  <table name="(P0458) EVAP PURGE VALVE CIRCUIT LOW" address="76503" />
  <table name="(P0459) EVAP PURGE VALVE CIRCUIT HIGH" address="76504" />
  <table name="(P0462) FUEL LEVEL SENSOR LOW INPUT" address="764e6" />
  <table name="(P0463) FUEL LEVEL SENSOR HIGH INPUT" address="764e7" />
  <table name="(P0500) VEHICLE SPEED SENSOR A" address="764db" />
  <table name="(P0512) STARTER REQUEST CIRCUIT" address="764ea" />
  <table name="(P0600) SERIAL COMMUNICATION LINK" address="76558" />
  <table name="(P0604) CONTROL MODULE RAM ERROR" address="764d8" />
  <table name="(P0605) CONTROL MODULE ROM ERROR" address="7655d" />
  <table name="(P0607) CONTROL MODULE PERFORMANCE" address="76550" />
  <table name="(P0638) THROTTLE ACTUATOR RANGE/PERF" address="7654f" />
  <table name="(P0691) RADIATOR FAN CIRCUIT LOW" address="764fd" />
  <table name="(P0692) RADIATOR FAN CIRCUIT HIGH" address="764fe" />
  <table name="(P0700) TRANSMISSION CONTROL SYSTEM" address="76569" />
  <table name="(P0851) NEUTRAL SWITCH INPUT LOW" address="764ee" />
  <table name="(P0852) NEUTRAL SWITCH INPUT HIGH" address="764f2" />
  <table name="(P1160) ABNORMAL RETURN SPRING" address="7654a" />
  <table name="(P1410) SECONDARY AIR PUMP VALVE STUCK OPEN" address="76593" />
  <table name="(P1418) SECONDARY AIR PUMP CIRCUIT SHORTED" address="76590" />
  <table name="(P1519) IMRC STUCK CLOSED" address="7659e" />
  <table name="(P1520) IMRC CIRCUIT MALFUNCTION" address="7659d" />
  <table name="(P1560) BACK-UP VOLTAGE MALFUNCTION" address="76533" />
  <table name="(P1616) SBDS INTERACTIVE CODES" address="7659c" />
  <table name="(P2004) TGV - INTAKE MANIFOLD RUNNER 1 STUCK OPEN" address="76574" />
  <table name="(P2005) TGV - INTAKE MANIFOLD RUNNER 2 STUCK OPEN" address="76576" />
  <table name="(P2006) TGV - INTAKE MANIFOLD RUNNER 1 STUCK CLOSED" address="76575" />
  <table name="(P2007) TGV - INTAKE MANIFOLD RUNNER 2 STUCK CLOSED" address="76577" />
  <table name="(P2008) TGV - INTAKE MANIFOLD RUNNER 1 CIRCUIT OPEN" address="76582" />
  <table name="(P2009) TGV - INTAKE MANIFOLD RUNNER 1 CIRCUIT LOW" address="76580" />
  <table name="(P2011) TGV - INTAKE MANIFOLD RUNNER 2 CIRCUIT OPEN" address="76583" />
  <table name="(P2012) TGV - INTAKE MANIFOLD RUNNER 2 CIRCUIT LOW" address="76581" />
  <table name="(P2016) TGV - INTAKE MANIFOLD RUNNER 1 POS. SENSOR LOW" address="7657c" />
  <table name="(P2017) TGV - INTAKE MANIFOLD RUNNER 1 POS. SENSOR HIGH" address="7657d" />
  <table name="(P2021) TGV - INTAKE MANIFOLD RUNNER 2 POS. SENSOR LOW" address="7657e" />
  <table name="(P2022) TGV - INTAKE MANIFOLD RUNNER 2 POS. SENSOR HIGH" address="7657f" />
  <table name="(P2088) OCV SOLENOID A1 CIRCUIT OPEN" address="76565" />
  <table name="(P2089) OCV SOLENOID A1 CIRCUIT SHORT" address="76564" />
  <table name="(P2092) OCV SOLENOID A2 CIRCUIT OPEN" address="76563" />
  <table name="(P2093) OCV SOLENOID A2 CIRCUIT SHORT" address="76562" />
  <table name="(P2101) THROTTLE ACTUATOR CIRCUIT RANGE/PERF" address="7654d" />
  <table name="(P2102) THROTTLE ACTUATOR CIRCUIT LOW" address="7654b" />
  <table name="(P2103) THROTTLE ACTUATOR CIRCUIT HIGH" address="7654c" />
  <table name="(P2109) TPS A MINIMUM STOP PERF" address="76547" />
  <table name="(P2122) TPS D CIRCUIT LOW INPUT" address="76554" />
  <table name="(P2123) TPS D CIRCUIT HIGH INPUT" address="76555" />
  <table name="(P2127) TPS E CIRCUIT LOW INPUT" address="76552" />
  <table name="(P2128) TPS E CIRCUIT HIGH INPUT" address="76553" />
  <table name="(P2135) TPS A/B VOLTAGE" address="76556" />
  <table name="(P2138) TPS D/E VOLTAGE" address="76551" />
  <table name="(P2419) EVAP SWITCHING VALVE LOW" address="765a0" />
  <table name="(P2420) EVAP SWITCHING VALVE HIGH" address="765a1" />
  <table name="(P2432) SECONDARY AIR PUMP CIRCUIT LOW" address="76589" />
  <table name="(P2433) SECONDARY AIR PUMP CIRCUIT HIGH" address="76588" />
  <table name="(P2441) SECONDARY AIR PUMP VALVE 1 STUCK CLOSED" address="76596" />
  <table name="(P2444) SECONDARY AIR PUMP 1 STUCK ON B1" address="76584" />
  <table name="(P2503) CHARGING SYSTEM VOLTAGE LOW" address="76573" />
  <table name="(P2504) CHARGING SYSTEM VOLTAGE HIGH" address="76572" />
</rom>