<rom>
  <romid>
    <xmlid>A2WC500R</xmlid>
    <internalidaddress>2000</internalidaddress>
    <internalidstring>A2WC500R</internalidstring>
    <ecuid>2F12515106</ecuid>
    <year>05</year>
    <market>USDM</market>
    <make>Subaru</make>
    <model>Outback</model>
    <submodel>XT</submodel>
    <transmission>AT</transmission>
    <memmodel>SH7058</memmodel>
    <flashmethod>sti05</flashmethod>
    <checksummodule>subarudbw</checksummodule>
  </romid>
  <include>A2WC500C</include>
</rom>