<rom>
  <romid>
    <xmlid>E2VH101C</xmlid>
    <internalidaddress>2000</internalidaddress>
    <internalidstring>E2VH101C</internalidstring>
    <ecuid>4312044006</ecuid>
    <year>06</year>
    <market>USDM</market>
    <make>Subaru</make>
    <model>Impreza</model>
    <submodel>2.5i</submodel>
    <transmission>MT/AT</transmission>
    <memmodel>SH7058</memmodel>
    <flashmethod>sti05</flashmethod>
    <checksummodule>subarudbw</checksummodule>
  </romid>
  <include>E2VH102C</include>
</rom>