<rom>
  <romid>
    <xmlid>D0XJ002B</xmlid>
    <internalidaddress>2000</internalidaddress>
    <internalidstring>D0XJ002B</internalidstring>
    <ecuid>401A344206</ecuid>
    <year>06</year>
    <market>USDM</market>
    <make>Subaru</make>
    <model>B9 Tribeca</model>
    <submodel />
    <transmission>AT</transmission>
    <memmodel>SH7058</memmodel>
    <flashmethod>sti05</flashmethod>
    <checksummodule>subarudbw</checksummodule>
  </romid>
  <include>32BITBASE</include>
  <table name="Manifold Pressure Sensor Scaling" address="c0274" />
  <table name="Manifold Pressure Sensor Limits (CEL)" address="cb390" />
  <table name="Manifold Pressure Sensor CEL Delays" address="c291d" />
  <table name="Primary Open Loop Fueling A_" address="c71e8">
    <table name="X" address="c7184" elements="14" />
    <table name="Y" address="c71bc" elements="11" />
  </table>
  <table name="Primary Open Loop Fueling B_" address="c72e8">
    <table name="X" address="c7284" elements="14" />
    <table name="Y" address="c72bc" elements="11" />
  </table>
  <table name="Front Oxygen Sensor #1 Scaling" address="cb798">
    <table name="Y" address="cb764" />
  </table>
  <table name="Front Oxygen Sensor #2 Scaling" address="cb800">
    <table name="Y" address="cb7cc" />
  </table>
  <table name="Front Oxygen Sensor Rich Limit" address="1d988" />
  <table name="Front Oxygen Sensor Compensation (Atm. Pressure)" address="c18a8">
    <table name="Y" address="c1898" />
  </table>
  <table name="CL Fueling Target Compensation A (Load)" address="c7508">
    <table name="X" address="c74b0" elements="9" />
    <table name="Y" address="c74d4" elements="13" />
  </table>
  <table name="CL Fueling Target Compensation B (Load)" address="c764c">
    <table name="X" address="c75f4" elements="9" />
    <table name="Y" address="c7618" elements="13" />
  </table>
  <table name="CL Fueling Target Compensation (ECT)_" address="c6a72">
    <table name="Y" address="c5c24" />
  </table>
  <table name="CL Fueling Target Compensation (ECT) Disable" address="c5b38" />
  <table name="CL to OL Delay (Atm. Pressure)" address="c66dc">
    <table name="Y" address="c66c0" />
  </table>
  <table name="CL to OL Transition with Delay A (Throttle)" address="c5f74">
    <table name="Y" address="c5f6c" elements="2" />
  </table>
  <table name="CL to OL Transition with Delay B (Throttle)" address="c5f80">
    <table name="Y" address="c5f78" elements="2" />
  </table>
  <table name="CL to OL Transition with Delay Throttle Hysteresis" address="c57c0" />
  <table name="CL to OL Transition with Delay (Base Pulse Width)" address="c672c">
    <table name="Y" address="c66ec" />
  </table>
  <table name="CL to OL Transition with Delay BPW Hysteresis" address="c57c4" />
  <table name="CL Delay Minimum (ECT)" address="c57c8" />
  <table name="CL Delay Maximum Engine Speed A" address="c57cc" />
  <table name="CL Delay Maximum Engine Speed B" address="c57d8" />
  <table name="CL Delay Engine Speed B Counter Threshold" address="c5518" />
  <table name="CL Delay Maximum (Throttle) A" address="c57d4" />
  <table name="CL Delay Throttle A Counter Threshold" address="c5516" />
  <table name="Injector Latency_" address="cbcec">
    <table name="X" address="cbccc" />
    <table name="Y" address="cbce0" />
  </table>
  <table name="Injector Flow Scaling_" address="c56b4" />
  <table name="Cranking Fuel Injector Pulse Width A (ECT)" address="c624a">
    <table name="Y" address="c5c24" />
  </table>
  <table name="Cranking Fuel Injector Pulse Width B (ECT)" address="c626a">
    <table name="Y" address="c5c24" />
  </table>
  <table name="Cranking Fuel Injector Pulse Width C (ECT)" address="c628a">
    <table name="Y" address="c5c24" />
  </table>
  <table name="Cranking Fuel Injector Pulse Width D (ECT)" address="c62aa">
    <table name="Y" address="c5c24" />
  </table>
  <table name="Cranking Fuel IPW Compensation (RPM)" address="c7048">
    <table name="X" address="c7004" />
    <table name="Y" address="c7018" elements="12" />
  </table>
  <table name="Cranking Fuel IPW Compensation (MAP)" address="c5e24">
    <table name="Y" address="c5dfc" />
  </table>
  <table name="Cranking Fuel IPW Compensation (Accelerator)" address="c5e48">
    <table name="Y" address="c5e30" />
  </table>
  <table name="Throttle Tip-in Enrichment A" address="c67f0">
    <table name="Y" address="c67dc" elements="5" />
  </table>
  <table name="Throttle Tip-in Enrichment B" address="c6810">
    <table name="Y" address="c67fc" elements="5" />
  </table>
  <table name="Minimum Tip-in Enrichment Activation" address="c5958" />
  <table name="Minimum Tip-in Enrichment Activation (Throttle)" address="c5954" />
  <table name="Tip-in Enrichment Compensation (RPM)" address="c5fe0">
    <table name="Y" address="c5fbc" />
  </table>
  <table name="Tip-in Enrichment Compensation (MRP)" address="c600c">
    <table name="Y" address="c5fec" elements="8" />
  </table>
  <table name="Tip-in Enrichment Compensation A (ECT)" address="c6014">
    <table name="Y" address="c5c24" />
  </table>
  <table name="Tip-in Enrichment Compensation B (ECT)" address="c681a">
    <table name="Y" address="c5c24" />
  </table>
  <table name="Tip-in Enrichment Compensation D (ECT)_" address="c683a">
    <table name="Y" address="c5c64" />
  </table>
  <table name="Tip-in Enrichment Compensation D (ECT) Activation_" address="c5960" />
  <table name="Tip-in Enrichment Disable Applied Counter Threshold" address="c54c0" />
  <table name="Tip-in Enrichment Applied Counter Reset" address="c54c1" />
  <table name="Tip-in Enrichment Disable Throttle Cumulative Threshold" address="c595c" />
  <table name="Tip-in Throttle Cumulative Reset" address="c54c2" />
  <table name="A/F Learning Max Limit (ECT)" address="c66a0">
    <table name="Y" address="c5c24" />
  </table>
  <table name="A/F Learning Min Limit (ECT)" address="c6680">
    <table name="Y" address="c5c24" />
  </table>
  <table name="A/F Learning Airflow Ranges" address="c573c" />
  <table name="MAF Limit (Maximum)_" address="c17c8">
    <table name="Y" address="c17c0" />
  </table>
  <table name="MAF Sensor Scaling" address="cb654">
    <table name="Y" address="cb5a4" elements="44" />
  </table>
  <table name="MAF Compensation (IAT)" address="c1ef8">
    <table name="X" address="c1ec4" />
    <table name="Y" address="c1ed8" />
  </table>
  <table name="Engine Load Limit (Maximum)" address="1be1c" />
  <table name="Engine Load Compensation (MP)" address="c1e58">
    <table name="X" address="c1e04" elements="9" />
    <table name="Y" address="c1e28" elements="12" />
  </table>
  <table name="Base Timing A" address="c9268">
    <table name="X" address="c8028" />
    <table name="Y" address="c9230" elements="14" />
  </table>
  <table name="Base Timing B" address="c9374">
    <table name="X" address="c8028" />
    <table name="Y" address="c933c" elements="14" />
  </table>
  <table name="Base Timing C" address="c9498">
    <table name="X" address="c8028" />
    <table name="Y" address="c9448" elements="20" />
  </table>
  <table name="Base Timing D" address="c9614">
    <table name="X" address="c8028" />
    <table name="Y" address="c95c4" elements="20" />
  </table>
  <table name="Base Timing E" address="c9778">
    <table name="X" address="c8028" />
    <table name="Y" address="c9740" elements="14" />
  </table>
  <table name="Base Timing F" address="c9884">
    <table name="X" address="c8028" />
    <table name="Y" address="c984c" elements="14" />
  </table>
  <table name="Base Timing G" address="c99a8">
    <table name="X" address="c8028" />
    <table name="Y" address="c9958" elements="20" />
  </table>
  <table name="Base Timing H" address="c9b24">
    <table name="X" address="c8028" />
    <table name="Y" address="c9ad4" elements="20" />
  </table>
  <table name="Base Timing Idle" address="c8afc">
    <table name="Y" address="c8004" elements="9" />
  </table>
  <table name="Base Timing Idle (Below Speed Threshold)_" address="c8af3">
    <table name="Y" address="c8004" />
  </table>
  <table name="Base Timing Idle (Above Speed Threshold)" address="c8aea">
    <table name="Y" address="c8004" />
  </table>
  <table name="Base Timing Idle Vehicle Speed Threshold" address="c7fc4" />
  <table name="Knock Correction Advance Max A" address="c8f90">
    <table name="X" address="c8f1c" elements="15" />
    <table name="Y" address="c8f58" elements="14" />
  </table>
  <table name="Knock Correction Advance Max B" address="c90f4">
    <table name="X" address="c9064" elements="15" />
    <table name="Y" address="c90a0" elements="21" />
  </table>
  <table name="Timing Compensation (IAT)" address="c8268">
    <table name="Y" address="c8228" />
  </table>
  <table name="Timing Comp Min Load (IAT)" address="c7d5c" />
  <table name="Timing Compensation A (ECT)" address="c81e5">
    <table name="Y" address="c80b8" />
  </table>
  <table name="Timing Compensation B (ECT)" address="c81f5">
    <table name="Y" address="c80b8" />
  </table>
  <table name="Timing Compensation C (ECT)" address="c8205">
    <table name="Y" address="c80b8" />
  </table>
  <table name="Timing Compensation D (ECT)" address="c8215">
    <table name="Y" address="c80b8" />
  </table>
  <table name="Feedback Correction Range (RPM)" address="c7ec0" />
  <table name="Feedback Correction Minimum Load_" address="c8bb0">
    <table name="Y" address="c8ba8" elements="2" />
  </table>
  <table name="Feedback Correction Retard Value" address="c7eac" />
  <table name="Feedback Correction Retard Limit" address="c7ea8" />
  <table name="Feedback Correction Negative Advance Value" address="c7eb0" />
  <table name="Feedback Correction Negative Advance Delay" address="c7c9a" />
  <table name="Fine Correction Range (RPM)" address="c7f34" />
  <table name="Fine Correction Range (Load)" address="c7f44" />
  <table name="Fine Correction Rows (RPM)_" address="c7f70" />
  <table name="Fine Correction Columns (Load)_" address="c7f54" />
  <table name="Fine Correction Retard Value_" address="c8ea0">
    <table name="Y" address="c8e6c" />
  </table>
  <table name="Fine Correction Retard Limit" address="c7f2c" />
  <table name="Fine Correction Advance Value" address="c7f30" />
  <table name="Fine Correction Advance Limit" address="c7f28" />
  <table name="Fine Correction Advance Delay" address="c7ca2" />
  <table name="Rough Correction Range (RPM)" address="c7ee0" />
  <table name="Rough Correction Range (Load)" address="c7ef0" />
  <table name="Rough Correction Minimum KC Advance Map Value" address="c7f00" />
  <table name="Rough Correction Learning Delay (Increasing)" address="c8ac4">
    <table name="Y" address="c8a9c" />
  </table>
  <table name="Advance Multiplier (Initial)" address="c7edc" />
  <table name="Advance Multiplier Step Value" address="c7f04" />
  <table name="Requested Torque A (Accelerator Pedal)" address="dd2b0">
    <table name="X" address="dd21c" elements="17" />
    <table name="Y" address="dd260" elements="20" />
  </table>
  <table name="Requested Torque B (Accelerator Pedal)" address="dd5ec">
    <table name="X" address="dd558" elements="17" />
    <table name="Y" address="dd59c" elements="20" />
  </table>
  <table name="Target Throttle Plate Position A (Requested Torque)" address="dbed8">
    <table name="X" address="dbe1c" elements="26" />
    <table name="Y" address="dbe84" elements="21" />
  </table>
  <table name="Target Throttle Plate Position B (Requested Torque)" address="dc3d8">
    <table name="X" address="dc31c" elements="26" />
    <table name="Y" address="dc384" elements="21" />
  </table>
  <table name="Target Throttle Plate Position C (Requested Torque)" address="dc8d8">
    <table name="X" address="dc81c" elements="26" />
    <table name="Y" address="dc884" elements="21" />
  </table>
  <table name="Target Throttle Plate Position D (Requested Torque)" address="dcdd8">
    <table name="X" address="dcd1c" elements="26" />
    <table name="Y" address="dcd84" elements="21" />
  </table>
  <table name="Rev Limit A" address="c59c4" />
  <table name="Rev Limit B" address="c59cc" />
  <table name="Fuel Temp Sensor Scaling" address="cb4ac">
    <table name="Y" address="cb434" />
  </table>
  <table name="Intake Temp Sensor Scaling" address="c04a8">
    <table name="Y" address="c0430" />
  </table>
  <table name="Coolant Temp Sensor Scaling" address="c03c0">
    <table name="Y" address="c0350" />
  </table>
  <table name="Radiator Fan Modes A (ECT)" address="cbec8" />
  <table name="Radiator Fan Modes B (ECT)" address="cbed8" />
  <table name="Radiator Fan Modes C (ECT)" address="cbee8" />
  <table name="Radiator Fan Modes (Veh. Speed)" address="cbe70" />
  <table name="Atmospheric Pressure Sensor Scaling_" address="c02c4" />
  <table name="Idle Speed Target A" address="ca430">
    <table name="Y" address="ca180" />
  </table>
  <table name="Idle Speed Target B" address="ca450">
    <table name="Y" address="ca180" />
  </table>
  <table name="Idle Speed Target C" address="ca470">
    <table name="Y" address="ca180" />
  </table>
  <table name="Idle Speed Target D" address="ca490">
    <table name="Y" address="ca180" />
  </table>
  <table name="Idle Speed Target E" address="ca4b0">
    <table name="Y" address="ca180" />
  </table>
  <table name="Idle Speed Target F" address="ca4d0">
    <table name="Y" address="ca180" />
  </table>
  <table name="Force Pass Readiness Monitors" address="80b46" />
  <table name="(P0000) PASS CODE (NO DTC DETECTED)" address="8fe4a" />
  <table name="(P0000) PASS CODE (NO DTC DETECTED)_" address="8fe4b" />
  <table name="(P0011) CAMSHAFT POS. - TIMING OVER-ADVANCED 1" address="8fe2e" />
  <table name="(P0016) CRANKSHAFT/CAMSHAFT CORRELATION 1A" address="8fe9d" />
  <table name="(P0018) CRANKSHAFT/CAMSHAFT CORRELATION 2A" address="8fe9c" />
  <table name="(P0021) CAMSHAFT POS. - TIMING OVER-ADVANCED 2" address="8fe2f" />
  <table name="(P0026) OSV SOLENOID VALVE CIRCUIT RANGE/PERF B1" address="8fe8f" />
  <table name="(P0028) OSV SOLENOID VALVE CIRCUIT RANGE/PERF B2" address="8fe8c" />
  <table name="(P0030) FRONT O2 SENSOR RANGE/PERF" address="8fe69" />
  <table name="(P0031) FRONT O2 SENSOR LOW INPUT" address="8fe59" />
  <table name="(P0032) FRONT O2 SENSOR HIGH INPUT" address="8fe57" />
  <table name="(P0037) REAR O2 SENSOR LOW INPUT" address="8fe58" />
  <table name="(P0038) REAR O2 SENSOR HIGH INPUT" address="8fe56" />
  <table name="(P0050) HO2S CIRCUIT RANGE/PERF B2 S1" address="8fe68" />
  <table name="(P0051) HO2S CIRCUIT LOW B2 S1" address="8fe5f" />
  <table name="(P0052) HO2S CIRCUIT HIGH B2 S1" address="8fe5e" />
  <table name="(P0057) HO2S CIRCUIT LOW B2 S2" address="8fe6b" />
  <table name="(P0058) HO2S CIRCUIT HIGH B2 S2" address="8fe6c" />
  <table name="(P0068) MAP SENSOR RANGE/PERF" address="8fe63" />
  <table name="(P0076) INTAKE VALVE CIRCUIT LOW (BANK 1)" address="8fe91" />
  <table name="(P0077) INTAKE VALVE CONTROL HIGH (BANK 1)" address="8fe90" />
  <table name="(P0082) INTAKE VALVE CONTROL LOW (BANK 2)" address="8fe8e" />
  <table name="(P0083) INTAKE VALVE CONTROL HIGH (BANK 2)" address="8fe8d" />
  <table name="(P0101) MAF SENSOR RANGE/PERF" address="8fe65" />
  <table name="(P0102) MAF SENSOR LOW INPUT" address="8fe07" />
  <table name="(P0103) MAF SENSOR HIGH INPUT" address="8fe08" />
  <table name="(P0107) MAP SENSOR LOW INPUT" address="8fe5a" />
  <table name="(P0108) MAP SENSOR HIGH INPUT" address="8fe5b" />
  <table name="(P0111) IAT SENSOR RANGE/PERF" address="8fe55" />
  <table name="(P0112) IAT SENSOR LOW INPUT" address="8fe53" />
  <table name="(P0113) IAT SENSOR HIGH INPUT" address="8fe54" />
  <table name="(P0117) COOLANT TEMP SENSOR LOW INPUT" address="8fe10" />
  <table name="(P0118) COOLANT TEMP SENSOR HIGH INPUT" address="8fe11" />
  <table name="(P0122) TPS A LOW INPUT" address="8fe0e" />
  <table name="(P0123) TPS A HIGH INPUT" address="8fe0f" />
  <table name="(P0125) INSUFFICIENT COOLANT TEMP (FUELING)" address="8fe13" />
  <table name="(P0126) INSUFFICIENT COOLANT TEMP (OPERATION)" address="8fe97" />
  <table name="(P0128) THERMOSTAT MALFUNCTION" address="8fe60" />
  <table name="(P0131) FRONT O2 SENSOR LOW INPUT" address="8fe4d" />
  <table name="(P0132) FRONT O2 SENSOR HIGH INPUT" address="8fe4f" />
  <table name="(P0133) FRONT O2 SENSOR SLOW RESPONSE" address="8fe37" />
  <table name="(P0134) FRONT O2 SENSOR NO ACTIVITY" address="8fe67" />
  <table name="(P0137) REAR O2 SENSOR LOW VOLTAGE" address="8fe4c" />
  <table name="(P0138) REAR O2 SENSOR HIGH VOLTAGE" address="8fe51" />
  <table name="(P0139) REAR O2 SENSOR SLOW RESPONSE" address="8fe38" />
  <table name="(P0140) REAR O2 SENSOR NO ACTIVITY" address="8fe9a" />
  <table name="(P0151) O2 SENSOR CIRCUIT LOW B2 S1" address="8fe4e" />
  <table name="(P0152) O2 SENSOR CIRCUIT HIGH B2 S1" address="8fe50" />
  <table name="(P0153) O2 SENSOR CIRCUIT SLOW RESPONSE B2 S1" address="8fe52" />
  <table name="(P0154) O2 SENSOR CIRCUIT OPEN B2 S1" address="8fe66" />
  <table name="(P0157) O2 SENSOR CIRCUIT LOW B2 S2" address="8fe6d" />
  <table name="(P0158) O2 SENSOR CIRCUIT HIGH B2 S2" address="8fe6e" />
  <table name="(P0159) O2 SENSOR CIRCUIT SLOW RESPONSE B2 S2" address="8fe6a" />
  <table name="(P0160) O2 SENSOR NO ACTIVITY B2 S2" address="8fe9b" />
  <table name="(P0171) SYSTEM TOO LEAN" address="8fe41" />
  <table name="(P0172) SYSTEM TOO RICH" address="8fe42" />
  <table name="(P0174) SYSTEM TOO LEAN B2" address="8fe3b" />
  <table name="(P0175) SYSTEM TOO RICH B2" address="8fe3c" />
  <table name="(P0181) FUEL TEMP SENSOR A RANGE/PERF" address="8fe1f" />
  <table name="(P0182) FUEL TEMP SENSOR A LOW INPUT" address="8fe1d" />
  <table name="(P0183) FUEL TEMP SENSOR A HIGH INPUT" address="8fe1e" />
  <table name="(P0196) OIL TEMP SENSOR RANGE/PERF" address="8fe92" />
  <table name="(P0197) OIL TEMP SENSOR LOW" address="8fe88" />
  <table name="(P0198) OIL TEMP SENSOR HIGH" address="8fe93" />
  <table name="(P0222) TPS B LOW INPUT" address="8fe70" />
  <table name="(P0223) TPS B HIGH INPUT" address="8fe71" />
  <table name="(P0230) FUEL PUMP PRIMARY CIRCUIT" address="8fe62" />
  <table name="(P0301) MISFIRE CYLINDER 1" address="8fe43" />
  <table name="(P0302) MISFIRE CYLINDER 2" address="8fe44" />
  <table name="(P0303) MISFIRE CYLINDER 3" address="8fe45" />
  <table name="(P0304) MISFIRE CYLINDER 4" address="8fe46" />
  <table name="(P0305) MISFIRE CYLINDER 5" address="8fe47" />
  <table name="(P0306) MISFIRE CYLINDER 6" address="8fe48" />
  <table name="(P0327) KNOCK SENSOR 1 LOW INPUT" address="8fe0c" />
  <table name="(P0328) KNOCK SENSOR 1 HIGH INPUT" address="8fe0d" />
  <table name="(P0332) KNOCK SENSOR 2 LOW INPUT" address="8fe0a" />
  <table name="(P0333) KNOCK SENSOR 2 HIGH INPUT" address="8fe0b" />
  <table name="(P0335) CRANKSHAFT POS. SENSOR A MALFUNCTION" address="8fe04" />
  <table name="(P0336) CRANKSHAFT POS. SENSOR A RANGE/PERF" address="8fe05" />
  <table name="(P0340) CAMSHAFT POS. SENSOR A MALFUNCTION" address="8fe82" />
  <table name="(P0345) CAMSHAFT POS. SENSOR A BANK 2" address="8fe81" />
  <table name="(P0420) CAT EFFICIENCY BELOW THRESHOLD" address="8fe3d" />
  <table name="(P0442) EVAP LEAK DETECTED (SMALL)" address="8fe3e" />
  <table name="(P0447) EVAP VENT CONTROL CIRCUIT OPEN" address="8fe35" />
  <table name="(P0448) EVAP VENT CONTROL CIRCUIT SHORTED" address="8fe36" />
  <table name="(P0451) EVAP PRESSURE SENSOR RANGE/PERF" address="8fe1b" />
  <table name="(P0452) EVAP PRESSURE SENSOR LOW INPUT" address="8fe19" />
  <table name="(P0453) EVAP PRESSURE SENSOR HIGH INPUT" address="8fe1a" />
  <table name="(P0456) EVAP LEAK DETECTED (VERY SMALL)" address="8fe3f" />
  <table name="(P0457) EVAP LEAK DETECTED (FUEL CAP)" address="8fe49" />
  <table name="(P0458) EVAP PURGE VALVE CIRCUIT LOW" address="8fe32" />
  <table name="(P0459) EVAP PURGE VALVE CIRCUIT HIGH" address="8fe33" />
  <table name="(P0461) FUEL LEVEL SENSOR RANGE/PERF" address="8fe16" />
  <table name="(P0462) FUEL LEVEL SENSOR LOW INPUT" address="8fe14" />
  <table name="(P0463) FUEL LEVEL SENSOR HIGH INPUT" address="8fe15" />
  <table name="(P0464) FUEL LEVEL SENSOR INTERMITTENT" address="8fe12" />
  <table name="(P0483) RADIATOR FAN RATIONALITY CHECK" address="8fe2d" />
  <table name="(P0500) VEHICLE SPEED SENSOR A" address="8fe09" />
  <table name="(P0506) IDLE CONTROL RPM LOWER THAN EXPECTED" address="8fe29" />
  <table name="(P0507) IDLE CONTROL RPM HIGH THAN EXPECTED" address="8fe2a" />
  <table name="(P0512) STARTER REQUEST CIRCUIT" address="8fe18" />
  <table name="(P0519) IDLE CONTROL MALFUNCTION (FAIL-SAFE)" address="8fe64" />
  <table name="(P0600) SERIAL COMMUNICATION LINK" address="8fe80" />
  <table name="(P0604) CONTROL MODULE RAM ERROR" address="8fe06" />
  <table name="(P0605) CONTROL MODULE ROM ERROR" address="8fe83" />
  <table name="(P0607) CONTROL MODULE PERFORMANCE" address="8fe78" />
  <table name="(P0638) THROTTLE ACTUATOR RANGE/PERF" address="8fe77" />
  <table name="(P0691) RADIATOR FAN CIRCUIT LOW" address="8fe2b" />
  <table name="(P0692) RADIATOR FAN CIRCUIT HIGH" address="8fe2c" />
  <table name="(P0700) TRANSMISSION CONTROL SYSTEM" address="8fe8b" />
  <table name="(P1152) FRONT O2 SENSOR RANGE/PERF LOW B1 S1" address="8fe39" />
  <table name="(P1153) FRONT O2 SENSOR RANGE/PERF HIGH B1 S1" address="8fe3a" />
  <table name="(P1154) O2 SENSOR RANGE/PERF LOW B2 S1" address="8fe5c" />
  <table name="(P1155) O2 SENSOR RANGE/PERF HIGH B2 S1" address="8fe5d" />
  <table name="(P1160) ABNORMAL RETURN SPRING" address="8fe72" />
  <table name="(P1443) VENT CONTROL SOLENOID FUNCTION PROBLEM" address="8fe34" />
  <table name="(P1518) STARTER SWITCH LOW INPUT" address="8fe17" />
  <table name="(P1560) BACK-UP VOLTAGE MALFUNCTION" address="8fe61" />
  <table name="(P2088) OCV SOLENOID A1 CIRCUIT OPEN" address="8fe87" />
  <table name="(P2089) OCV SOLENOID A1 CIRCUIT SHORT" address="8fe86" />
  <table name="(P2092) OCV SOLENOID A2 CIRCUIT OPEN" address="8fe85" />
  <table name="(P2093) OCV SOLENOID A2 CIRCUIT SHORT" address="8fe84" />
  <table name="(P2096) POST CATALYST TOO LEAN B1" address="8fe76" />
  <table name="(P2097) POST CATALYST TOO RICH B1" address="8fe7f" />
  <table name="(P2098) POST CATALYST TOO LEAN B2" address="8fe8a" />
  <table name="(P2099) POST CATALYST TOO RICH B2" address="8fe89" />
  <table name="(P2101) THROTTLE ACTUATOR CIRCUIT RANGE/PERF" address="8fe75" />
  <table name="(P2102) THROTTLE ACTUATOR CIRCUIT LOW" address="8fe73" />
  <table name="(P2103) THROTTLE ACTUATOR CIRCUIT HIGH" address="8fe74" />
  <table name="(P2109) TPS A MINIMUM STOP PERF" address="8fe6f" />
  <table name="(P2122) TPS D CIRCUIT LOW INPUT" address="8fe7c" />
  <table name="(P2123) TPS D CIRCUIT HIGH INPUT" address="8fe7d" />
  <table name="(P2127) TPS E CIRCUIT LOW INPUT" address="8fe7a" />
  <table name="(P2128) TPS E CIRCUIT HIGH INPUT" address="8fe7b" />
  <table name="(P2135) TPS A/B VOLTAGE" address="8fe7e" />
  <table name="(P2138) TPS D/E VOLTAGE" address="8fe79" />
  <table name="(P2227) BARO. PRESSURE CIRCUIT RANGE/PERF" address="8fe96" />
  <table name="(P2228) BARO. PRESSURE CIRCUIT LOW INPUT" address="8fe99" />
  <table name="(P2229) BARO. PRESSURE CIRCUIT HIGH INPUT" address="8fe98" />
  <table name="(P2503) CHARGING SYSTEM VOLTAGE LOW" address="8fe95" />
  <table name="(P2504) CHARGING SYSTEM VOLTAGE HIGH" address="8fe94" />
</rom>