<rom>
  <romid>
    <xmlid>E2ZJ123G</xmlid>
    <internalidaddress>2000</internalidaddress>
    <internalidstring>E2ZJ123G</internalidstring>
    <ecuid>3E12084206</ecuid>
    <year>05</year>
    <market>USDM</market>
    <make>Subaru</make>
    <model>Impreza</model>
    <submodel>2.5RS</submodel>
    <transmission>MT/AT</transmission>
    <memmodel>SH7058</memmodel>
    <flashmethod>sti05</flashmethod>
    <checksummodule>subarudbw</checksummodule>
  </romid>
  <include>E2ZJ111G</include>
</rom>