<rom>
  <romid>
    <xmlid>E2ZJ111G</xmlid>
    <internalidaddress>2000</internalidaddress>
    <internalidstring>E2ZJ111G</internalidstring>
    <ecuid>3E12044106</ecuid>
    <year>05</year>
    <market>USDM</market>
    <make>Subaru</make>
    <model>Impreza</model>
    <submodel>2.5RS</submodel>
    <transmission>MT/AT</transmission>
    <memmodel>SH7058</memmodel>
    <flashmethod>sti05</flashmethod>
    <checksummodule>subarudbw</checksummodule>
  </romid>
  <include>32BITBASE</include>
  <table name="Manifold Pressure Sensor Scaling" address="c016c" />
  <table name="Manifold Pressure Sensor Limits (CEL)" address="c0c78" />
  <table name="Manifold Pressure Sensor CEL Delays" address="c4553" />
  <table name="Primary Open Loop Fueling A_" address="c99b0">
    <table name="X" address="c9934" />
    <table name="Y" address="c9960" />
  </table>
  <table name="Primary Open Loop Fueling B_" address="c9b08">
    <table name="X" address="c9a8c" />
    <table name="Y" address="c9ab8" />
  </table>
  <table name="Front Oxygen Sensor Scaling" address="c11e4">
    <table name="Y" address="c11b0" />
  </table>
  <table name="Front Oxygen Sensor Rich Limit" address="368c4" />
  <table name="Front Oxygen Sensor Compensation (Atm. Pressure)" address="c2520">
    <table name="Y" address="c2510" />
  </table>
  <table name="CL Fueling Target Compensation (Load)(MT)" address="ca20c">
    <table name="X" address="ca194" elements="11" />
    <table name="Y" address="ca1c0" elements="19" />
  </table>
  <table name="CL Fueling Target Compensation (Load)(AT)" address="c9ff0">
    <table name="X" address="c9f78" elements="11" />
    <table name="Y" address="c9fa4" elements="19" />
  </table>
  <table name="CL Fueling Target Compensation (ECT)_" address="c86ec">
    <table name="Y" address="c86ac" />
  </table>
  <table name="CL Fueling Target Compensation (ECT) Disable" address="c7348" />
  <table name="CL to OL Delay A (Atm. Pressure)" address="c8a2c">
    <table name="Y" address="c8a10" />
  </table>
  <table name="CL to OL Delay B (Atm. Pressure)" address="c8a58">
    <table name="Y" address="c8a3c" />
  </table>
  <table name="CL to OL Transition with Delay (Accelerator)" address="c7ccc">
    <table name="Y" address="c7c8c" />
  </table>
  <table name="CL to OL Transition with Delay Throttle Hysteresis" address="c74f4" />
  <table name="CL to OL Transition with Delay (Base Pulse Width)" address="c8aa8">
    <table name="Y" address="c8a68" />
  </table>
  <table name="CL to OL Transition with Delay BPW Hysteresis" address="c74f8" />
  <table name="CL Delay Minimum (ECT)" address="c74fc" />
  <table name="CL Delay Maximum Engine Speed A" address="c7500" />
  <table name="CL Delay Maximum Engine Speed B" address="c750c" />
  <table name="CL Delay Engine Speed B Counter Threshold" address="c7100" />
  <table name="CL Delay Maximum (Throttle) A" address="c7508" />
  <table name="CL Delay Throttle A Counter Threshold" address="c70fe" />
  <table name="CL Delay Maximum (Throttle) B (ECT)" address="c7cdc">
    <table name="Y" address="c7830" />
  </table>
  <table name="Injector Latency" address="c0d54">
    <table name="Y" address="c0d40" />
  </table>
  <table name="Injector Flow Scaling" address="c7230" />
  <table name="Per Injector Primary Fuel Offset Compensation A" address="c9c6c">
    <table name="X" address="c9c30" />
    <table name="Y" address="c9c50" elements="7" />
  </table>
  <table name="Per Injector Primary Fuel Offset Compensation B" address="c9ce0">
    <table name="X" address="c9ca4" />
    <table name="Y" address="c9cc4" elements="7" />
  </table>
  <table name="Per Injector Primary Fuel Offset Compensation C" address="c9d54">
    <table name="X" address="c9d18" />
    <table name="Y" address="c9d38" elements="7" />
  </table>
  <table name="Per Injector Primary Fuel Offset Compensation D" address="c9dc8">
    <table name="X" address="c9d8c" />
    <table name="Y" address="c9dac" elements="7" />
  </table>
  <table name="Cranking Fuel Injector Pulse Width A (ECT)" address="c9006">
    <table name="Y" address="c7830" />
  </table>
  <table name="Cranking Fuel Injector Pulse Width B (ECT)" address="c9026">
    <table name="Y" address="c7830" />
  </table>
  <table name="Cranking Fuel Injector Pulse Width C (ECT)" address="c9046">
    <table name="Y" address="c7830" />
  </table>
  <table name="Cranking Fuel Injector Pulse Width D (ECT)" address="c9066">
    <table name="Y" address="c7830" />
  </table>
  <table name="Cranking Fuel Injector Pulse Width E (ECT)" address="c9086">
    <table name="Y" address="c7830" />
  </table>
  <table name="Cranking Fuel Injector Pulse Width F (ECT)" address="c90a6">
    <table name="Y" address="c7830" />
  </table>
  <table name="Cranking Fuel Injector Pulse Width G (ECT)" address="c90c6">
    <table name="Y" address="c7830" />
  </table>
  <table name="Cranking Fuel Injector Pulse Width H (ECT)" address="c90e6">
    <table name="Y" address="c7830" />
  </table>
  <table name="Cranking Fuel Injector Pulse Width I (ECT)" address="c9106">
    <table name="Y" address="c7830" />
  </table>
  <table name="Cranking Fuel Injector Pulse Width J (ECT)" address="c9126">
    <table name="Y" address="c7830" />
  </table>
  <table name="Cranking Fuel Injector Pulse Width K (ECT)" address="c9146">
    <table name="Y" address="c7830" />
  </table>
  <table name="Cranking Fuel Injector Pulse Width L (ECT)" address="c9166">
    <table name="Y" address="c7830" />
  </table>
  <table name="Cranking Fuel IPW Compensation A (RPM)(MT)" address="c9eec">
    <table name="X" address="c9ebc" />
    <table name="Y" address="c9ed0" />
  </table>
  <table name="Cranking Fuel IPW Compensation B (RPM)(MT)" address="c9f48">
    <table name="X" address="c9f10" />
    <table name="Y" address="c9f24" elements="9" />
  </table>
  <table name="Cranking Fuel IPW Compensation A (RPM)(AT)" address="c9e30">
    <table name="X" address="c9e00" />
    <table name="Y" address="c9e14" />
  </table>
  <table name="Cranking Fuel IPW Compensation B (RPM)(AT)" address="c9e8c">
    <table name="X" address="c9e54" />
    <table name="Y" address="c9e68" elements="9" />
  </table>
  <table name="Cranking Fuel IPW Compensation (MAP)" address="c8070">
    <table name="Y" address="c8048" />
  </table>
  <table name="Cranking Fuel IPW Compensation (Accelerator)" address="c8094">
    <table name="Y" address="c807c" />
  </table>
  <table name="Throttle Tip-in Enrichment A" address="c8cf0">
    <table name="Y" address="c8ca8" />
  </table>
  <table name="Throttle Tip-in Enrichment B" address="c8d5c">
    <table name="Y" address="c8d14" />
  </table>
  <table name="Minimum Tip-in Enrichment Activation" address="c76cc" />
  <table name="Minimum Tip-in Enrichment Activation (Throttle)" address="c76c8" />
  <table name="Tip-in Enrichment Compensation (RPM)" address="c7ee8">
    <table name="Y" address="c7ec4" />
  </table>
  <table name="Tip-in Enrichment Compensation (MRP)" address="c7f18">
    <table name="Y" address="c7ef4" />
  </table>
  <table name="Tip-in Enrichment Compensation A (ECT)" address="c7f21">
    <table name="Y" address="c7830" />
  </table>
  <table name="Tip-in Enrichment Compensation B (ECT)" address="c8d80">
    <table name="Y" address="c7830" />
  </table>
  <table name="Tip-in Enrichment Compensation C (ECT)" address="c8da0">
    <table name="Y" address="c7830" />
  </table>
  <table name="Tip-in Enrichment Compensation D (ECT)" address="c8dc0">
    <table name="Y" address="c78c8" />
  </table>
  <table name="Tip-in Enrichment Compensation D (ECT) Activation" address="c76d0" />
  <table name="Tip-in Enrichment Disable Applied Counter Threshold A (ECT)" address="c7f31">
    <table name="Y" address="c7830" />
  </table>
  <table name="Tip-in Enrichment Disable Applied Counter Threshold B (ECT)" address="c7f41">
    <table name="Y" address="c7830" />
  </table>
  <table name="Tip-in Enrichment Applied Counter Reset" address="c70af" />
  <table name="Tip-in Enrichment Disable Throttle Cumulative Threshold A (ECT)" address="c8de0">
    <table name="Y" address="c7830" />
  </table>
  <table name="Tip-in Enrichment Disable Throttle Cumulative Threshold B (ECT)" address="c8e00">
    <table name="Y" address="c7830" />
  </table>
  <table name="Tip-in Throttle Cumulative Reset" address="c70b0" />
  <table name="A/F Learning #1 Limits" address="c7400" />
  <table name="A/F Learning #1 Airflow Ranges" address="c740c" />
  <table name="MAF Sensor Scaling" address="c10c0">
    <table name="Y" address="c1000" elements="48" />
  </table>
  <table name="MAF Compensation A (IAT)" address="c3420">
    <table name="X" address="c33ec" />
    <table name="Y" address="c3400" />
  </table>
  <table name="MAF Compensation B (IAT)" address="c347c">
    <table name="X" address="c3448" />
    <table name="Y" address="c345c" />
  </table>
  <table name="Engine Load Limit (Maximum)" address="2a53c" />
  <table name="Engine Load Compensation A (MP)" address="c3070">
    <table name="X" address="c300c" />
    <table name="Y" address="c3038" elements="14" />
  </table>
  <table name="Engine Load Compensation B (MP)" address="c3170">
    <table name="X" address="c310c" />
    <table name="Y" address="c3138" elements="14" />
  </table>
  <table name="Engine Load Compensation A (Throttle)" address="c326c">
    <table name="X" address="c320c" />
    <table name="Y" address="c3238" elements="13" />
  </table>
  <table name="Engine Load Compensation B (Throttle)" address="c335c">
    <table name="X" address="c32fc" />
    <table name="Y" address="c3328" elements="13" />
  </table>
  <table name="Base Timing A" address="cba58">
    <table name="X" address="cb9d4" elements="14" />
    <table name="Y" address="cba0c" elements="19" />
  </table>
  <table name="Base Timing B" address="cbb62">
    <table name="X" address="cacd0" elements="14" />
    <table name="Y" address="cad08" elements="19" />
  </table>
  <table name="Base Timing C" address="cbc6c">
    <table name="X" address="cacd0" elements="14" />
    <table name="Y" address="cad08" elements="19" />
  </table>
  <table name="Base Timing Idle A (In-Gear)(Above Speed Threshold)(MT)" address="caf76">
    <table name="Y" address="cacac" />
  </table>
  <table name="Base Timing Idle A (In-Gear)(Above Speed Threshold)(AT)" address="caf6d">
    <table name="Y" address="cacac" />
  </table>
  <table name="Base Timing Idle B (In-Gear)(Above Speed Threshold)(MT)" address="caf88">
    <table name="Y" address="cacac" />
  </table>
  <table name="Base Timing Idle B (In-Gear)(Above Speed Threshold)(AT)" address="caf7f">
    <table name="Y" address="cacac" />
  </table>
  <table name="Base Timing Idle A (In-Gear)(Below Speed Threshold)(MT)" address="caf9a">
    <table name="Y" address="cacac" />
  </table>
  <table name="Base Timing Idle A (In-Gear)(Below Speed Threshold)(AT)" address="caf91">
    <table name="Y" address="cacac" />
  </table>
  <table name="Base Timing Idle B (In-Gear)(Below Speed Threshold)(MT)" address="cafac">
    <table name="Y" address="cacac" />
  </table>
  <table name="Base Timing Idle B (In-Gear)(Below Speed Threshold)(AT)" address="cafa3">
    <table name="Y" address="cacac" />
  </table>
  <table name="Base Timing Idle A (Neutral)(MT)" address="cb00c">
    <table name="Y" address="cafe8" />
  </table>
  <table name="Base Timing Idle A (Neutral)(AT)" address="cafdc">
    <table name="Y" address="cafb8" />
  </table>
  <table name="Base Timing Idle B (Neutral)(MT)" address="cb06c">
    <table name="Y" address="cb048" />
  </table>
  <table name="Base Timing Idle B (Neutral)(AT)" address="cb03c">
    <table name="Y" address="cb018" />
  </table>
  <table name="Base Timing Idle Vehicle Speed Threshold" address="ca9e4" />
  <table name="Knock Correction Advance Max" address="cc4f0">
    <table name="X" address="cc46c" elements="14" />
    <table name="Y" address="cc4a4" elements="19" />
  </table>
  <table name="Timing Compensation (IAT)" address="cb178">
    <table name="Y" address="cb138" />
  </table>
  <table name="Timing Comp Min Load (IAT)" address="caa38" />
  <table name="Timing Compensation A (ECT)" address="cb115">
    <table name="Y" address="cad74" />
  </table>
  <table name="Timing Compensation B (ECT)" address="cb125">
    <table name="Y" address="cad74" />
  </table>
  <table name="Timing Compensation Per Cylinder A__" address="cb53c">
    <table name="Y" address="cb500" elements="15" />
  </table>
  <table name="Timing Compensation Per Cylinder B__" address="cb588">
    <table name="Y" address="cb54c" elements="15" />
  </table>
  <table name="Timing Compensation Per Cylinder C__" address="cb5d4">
    <table name="Y" address="cb598" elements="15" />
  </table>
  <table name="Timing Compensation Per Cylinder D__" address="cb620">
    <table name="Y" address="cb5e4" elements="15" />
  </table>
  <table name="Timing Comp Minimum Load (Per Cylinder)" address="cab98" />
  <table name="Timing Comp Maximum RPM (Per Cylinder)" address="cab94" />
  <table name="Timing Comp Minimum Coolant Temp (Per Cylinder)" address="cab9c" />
  <table name="Feedback Correction Range (RPM)" address="cabbc" />
  <table name="Feedback Correction Minimum Load_" address="cb724">
    <table name="Y" address="cb714" />
  </table>
  <table name="Feedback Correction Retard Value" address="caba8" />
  <table name="Feedback Correction Retard Limit" address="caba4" />
  <table name="Feedback Correction Negative Advance Value" address="cabac" />
  <table name="Feedback Correction Negative Advance Delay" address="ca8b8" />
  <table name="Fine Correction Range (RPM)" address="cac30" />
  <table name="Fine Correction Range (Load)" address="cac40" />
  <table name="Fine Correction Rows (RPM)_" address="cac6c" />
  <table name="Fine Correction Columns (Load)_" address="cac50" />
  <table name="Fine Correction Retard Value_" address="cb9a0">
    <table name="Y" address="cb96c" />
  </table>
  <table name="Fine Correction Retard Limit" address="cac28" />
  <table name="Fine Correction Advance Value" address="cac2c" />
  <table name="Fine Correction Advance Limit" address="cac24" />
  <table name="Fine Correction Advance Delay" address="ca8c0" />
  <table name="Rough Correction Range (RPM)" address="cabdc" />
  <table name="Rough Correction Range (Load)" address="cabec" />
  <table name="Rough Correction Minimum KC Advance Map Value" address="cabfc" />
  <table name="Rough Correction Learning Delay (Increasing)" address="cb658">
    <table name="Y" address="cb630" />
  </table>
  <table name="Advance Multiplier (Initial)" address="cabd8" />
  <table name="Advance Multiplier Step Value" address="cac00" />
  <table name="Requested Torque (Accelerator Pedal)" address="cec38">
    <table name="X" address="cebc0" elements="10" />
    <table name="Y" address="cebe8" elements="20" />
  </table>
  <table name="Target Throttle Plate Position A (Requested Torque)" address="ce320">
    <table name="X" address="ce290" elements="16" />
    <table name="Y" address="ce2d0" elements="20" />
  </table>
  <table name="Target Throttle Plate Position B (Requested Torque)" address="ce630">
    <table name="X" address="ce5a0" elements="16" />
    <table name="Y" address="ce5e0" elements="20" />
  </table>
  <table name="Target Throttle Plate Position C (Requested Torque)" address="ce940">
    <table name="X" address="ce8b0" elements="16" />
    <table name="Y" address="ce8f0" elements="20" />
  </table>
  <table name="Rev Limit (Fuel Cut)" address="c7748" />
  <table name="Speed Limiting (Fuel Cut)" address="c7790" />
  <table name="Speed Limiting (Throttle)" address="c218c" />
  <table name="Fuel Temp Sensor Scaling" address="c0f88">
    <table name="Y" address="c0f10" />
  </table>
  <table name="Intake Temp Sensor Scaling" address="84820">
    <table name="Y" address="847a8" />
  </table>
  <table name="Coolant Temp Sensor Scaling" address="84738">
    <table name="Y" address="846c8" />
  </table>
  <table name="Radiator Fan Modes (ECT)" address="d0268" />
  <table name="Radiator Fan Modes (Veh. Speed)" address="d0278" />
  <table name="Atmospheric Pressure Sensor Scaling_" address="c0038" />
  <table name="Idle Speed Target A (MT)" address="cd3d4">
    <table name="Y" address="ccce0" />
  </table>
  <table name="Idle Speed Target B (MT)" address="cd414">
    <table name="Y" address="ccce0" />
  </table>
  <table name="Idle Speed Target C (MT)" address="cd454">
    <table name="Y" address="ccce0" />
  </table>
  <table name="Idle Speed Target D (MT)" address="cd494">
    <table name="Y" address="ccce0" />
  </table>
  <table name="Idle Speed Target E (MT)" address="cd4d4">
    <table name="Y" address="ccce0" />
  </table>
  <table name="Idle Speed Target A (AT)" address="cd3f4">
    <table name="Y" address="ccce0" />
  </table>
  <table name="Idle Speed Target B (AT)" address="cd434">
    <table name="Y" address="ccce0" />
  </table>
  <table name="Idle Speed Target C (AT)" address="cd474">
    <table name="Y" address="ccce0" />
  </table>
  <table name="Idle Speed Target D (AT)" address="cd4b4">
    <table name="Y" address="ccce0" />
  </table>
  <table name="Idle Speed Target E (AT)" address="cd4f4">
    <table name="Y" address="ccce0" />
  </table>
  <table name="Force Pass Readiness Monitors" address="6eea2" />
  <table name="(P0000) PASS CODE (NO DTC DETECTED)" address="7dff8" />
  <table name="(P0000) PASS CODE (NO DTC DETECTED)_" address="7dff9" />
  <table name="(P0030) FRONT O2 SENSOR RANGE/PERF" address="7e023" />
  <table name="(P0031) FRONT O2 SENSOR LOW INPUT" address="7e007" />
  <table name="(P0032) FRONT O2 SENSOR HIGH INPUT" address="7e005" />
  <table name="(P0037) REAR O2 SENSOR LOW INPUT" address="7e006" />
  <table name="(P0038) REAR O2 SENSOR HIGH INPUT" address="7e004" />
  <table name="(P0068) MAP SENSOR RANGE/PERF" address="7e01d" />
  <table name="(P0101) MAF SENSOR RANGE/PERF" address="7e01f" />
  <table name="(P0102) MAF SENSOR LOW INPUT" address="7dfa9" />
  <table name="(P0103) MAF SENSOR HIGH INPUT" address="7dfaa" />
  <table name="(P0107) MAP SENSOR LOW INPUT" address="7e008" />
  <table name="(P0108) MAP SENSOR HIGH INPUT" address="7e009" />
  <table name="(P0111) IAT SENSOR RANGE/PERF" address="7e003" />
  <table name="(P0112) IAT SENSOR LOW INPUT" address="7e001" />
  <table name="(P0113) IAT SENSOR HIGH INPUT" address="7e002" />
  <table name="(P0117) COOLANT TEMP SENSOR LOW INPUT" address="7dfb0" />
  <table name="(P0118) COOLANT TEMP SENSOR HIGH INPUT" address="7dfb1" />
  <table name="(P0122) TPS A LOW INPUT" address="7dfae" />
  <table name="(P0123) TPS A HIGH INPUT" address="7dfaf" />
  <table name="(P0125) INSUFFICIENT COOLANT TEMP (FUELING)" address="7dfb3" />
  <table name="(P0126) INSUFFICIENT COOLANT TEMP (OPERATION)" address="7e04c" />
  <table name="(P0128) THERMOSTAT MALFUNCTION" address="7e010" />
  <table name="(P0131) FRONT O2 SENSOR LOW INPUT" address="7dffb" />
  <table name="(P0132) FRONT O2 SENSOR HIGH INPUT" address="7dffd" />
  <table name="(P0133) FRONT O2 SENSOR SLOW RESPONSE" address="7dfe7" />
  <table name="(P0134) FRONT O2 SENSOR NO ACTIVITY" address="7e021" />
  <table name="(P0137) REAR O2 SENSOR LOW VOLTAGE" address="7dffa" />
  <table name="(P0138) REAR O2 SENSOR HIGH VOLTAGE" address="7dfff" />
  <table name="(P0139) REAR O2 SENSOR SLOW RESPONSE" address="7dfe8" />
  <table name="(P0171) SYSTEM TOO LEAN" address="7dff1" />
  <table name="(P0172) SYSTEM TOO RICH" address="7dff2" />
  <table name="(P0181) FUEL TEMP SENSOR A RANGE/PERF" address="7dfc0" />
  <table name="(P0182) FUEL TEMP SENSOR A LOW INPUT" address="7dfbe" />
  <table name="(P0183) FUEL TEMP SENSOR A HIGH INPUT" address="7dfbf" />
  <table name="(P0222) TPS B LOW INPUT" address="7e030" />
  <table name="(P0223) TPS B HIGH INPUT" address="7e031" />
  <table name="(P0301) MISFIRE CYLINDER 1" address="7dff3" />
  <table name="(P0302) MISFIRE CYLINDER 2" address="7dff4" />
  <table name="(P0303) MISFIRE CYLINDER 3" address="7dff5" />
  <table name="(P0304) MISFIRE CYLINDER 4" address="7dff6" />
  <table name="(P0327) KNOCK SENSOR 1 LOW INPUT" address="7dfac" />
  <table name="(P0328) KNOCK SENSOR 1 HIGH INPUT" address="7dfad" />
  <table name="(P0335) CRANKSHAFT POS. SENSOR A MALFUNCTION" address="7dfa4" />
  <table name="(P0336) CRANKSHAFT POS. SENSOR A RANGE/PERF" address="7dfa5" />
  <table name="(P0340) CAMSHAFT POS. SENSOR A MALFUNCTION" address="7dfa7" />
  <table name="(P0341) CAMSHAFT POS. SENSOR A RANGE/PERF" address="7dfa6" />
  <table name="(P0400) EGR FLOW" address="7dff0" />
  <table name="(P0420) CAT EFFICIENCY BELOW THRESHOLD" address="7dfed" />
  <table name="(P0442) EVAP LEAK DETECTED (SMALL)" address="7dfee" />
  <table name="(P0447) EVAP VENT CONTROL CIRCUIT OPEN" address="7dfd7" />
  <table name="(P0448) EVAP VENT CONTROL CIRCUIT SHORTED" address="7dfd8" />
  <table name="(P0451) EVAP PRESSURE SENSOR RANGE/PERF" address="7dfbc" />
  <table name="(P0452) EVAP PRESSURE SENSOR LOW INPUT" address="7dfba" />
  <table name="(P0453) EVAP PRESSURE SENSOR HIGH INPUT" address="7dfbb" />
  <table name="(P0456) EVAP LEAK DETECTED (VERY SMALL)" address="7dfef" />
  <table name="(P0457) EVAP LEAK DETECTED (FUEL CAP)" address="7dff7" />
  <table name="(P0458) EVAP PURGE VALVE CIRCUIT LOW" address="7dfd2" />
  <table name="(P0459) EVAP PURGE VALVE CIRCUIT HIGH" address="7dfd3" />
  <table name="(P0461) FUEL LEVEL SENSOR RANGE/PERF" address="7dfb6" />
  <table name="(P0462) FUEL LEVEL SENSOR LOW INPUT" address="7dfb4" />
  <table name="(P0463) FUEL LEVEL SENSOR HIGH INPUT" address="7dfb5" />
  <table name="(P0464) FUEL LEVEL SENSOR INTERMITTENT" address="7dfb2" />
  <table name="(P0483) RADIATOR FAN RATIONALITY CHECK" address="7dfce" />
  <table name="(P0502) VEHICLE SPEED SENSOR LOW INPUT" address="7e01b" />
  <table name="(P0503) VEHICLE SPEED SENSOR INTERMITTENT" address="7e024" />
  <table name="(P0506) IDLE CONTROL RPM LOWER THAN EXPECTED" address="7dfca" />
  <table name="(P0507) IDLE CONTROL RPM HIGH THAN EXPECTED" address="7dfcb" />
  <table name="(P0512) STARTER REQUEST CIRCUIT" address="7dfb9" />
  <table name="(P0519) IDLE CONTROL MALFUNCTION (FAIL-SAFE)" address="7e01e" />
  <table name="(P0600) SERIAL COMMUNICATION LINK" address="7e040" />
  <table name="(P0604) CONTROL MODULE RAM ERROR" address="7dfa8" />
  <table name="(P0605) CONTROL MODULE ROM ERROR" address="7e041" />
  <table name="(P0607) CONTROL MODULE PERFORMANCE" address="7e038" />
  <table name="(P0638) THROTTLE ACTUATOR RANGE/PERF" address="7e037" />
  <table name="(P0691) RADIATOR FAN CIRCUIT LOW" address="7dfcc" />
  <table name="(P0692) RADIATOR FAN CIRCUIT HIGH" address="7dfcd" />
  <table name="(P0700) TRANSMISSION CONTROL SYSTEM" address="7e044" />
  <table name="(P0851) NEUTRAL SWITCH INPUT LOW" address="7dfbd" />
  <table name="(P0852) NEUTRAL SWITCH INPUT HIGH" address="7dfc1" />
  <table name="(P1152) FRONT O2 SENSOR RANGE/PERF LOW B1 S1" address="7dfe9" />
  <table name="(P1153) FRONT O2 SENSOR RANGE/PERF HIGH B1 S1" address="7dfea" />
  <table name="(P1160) ABNORMAL RETURN SPRING" address="7e032" />
  <table name="(P1400) FUEL TANK PRESSURE SOL. LOW" address="7dfd0" />
  <table name="(P1420) FUEL TANK PRESSURE SOL. HIGH INPUT" address="7dfd1" />
  <table name="(P1443) VENT CONTROL SOLENOID FUNCTION PROBLEM" address="7dfd6" />
  <table name="(P1492) EGR SOLENOID SIGNAL 1 MALFUNCTION (LOW)" address="7dfc2" />
  <table name="(P1493) EGR SOLENOID SIGNAL 1 MALFUNCTION (HIGH)" address="7dfc3" />
  <table name="(P1494) EGR SOLENOID SIGNAL 2 MALFUNCTION (LOW)" address="7dfc4" />
  <table name="(P1495) EGR SOLENOID SIGNAL 2 MALFUNCTION (HIGH)" address="7dfc5" />
  <table name="(P1496) EGR SIGNAL 3 CIRCUIT LOW" address="7dfc6" />
  <table name="(P1497) EGR SOLENOID SIGNAL 3 MALFUNCTION (HIGH)" address="7dfc7" />
  <table name="(P1498) EGR SIGNAL 4 CIRCUIT LOW" address="7dfc8" />
  <table name="(P1499) EGR SIGNAL 4 CIRCUIT HIGH" address="7dfc9" />
  <table name="(P1518) STARTER SWITCH LOW INPUT" address="7dfb8" />
  <table name="(P1560) BACK-UP VOLTAGE MALFUNCTION" address="7e011" />
  <table name="(P2096) POST CATALYST TOO LEAN B1" address="7e036" />
  <table name="(P2097) POST CATALYST TOO RICH B1" address="7e03f" />
  <table name="(P2101) THROTTLE ACTUATOR CIRCUIT RANGE/PERF" address="7e035" />
  <table name="(P2102) THROTTLE ACTUATOR CIRCUIT LOW" address="7e033" />
  <table name="(P2103) THROTTLE ACTUATOR CIRCUIT HIGH" address="7e034" />
  <table name="(P2109) TPS A MINIMUM STOP PERF" address="7e02f" />
  <table name="(P2122) TPS D CIRCUIT LOW INPUT" address="7e03c" />
  <table name="(P2123) TPS D CIRCUIT HIGH INPUT" address="7e03d" />
  <table name="(P2127) TPS E CIRCUIT LOW INPUT" address="7e03a" />
  <table name="(P2128) TPS E CIRCUIT HIGH INPUT" address="7e03b" />
  <table name="(P2135) TPS A/B VOLTAGE" address="7e03e" />
  <table name="(P2138) TPS D/E VOLTAGE" address="7e039" />
  <table name="(P2227) BARO. PRESSURE CIRCUIT RANGE/PERF" address="7e04b" />
  <table name="(P2228) BARO. PRESSURE CIRCUIT LOW INPUT" address="7e04e" />
  <table name="(P2229) BARO. PRESSURE CIRCUIT HIGH INPUT" address="7e04d" />
</rom>