<rom>
  <romid>
    <xmlid>A2WC410D</xmlid>
    <internalidaddress>2000</internalidaddress>
    <internalidstring>A2WC410D</internalidstring>
    <ecuid>3B12504106</ecuid>
    <year>05</year>
    <market>USDM</market>
    <make>Subaru</make>
    <model>Forester</model>
    <submodel>XT</submodel>
    <transmission>AT</transmission>
    <memmodel>SH7058</memmodel>
    <flashmethod>sti05</flashmethod>
    <checksummodule>subarudbw</checksummodule>
  </romid>
  <include>32BITBASE</include>
  <table name="Target Boost" address="c09a4">
    <table name="X" address="c0954" />
    <table name="Y" address="c0974" />
  </table>
  <table name="Target Boost Compensation (ECT)" address="c051e">
    <table name="Y" address="c0464" />
  </table>
  <table name="Target Boost Compensation (1st Gear)" address="c0460" />
  <table name="Target Boost Compensation (1st Gear) Speed Disable" address="c0458" />
  <table name="Target Boost Compensation (Atm. Pressure) Multiplier" address="c0620">
    <table name="Y" address="c0610" />
  </table>
  <table name="Target Boost Compensation (Atm. Pressure) Multiplier Offset" address="c0550">
    <table name="Y" address="c0540" />
  </table>
  <table name="Boost Limit (Fuel Cut)" address="c6e24">
    <table name="Y" address="c6e0c" />
  </table>
  <table name="Boost Control Disable (IAM)" address="c0440" />
  <table name="Boost Control Disable (Fine Correction)" address="c043c" />
  <table name="Boost Control Disable Delay (Fine Correction)" address="c03e9" />
  <table name="Initial Wastegate Duty" address="c0774">
    <table name="X" address="c0724" />
    <table name="Y" address="c0744" />
  </table>
  <table name="Max Wastegate Duty" address="c08a4">
    <table name="X" address="c0864" />
    <table name="Y" address="c0884" />
  </table>
  <table name="Max Wastegate Duty Limit Post-Compensation" address="152bc" />
  <table name="Initial/Max Wastegate Duty Compensation (IAT)" address="c04e4">
    <table name="Y" address="c04a4" />
  </table>
  <table name="Initial/Max Wastegate Duty Compensation (ECT)" address="c04fe">
    <table name="Y" address="c0464" />
  </table>
  <table name="Initial/Max Wastegate Duty Compensation (Atm. Pressure)" address="c06e0">
    <table name="X" address="c06b8" />
    <table name="Y" address="c06d0" />
  </table>
  <table name="Turbo Dynamics Proportional" address="c058c">
    <table name="Y" address="c0568" />
  </table>
  <table name="Turbo Dynamics Integral Positive" address="c05fc">
    <table name="Y" address="c05d8" />
  </table>
  <table name="Turbo Dynamics Integral Negative" address="c05c4">
    <table name="Y" address="c05a0" />
  </table>
  <table name="TD Activation Thresholds (RPM)" address="c0420" />
  <table name="TD Activation Thresholds (Target Boost)" address="c03f4" />
  <table name="TD Integral Cumulative Range (WGDC Correction)" address="c0430" />
  <table name="TD Integral Negative Activation (Boost Error)" address="c0404" />
  <table name="TD Integral Positive Activation (Boost Error)" address="c040c" />
  <table name="TD Integral Positive Activation (Wastegate Duty)" address="c0414" />
  <table name="Manifold Pressure Sensor Scaling" address="c00c4" />
  <table name="Manifold Pressure Sensor Limits (CEL)" address="cb2fe" />
  <table name="Manifold Pressure Sensor CEL Delays" address="c2d53" />
  <table name="Primary Open Loop Fueling" address="c7194">
    <table name="X" address="c7110" />
    <table name="Y" address="c714c" />
  </table>
  <table name="Primary Open Loop Fueling (Failsafe)" address="c733c">
    <table name="X" address="c72b8" />
    <table name="Y" address="c72f4" />
  </table>
  <table name="Primary Open Loop Fuel Map Switch (IAM)" address="c5e7c" />
  <table name="Minimum Active Primary Open Loop Enrichment" address="c5de0" />
  <table name="Minimum Primary Open Loop Enrichment (Throttle)" address="c648c">
    <table name="Y" address="c6474" />
  </table>
  <table name="Primary Open Loop Fueling Compensation (ECT)" address="c6c70">
    <table name="Y" address="c6108" />
  </table>
  <table name="Primary Open Loop Fueling Compensation (Timing Compensation)_" address="c64ac">
    <table name="Y" address="c6494" />
  </table>
  <table name="Front Oxygen Sensor Scaling" address="cb940">
    <table name="Y" address="cb90c" />
  </table>
  <table name="Front Oxygen Sensor Rich Limit" address="2157c" />
  <table name="Front Oxygen Sensor Compensation (Atm. Pressure)" address="c2428">
    <table name="Y" address="c2418" />
  </table>
  <table name="CL Fueling Target Compensation (Load)" address="c7cc8">
    <table name="X" address="c7c74" elements="11" />
    <table name="Y" address="c7ca0" />
  </table>
  <table name="CL Fueling Target Compensation A (ECT)" address="c7b18">
    <table name="X" address="c6108" />
    <table name="Y" address="c7b0c" />
  </table>
  <table name="CL Fueling Target Compensation B (ECT)" address="c7bcc">
    <table name="X" address="c6108" />
    <table name="Y" address="c7bc0" />
  </table>
  <table name="CL to OL Delay" address="c5a2e" />
  <table name="CL to OL Transition with Delay A (Throttle)" address="c63c4">
    <table name="Y" address="c6384" />
  </table>
  <table name="CL to OL Transition with Delay B (Throttle)" address="c6414">
    <table name="Y" address="c63d4" />
  </table>
  <table name="CL to OL Transition with Delay C (Throttle)" address="c6464">
    <table name="Y" address="c6424" />
  </table>
  <table name="CL to OL Transition with Delay Throttle Hysteresis" address="c5de4" />
  <table name="CL to OL Transition with Delay A (Base Pulse Width)" address="c6b90">
    <table name="Y" address="c6b50" />
  </table>
  <table name="CL to OL Transition with Delay B (Base Pulse Width)" address="c6bf0">
    <table name="Y" address="c6bb0" />
  </table>
  <table name="CL to OL Transition with Delay C (Base Pulse Width)" address="c6c50">
    <table name="Y" address="c6c10" />
  </table>
  <table name="CL to OL Transition with Delay BPW Hysteresis" address="c5de8" />
  <table name="CL Delay Maximum (EGT)" address="c5e64" />
  <table name="CL Delay Maximum (Vehicle Speed)" address="c5e5c" />
  <table name="CL Delay Minimum (ECT)" address="c5dec" />
  <table name="CL Delay Maximum Engine Speed (Per Gear)" address="c5df0" />
  <table name="CL Delay Maximum Engine Speed (Neutral)" address="c5e40" />
  <table name="CL Delay Throttle Atm. Pressure Thresholds" address="c5e6c" />
  <table name="CL Delay Maximum (Throttle) (Low Atm. Pressure)" address="c5e50" />
  <table name="CL Delay Maximum (Throttle) (High Atm. Pressure)" address="c5e48" />
  <table name="Injector Latency" address="cb3f0">
    <table name="Y" address="cb3dc" />
  </table>
  <table name="Injector Flow Scaling" address="c5b5c" />
  <table name="Per Injector Primary Fuel Offset Compensation A" address="c74c8">
    <table name="X" address="c744c" elements="17" />
    <table name="Y" address="c7490" />
  </table>
  <table name="Per Injector Primary Fuel Offset Compensation B" address="c7634">
    <table name="X" address="c75b8" elements="17" />
    <table name="Y" address="c75fc" />
  </table>
  <table name="Per Injector Primary Fuel Offset Compensation C" address="c77a0">
    <table name="X" address="c7724" elements="17" />
    <table name="Y" address="c7768" />
  </table>
  <table name="Per Injector Primary Fuel Offset Compensation D" address="c790c">
    <table name="X" address="c7890" elements="17" />
    <table name="Y" address="c78d4" />
  </table>
  <table name="Cranking Fuel Injector Pulse Width A (ECT)" address="c65ba">
    <table name="Y" address="c6108" />
  </table>
  <table name="Cranking Fuel Injector Pulse Width B (ECT)" address="c65da">
    <table name="Y" address="c6108" />
  </table>
  <table name="Cranking Fuel Injector Pulse Width C (ECT)" address="c65fa">
    <table name="Y" address="c6108" />
  </table>
  <table name="Cranking Fuel Injector Pulse Width D (ECT)" address="c661a">
    <table name="Y" address="c6108" />
  </table>
  <table name="Cranking Fuel IPW Compensation (RPM)" address="c6fc8">
    <table name="X" address="c6f98" />
    <table name="Y" address="c6fac" />
  </table>
  <table name="Cranking Fuel IPW Compensation (Accelerator)" address="c61b0">
    <table name="Y" address="c6198" />
  </table>
  <table name="Throttle Tip-in Enrichment" address="c6d78">
    <table name="Y" address="c6d30" />
  </table>
  <table name="Minimum Tip-in Enrichment Activation" address="c5f8c" />
  <table name="Minimum Tip-in Enrichment Activation (Throttle)" address="c5f88" />
  <table name="Tip-in Enrichment Compensation (Boost Error)" address="c6530">
    <table name="Y" address="c650c" />
  </table>
  <table name="Tip-in Enrichment Compensation (ECT)" address="c6d9c">
    <table name="Y" address="c6108" />
  </table>
  <table name="Tip-in Enrichment Disable Applied Counter Threshold" address="c59f5" />
  <table name="Tip-in Enrichment Applied Counter Reset" address="c59f6" />
  <table name="Tip-in Enrichment Disable Throttle Cumulative Threshold" address="c5f90" />
  <table name="Tip-in Throttle Cumulative Reset" address="c59f7" />
  <table name="Min Primary Base Enrichment 1" address="c6206">
    <table name="Y" address="c6108" />
  </table>
  <table name="Min Primary Base Enrichment 1 (Non-Primary OL)" address="c70dc">
    <table name="X" address="c70a8" />
    <table name="Y" address="c70d0" />
  </table>
  <table name="Min Primary Base Enrich 2 Initial Start 1A" address="c66ba">
    <table name="Y" address="c6108" />
  </table>
  <table name="Min Primary Base Enrich 2 Initial Start 1B" address="c66fa">
    <table name="Y" address="c6108" />
  </table>
  <table name="Min Primary Base Enrich 2 Initial Start 2A" address="c66da">
    <table name="Y" address="c6108" />
  </table>
  <table name="Min Primary Base Enrich 2 Initial Start 2B" address="c671a">
    <table name="Y" address="c6108" />
  </table>
  <table name="Min Primary Base Enrich 2 Decay Step 1" address="c673a">
    <table name="Y" address="c6108" />
  </table>
  <table name="Min Primary Base Enrich 2 Decay Step 2" address="c675a">
    <table name="Y" address="c6108" />
  </table>
  <table name="Min Primary Base Enrich 3 Initial Start 1A" address="c663a">
    <table name="Y" address="c6108" />
  </table>
  <table name="Min Primary Base Enrich 3 Initial Start 1B" address="c665a">
    <table name="Y" address="c6108" />
  </table>
  <table name="Min Primary Base Enrich 3 Initial Start 2A" address="c667a">
    <table name="Y" address="c6108" />
  </table>
  <table name="Min Primary Base Enrich 3 Initial Start 2B" address="c669a">
    <table name="Y" address="c6108" />
  </table>
  <table name="Min Primary Base Enrich 3 Decay Delay A" address="c61c6">
    <table name="Y" address="c6108" />
  </table>
  <table name="Min Primary Base Enrich 3 Decay Delay B" address="c61d6">
    <table name="Y" address="c6108" />
  </table>
  <table name="Min Primary Base Enrich 3 Decay Multiplier" address="c5b60" />
  <table name="A/F Learning #1 Limits" address="c5d8c" />
  <table name="A/F Learning #1 Airflow Ranges" address="c5d98" />
  <table name="MAF Limit (Maximum)" address="c1fac" />
  <table name="MAF Sensor Scaling" address="cb75c">
    <table name="Y" address="cb69c" elements="48" />
  </table>
  <table name="MAF Compensation (IAT)" address="c2828">
    <table name="X" address="c27f4" />
    <table name="Y" address="c2808" />
  </table>
  <table name="Engine Load Limit (Maximum)" address="1f654" />
  <table name="Engine Load Compensation (MP)" address="c2770">
    <table name="X" address="c2714" />
    <table name="Y" address="c2740" elements="12" />
  </table>
  <table name="Base Timing" address="c8c5c">
    <table name="X" address="c8bd8" />
    <table name="Y" address="c8c14" />
  </table>
  <table name="Base Timing Idle" address="c832d">
    <table name="Y" address="c81d0" />
  </table>
  <table name="Base Timing Idle Minimum" address="c8324">
    <table name="Y" address="c8300" />
  </table>
  <table name="Base Timing Idle Minimum Vehicle Speed Enable" address="c7ef0" />
  <table name="Knock Correction Advance Max" address="c8fb0">
    <table name="X" address="c8f28" />
    <table name="Y" address="c8f68" />
  </table>
  <table name="Timing Compensation (IAT)" address="c83a0">
    <table name="Y" address="c8360" />
  </table>
  <table name="Timing Compensation (IAT) Activation" address="c8dac">
    <table name="X" address="c8d6c" />
    <table name="Y" address="c8d8c" />
  </table>
  <table name="Timing Compensation (ECT)" address="c834d">
    <table name="Y" address="c81d0" />
  </table>
  <table name="Timing Compensation (MRP)" address="c9104">
    <table name="X" address="c90e4" />
    <table name="Y" address="c90f8" />
  </table>
  <table name="Timing Compensation Per Cylinder A__" address="c8798">
    <table name="Y" address="c8760" />
  </table>
  <table name="Timing Compensation Per Cylinder B__" address="c87e0">
    <table name="Y" address="c87a8" />
  </table>
  <table name="Timing Compensation Per Cylinder C__" address="c8828">
    <table name="Y" address="c87f0" />
  </table>
  <table name="Timing Compensation Per Cylinder D__" address="c8870">
    <table name="Y" address="c8838" />
  </table>
  <table name="Timing Comp Minimum Load (Per Cylinder)" address="c8028" />
  <table name="Timing Comp Maximum RPM (Per Cylinder)" address="c8024" />
  <table name="Timing Comp Minimum Coolant Temp (Per Cylinder)" address="c802c" />
  <table name="Feedback Correction Range (RPM)" address="c8060" />
  <table name="Feedback Correction Minimum Load" address="c8070" />
  <table name="Feedback Correction Retard Value" address="c8040" />
  <table name="Feedback Correction Retard Limit" address="c803c" />
  <table name="Feedback Correction Negative Advance Value" address="c8048" />
  <table name="Feedback Correction Negative Advance Delay" address="c7e1a" />
  <table name="Extended Feedback Correction High RPM Compensation" address="c8078" />
  <table name="Fine Correction Range (RPM)" address="c8158" />
  <table name="Fine Correction Range (Load)" address="c8168" />
  <table name="Fine Correction Rows (RPM)" address="c8188" />
  <table name="Fine Correction Columns (Load)" address="c8178" />
  <table name="Fine Correction Retard Value" address="c81a0" />
  <table name="Fine Correction Retard Limit" address="c8150" />
  <table name="Fine Correction Advance Value" address="c8154" />
  <table name="Fine Correction Advance Limit" address="c814c" />
  <table name="Fine Correction Advance Delay" address="c7e28" />
  <table name="Rough Correction Range (RPM)" address="c80f0" />
  <table name="Rough Correction Range (Load)" address="c8100" />
  <table name="Rough Correction Minimum KC Advance Map Value" address="c8110" />
  <table name="Rough Correction Learning Delay (Increasing)" address="c88a8">
    <table name="Y" address="c8880" />
  </table>
  <table name="Advance Multiplier (Initial)" address="c80ec" />
  <table name="Advance Multiplier Step Value" address="c8114" />
  <table name="Intake Cam Advance Angle (AVCS)" address="ccccc">
    <table name="X" address="ccc4c" />
    <table name="Y" address="ccc84" />
  </table>
  <table name="Requested Torque (Accelerator Pedal)" address="ca9cc">
    <table name="X" address="ca954" />
    <table name="Y" address="ca990" elements="15" />
  </table>
  <table name="Target Throttle Plate Position (Requested Torque)" address="ca734">
    <table name="X" address="ca6b0" />
    <table name="Y" address="ca6f4" />
  </table>
  <table name="Rev Limit (Fuel Cut)" address="c5fe0" />
  <table name="Rev Limit Fuel Resume (Boost)" address="c5fe8" />
  <table name="Speed Limiting Enable (Fuel Cut)" address="c602c" />
  <table name="Speed Limiting Disable (Fuel Cut)" address="c6034" />
  <table name="Speed Limiting (Throttle)" address="c228c" />
  <table name="EGT Sensor Scaling" address="cb894">
    <table name="Y" address="cb81c" />
  </table>
  <table name="Fuel Temp Sensor Scaling" address="cb624">
    <table name="Y" address="cb5ac" />
  </table>
  <table name="Intake Temp Sensor Scaling" address="8450c">
    <table name="Y" address="84494" />
  </table>
  <table name="Coolant Temp Sensor Scaling" address="84424">
    <table name="Y" address="843b4" />
  </table>
  <table name="Atmospheric Pressure Sensor Scaling" address="c0070" />
  <table name="Radiator Fan Modes (ECT)" address="cc0bc" />
  <table name="Radiator Fan Modes (Veh. Speed)" address="cc0cc" />
  <table name="Idle Speed Target A" address="c9ccc">
    <table name="Y" address="c96d8" />
  </table>
  <table name="Idle Speed Target B" address="c9d0c">
    <table name="Y" address="c96d8" />
  </table>
  <table name="Idle Speed Target C" address="c9d4c">
    <table name="Y" address="c96d8" />
  </table>
  <table name="Force Pass Readiness Monitors" address="76f92" />
  <table name="(P0000) PASS CODE (NO DTC DETECTED)" address="73ce3" />
  <table name="(P0000) PASS CODE (NO DTC DETECTED)_" address="73ce4" />
  <table name="(P0011) CAMSHAFT POS. - TIMING OVER-ADVANCED 1" address="73cc9" />
  <table name="(P0021) CAMSHAFT POS. - TIMING OVER-ADVANCED 2" address="73cca" />
  <table name="(P0030) FRONT O2 SENSOR RANGE/PERF" address="73d08" />
  <table name="(P0031) FRONT O2 SENSOR LOW INPUT" address="73cef" />
  <table name="(P0032) FRONT O2 SENSOR HIGH INPUT" address="73ced" />
  <table name="(P0037) REAR O2 SENSOR LOW INPUT" address="73cee" />
  <table name="(P0038) REAR O2 SENSOR HIGH INPUT" address="73cec" />
  <table name="(P0068) MAP SENSOR RANGE/PERF" address="73d04" />
  <table name="(P0101) MAF SENSOR RANGE/PERF" address="73d06" />
  <table name="(P0102) MAF SENSOR LOW INPUT" address="73ca5" />
  <table name="(P0103) MAF SENSOR HIGH INPUT" address="73ca6" />
  <table name="(P0107) MAP SENSOR LOW INPUT" address="73cf0" />
  <table name="(P0108) MAP SENSOR HIGH INPUT" address="73cf1" />
  <table name="(P0111) IAT SENSOR RANGE/PERF" address="73ceb" />
  <table name="(P0112) IAT SENSOR LOW INPUT" address="73ce9" />
  <table name="(P0113) IAT SENSOR HIGH INPUT" address="73cea" />
  <table name="(P0117) COOLANT TEMP SENSOR LOW INPUT" address="73cad" />
  <table name="(P0118) COOLANT TEMP SENSOR HIGH INPUT" address="73cae" />
  <table name="(P0122) TPS A LOW INPUT" address="73caa" />
  <table name="(P0123) TPS A HIGH INPUT" address="73cab" />
  <table name="(P0125) INSUFFICIENT COOLANT TEMP (FUELING)" address="73cb0" />
  <table name="(P0126) INSUFFICIENT COOLANT TEMP (OPERATION)" address="73d31" />
  <table name="(P0128) THERMOSTAT MALFUNCTION" address="73cf2" />
  <table name="(P0131) FRONT O2 SENSOR LOW INPUT" address="73ce6" />
  <table name="(P0132) FRONT O2 SENSOR HIGH INPUT" address="73ce7" />
  <table name="(P0133) FRONT O2 SENSOR SLOW RESPONSE" address="73cd4" />
  <table name="(P0134) FRONT O2 SENSOR NO ACTIVITY" address="73d07" />
  <table name="(P0137) REAR O2 SENSOR LOW VOLTAGE" address="73ce5" />
  <table name="(P0138) REAR O2 SENSOR HIGH VOLTAGE" address="73ce8" />
  <table name="(P0139) REAR O2 SENSOR SLOW RESPONSE" address="73cd5" />
  <table name="(P0171) SYSTEM TOO LEAN" address="73cdb" />
  <table name="(P0172) SYSTEM TOO RICH" address="73cdc" />
  <table name="(P0181) FUEL TEMP SENSOR A RANGE/PERF" address="73cbd" />
  <table name="(P0182) FUEL TEMP SENSOR A LOW INPUT" address="73cbb" />
  <table name="(P0183) FUEL TEMP SENSOR A HIGH INPUT" address="73cbc" />
  <table name="(P0222) TPS B LOW INPUT" address="73d0b" />
  <table name="(P0223) TPS B HIGH INPUT" address="73d0c" />
  <table name="(P0230) FUEL PUMP PRIMARY CIRCUIT" address="73d03" />
  <table name="(P0244) WASTEGATE SOLENOID A RANGE/PERF" address="73cf9" />
  <table name="(P0245) WASTEGATE SOLENOID A LOW" address="73cf7" />
  <table name="(P0246) WASTEGATE SOLENOID A HIGH" address="73cf8" />
  <table name="(P0301) MISFIRE CYLINDER 1" address="73cdd" />
  <table name="(P0302) MISFIRE CYLINDER 2" address="73cde" />
  <table name="(P0303) MISFIRE CYLINDER 3" address="73cdf" />
  <table name="(P0304) MISFIRE CYLINDER 4" address="73ce0" />
  <table name="(P0327) KNOCK SENSOR 1 LOW INPUT" address="73ca8" />
  <table name="(P0328) KNOCK SENSOR 1 HIGH INPUT" address="73ca9" />
  <table name="(P0335) CRANKSHAFT POS. SENSOR A MALFUNCTION" address="73ca0" />
  <table name="(P0336) CRANKSHAFT POS. SENSOR A RANGE/PERF" address="73ca1" />
  <table name="(P0340) CAMSHAFT POS. SENSOR A MALFUNCTION_" address="73d1f" />
  <table name="(P0345) CAMSHAFT POS. SENSOR A BANK 2" address="73d1e" />
  <table name="(P0420) CAT EFFICIENCY BELOW THRESHOLD" address="73cd8" />
  <table name="(P0442) EVAP LEAK DETECTED (SMALL)" address="73cd9" />
  <table name="(P0447) EVAP VENT CONTROL CIRCUIT OPEN" address="73cd2" />
  <table name="(P0448) EVAP VENT CONTROL CIRCUIT SHORTED" address="73cd3" />
  <table name="(P0451) EVAP PRESSURE SENSOR RANGE/PERF" address="73cb9" />
  <table name="(P0452) EVAP PRESSURE SENSOR LOW INPUT" address="73cb7" />
  <table name="(P0453) EVAP PRESSURE SENSOR HIGH INPUT" address="73cb8" />
  <table name="(P0456) EVAP LEAK DETECTED (VERY SMALL)" address="73cda" />
  <table name="(P0457) EVAP LEAK DETECTED (FUEL CAP)" address="73ce2" />
  <table name="(P0458) EVAP PURGE VALVE CIRCUIT LOW" address="73ccd" />
  <table name="(P0459) EVAP PURGE VALVE CIRCUIT HIGH" address="73cce" />
  <table name="(P0461) FUEL LEVEL SENSOR RANGE/PERF" address="73cb3" />
  <table name="(P0462) FUEL LEVEL SENSOR LOW INPUT" address="73cb1" />
  <table name="(P0463) FUEL LEVEL SENSOR HIGH INPUT" address="73cb2" />
  <table name="(P0464) FUEL LEVEL SENSOR INTERMITTENT" address="73caf" />
  <table name="(P0483) RADIATOR FAN RATIONALITY CHECK" address="73cc5" />
  <table name="(P0502) VEHICLE SPEED SENSOR LOW INPUT" address="73d02" />
  <table name="(P0503) VEHICLE SPEED SENSOR INTERMITTENT" address="73d09" />
  <table name="(P0506) IDLE CONTROL RPM LOWER THAN EXPECTED" address="73cc1" />
  <table name="(P0507) IDLE CONTROL RPM HIGH THAN EXPECTED" address="73cc2" />
  <table name="(P0512) STARTER REQUEST CIRCUIT" address="73cb6" />
  <table name="(P0519) IDLE CONTROL MALFUNCTION (FAIL-SAFE)" address="73d05" />
  <table name="(P0545) EGT SENSOR CIRCUIT LOW" address="73cfe" />
  <table name="(P0546) EGT SENSOR CIRCUIT HIGH" address="73cff" />
  <table name="(P0600) SERIAL COMMUNICATION LINK" address="73d1b" />
  <table name="(P0604) CONTROL MODULE RAM ERROR" address="73ca4" />
  <table name="(P0605) CONTROL MODULE ROM ERROR" address="73d20" />
  <table name="(P0607) CONTROL MODULE PERFORMANCE" address="73d13" />
  <table name="(P0638) THROTTLE ACTUATOR RANGE/PERF" address="73d12" />
  <table name="(P0691) RADIATOR FAN CIRCUIT LOW" address="73cc3" />
  <table name="(P0692) RADIATOR FAN CIRCUIT HIGH" address="73cc4" />
  <table name="(P0700) TRANSMISSION CONTROL SYSTEM" address="73d29" />
  <table name="(P0851) NEUTRAL SWITCH INPUT LOW" address="73cba" />
  <table name="(P0852) NEUTRAL SWITCH INPUT HIGH" address="73cbe" />
  <table name="(P1152) FRONT O2 SENSOR RANGE/PERF LOW B1 S1" address="73cd6" />
  <table name="(P1153) FRONT O2 SENSOR RANGE/PERF HIGH B1 S1" address="73cd7" />
  <table name="(P1160) ABNORMAL RETURN SPRING" address="73d0d" />
  <table name="(P1301) MISFIRE (HIGH TEMP EXHAUST GAS)" address="73ce1" />
  <table name="(P1312) EGT SENSOR MALFUNCTION" address="73d00" />
  <table name="(P1400) FUEL TANK PRESSURE SOL. LOW" address="73ccb" />
  <table name="(P1420) FUEL TANK PRESSURE SOL. HIGH INPUT" address="73ccc" />
  <table name="(P1443) VENT CONTROL SOLENOID FUNCTION PROBLEM" address="73cd1" />
  <table name="(P1491) PCV (BLOWBY) FUNCTION PROBLEM" address="73cf3" />
  <table name="(P1518) STARTER SWITCH LOW INPUT" address="73cb5" />
  <table name="(P1544) EGT TOO HIGH" address="73d01" />
  <table name="(P1560) BACK-UP VOLTAGE MALFUNCTION" address="73cf4" />
  <table name="(P2004) TGV - INTAKE MANIFOLD RUNNER 1 STUCK OPEN" address="73d2c" />
  <table name="(P2005) TGV - INTAKE MANIFOLD RUNNER 2 STUCK OPEN" address="73d2e" />
  <table name="(P2006) TGV - INTAKE MANIFOLD RUNNER 1 STUCK CLOSED" address="73d2d" />
  <table name="(P2007) TGV - INTAKE MANIFOLD RUNNER 2 STUCK CLOSED" address="73d2f" />
  <table name="(P2008) TGV - INTAKE MANIFOLD RUNNER 1 CIRCUIT OPEN" address="73d3a" />
  <table name="(P2009) TGV - INTAKE MANIFOLD RUNNER 1 CIRCUIT LOW" address="73d38" />
  <table name="(P2011) TGV - INTAKE MANIFOLD RUNNER 2 CIRCUIT OPEN" address="73d3b" />
  <table name="(P2012) TGV - INTAKE MANIFOLD RUNNER 2 CIRCUIT LOW" address="73d39" />
  <table name="(P2016) TGV - INTAKE MANIFOLD RUNNER 1 POS. SENSOR LOW" address="73d34" />
  <table name="(P2017) TGV - INTAKE MANIFOLD RUNNER 1 POS. SENSOR HIGH" address="73d35" />
  <table name="(P2021) TGV - INTAKE MANIFOLD RUNNER 2 POS. SENSOR LOW" address="73d36" />
  <table name="(P2022) TGV - INTAKE MANIFOLD RUNNER 2 POS. SENSOR HIGH" address="73d37" />
  <table name="(P2088) OCV SOLENOID A1 CIRCUIT OPEN" address="73d28" />
  <table name="(P2089) OCV SOLENOID A1 CIRCUIT SHORT" address="73d27" />
  <table name="(P2092) OCV SOLENOID A2 CIRCUIT OPEN" address="73d26" />
  <table name="(P2093) OCV SOLENOID A2 CIRCUIT SHORT" address="73d25" />
  <table name="(P2096) POST CATALYST TOO LEAN B1" address="73d11" />
  <table name="(P2097) POST CATALYST TOO RICH B1" address="73d1a" />
  <table name="(P2101) THROTTLE ACTUATOR CIRCUIT RANGE/PERF" address="73d10" />
  <table name="(P2102) THROTTLE ACTUATOR CIRCUIT LOW" address="73d0e" />
  <table name="(P2103) THROTTLE ACTUATOR CIRCUIT HIGH" address="73d0f" />
  <table name="(P2109) TPS A MINIMUM STOP PERF" address="73d0a" />
  <table name="(P2122) TPS D CIRCUIT LOW INPUT" address="73d17" />
  <table name="(P2123) TPS D CIRCUIT HIGH INPUT" address="73d18" />
  <table name="(P2127) TPS E CIRCUIT LOW INPUT" address="73d15" />
  <table name="(P2128) TPS E CIRCUIT HIGH INPUT" address="73d16" />
  <table name="(P2135) TPS A/B VOLTAGE" address="73d19" />
  <table name="(P2138) TPS D/E VOLTAGE" address="73d14" />
  <table name="(P2227) BARO. PRESSURE CIRCUIT RANGE/PERF" address="73d30" />
  <table name="(P2228) BARO. PRESSURE CIRCUIT LOW INPUT" address="73d33" />
  <table name="(P2229) BARO. PRESSURE CIRCUIT HIGH INPUT" address="73d32" />
</rom>