<rom>
  <romid>
    <xmlid>A2ZJA00Q</xmlid>
    <internalidaddress>2000</internalidaddress>
    <internalidstring>A2ZJA00Q</internalidstring>
    <ecuid>3BA4503006</ecuid>
    <year>05</year>
    <market>SADM</market>
    <make>Subaru</make>
    <model>Forester</model>
    <submodel>XT</submodel>
    <transmission>MT/AT</transmission>
    <memmodel>SH7055</memmodel>
    <flashmethod>sti04</flashmethod>
    <checksummodule>subarudbw</checksummodule>
  </romid>
  <include>A2ZJA00P</include>
</rom>