<rom>
  <romid>
    <xmlid>A8DH101D</xmlid>
    <internalidaddress>2000</internalidaddress>
    <internalidstring>A8DH101D</internalidstring>
    <ecuid>4212505106</ecuid>
    <year>06</year>
    <market>USDM</market>
    <make>Subaru</make>
    <model>Forester</model>
    <submodel>XT</submodel>
    <transmission>AT</transmission>
    <memmodel>SH7058</memmodel>
    <flashmethod>sti05</flashmethod>
    <checksummodule>subarudbw</checksummodule>
  </romid>
  <include>32BITBASE</include>
  <table name="Target Boost" address="c0c1c">
    <table name="X" address="c0bd0" />
    <table name="Y" address="c0bf0" elements="11" />
  </table>
  <table name="Target Boost Compensation (ECT)" address="c07d4">
    <table name="Y" address="c063c" />
  </table>
  <table name="Target Boost Compensation (1st Gear)" address="c0634" />
  <table name="Target Boost Compensation (1st Gear) Speed Disable" address="c0630" />
  <table name="Target Boost Compensation (Atm. Pressure) Multiplier" address="c08d4">
    <table name="Y" address="c08c4" />
  </table>
  <table name="Target Boost Compensation (Atm. Pressure) Multiplier Offset" address="c0804">
    <table name="Y" address="c07f4" />
  </table>
  <table name="Boost Limit (Fuel Cut)" address="c9730">
    <table name="Y" address="c9718" />
  </table>
  <table name="Boost Control Disable (IAM)" address="c0624" />
  <table name="Boost Control Disable (Fine Correction)" address="c0620" />
  <table name="Boost Control Disable Delay (Fine Correction)" address="c05c1" />
  <table name="Initial Wastegate Duty" address="c0a30">
    <table name="X" address="c09f0" />
    <table name="Y" address="c0a10" elements="8" />
  </table>
  <table name="Max Wastegate Duty" address="c0b08">
    <table name="X" address="c0ac8" />
    <table name="Y" address="c0ae8" />
  </table>
  <table name="Max Wastegate Duty Limit Post-Compensation" address="17dd8" />
  <table name="Initial/Max Wastegate Duty Compensation (IAT)" address="c06f8">
    <table name="Y" address="c06b8" />
  </table>
  <table name="Initial/Max Wastegate Duty Compensation (ECT)" address="c07b4">
    <table name="Y" address="c063c" />
  </table>
  <table name="Initial/Max Wastegate Duty Compensation (Atm. Pressure)" address="c0994">
    <table name="X" address="c096c" />
    <table name="Y" address="c0984" />
  </table>
  <table name="Turbo Dynamics Proportional" address="c0840">
    <table name="Y" address="c081c" />
  </table>
  <table name="Turbo Dynamics Integral Positive" address="c08b0">
    <table name="Y" address="c088c" />
  </table>
  <table name="Turbo Dynamics Integral Negative" address="c0878">
    <table name="Y" address="c0854" />
  </table>
  <table name="TD Proportional Compensation (IAT)" address="c068c">
    <table name="Y" address="c067c" />
  </table>
  <table name="TD Integral Positive Compensation (IAT)" address="c06b4">
    <table name="Y" address="c06a4" />
  </table>
  <table name="TD Integral Negative Compensation (IAT)" address="c06a0">
    <table name="Y" address="c0690" />
  </table>
  <table name="TD Activation Thresholds (RPM)" address="c05f0" />
  <table name="TD Activation Thresholds (Target Boost)" address="c05cc" />
  <table name="TD Integral Cumulative Range (WGDC Correction)" address="c0600" />
  <table name="TD Integral Negative Activation (Boost Error)" address="c05dc" />
  <table name="TD Integral Positive Activation (Boost Error)" address="c05e4" />
  <table name="TD Integral Positive Activation (Wastegate Duty)" address="c05ec" />
  <table name="Manifold Pressure Sensor Scaling" address="c028c" />
  <table name="Manifold Pressure Sensor Limits (CEL)" address="ce7f6" />
  <table name="Manifold Pressure Sensor CEL Delays" address="c335f" />
  <table name="Primary Open Loop Fueling" address="ca09c">
    <table name="X" address="ca018" />
    <table name="Y" address="ca054" />
  </table>
  <table name="Primary Open Loop Fueling (Failsafe)" address="ca244">
    <table name="X" address="ca1c0" />
    <table name="Y" address="ca1fc" />
  </table>
  <table name="Primary Open Loop Fuel Map Switch (IAM)" address="c849c" />
  <table name="Minimum Active Primary Open Loop Enrichment" address="c84a0" />
  <table name="Minimum Primary Open Loop Enrichment (Throttle)" address="c8c0c">
    <table name="Y" address="c8bf4" />
  </table>
  <table name="Primary Open Loop Fueling Compensation (ECT)" address="c957c">
    <table name="Y" address="c887c" />
  </table>
  <table name="Primary Open Loop Fueling Compensation (Timing Compensation)" address="c8b9c">
    <table name="Y" address="c8b84" />
  </table>
  <table name="Front Oxygen Sensor Scaling" address="ced28">
    <table name="Y" address="cecf4" />
  </table>
  <table name="Front Oxygen Sensor Rich Limit" address="23d20" />
  <table name="Front Oxygen Sensor Compensation (Atm. Pressure)" address="c28a4">
    <table name="Y" address="c2894" />
  </table>
  <table name="CL Fueling Target Compensation (Load)" address="cac08">
    <table name="X" address="cabb4" elements="11" />
    <table name="Y" address="cabe0" />
  </table>
  <table name="CL Fueling Target Compensation A (ECT)" address="caa58">
    <table name="X" address="c887c" />
    <table name="Y" address="caa4c" />
  </table>
  <table name="CL Fueling Target Compensation B (ECT)" address="cab0c">
    <table name="X" address="c887c" />
    <table name="Y" address="cab00" />
  </table>
  <table name="CL to OL Delay" address="c80e4">
    <table name="Y" elements="3" />
  </table>
  <table name="CL to OL Transition with Delay (Throttle)" address="c8be4">
    <table name="Y" address="c8ba4" />
  </table>
  <table name="CL to OL Transition with Delay Throttle Hysteresis" address="c84a4" />
  <table name="CL to OL Transition with Delay (Base Pulse Width)" address="c94a8">
    <table name="Y" address="c9468" />
  </table>
  <table name="CL to OL Transition with Delay BPW Hysteresis" address="c84a8" />
  <table name="CL to OL Transition Counter Step Value (MAF)" address="c94f0">
    <table name="Y" address="c94c8" />
  </table>
  <table name="CL Delay Maximum (Vehicle Speed)" address="c8524" />
  <table name="CL Delay Minimum (ECT)" address="c84ac" />
  <table name="CL Delay Maximum (Engine Load)" address="c8534" />
  <table name="CL Delay Engine Load Counter Threshold" address="c80e2" />
  <table name="CL Delay Maximum Engine Speed (Per Gear)" address="c84d8" />
  <table name="CL Delay Maximum Engine Speed (Neutral)" address="c8500" />
  <table name="CL Delay Throttle Atm. Pressure Thresholds" address="c8508" />
  <table name="CL Delay Maximum (Throttle) (Low Atm. Pressure)" address="c8518" />
  <table name="CL Delay Maximum (Throttle) (High Atm. Pressure)" address="c8510" />
  <table name="Injector Latency" address="c9aa8">
    <table name="Y" address="c9a94" />
  </table>
  <table name="Injector Flow Scaling" address="c81f0" />
  <table name="Per Injector Pulse Width Compensation A" address="ca3d4">
    <table name="X" address="ca354" />
    <table name="Y" address="ca398" elements="15" />
  </table>
  <table name="Per Injector Pulse Width Compensation B" address="ca554">
    <table name="X" address="ca4d4" />
    <table name="Y" address="ca518" elements="15" />
  </table>
  <table name="Per Injector Pulse Width Compensation C" address="ca6d4">
    <table name="X" address="ca654" />
    <table name="Y" address="ca698" elements="15" />
  </table>
  <table name="Per Injector Pulse Width Compensation D" address="ca854">
    <table name="X" address="ca7d4" />
    <table name="Y" address="ca818" elements="15" />
  </table>
  <table name="Cranking Fuel Injector Pulse Width A (ECT)" address="c8e2a">
    <table name="Y" address="c887c" />
  </table>
  <table name="Cranking Fuel Injector Pulse Width B (ECT)" address="c8e4a">
    <table name="Y" address="c887c" />
  </table>
  <table name="Cranking Fuel Injector Pulse Width C (ECT)" address="c8e6a">
    <table name="Y" address="c887c" />
  </table>
  <table name="Cranking Fuel Injector Pulse Width D (ECT)" address="c8e8a">
    <table name="Y" address="c887c" />
  </table>
  <table name="Cranking Fuel Injector Pulse Width E (ECT)" address="c8eaa">
    <table name="Y" address="c887c" />
  </table>
  <table name="Cranking Fuel Injector Pulse Width F (ECT)" address="c8eca">
    <table name="Y" address="c887c" />
  </table>
  <table name="Cranking Fuel IPW Compensation A (RPM)" address="c9d60">
    <table name="X" address="c9d30" />
    <table name="Y" address="c9d44" />
  </table>
  <table name="Cranking Fuel IPW Compensation B (RPM)" address="c9dc8">
    <table name="X" address="c9d98" />
    <table name="Y" address="c9dac" />
  </table>
  <table name="Cranking Fuel IPW Compensation (Accelerator)" address="c8978">
    <table name="Y" address="c8960" />
  </table>
  <table name="Throttle Tip-in Enrichment" address="c9684">
    <table name="Y" address="c963c" />
  </table>
  <table name="Minimum Tip-in Enrichment Activation" address="c865c" />
  <table name="Minimum Tip-in Enrichment Activation (Throttle)" address="c8654" />
  <table name="Tip-in Enrichment Compensation (Boost Error)" address="c8c90">
    <table name="Y" address="c8c6c" />
  </table>
  <table name="Tip-in Enrichment Compensation (ECT)" address="c96a8">
    <table name="Y" address="c887c" />
  </table>
  <table name="Tip-in Enrichment Disable Applied Counter Threshold" address="c80a9" />
  <table name="Tip-in Enrichment Applied Counter Reset" address="c80aa" />
  <table name="Tip-in Enrichment Disable Throttle Cumulative Threshold" address="c8658" />
  <table name="Tip-in Throttle Cumulative Reset" address="c80ab" />
  <table name="Min Primary Base Enrichment 1 A" address="c9e90">
    <table name="X" address="c887c" />
    <table name="Y" address="c9e70" />
  </table>
  <table name="Min Primary Base Enrichment 1 B" address="c9f30">
    <table name="X" address="c887c" />
    <table name="Y" address="c9f10" />
  </table>
  <table name="Min Primary Base Enrichment 1 (Non-Primary OL)" address="c9fe4">
    <table name="X" address="c9fb0" />
    <table name="Y" address="c9fd8" />
  </table>
  <table name="Min Primary Base Enrich 2 Initial Start 1A" address="c8f6a">
    <table name="Y" address="c887c" />
  </table>
  <table name="Min Primary Base Enrich 2 Initial Start 1B" address="c8faa">
    <table name="Y" address="c887c" />
  </table>
  <table name="Min Primary Base Enrich 2 Initial Start 2A" address="c8f8a">
    <table name="Y" address="c887c" />
  </table>
  <table name="Min Primary Base Enrich 2 Initial Start 2B" address="c8fca">
    <table name="Y" address="c887c" />
  </table>
  <table name="Min Primary Base Enrich 2 Decay Step 1" address="c8fea">
    <table name="Y" address="c887c" />
  </table>
  <table name="Min Primary Base Enrich 2 Decay Step 2" address="c900a">
    <table name="Y" address="c887c" />
  </table>
  <table name="Min Primary Base Enrich 3 Initial Start 1A" address="c8eea">
    <table name="Y" address="c887c" />
  </table>
  <table name="Min Primary Base Enrich 3 Initial Start 1B" address="c8f0a">
    <table name="Y" address="c887c" />
  </table>
  <table name="Min Primary Base Enrich 3 Initial Start 2A" address="c8f2a">
    <table name="Y" address="c887c" />
  </table>
  <table name="Min Primary Base Enrich 3 Initial Start 2B" address="c8f4a">
    <table name="Y" address="c887c" />
  </table>
  <table name="Min Primary Base Enrich 3 Decay Delay A" address="c898e">
    <table name="Y" address="c887c" />
  </table>
  <table name="Min Primary Base Enrich 3 Decay Delay B" address="c899e">
    <table name="Y" address="c887c" />
  </table>
  <table name="Min Primary Base Enrich 3 Decay Multiplier" address="c81f4" />
  <table name="A/F Learning #1 Limits" address="c8470" />
  <table name="A/F Learning #1 Airflow Ranges" address="c8480" />
  <table name="MAF Limit (Maximum)" address="c239c" />
  <table name="MAF Sensor Scaling" address="cec34">
    <table name="Y" address="ceb74" elements="48" />
  </table>
  <table name="MAF Compensation (IAT)" address="c2cec">
    <table name="X" address="c2cb8" />
    <table name="Y" address="c2ccc" />
  </table>
  <table name="Engine Load Limit (Maximum)" address="21d78" />
  <table name="Engine Load Compensation (MP)" address="c2d7c">
    <table name="X" address="c2d14" />
    <table name="Y" address="c2d40" />
  </table>
  <table name="Base Timing" address="cc2e4">
    <table name="X" address="cc260" />
    <table name="Y" address="cc29c" />
  </table>
  <table name="Base Timing Idle A (In-Gear)" address="cba21">
    <table name="Y" address="cb8f0" />
  </table>
  <table name="Base Timing Idle B (In-Gear)" address="cba31">
    <table name="Y" address="cb8f0" />
  </table>
  <table name="Base Timing Idle A (Neutral)" address="cba41">
    <table name="Y" address="cb8f0" />
  </table>
  <table name="Base Timing Idle B (Neutral)" address="cba51">
    <table name="Y" address="cb8f0" />
  </table>
  <table name="Base Timing Idle Minimum" address="cba18">
    <table name="Y" address="cb9f4" />
  </table>
  <table name="Base Timing Idle Minimum Vehicle Speed Enable" address="cb60c" />
  <table name="Knock Correction Advance Max" address="cc8b4">
    <table name="X" address="cc830" elements="15" />
    <table name="Y" address="cc86c" />
  </table>
  <table name="Timing Compensation A (IAT)" address="cbad4">
    <table name="Y" address="cba94" />
  </table>
  <table name="Timing Compensation A (IAT) Activation" address="cc434">
    <table name="X" address="cc3f4" />
    <table name="Y" address="cc414" />
  </table>
  <table name="Timing Compensation B (IAT)" address="cbf2c">
    <table name="Y" address="cbeec" />
  </table>
  <table name="Timing Compensation B (IAT) IAM Activation" address="cb8ec" />
  <table name="Timing Compensation B (IAT) Max Additive" address="cb8d0" />
  <table name="Timing Compensation (ECT)" address="cba81">
    <table name="Y" address="cb8f0" />
  </table>
  <table name="Timing Compensation (MRP)" address="cc9f8">
    <table name="X" address="cc9d8" />
    <table name="Y" address="cc9ec" />
  </table>
  <table name="Timing Compensation Per Cylinder A" address="cc644">
    <table name="X" address="cc5fc" />
    <table name="Y" address="cc634" />
  </table>
  <table name="Timing Compensation Per Cylinder B" address="cc6c4">
    <table name="X" address="cc67c" />
    <table name="Y" address="cc6b4" />
  </table>
  <table name="Timing Compensation Per Cylinder C" address="cc744">
    <table name="X" address="cc6fc" />
    <table name="Y" address="cc734" />
  </table>
  <table name="Timing Compensation Per Cylinder D" address="cc7c4">
    <table name="X" address="cc77c" />
    <table name="Y" address="cc7b4" />
  </table>
  <table name="Timing Comp Minimum Load (Per Cylinder)" address="cb748" />
  <table name="Timing Comp Maximum RPM (Per Cylinder)" address="cb744" />
  <table name="Timing Comp Minimum Coolant Temp (Per Cylinder)" address="cb74c" />
  <table name="Feedback Correction Range (RPM)" address="cb758" />
  <table name="Feedback Correction Minimum Load" address="cb750" />
  <table name="Feedback Correction Retard Value" address="cb774" />
  <table name="Feedback Correction Retard Limit" address="cb770" />
  <table name="Feedback Correction Negative Advance Value" address="cb77c" />
  <table name="Feedback Correction Negative Advance Delay" address="cb536" />
  <table name="Extended Feedback Correction High RPM Compensation" address="cb784" />
  <table name="Fine Correction Minimum (RPM)" address="cb790" />
  <table name="Fine Correction Maximum (RPM)" address="cb8b0" />
  <table name="Fine Correction Range (Load)" address="cb8b8" />
  <table name="Fine Correction Rows (RPM)" address="cb880" />
  <table name="Fine Correction Columns (Load)" address="cb870" />
  <table name="Fine Correction Retard Value" address="cb8ac" />
  <table name="Fine Correction Retard Limit" address="cb8a8" />
  <table name="Fine Correction Advance Value" address="cb8a4" />
  <table name="Fine Correction Advance Limit" address="cb8a0" />
  <table name="Fine Correction Advance Delay" address="cb544" />
  <table name="Rough Correction Range (RPM)" address="cb820" />
  <table name="Rough Correction Range (Load)" address="cb830" />
  <table name="Rough Correction Minimum KC Advance Map Value" address="cb840" />
  <table name="Rough Correction Learning Delay (Increasing)" address="cbee0">
    <table name="Y" address="cbeb8" />
  </table>
  <table name="Advance Multiplier (Initial)" address="cb844" />
  <table name="Advance Multiplier Step Value" address="cb848" />
  <table name="Intake Cam Advance Angle (AVCS)" address="d06cc">
    <table name="X" address="d0650" elements="15" />
    <table name="Y" address="d068c" elements="16" />
  </table>
  <table name="Requested Torque (Accelerator Pedal)" address="dc230">
    <table name="X" address="dc1b4" />
    <table name="Y" address="dc1f0" elements="16" />
  </table>
  <table name="Target Throttle Plate Position A (Requested Torque)" address="dbcf0">
    <table name="X" address="dbc6c" />
    <table name="Y" address="dbcb0" />
  </table>
  <table name="Target Throttle Plate Position B (Requested Torque)" address="dbf94">
    <table name="X" address="dbf10" />
    <table name="Y" address="dbf54" />
  </table>
  <table name="Rev Limit (Fuel Cut)" address="c86a4" />
  <table name="Rev Limit Fuel Resume (Boost)" address="c86ac" />
  <table name="Speed Limiting Enable (Fuel Cut)" address="c86f0" />
  <table name="Speed Limiting Disable (Fuel Cut)" address="c86fc" />
  <table name="Speed Limiting (Throttle)" address="db83c" />
  <table name="Fuel Temp Sensor Scaling" address="ceafc">
    <table name="Y" address="cea84" />
  </table>
  <table name="Intake Temp Sensor Scaling" address="96b34">
    <table name="Y" address="96abc" />
  </table>
  <table name="Coolant Temp Sensor Scaling" address="96a4c">
    <table name="Y" address="969dc" />
  </table>
  <table name="Atmospheric Pressure Sensor Scaling" address="c0250" />
  <table name="Radiator Fan Modes A (ECT)" address="cf4a8" />
  <table name="Radiator Fan Modes B (ECT)" address="cf4b8" />
  <table name="Radiator Fan Modes (Veh. Speed)" address="cf4c8" />
  <table name="Idle Speed Target A" address="cd3f8">
    <table name="Y" address="ccffc" />
  </table>
  <table name="Idle Speed Target B" address="cd438">
    <table name="Y" address="ccffc" />
  </table>
  <table name="Idle Speed Target C" address="cd478">
    <table name="Y" address="ccffc" />
  </table>
  <table name="Force Pass Readiness Monitors" address="88aa6" />
  <table name="(P0000) PASS CODE (NO DTC DETECTED)" address="85597" />
  <table name="(P0000) PASS CODE (NO DTC DETECTED)_" address="85598" />
  <table name="(P0011) CAMSHAFT POS. - TIMING OVER-ADVANCED 1" address="8557d" />
  <table name="(P0016) CRANKSHAFT/CAMSHAFT CORRELATION 1A" address="855fc" />
  <table name="(P0018) CRANKSHAFT/CAMSHAFT CORRELATION 2A" address="855fb" />
  <table name="(P0021) CAMSHAFT POS. - TIMING OVER-ADVANCED 2" address="8557e" />
  <table name="(P0030) FRONT O2 SENSOR RANGE/PERF" address="855bc" />
  <table name="(P0031) FRONT O2 SENSOR LOW INPUT" address="855a3" />
  <table name="(P0032) FRONT O2 SENSOR HIGH INPUT" address="855a1" />
  <table name="(P0037) REAR O2 SENSOR LOW INPUT" address="855a2" />
  <table name="(P0038) REAR O2 SENSOR HIGH INPUT" address="855a0" />
  <table name="(P0068) MAP SENSOR RANGE/PERF" address="855b8" />
  <table name="(P0101) MAF SENSOR RANGE/PERF" address="855ba" />
  <table name="(P0102) MAF SENSOR LOW INPUT" address="85559" />
  <table name="(P0103) MAF SENSOR HIGH INPUT" address="8555a" />
  <table name="(P0107) MAP SENSOR LOW INPUT" address="855a4" />
  <table name="(P0108) MAP SENSOR HIGH INPUT" address="855a5" />
  <table name="(P0111) IAT SENSOR RANGE/PERF" address="8559f" />
  <table name="(P0112) IAT SENSOR LOW INPUT" address="8559d" />
  <table name="(P0113) IAT SENSOR HIGH INPUT" address="8559e" />
  <table name="(P0117) COOLANT TEMP SENSOR LOW INPUT" address="85561" />
  <table name="(P0118) COOLANT TEMP SENSOR HIGH INPUT" address="85562" />
  <table name="(P0122) TPS A LOW INPUT" address="8555e" />
  <table name="(P0123) TPS A HIGH INPUT" address="8555f" />
  <table name="(P0125) INSUFFICIENT COOLANT TEMP (FUELING)" address="85564" />
  <table name="(P0126) INSUFFICIENT COOLANT TEMP (OPERATION)" address="855e5" />
  <table name="(P0128) THERMOSTAT MALFUNCTION" address="855a6" />
  <table name="(P0131) FRONT O2 SENSOR LOW INPUT" address="8559a" />
  <table name="(P0132) FRONT O2 SENSOR HIGH INPUT" address="8559b" />
  <table name="(P0133) FRONT O2 SENSOR SLOW RESPONSE" address="85588" />
  <table name="(P0134) FRONT O2 SENSOR NO ACTIVITY" address="855bb" />
  <table name="(P0137) REAR O2 SENSOR LOW VOLTAGE" address="85599" />
  <table name="(P0138) REAR O2 SENSOR HIGH VOLTAGE" address="8559c" />
  <table name="(P0139) REAR O2 SENSOR SLOW RESPONSE" address="85589" />
  <table name="(P0140) REAR O2 SENSOR NO ACTIVITY" address="855f8" />
  <table name="(P0171) SYSTEM TOO LEAN" address="8558f" />
  <table name="(P0172) SYSTEM TOO RICH" address="85590" />
  <table name="(P0181) FUEL TEMP SENSOR A RANGE/PERF" address="85571" />
  <table name="(P0182) FUEL TEMP SENSOR A LOW INPUT" address="8556f" />
  <table name="(P0183) FUEL TEMP SENSOR A HIGH INPUT" address="85570" />
  <table name="(P0222) TPS B LOW INPUT" address="855bf" />
  <table name="(P0223) TPS B HIGH INPUT" address="855c0" />
  <table name="(P0230) FUEL PUMP PRIMARY CIRCUIT" address="855b7" />
  <table name="(P0244) WASTEGATE SOLENOID A RANGE/PERF" address="855ad" />
  <table name="(P0245) WASTEGATE SOLENOID A LOW" address="855ab" />
  <table name="(P0246) WASTEGATE SOLENOID A HIGH" address="855ac" />
  <table name="(P0301) MISFIRE CYLINDER 1" address="85591" />
  <table name="(P0302) MISFIRE CYLINDER 2" address="85592" />
  <table name="(P0303) MISFIRE CYLINDER 3" address="85593" />
  <table name="(P0304) MISFIRE CYLINDER 4" address="85594" />
  <table name="(P0327) KNOCK SENSOR 1 LOW INPUT" address="8555c" />
  <table name="(P0328) KNOCK SENSOR 1 HIGH INPUT" address="8555d" />
  <table name="(P0335) CRANKSHAFT POS. SENSOR A MALFUNCTION" address="85554" />
  <table name="(P0336) CRANKSHAFT POS. SENSOR A RANGE/PERF" address="85555" />
  <table name="(P0340) CAMSHAFT POS. SENSOR A MALFUNCTION_" address="855d3" />
  <table name="(P0345) CAMSHAFT POS. SENSOR A BANK 2" address="855d2" />
  <table name="(P0410) SECONDARY AIR PUMP SYSTEM" address="855f2" />
  <table name="(P0411) SECONDARY AIR PUMP INCORRECT FLOW" address="855f1" />
  <table name="(P0413) SECONDARY AIR PUMP A OPEN" address="855f6" />
  <table name="(P0414) SECONDARY AIR PUMP A SHORTED" address="855f9" />
  <table name="(P0416) SECONDARY AIR PUMP B OPEN" address="85603" />
  <table name="(P0417) SECONDARY AIR PUMP B SHORTED" address="85602" />
  <table name="(P0418) SECONDARY AIR PUMP RELAY A" address="855f7" />
  <table name="(P0420) CAT EFFICIENCY BELOW THRESHOLD" address="8558c" />
  <table name="(P0442) EVAP LEAK DETECTED (SMALL)" address="8558d" />
  <table name="(P0447) EVAP VENT CONTROL CIRCUIT OPEN" address="85586" />
  <table name="(P0448) EVAP VENT CONTROL CIRCUIT SHORTED" address="85587" />
  <table name="(P0451) EVAP PRESSURE SENSOR RANGE/PERF" address="8556d" />
  <table name="(P0452) EVAP PRESSURE SENSOR LOW INPUT" address="8556b" />
  <table name="(P0453) EVAP PRESSURE SENSOR HIGH INPUT" address="8556c" />
  <table name="(P0456) EVAP LEAK DETECTED (VERY SMALL)" address="8558e" />
  <table name="(P0457) EVAP LEAK DETECTED (FUEL CAP)" address="85596" />
  <table name="(P0458) EVAP PURGE VALVE CIRCUIT LOW" address="85581" />
  <table name="(P0459) EVAP PURGE VALVE CIRCUIT HIGH" address="85582" />
  <table name="(P0461) FUEL LEVEL SENSOR RANGE/PERF" address="85567" />
  <table name="(P0462) FUEL LEVEL SENSOR LOW INPUT" address="85565" />
  <table name="(P0463) FUEL LEVEL SENSOR HIGH INPUT" address="85566" />
  <table name="(P0464) FUEL LEVEL SENSOR INTERMITTENT" address="85563" />
  <table name="(P0483) RADIATOR FAN RATIONALITY CHECK" address="85579" />
  <table name="(P0502) VEHICLE SPEED SENSOR LOW INPUT" address="855b6" />
  <table name="(P0503) VEHICLE SPEED SENSOR INTERMITTENT" address="855bd" />
  <table name="(P0506) IDLE CONTROL RPM LOWER THAN EXPECTED" address="85575" />
  <table name="(P0507) IDLE CONTROL RPM HIGH THAN EXPECTED" address="85576" />
  <table name="(P0512) STARTER REQUEST CIRCUIT" address="8556a" />
  <table name="(P0519) IDLE CONTROL MALFUNCTION (FAIL-SAFE)" address="855b9" />
  <table name="(P0600) SERIAL COMMUNICATION LINK" address="855cf" />
  <table name="(P0604) CONTROL MODULE RAM ERROR" address="85558" />
  <table name="(P0605) CONTROL MODULE ROM ERROR" address="855d4" />
  <table name="(P0607) CONTROL MODULE PERFORMANCE" address="855c7" />
  <table name="(P0638) THROTTLE ACTUATOR RANGE/PERF" address="855c6" />
  <table name="(P0691) RADIATOR FAN CIRCUIT LOW" address="85577" />
  <table name="(P0692) RADIATOR FAN CIRCUIT HIGH" address="85578" />
  <table name="(P0700) TRANSMISSION CONTROL SYSTEM" address="855dd" />
  <table name="(P0851) NEUTRAL SWITCH INPUT LOW" address="8556e" />
  <table name="(P0852) NEUTRAL SWITCH INPUT HIGH" address="85572" />
  <table name="(P1152) FRONT O2 SENSOR RANGE/PERF LOW B1 S1" address="8558a" />
  <table name="(P1153) FRONT O2 SENSOR RANGE/PERF HIGH B1 S1" address="8558b" />
  <table name="(P1160) ABNORMAL RETURN SPRING" address="855c1" />
  <table name="(P1400) FUEL TANK PRESSURE SOL. LOW" address="8557f" />
  <table name="(P1410) SECONDARY AIR PUMP VALVE STUCK OPEN" address="855fd" />
  <table name="(P1418) SECONDARY AIR PUMP CIRCUIT SHORTED" address="855fa" />
  <table name="(P1420) FUEL TANK PRESSURE SOL. HIGH INPUT" address="85580" />
  <table name="(P1443) VENT CONTROL SOLENOID FUNCTION PROBLEM" address="85585" />
  <table name="(P1491) PCV (BLOWBY) FUNCTION PROBLEM" address="855a7" />
  <table name="(P1518) STARTER SWITCH LOW INPUT" address="85569" />
  <table name="(P1560) BACK-UP VOLTAGE MALFUNCTION" address="855a8" />
  <table name="(P2004) TGV - INTAKE MANIFOLD RUNNER 1 STUCK OPEN" address="855e0" />
  <table name="(P2005) TGV - INTAKE MANIFOLD RUNNER 2 STUCK OPEN" address="855e2" />
  <table name="(P2006) TGV - INTAKE MANIFOLD RUNNER 1 STUCK CLOSED" address="855e1" />
  <table name="(P2007) TGV - INTAKE MANIFOLD RUNNER 2 STUCK CLOSED" address="855e3" />
  <table name="(P2008) TGV - INTAKE MANIFOLD RUNNER 1 CIRCUIT OPEN" address="855ee" />
  <table name="(P2009) TGV - INTAKE MANIFOLD RUNNER 1 CIRCUIT LOW" address="855ec" />
  <table name="(P2011) TGV - INTAKE MANIFOLD RUNNER 2 CIRCUIT OPEN" address="855ef" />
  <table name="(P2012) TGV - INTAKE MANIFOLD RUNNER 2 CIRCUIT LOW" address="855ed" />
  <table name="(P2016) TGV - INTAKE MANIFOLD RUNNER 1 POS. SENSOR LOW" address="855e8" />
  <table name="(P2017) TGV - INTAKE MANIFOLD RUNNER 1 POS. SENSOR HIGH" address="855e9" />
  <table name="(P2021) TGV - INTAKE MANIFOLD RUNNER 2 POS. SENSOR LOW" address="855ea" />
  <table name="(P2022) TGV - INTAKE MANIFOLD RUNNER 2 POS. SENSOR HIGH" address="855eb" />
  <table name="(P2088) OCV SOLENOID A1 CIRCUIT OPEN" address="855dc" />
  <table name="(P2089) OCV SOLENOID A1 CIRCUIT SHORT" address="855db" />
  <table name="(P2092) OCV SOLENOID A2 CIRCUIT OPEN" address="855da" />
  <table name="(P2093) OCV SOLENOID A2 CIRCUIT SHORT" address="855d9" />
  <table name="(P2096) POST CATALYST TOO LEAN B1" address="855c5" />
  <table name="(P2097) POST CATALYST TOO RICH B1" address="855ce" />
  <table name="(P2101) THROTTLE ACTUATOR CIRCUIT RANGE/PERF" address="855c4" />
  <table name="(P2102) THROTTLE ACTUATOR CIRCUIT LOW" address="855c2" />
  <table name="(P2103) THROTTLE ACTUATOR CIRCUIT HIGH" address="855c3" />
  <table name="(P2109) TPS A MINIMUM STOP PERF" address="855be" />
  <table name="(P2122) TPS D CIRCUIT LOW INPUT" address="855cb" />
  <table name="(P2123) TPS D CIRCUIT HIGH INPUT" address="855cc" />
  <table name="(P2127) TPS E CIRCUIT LOW INPUT" address="855c9" />
  <table name="(P2128) TPS E CIRCUIT HIGH INPUT" address="855ca" />
  <table name="(P2135) TPS A/B VOLTAGE" address="855cd" />
  <table name="(P2138) TPS D/E VOLTAGE" address="855c8" />
  <table name="(P2227) BARO. PRESSURE CIRCUIT RANGE/PERF" address="855e4" />
  <table name="(P2228) BARO. PRESSURE CIRCUIT LOW INPUT" address="855e7" />
  <table name="(P2229) BARO. PRESSURE CIRCUIT HIGH INPUT" address="855e6" />
  <table name="(P2431) SECONDARY AIR PUMP CIRCUIT RANGE/PERF" address="855f3" />
  <table name="(P2432) SECONDARY AIR PUMP CIRCUIT LOW" address="855f5" />
  <table name="(P2433) SECONDARY AIR PUMP CIRCUIT HIGH" address="855f4" />
  <table name="(P2440) SECONDARY AIR PUMP VALVE 1 STUCK OPEN" address="85601" />
  <table name="(P2441) SECONDARY AIR PUMP VALVE 1 STUCK CLOSED" address="85600" />
  <table name="(P2442) SECONDARY AIR PUMP VALVE 2 STUCK OPEN" address="855ff" />
  <table name="(P2443) SECONDARY AIR PUMP 2 STUCK CLOSED" address="855fe" />
  <table name="(P2444) SECONDARY AIR PUMP 1 STUCK ON B1" address="855f0" />
</rom>