<rom>
  <romid>
    <xmlid>A8DH100P</xmlid>
    <internalidaddress>2000</internalidaddress>
    <internalidstring>A8DH100P</internalidstring>
    <ecuid>4242504106</ecuid>
    <year>06</year>
    <market>EDM</market>
    <make>Subaru</make>
    <model>Forester</model>
    <submodel>XT</submodel>
    <transmission>AT</transmission>
    <memmodel>SH7058</memmodel>
    <flashmethod>sti05</flashmethod>
    <checksummodule>subarudbw</checksummodule>
  </romid>
  <include>32BITBASE</include>
  <table name="Target Boost" address="c0cc0">
    <table name="X" address="c0c74" />
    <table name="Y" address="c0c94" elements="11" />
  </table>
  <table name="Target Boost Compensation (ECT)" address="c0878">
    <table name="Y" address="c06e0" />
  </table>
  <table name="Target Boost Compensation (1st Gear)" address="c06d8" />
  <table name="Target Boost Compensation (1st Gear) Speed Disable" address="c06d4" />
  <table name="Target Boost Compensation (Atm. Pressure) Multiplier" address="c0978">
    <table name="Y" address="c0968" />
  </table>
  <table name="Target Boost Compensation (Atm. Pressure) Multiplier Offset" address="c08a8">
    <table name="Y" address="c0898" />
  </table>
  <table name="Boost Limit (Fuel Cut)" address="c8a84">
    <table name="Y" address="c8a6c" />
  </table>
  <table name="Boost Control Disable (IAM)" address="c06c8" />
  <table name="Boost Control Disable (Fine Correction)" address="c06c4" />
  <table name="Boost Control Disable Delay (Fine Correction)" address="c0665" />
  <table name="Initial Wastegate Duty" address="c0ad4">
    <table name="X" address="c0a94" />
    <table name="Y" address="c0ab4" elements="8" />
  </table>
  <table name="Max Wastegate Duty" address="c0bac">
    <table name="X" address="c0b6c" />
    <table name="Y" address="c0b8c" />
  </table>
  <table name="Max Wastegate Duty Limit Post-Compensation" address="18618" />
  <table name="Initial/Max Wastegate Duty Compensation (IAT)" address="c079c">
    <table name="Y" address="c075c" />
  </table>
  <table name="Initial/Max Wastegate Duty Compensation (ECT)" address="c0858">
    <table name="Y" address="c06e0" />
  </table>
  <table name="Initial/Max Wastegate Duty Compensation (Atm. Pressure)" address="c0a38">
    <table name="X" address="c0a10" />
    <table name="Y" address="c0a28" />
  </table>
  <table name="Turbo Dynamics Proportional" address="c08e4">
    <table name="Y" address="c08c0" />
  </table>
  <table name="Turbo Dynamics Integral Positive" address="c0954">
    <table name="Y" address="c0930" />
  </table>
  <table name="Turbo Dynamics Integral Negative" address="c091c">
    <table name="Y" address="c08f8" />
  </table>
  <table name="TD Proportional Compensation (IAT)" address="c0730">
    <table name="Y" address="c0720" />
  </table>
  <table name="TD Integral Positive Compensation (IAT)" address="c0758">
    <table name="Y" address="c0748" />
  </table>
  <table name="TD Integral Negative Compensation (IAT)" address="c0744">
    <table name="Y" address="c0734" />
  </table>
  <table name="TD Activation Thresholds (RPM)" address="c0694" />
  <table name="TD Activation Thresholds (Target Boost)" address="c0670" />
  <table name="TD Integral Cumulative Range (WGDC Correction)" address="c06a4" />
  <table name="TD Integral Negative Activation (Boost Error)" address="c0680" />
  <table name="TD Integral Positive Activation (Boost Error)" address="c0688" />
  <table name="TD Integral Positive Activation (Wastegate Duty)" address="c0690" />
  <table name="Manifold Pressure Sensor Scaling" address="c028c" />
  <table name="Manifold Pressure Sensor Limits (CEL)" address="cd848" />
  <table name="Manifold Pressure Sensor CEL Delays" address="c3402" />
  <table name="Primary Open Loop Fueling" address="c9008">
    <table name="X" address="c8f84" />
    <table name="Y" address="c8fc0" />
  </table>
  <table name="Primary Open Loop Fueling (Failsafe)" address="c91b0">
    <table name="X" address="c912c" />
    <table name="Y" address="c9168" />
  </table>
  <table name="Primary Open Loop Fuel Map Switch (IAM)" address="c7560" />
  <table name="Minimum Active Primary Open Loop Enrichment" address="c7564" />
  <table name="Minimum Primary Open Loop Enrichment (Throttle)" address="c7c90">
    <table name="Y" address="c7c78" />
  </table>
  <table name="Primary Open Loop Fueling Compensation (ECT)" address="c85d0">
    <table name="Y" address="c7910" />
  </table>
  <table name="Primary Open Loop Fueling Compensation (Timing Compensation)" address="c7c20">
    <table name="Y" address="c7c08" />
  </table>
  <table name="Front Oxygen Sensor Scaling" address="cdd94">
    <table name="Y" address="cdd60" />
  </table>
  <table name="Front Oxygen Sensor Rich Limit" address="244d4" />
  <table name="Front Oxygen Sensor Compensation (Atm. Pressure)" address="c2964">
    <table name="Y" address="c2954" />
  </table>
  <table name="CL Fueling Target Compensation (Load)" address="c9c64">
    <table name="X" address="c9c10" elements="11" />
    <table name="Y" address="c9c3c" />
  </table>
  <table name="CL Fueling Target Compensation A (ECT)" address="c9ab4">
    <table name="X" address="c7910" />
    <table name="Y" address="c9aa8" />
  </table>
  <table name="CL Fueling Target Compensation B (ECT)" address="c9b68">
    <table name="X" address="c7910" />
    <table name="Y" address="c9b5c" />
  </table>
  <table name="CL to OL Delay" address="c71ae">
    <table name="Y" elements="3" />
  </table>
  <table name="CL to OL Transition with Delay (Throttle)" address="c7c68">
    <table name="Y" address="c7c28" />
  </table>
  <table name="CL to OL Transition with Delay Throttle Hysteresis" address="c7568" />
  <table name="CL to OL Transition with Delay (Base Pulse Width)" address="c84fc">
    <table name="Y" address="c84bc" />
  </table>
  <table name="CL to OL Transition with Delay BPW Hysteresis" address="c756c" />
  <table name="CL to OL Transition Counter Step Value (MAF)" address="c8544">
    <table name="Y" address="c851c" />
  </table>
  <table name="CL Delay Maximum (Vehicle Speed)" address="c75e8" />
  <table name="CL Delay Minimum (ECT)" address="c7570" />
  <table name="CL Delay Maximum (Engine Load)" address="c75f8" />
  <table name="CL Delay Engine Load Counter Threshold" address="c71ac" />
  <table name="CL Delay Maximum Engine Speed (Per Gear)" address="c759c" />
  <table name="CL Delay Maximum Engine Speed (Neutral)" address="c75c4" />
  <table name="CL Delay Throttle Atm. Pressure Thresholds" address="c75cc" />
  <table name="CL Delay Maximum (Throttle) (Low Atm. Pressure)" address="c75dc" />
  <table name="CL Delay Maximum (Throttle) (High Atm. Pressure)" address="c75d4" />
  <table name="Injector Latency" address="c8b3c">
    <table name="Y" address="c8b28" />
  </table>
  <table name="Injector Flow Scaling" address="c72b4" />
  <table name="Per Injector Pulse Width Compensation A" address="c9340">
    <table name="X" address="c92c0" />
    <table name="Y" address="c9304" elements="15" />
  </table>
  <table name="Per Injector Pulse Width Compensation B" address="c94c0">
    <table name="X" address="c9440" />
    <table name="Y" address="c9484" elements="15" />
  </table>
  <table name="Per Injector Pulse Width Compensation C" address="c9640">
    <table name="X" address="c95c0" />
    <table name="Y" address="c9604" elements="15" />
  </table>
  <table name="Per Injector Pulse Width Compensation D" address="c97c0">
    <table name="X" address="c9740" />
    <table name="Y" address="c9784" elements="15" />
  </table>
  <table name="Cranking Fuel Injector Pulse Width A (ECT)" address="c7e7e">
    <table name="Y" address="c7910" />
  </table>
  <table name="Cranking Fuel Injector Pulse Width B (ECT)" address="c7e9e">
    <table name="Y" address="c7910" />
  </table>
  <table name="Cranking Fuel Injector Pulse Width C (ECT)" address="c7ebe">
    <table name="Y" address="c7910" />
  </table>
  <table name="Cranking Fuel Injector Pulse Width D (ECT)" address="c7ede">
    <table name="Y" address="c7910" />
  </table>
  <table name="Cranking Fuel Injector Pulse Width E (ECT)" address="c7efe">
    <table name="Y" address="c7910" />
  </table>
  <table name="Cranking Fuel Injector Pulse Width F (ECT)" address="c7f1e">
    <table name="Y" address="c7910" />
  </table>
  <table name="Cranking Fuel IPW Compensation A (RPM)" address="c8ccc">
    <table name="X" address="c8c9c" />
    <table name="Y" address="c8cb0" />
  </table>
  <table name="Cranking Fuel IPW Compensation B (RPM)" address="c8d34">
    <table name="X" address="c8d04" />
    <table name="Y" address="c8d18" />
  </table>
  <table name="Cranking Fuel IPW Compensation (Accelerator)" address="c79fc">
    <table name="Y" address="c79e4" />
  </table>
  <table name="Throttle Tip-in Enrichment" address="c89d8">
    <table name="Y" address="c8990" />
  </table>
  <table name="Minimum Tip-in Enrichment Activation" address="c7730" />
  <table name="Minimum Tip-in Enrichment Activation (Throttle)" address="c7728" />
  <table name="Tip-in Enrichment Compensation (Boost Error)" address="c7d14">
    <table name="Y" address="c7cf0" />
  </table>
  <table name="Tip-in Enrichment Compensation (ECT)" address="c89fc">
    <table name="Y" address="c7910" />
  </table>
  <table name="Tip-in Enrichment Disable Applied Counter Threshold" address="c7176" />
  <table name="Tip-in Enrichment Applied Counter Reset" address="c7177" />
  <table name="Tip-in Enrichment Disable Throttle Cumulative Threshold" address="c772c" />
  <table name="Tip-in Throttle Cumulative Reset" address="c7178" />
  <table name="Min Primary Base Enrichment 1 A" address="c8dfc">
    <table name="X" address="c7910" />
    <table name="Y" address="c8ddc" />
  </table>
  <table name="Min Primary Base Enrichment 1 B" address="c8e9c">
    <table name="X" address="c7910" />
    <table name="Y" address="c8e7c" />
  </table>
  <table name="Min Primary Base Enrichment 1 (Non-Primary OL)" address="c8f50">
    <table name="X" address="c8f1c" />
    <table name="Y" address="c8f44" />
  </table>
  <table name="Min Primary Base Enrich 2 Initial Start 1A" address="c7fbe">
    <table name="Y" address="c7910" />
  </table>
  <table name="Min Primary Base Enrich 2 Initial Start 1B" address="c7ffe">
    <table name="Y" address="c7910" />
  </table>
  <table name="Min Primary Base Enrich 2 Initial Start 2A" address="c7fde">
    <table name="Y" address="c7910" />
  </table>
  <table name="Min Primary Base Enrich 2 Initial Start 2B" address="c801e">
    <table name="Y" address="c7910" />
  </table>
  <table name="Min Primary Base Enrich 2 Decay Step 1" address="c803e">
    <table name="Y" address="c7910" />
  </table>
  <table name="Min Primary Base Enrich 2 Decay Step 2" address="c805e">
    <table name="Y" address="c7910" />
  </table>
  <table name="Min Primary Base Enrich 3 Initial Start 1A" address="c7f3e">
    <table name="Y" address="c7910" />
  </table>
  <table name="Min Primary Base Enrich 3 Initial Start 1B" address="c7f5e">
    <table name="Y" address="c7910" />
  </table>
  <table name="Min Primary Base Enrich 3 Initial Start 2A" address="c7f7e">
    <table name="Y" address="c7910" />
  </table>
  <table name="Min Primary Base Enrich 3 Initial Start 2B" address="c7f9e">
    <table name="Y" address="c7910" />
  </table>
  <table name="Min Primary Base Enrich 3 Decay Delay A" address="c7a12">
    <table name="Y" address="c7910" />
  </table>
  <table name="Min Primary Base Enrich 3 Decay Delay B" address="c7a22">
    <table name="Y" address="c7910" />
  </table>
  <table name="Min Primary Base Enrich 3 Decay Multiplier" address="c72b8" />
  <table name="A/F Learning #1 Limits" address="c7534" />
  <table name="A/F Learning #1 Airflow Ranges" address="c7544" />
  <table name="MAF Limit (Maximum)" address="c2450" />
  <table name="MAF Sensor Scaling" address="cdca0">
    <table name="Y" address="cdbe0" elements="48" />
  </table>
  <table name="MAF Compensation (IAT)" address="c2dac">
    <table name="X" address="c2d78" />
    <table name="Y" address="c2d8c" />
  </table>
  <table name="Engine Load Limit (Maximum)" address="2252c" />
  <table name="Engine Load Compensation (MP)" address="c2e3c">
    <table name="X" address="c2dd4" />
    <table name="Y" address="c2e00" />
  </table>
  <table name="Base Timing" address="cb71c">
    <table name="X" address="cb698" />
    <table name="Y" address="cb6d4" />
  </table>
  <table name="Base Timing Idle A (In-Gear)" address="caab1">
    <table name="Y" address="ca94c" />
  </table>
  <table name="Base Timing Idle B (In-Gear)" address="caac1">
    <table name="Y" address="ca94c" />
  </table>
  <table name="Base Timing Idle A (Neutral)" address="caad1">
    <table name="Y" address="ca94c" />
  </table>
  <table name="Base Timing Idle B (Neutral)" address="caae1">
    <table name="Y" address="ca94c" />
  </table>
  <table name="Base Timing Idle Minimum" address="caaa8">
    <table name="Y" address="caa84" />
  </table>
  <table name="Base Timing Idle Minimum Vehicle Speed Enable" address="ca7c8" />
  <table name="Knock Correction Advance Max" address="cb560">
    <table name="X" address="cb4dc" elements="15" />
    <table name="Y" address="cb518" />
  </table>
  <table name="Timing Compensation A (IAT)" address="cab64">
    <table name="Y" address="cab24" />
  </table>
  <table name="Timing Compensation A (IAT) Activation" address="cb86c">
    <table name="X" address="cb82c" />
    <table name="Y" address="cb84c" />
  </table>
  <table name="Timing Compensation B (IAT)" address="caf88">
    <table name="Y" address="caf48" />
  </table>
  <table name="Timing Compensation B (IAT) IAM Activation" address="ca924" />
  <table name="Timing Compensation B (IAT) Max Additive" address="ca908" />
  <table name="Timing Compensation (ECT)" address="cab11">
    <table name="Y" address="ca94c" />
  </table>
  <table name="Timing Compensation (MRP)" address="cba9c">
    <table name="X" address="cba7c" />
    <table name="Y" address="cba90" />
  </table>
  <table name="Timing Compensation Per Cylinder A" address="cb2f0">
    <table name="X" address="cb2a8" />
    <table name="Y" address="cb2e0" />
  </table>
  <table name="Timing Compensation Per Cylinder B" address="cb370">
    <table name="X" address="cb328" />
    <table name="Y" address="cb360" />
  </table>
  <table name="Timing Compensation Per Cylinder C" address="cb3f0">
    <table name="X" address="cb3a8" />
    <table name="Y" address="cb3e0" />
  </table>
  <table name="Timing Compensation Per Cylinder D" address="cb470">
    <table name="X" address="cb428" />
    <table name="Y" address="cb460" />
  </table>
  <table name="Timing Comp Minimum Load (Per Cylinder)" address="ca5a8" />
  <table name="Timing Comp Maximum RPM (Per Cylinder)" address="ca5a4" />
  <table name="Timing Comp Minimum Coolant Temp (Per Cylinder)" address="ca5ac" />
  <table name="Feedback Correction Range (RPM)" address="ca5b8" />
  <table name="Feedback Correction Minimum Load" address="ca5b0" />
  <table name="Feedback Correction Retard Value" address="ca5d4" />
  <table name="Feedback Correction Retard Limit" address="ca5d0" />
  <table name="Feedback Correction Negative Advance Value" address="ca5dc" />
  <table name="Feedback Correction Negative Advance Delay" address="ca57c" />
  <table name="Extended Feedback Correction High RPM Compensation" address="ca5e4" />
  <table name="Fine Correction Minimum (RPM)" address="ca5f0" />
  <table name="Fine Correction Maximum (RPM)" address="ca710" />
  <table name="Fine Correction Range (Load)" address="ca718" />
  <table name="Fine Correction Rows (RPM)" address="ca6e0" />
  <table name="Fine Correction Columns (Load)" address="ca6d0" />
  <table name="Fine Correction Retard Value" address="ca70c" />
  <table name="Fine Correction Retard Limit" address="ca708" />
  <table name="Fine Correction Advance Value" address="ca704" />
  <table name="Fine Correction Advance Limit" address="ca700" />
  <table name="Fine Correction Advance Delay" address="ca58a" />
  <table name="Rough Correction Range (RPM)" address="ca680" />
  <table name="Rough Correction Range (Load)" address="ca690" />
  <table name="Rough Correction Minimum KC Advance Map Value" address="ca6a0" />
  <table name="Rough Correction Learning Delay (Increasing)" address="ca9f4">
    <table name="Y" address="ca9cc" />
  </table>
  <table name="Advance Multiplier (Initial)" address="ca6a4" />
  <table name="Advance Multiplier Step Value" address="ca6a8" />
  <table name="Intake Cam Advance Angle (AVCS)" address="cf738">
    <table name="X" address="cf6bc" elements="15" />
    <table name="Y" address="cf6f8" elements="16" />
  </table>
  <table name="Requested Torque (Accelerator Pedal)" address="dc214">
    <table name="X" address="dc198" />
    <table name="Y" address="dc1d4" elements="16" />
  </table>
  <table name="Target Throttle Plate Position A (Requested Torque)" address="dbcd4">
    <table name="X" address="dbc50" />
    <table name="Y" address="dbc94" />
  </table>
  <table name="Target Throttle Plate Position B (Requested Torque)" address="dbf78">
    <table name="X" address="dbef4" />
    <table name="Y" address="dbf38" />
  </table>
  <table name="Rev Limit (Fuel Cut)" address="c7778" />
  <table name="Rev Limit Fuel Resume (Boost)" address="c7780" />
  <table name="Speed Limiting Enable (Fuel Cut)" address="c77c4" />
  <table name="Speed Limiting Disable (Fuel Cut)" address="c77d0" />
  <table name="Speed Limiting (Throttle)" address="c2798" />
  <table name="Intake Temp Sensor Scaling" address="87364">
    <table name="Y" address="872ec" />
  </table>
  <table name="Coolant Temp Sensor Scaling" address="8727c">
    <table name="Y" address="8720c" />
  </table>
  <table name="Atmospheric Pressure Sensor Scaling" address="c0250" />
  <table name="Radiator Fan Modes A (ECT)" address="ce514" />
  <table name="Radiator Fan Modes B (ECT)" address="ce524" />
  <table name="Radiator Fan Modes (Veh. Speed)" address="ce534" />
  <table name="Idle Speed Target A" address="cc454">
    <table name="Y" address="cc058" />
  </table>
  <table name="Idle Speed Target B" address="cc494">
    <table name="Y" address="cc058" />
  </table>
  <table name="Idle Speed Target C" address="cc4d4">
    <table name="Y" address="cc058" />
  </table>
  <table name="Force Pass Readiness Monitors" address="7957e" />
  <table name="(P0000) PASS CODE (NO DTC DETECTED)" address="7606f" />
  <table name="(P0000) PASS CODE (NO DTC DETECTED)_" address="76070" />
  <table name="(P0011) CAMSHAFT POS. - TIMING OVER-ADVANCED 1" address="76055" />
  <table name="(P0021) CAMSHAFT POS. - TIMING OVER-ADVANCED 2" address="76056" />
  <table name="(P0030) FRONT O2 SENSOR RANGE/PERF" address="76094" />
  <table name="(P0031) FRONT O2 SENSOR LOW INPUT" address="7607b" />
  <table name="(P0032) FRONT O2 SENSOR HIGH INPUT" address="76079" />
  <table name="(P0037) REAR O2 SENSOR LOW INPUT" address="7607a" />
  <table name="(P0038) REAR O2 SENSOR HIGH INPUT" address="76078" />
  <table name="(P0102) MAF SENSOR LOW INPUT" address="76031" />
  <table name="(P0103) MAF SENSOR HIGH INPUT" address="76032" />
  <table name="(P0107) MAP SENSOR LOW INPUT" address="7607c" />
  <table name="(P0108) MAP SENSOR HIGH INPUT" address="7607d" />
  <table name="(P0112) IAT SENSOR LOW INPUT" address="76075" />
  <table name="(P0113) IAT SENSOR HIGH INPUT" address="76076" />
  <table name="(P0117) COOLANT TEMP SENSOR LOW INPUT" address="76039" />
  <table name="(P0118) COOLANT TEMP SENSOR HIGH INPUT" address="7603a" />
  <table name="(P0122) TPS A LOW INPUT" address="76036" />
  <table name="(P0123) TPS A HIGH INPUT" address="76037" />
  <table name="(P0125) INSUFFICIENT COOLANT TEMP (FUELING)" address="7603c" />
  <table name="(P0131) FRONT O2 SENSOR LOW INPUT" address="76072" />
  <table name="(P0132) FRONT O2 SENSOR HIGH INPUT" address="76073" />
  <table name="(P0133) FRONT O2 SENSOR SLOW RESPONSE" address="76060" />
  <table name="(P0134) FRONT O2 SENSOR NO ACTIVITY" address="76093" />
  <table name="(P0140) REAR O2 SENSOR NO ACTIVITY" address="760d0" />
  <table name="(P0171) SYSTEM TOO LEAN" address="76067" />
  <table name="(P0172) SYSTEM TOO RICH" address="76068" />
  <table name="(P0222) TPS B LOW INPUT" address="76097" />
  <table name="(P0223) TPS B HIGH INPUT" address="76098" />
  <table name="(P0230) FUEL PUMP PRIMARY CIRCUIT" address="7608f" />
  <table name="(P0244) WASTEGATE SOLENOID A RANGE/PERF" address="76085" />
  <table name="(P0245) WASTEGATE SOLENOID A LOW" address="76083" />
  <table name="(P0246) WASTEGATE SOLENOID A HIGH" address="76084" />
  <table name="(P0301) MISFIRE CYLINDER 1" address="76069" />
  <table name="(P0302) MISFIRE CYLINDER 2" address="7606a" />
  <table name="(P0303) MISFIRE CYLINDER 3" address="7606b" />
  <table name="(P0304) MISFIRE CYLINDER 4" address="7606c" />
  <table name="(P0327) KNOCK SENSOR 1 LOW INPUT" address="76034" />
  <table name="(P0328) KNOCK SENSOR 1 HIGH INPUT" address="76035" />
  <table name="(P0335) CRANKSHAFT POS. SENSOR A MALFUNCTION" address="7602c" />
  <table name="(P0340) CAMSHAFT POS. SENSOR A MALFUNCTION_" address="760ab" />
  <table name="(P0345) CAMSHAFT POS. SENSOR A BANK 2" address="760aa" />
  <table name="(P0410) SECONDARY AIR PUMP SYSTEM" address="760ca" />
  <table name="(P0413) SECONDARY AIR PUMP A OPEN" address="760ce" />
  <table name="(P0414) SECONDARY AIR PUMP A SHORTED" address="760d1" />
  <table name="(P0418) SECONDARY AIR PUMP RELAY A" address="760cf" />
  <table name="(P0420) CAT EFFICIENCY BELOW THRESHOLD" address="76064" />
  <table name="(P0458) EVAP PURGE VALVE CIRCUIT LOW" address="76059" />
  <table name="(P0459) EVAP PURGE VALVE CIRCUIT HIGH" address="7605a" />
  <table name="(P0462) FUEL LEVEL SENSOR LOW INPUT" address="7603d" />
  <table name="(P0463) FUEL LEVEL SENSOR HIGH INPUT" address="7603e" />
  <table name="(P0502) VEHICLE SPEED SENSOR LOW INPUT" address="7608e" />
  <table name="(P0503) VEHICLE SPEED SENSOR INTERMITTENT" address="76095" />
  <table name="(P0512) STARTER REQUEST CIRCUIT" address="76042" />
  <table name="(P0519) IDLE CONTROL MALFUNCTION (FAIL-SAFE)" address="76091" />
  <table name="(P0600) SERIAL COMMUNICATION LINK" address="760a7" />
  <table name="(P0604) CONTROL MODULE RAM ERROR" address="76030" />
  <table name="(P0605) CONTROL MODULE ROM ERROR" address="760ac" />
  <table name="(P0607) CONTROL MODULE PERFORMANCE" address="7609f" />
  <table name="(P0638) THROTTLE ACTUATOR RANGE/PERF" address="7609e" />
  <table name="(P0691) RADIATOR FAN CIRCUIT LOW" address="7604f" />
  <table name="(P0692) RADIATOR FAN CIRCUIT HIGH" address="76050" />
  <table name="(P0700) TRANSMISSION CONTROL SYSTEM" address="760b5" />
  <table name="(P0851) NEUTRAL SWITCH INPUT LOW" address="76046" />
  <table name="(P0852) NEUTRAL SWITCH INPUT HIGH" address="7604a" />
  <table name="(P1160) ABNORMAL RETURN SPRING" address="76099" />
  <table name="(P1410) SECONDARY AIR PUMP VALVE STUCK OPEN" address="760d5" />
  <table name="(P1418) SECONDARY AIR PUMP CIRCUIT SHORTED" address="760d2" />
  <table name="(P1518) STARTER SWITCH LOW INPUT" address="76041" />
  <table name="(P1560) BACK-UP VOLTAGE MALFUNCTION" address="76080" />
  <table name="(P2004) TGV - INTAKE MANIFOLD RUNNER 1 STUCK OPEN" address="760b8" />
  <table name="(P2005) TGV - INTAKE MANIFOLD RUNNER 2 STUCK OPEN" address="760ba" />
  <table name="(P2006) TGV - INTAKE MANIFOLD RUNNER 1 STUCK CLOSED" address="760b9" />
  <table name="(P2007) TGV - INTAKE MANIFOLD RUNNER 2 STUCK CLOSED" address="760bb" />
  <table name="(P2008) TGV - INTAKE MANIFOLD RUNNER 1 CIRCUIT OPEN" address="760c6" />
  <table name="(P2009) TGV - INTAKE MANIFOLD RUNNER 1 CIRCUIT LOW" address="760c4" />
  <table name="(P2011) TGV - INTAKE MANIFOLD RUNNER 2 CIRCUIT OPEN" address="760c7" />
  <table name="(P2012) TGV - INTAKE MANIFOLD RUNNER 2 CIRCUIT LOW" address="760c5" />
  <table name="(P2016) TGV - INTAKE MANIFOLD RUNNER 1 POS. SENSOR LOW" address="760c0" />
  <table name="(P2017) TGV - INTAKE MANIFOLD RUNNER 1 POS. SENSOR HIGH" address="760c1" />
  <table name="(P2021) TGV - INTAKE MANIFOLD RUNNER 2 POS. SENSOR LOW" address="760c2" />
  <table name="(P2022) TGV - INTAKE MANIFOLD RUNNER 2 POS. SENSOR HIGH" address="760c3" />
  <table name="(P2088) OCV SOLENOID A1 CIRCUIT OPEN" address="760b4" />
  <table name="(P2089) OCV SOLENOID A1 CIRCUIT SHORT" address="760b3" />
  <table name="(P2092) OCV SOLENOID A2 CIRCUIT OPEN" address="760b2" />
  <table name="(P2093) OCV SOLENOID A2 CIRCUIT SHORT" address="760b1" />
  <table name="(P2101) THROTTLE ACTUATOR CIRCUIT RANGE/PERF" address="7609c" />
  <table name="(P2102) THROTTLE ACTUATOR CIRCUIT LOW" address="7609a" />
  <table name="(P2103) THROTTLE ACTUATOR CIRCUIT HIGH" address="7609b" />
  <table name="(P2109) TPS A MINIMUM STOP PERF" address="76096" />
  <table name="(P2122) TPS D CIRCUIT LOW INPUT" address="760a3" />
  <table name="(P2123) TPS D CIRCUIT HIGH INPUT" address="760a4" />
  <table name="(P2127) TPS E CIRCUIT LOW INPUT" address="760a1" />
  <table name="(P2128) TPS E CIRCUIT HIGH INPUT" address="760a2" />
  <table name="(P2135) TPS A/B VOLTAGE" address="760a5" />
  <table name="(P2138) TPS D/E VOLTAGE" address="760a0" />
  <table name="(P2228) BARO. PRESSURE CIRCUIT LOW INPUT" address="760bf" />
  <table name="(P2229) BARO. PRESSURE CIRCUIT HIGH INPUT" address="760be" />
  <table name="(P2432) SECONDARY AIR PUMP CIRCUIT LOW" address="760cd" />
  <table name="(P2433) SECONDARY AIR PUMP CIRCUIT HIGH" address="760cc" />
  <table name="(P2440) SECONDARY AIR PUMP VALVE 1 STUCK OPEN" address="760d9" />
  <table name="(P2441) SECONDARY AIR PUMP VALVE 1 STUCK CLOSED" address="760d8" />
  <table name="(P2444) SECONDARY AIR PUMP 1 STUCK ON B1" address="760c8" />
  <table name="(P2503) CHARGING SYSTEM VOLTAGE LOW" address="760b7" />
  <table name="(P2504) CHARGING SYSTEM VOLTAGE HIGH" address="760b6" />
</rom>