<rom>
  <romid>
    <xmlid>A8DH100I</xmlid>
    <internalidaddress>2000</internalidaddress>
    <internalidstring>A8DH100I</internalidstring>
    <ecuid>4212585006</ecuid>
    <year>06</year>
    <market>USDM</market>
    <make>Subaru</make>
    <model>Forester</model>
    <submodel>XT</submodel>
    <transmission>MT</transmission>
    <memmodel>SH7058</memmodel>
    <flashmethod>sti05</flashmethod>
    <checksummodule>subarudbw</checksummodule>
  </romid>
  <include>32BITBASE</include>
  <table name="Target Boost" address="c0c34">
    <table name="X" address="c0be8" />
    <table name="Y" address="c0c08" elements="11" />
  </table>
  <table name="Target Boost Compensation (ECT)" address="c07e4">
    <table name="Y" address="c063c" />
  </table>
  <table name="Target Boost Compensation (1st Gear)" address="c0634" />
  <table name="Target Boost Compensation (1st Gear) Speed Disable" address="c0630" />
  <table name="Target Boost Compensation (Atm. Pressure) Multiplier" address="c08ec">
    <table name="Y" address="c08dc" />
  </table>
  <table name="Target Boost Compensation (Atm. Pressure) Multiplier Offset" address="c0818">
    <table name="Y" address="c0808" />
  </table>
  <table name="Boost Limit (Fuel Cut)" address="c982c">
    <table name="Y" address="c9814" />
  </table>
  <table name="Boost Control Disable (IAM)" address="c0624" />
  <table name="Boost Control Disable (Fine Correction)" address="c0620" />
  <table name="Boost Control Disable Delay (Fine Correction)" address="c05c1" />
  <table name="Initial Wastegate Duty" address="c0a48">
    <table name="X" address="c0a08" />
    <table name="Y" address="c0a28" elements="8" />
  </table>
  <table name="Max Wastegate Duty" address="c0b20">
    <table name="X" address="c0ae0" />
    <table name="Y" address="c0b00" />
  </table>
  <table name="Max Wastegate Duty Limit Post-Compensation" address="17dd8" />
  <table name="Initial/Max Wastegate Duty Compensation (IAT)" address="c0704">
    <table name="Y" address="c06c4" />
  </table>
  <table name="Initial/Max Wastegate Duty Compensation (ECT)" address="c07c4">
    <table name="Y" address="c063c" />
  </table>
  <table name="Initial/Max Wastegate Duty Compensation (Atm. Pressure)" address="c09a8">
    <table name="X" address="c0980" />
    <table name="Y" address="c0998" />
  </table>
  <table name="Turbo Dynamics Proportional" address="c0840">
    <table name="Y" address="c081c" />
  </table>
  <table name="Turbo Dynamics Integral Positive" address="c08b0">
    <table name="Y" address="c088c" />
  </table>
  <table name="Turbo Dynamics Integral Negative" address="c0878">
    <table name="Y" address="c0854" />
  </table>
  <table name="TD Proportional Compensation (IAT)" address="c068c">
    <table name="Y" address="c067c" />
  </table>
  <table name="TD Integral Positive Compensation (IAT)" address="c06b4">
    <table name="Y" address="c06a4" />
  </table>
  <table name="TD Integral Negative Compensation (IAT)" address="c06a0">
    <table name="Y" address="c0690" />
  </table>
  <table name="TD Activation Thresholds (RPM)" address="c05f8" />
  <table name="TD Activation Thresholds (Target Boost)" address="c05d4" />
  <table name="TD Integral Cumulative Range (WGDC Correction)" address="c0600" />
  <table name="TD Integral Negative Activation (Boost Error)" address="c05e0" />
  <table name="TD Integral Positive Activation (Boost Error)" address="c05e8" />
  <table name="TD Integral Positive Activation (Wastegate Duty)" address="c05ec" />
  <table name="Manifold Pressure Sensor Scaling" address="c028c" />
  <table name="Manifold Pressure Sensor Limits (CEL)" address="ce8f2" />
  <table name="Manifold Pressure Sensor CEL Delays" address="c3390" />
  <table name="Primary Open Loop Fueling" address="ca198">
    <table name="X" address="ca114" />
    <table name="Y" address="ca150" />
  </table>
  <table name="Primary Open Loop Fueling (Failsafe)" address="ca340">
    <table name="X" address="ca2bc" />
    <table name="Y" address="ca2f8" />
  </table>
  <table name="Primary Open Loop Fuel Map Switch (IAM)" address="c8598" />
  <table name="Minimum Active Primary Open Loop Enrichment" address="c859c" />
  <table name="Minimum Primary Open Loop Enrichment (Throttle)" address="c8d08">
    <table name="Y" address="c8cf0" />
  </table>
  <table name="Primary Open Loop Fueling Compensation (ECT)" address="c9678">
    <table name="Y" address="c8978" />
  </table>
  <table name="Primary Open Loop Fueling Compensation (Timing Compensation)" address="c8c98">
    <table name="Y" address="c8c80" />
  </table>
  <table name="Front Oxygen Sensor Scaling" address="cee24">
    <table name="Y" address="cedf0" />
  </table>
  <table name="Front Oxygen Sensor Rich Limit" address="23d20" />
  <table name="Front Oxygen Sensor Compensation (Atm. Pressure)" address="c28a4">
    <table name="Y" address="c2894" />
  </table>
  <table name="CL Fueling Target Compensation (Load)" address="cad1c">
    <table name="X" address="cacc8" elements="11" />
    <table name="Y" address="cacf4" />
  </table>
  <table name="CL Fueling Target Compensation A (ECT)" address="cab9c">
    <table name="X" address="c8978" />
    <table name="Y" address="cab90" />
  </table>
  <table name="CL Fueling Target Compensation B (ECT)" address="cac50">
    <table name="X" address="c8978" />
    <table name="Y" address="cac44" />
  </table>
  <table name="CL to OL Delay" address="c81e0">
    <table name="Y" elements="3" />
  </table>
  <table name="CL to OL Transition with Delay (Throttle)" address="c8ce0">
    <table name="Y" address="c8ca0" />
  </table>
  <table name="CL to OL Transition with Delay Throttle Hysteresis" address="c85a0" />
  <table name="CL to OL Transition with Delay (Base Pulse Width)" address="c95a4">
    <table name="Y" address="c9564" />
  </table>
  <table name="CL to OL Transition with Delay BPW Hysteresis" address="c85a4" />
  <table name="CL to OL Transition Counter Step Value (MAF)" address="c95ec">
    <table name="Y" address="c95c4" />
  </table>
  <table name="CL Delay Maximum (Throttle)" address="c861c" />
  <table name="CL Delay Maximum (Vehicle Speed)" address="c8620" />
  <table name="CL Delay Minimum (ECT)" address="c85a8" />
  <table name="CL Delay Maximum (Engine Load)" address="c8630" />
  <table name="CL Delay Engine Load Counter Threshold" address="c81de" />
  <table name="CL Delay Maximum Engine Speed (Per Gear)" address="c85ac" />
  <table name="CL Delay Maximum Engine Speed (Neutral)" address="c85fc" />
  <table name="Injector Latency" address="c9ba4">
    <table name="Y" address="c9b90" />
  </table>
  <table name="Injector Flow Scaling" address="c82ec" />
  <table name="Per Injector Pulse Width Compensation A" address="ca4d0">
    <table name="X" address="ca450" />
    <table name="Y" address="ca494" elements="15" />
  </table>
  <table name="Per Injector Pulse Width Compensation B" address="ca650">
    <table name="X" address="ca5d0" />
    <table name="Y" address="ca614" elements="15" />
  </table>
  <table name="Per Injector Pulse Width Compensation C" address="ca7d0">
    <table name="X" address="ca750" />
    <table name="Y" address="ca794" elements="15" />
  </table>
  <table name="Per Injector Pulse Width Compensation D" address="ca950">
    <table name="X" address="ca8d0" />
    <table name="Y" address="ca914" elements="15" />
  </table>
  <table name="Cranking Fuel Injector Pulse Width A (ECT)" address="c8f26">
    <table name="Y" address="c8978" />
  </table>
  <table name="Cranking Fuel Injector Pulse Width B (ECT)" address="c8f46">
    <table name="Y" address="c8978" />
  </table>
  <table name="Cranking Fuel Injector Pulse Width C (ECT)" address="c8f66">
    <table name="Y" address="c8978" />
  </table>
  <table name="Cranking Fuel Injector Pulse Width D (ECT)" address="c8f86">
    <table name="Y" address="c8978" />
  </table>
  <table name="Cranking Fuel Injector Pulse Width E (ECT)" address="c8fa6">
    <table name="Y" address="c8978" />
  </table>
  <table name="Cranking Fuel Injector Pulse Width F (ECT)" address="c8fc6">
    <table name="Y" address="c8978" />
  </table>
  <table name="Cranking Fuel IPW Compensation A (RPM)" address="c9e70">
    <table name="X" address="c9e40" />
    <table name="Y" address="c9e54" />
  </table>
  <table name="Cranking Fuel IPW Compensation B (RPM)" address="c9ed8">
    <table name="X" address="c9ea8" />
    <table name="Y" address="c9ebc" />
  </table>
  <table name="Cranking Fuel IPW Compensation (Accelerator)" address="c8a74">
    <table name="Y" address="c8a5c" />
  </table>
  <table name="Throttle Tip-in Enrichment" address="c9780">
    <table name="Y" address="c9738" />
  </table>
  <table name="Minimum Tip-in Enrichment Activation" address="c8758" />
  <table name="Minimum Tip-in Enrichment Activation (Throttle)" address="c8750" />
  <table name="Tip-in Enrichment Compensation (Boost Error)" address="c8d8c">
    <table name="Y" address="c8d68" />
  </table>
  <table name="Tip-in Enrichment Compensation (ECT)" address="c97a4">
    <table name="Y" address="c8978" />
  </table>
  <table name="Tip-in Enrichment Disable Applied Counter Threshold" address="c81a5" />
  <table name="Tip-in Enrichment Applied Counter Reset" address="c81a6" />
  <table name="Tip-in Enrichment Disable Throttle Cumulative Threshold" address="c8754" />
  <table name="Tip-in Throttle Cumulative Reset" address="c81a7" />
  <table name="Min Primary Base Enrichment 1 A" address="c9f8c">
    <table name="X" address="c8978" />
    <table name="Y" address="c9f6c" />
  </table>
  <table name="Min Primary Base Enrichment 1 B" address="ca02c">
    <table name="X" address="c8978" />
    <table name="Y" address="ca00c" />
  </table>
  <table name="Min Primary Base Enrichment 1 (Non-Primary OL)" address="ca0e0">
    <table name="X" address="ca0ac" />
    <table name="Y" address="ca0d4" />
  </table>
  <table name="Min Primary Base Enrich 2 Initial Start 1A" address="c9066">
    <table name="Y" address="c8978" />
  </table>
  <table name="Min Primary Base Enrich 2 Initial Start 1B" address="c90a6">
    <table name="Y" address="c8978" />
  </table>
  <table name="Min Primary Base Enrich 2 Initial Start 2A" address="c9086">
    <table name="Y" address="c8978" />
  </table>
  <table name="Min Primary Base Enrich 2 Initial Start 2B" address="c90c6">
    <table name="Y" address="c8978" />
  </table>
  <table name="Min Primary Base Enrich 2 Decay Step 1" address="c90e6">
    <table name="Y" address="c8978" />
  </table>
  <table name="Min Primary Base Enrich 2 Decay Step 2" address="c9106">
    <table name="Y" address="c8978" />
  </table>
  <table name="Min Primary Base Enrich 3 Initial Start 1A" address="c8fe6">
    <table name="Y" address="c8978" />
  </table>
  <table name="Min Primary Base Enrich 3 Initial Start 1B" address="c9006">
    <table name="Y" address="c8978" />
  </table>
  <table name="Min Primary Base Enrich 3 Initial Start 2A" address="c9026">
    <table name="Y" address="c8978" />
  </table>
  <table name="Min Primary Base Enrich 3 Initial Start 2B" address="c9046">
    <table name="Y" address="c8978" />
  </table>
  <table name="Min Primary Base Enrich 3 Decay Delay A" address="c8a8a">
    <table name="Y" address="c8978" />
  </table>
  <table name="Min Primary Base Enrich 3 Decay Delay B" address="c8a9a">
    <table name="Y" address="c8978" />
  </table>
  <table name="Min Primary Base Enrich 3 Decay Multiplier" address="c82f0" />
  <table name="A/F Learning #1 Limits" address="c856c" />
  <table name="A/F Learning #1 Airflow Ranges" address="c857c" />
  <table name="MAF Limit (Maximum)" address="c239c" />
  <table name="MAF Sensor Scaling" address="ced30">
    <table name="Y" address="cec70" elements="48" />
  </table>
  <table name="MAF Compensation (IAT)" address="c2d1c">
    <table name="X" address="c2ce8" />
    <table name="Y" address="c2cfc" />
  </table>
  <table name="Engine Load Limit (Maximum)" address="21d78" />
  <table name="Engine Load Compensation (MP)" address="c2dac">
    <table name="X" address="c2d44" />
    <table name="Y" address="c2d70" />
  </table>
  <table name="Base Timing" address="cc3e0">
    <table name="X" address="cc35c" />
    <table name="Y" address="cc398" />
  </table>
  <table name="Base Timing Idle A (In-Gear)" address="cbb1d">
    <table name="Y" address="cb9ec" />
  </table>
  <table name="Base Timing Idle B (In-Gear)" address="cbb2d">
    <table name="Y" address="cb9ec" />
  </table>
  <table name="Base Timing Idle A (Neutral)" address="cbb3d">
    <table name="Y" address="cb9ec" />
  </table>
  <table name="Base Timing Idle B (Neutral)" address="cbb4d">
    <table name="Y" address="cb9ec" />
  </table>
  <table name="Base Timing Idle Minimum" address="cbb14">
    <table name="Y" address="cbaf0" />
  </table>
  <table name="Base Timing Idle Minimum Vehicle Speed Enable" address="cb708" />
  <table name="Knock Correction Advance Max" address="cc9b0">
    <table name="X" address="cc92c" elements="15" />
    <table name="Y" address="cc968" />
  </table>
  <table name="Timing Compensation A (IAT)" address="cbbd0">
    <table name="Y" address="cbb90" />
  </table>
  <table name="Timing Compensation A (IAT) Activation" address="cc530">
    <table name="X" address="cc4f0" />
    <table name="Y" address="cc510" />
  </table>
  <table name="Timing Compensation B (IAT)" address="cc028">
    <table name="Y" address="cbfe8" />
  </table>
  <table name="Timing Compensation B (IAT) IAM Activation" address="cb9e8" />
  <table name="Timing Compensation B (IAT) Max Additive" address="cb9cc" />
  <table name="Timing Compensation (ECT)" address="cbb7d">
    <table name="Y" address="cb9ec" />
  </table>
  <table name="Timing Compensation (MRP)" address="ccaf4">
    <table name="X" address="ccad4" />
    <table name="Y" address="ccae8" />
  </table>
  <table name="Timing Compensation Per Cylinder A" address="cc740">
    <table name="X" address="cc6f8" />
    <table name="Y" address="cc730" />
  </table>
  <table name="Timing Compensation Per Cylinder B" address="cc7c0">
    <table name="X" address="cc778" />
    <table name="Y" address="cc7b0" />
  </table>
  <table name="Timing Compensation Per Cylinder C" address="cc840">
    <table name="X" address="cc7f8" />
    <table name="Y" address="cc830" />
  </table>
  <table name="Timing Compensation Per Cylinder D" address="cc8c0">
    <table name="X" address="cc878" />
    <table name="Y" address="cc8b0" />
  </table>
  <table name="Timing Comp Minimum Load (Per Cylinder)" address="cb844" />
  <table name="Timing Comp Maximum RPM (Per Cylinder)" address="cb840" />
  <table name="Timing Comp Minimum Coolant Temp (Per Cylinder)" address="cb848" />
  <table name="Feedback Correction Range (RPM)" address="cb854" />
  <table name="Feedback Correction Minimum Load" address="cb84c" />
  <table name="Feedback Correction Retard Value" address="cb870" />
  <table name="Feedback Correction Retard Limit" address="cb86c" />
  <table name="Feedback Correction Negative Advance Value" address="cb878" />
  <table name="Feedback Correction Negative Advance Delay" address="cb632" />
  <table name="Extended Feedback Correction High RPM Compensation" address="cb880" />
  <table name="Fine Correction Minimum (RPM)" address="cb88c" />
  <table name="Fine Correction Maximum (RPM)" address="cb9ac" />
  <table name="Fine Correction Range (Load)" address="cb9b4" />
  <table name="Fine Correction Rows (RPM)" address="cb97c" />
  <table name="Fine Correction Columns (Load)" address="cb96c" />
  <table name="Fine Correction Retard Value" address="cb9a8" />
  <table name="Fine Correction Retard Limit" address="cb9a4" />
  <table name="Fine Correction Advance Value" address="cb9a0" />
  <table name="Fine Correction Advance Limit" address="cb99c" />
  <table name="Fine Correction Advance Delay" address="cb640" />
  <table name="Rough Correction Range (RPM)" address="cb91c" />
  <table name="Rough Correction Range (Load)" address="cb92c" />
  <table name="Rough Correction Minimum KC Advance Map Value" address="cb93c" />
  <table name="Rough Correction Learning Delay (Increasing)" address="cbfdc">
    <table name="Y" address="cbfb4" />
  </table>
  <table name="Advance Multiplier (Initial)" address="cb940" />
  <table name="Advance Multiplier Step Value" address="cb944" />
  <table name="Intake Cam Advance Angle (AVCS)" address="d07c8">
    <table name="X" address="d074c" elements="15" />
    <table name="Y" address="d0788" elements="16" />
  </table>
  <table name="Requested Torque (Accelerator Pedal)" address="dc234">
    <table name="X" address="dc1b4" />
    <table name="Y" address="dc1f0" />
  </table>
  <table name="Target Throttle Plate Position A (Requested Torque)" address="dbcf0">
    <table name="X" address="dbc6c" />
    <table name="Y" address="dbcb0" />
  </table>
  <table name="Target Throttle Plate Position B (Requested Torque)" address="dbf94">
    <table name="X" address="dbf10" />
    <table name="Y" address="dbf54" />
  </table>
  <table name="Rev Limit (Fuel Cut)" address="c87a0" />
  <table name="Rev Limit Fuel Resume (Boost)" address="c87a8" />
  <table name="Speed Limiting Enable (Fuel Cut)" address="c87f0" />
  <table name="Speed Limiting Disable (Fuel Cut)" address="c87fc" />
  <table name="Speed Limiting (Throttle)" address="db83c" />
  <table name="Fuel Temp Sensor Scaling" address="cebf8">
    <table name="Y" address="ceb80" />
  </table>
  <table name="Intake Temp Sensor Scaling" address="96b2c">
    <table name="Y" address="96ab4" />
  </table>
  <table name="Coolant Temp Sensor Scaling" address="96a44">
    <table name="Y" address="969d4" />
  </table>
  <table name="Atmospheric Pressure Sensor Scaling" address="c0250" />
  <table name="Radiator Fan Modes A (ECT)" address="cf5a4" />
  <table name="Radiator Fan Modes B (ECT)" address="cf5b4" />
  <table name="Radiator Fan Modes (Veh. Speed)" address="cf5c4" />
  <table name="Gear Determination Thresholds" address="c25dc" />
  <table name="Idle Speed Target A" address="cd4d4">
    <table name="Y" address="cd0f8" />
  </table>
  <table name="Idle Speed Target B" address="cd514">
    <table name="Y" address="cd0f8" />
  </table>
  <table name="Idle Speed Target C" address="cd554">
    <table name="Y" address="cd0f8" />
  </table>
  <table name="Force Pass Readiness Monitors" address="88aa6" />
  <table name="(P0000) PASS CODE (NO DTC DETECTED)" address="85597" />
  <table name="(P0000) PASS CODE (NO DTC DETECTED)_" address="85598" />
  <table name="(P0011) CAMSHAFT POS. - TIMING OVER-ADVANCED 1" address="8557d" />
  <table name="(P0016) CRANKSHAFT/CAMSHAFT CORRELATION 1A" address="855fc" />
  <table name="(P0018) CRANKSHAFT/CAMSHAFT CORRELATION 2A" address="855fb" />
  <table name="(P0021) CAMSHAFT POS. - TIMING OVER-ADVANCED 2" address="8557e" />
  <table name="(P0030) FRONT O2 SENSOR RANGE/PERF" address="855bc" />
  <table name="(P0031) FRONT O2 SENSOR LOW INPUT" address="855a3" />
  <table name="(P0032) FRONT O2 SENSOR HIGH INPUT" address="855a1" />
  <table name="(P0037) REAR O2 SENSOR LOW INPUT" address="855a2" />
  <table name="(P0038) REAR O2 SENSOR HIGH INPUT" address="855a0" />
  <table name="(P0068) MAP SENSOR RANGE/PERF" address="855b8" />
  <table name="(P0101) MAF SENSOR RANGE/PERF" address="855ba" />
  <table name="(P0102) MAF SENSOR LOW INPUT" address="85559" />
  <table name="(P0103) MAF SENSOR HIGH INPUT" address="8555a" />
  <table name="(P0107) MAP SENSOR LOW INPUT" address="855a4" />
  <table name="(P0108) MAP SENSOR HIGH INPUT" address="855a5" />
  <table name="(P0111) IAT SENSOR RANGE/PERF" address="8559f" />
  <table name="(P0112) IAT SENSOR LOW INPUT" address="8559d" />
  <table name="(P0113) IAT SENSOR HIGH INPUT" address="8559e" />
  <table name="(P0117) COOLANT TEMP SENSOR LOW INPUT" address="85561" />
  <table name="(P0118) COOLANT TEMP SENSOR HIGH INPUT" address="85562" />
  <table name="(P0122) TPS A LOW INPUT" address="8555e" />
  <table name="(P0123) TPS A HIGH INPUT" address="8555f" />
  <table name="(P0125) INSUFFICIENT COOLANT TEMP (FUELING)" address="85564" />
  <table name="(P0126) INSUFFICIENT COOLANT TEMP (OPERATION)" address="855e5" />
  <table name="(P0128) THERMOSTAT MALFUNCTION" address="855a6" />
  <table name="(P0131) FRONT O2 SENSOR LOW INPUT" address="8559a" />
  <table name="(P0132) FRONT O2 SENSOR HIGH INPUT" address="8559b" />
  <table name="(P0133) FRONT O2 SENSOR SLOW RESPONSE" address="85588" />
  <table name="(P0134) FRONT O2 SENSOR NO ACTIVITY" address="855bb" />
  <table name="(P0137) REAR O2 SENSOR LOW VOLTAGE" address="85599" />
  <table name="(P0138) REAR O2 SENSOR HIGH VOLTAGE" address="8559c" />
  <table name="(P0139) REAR O2 SENSOR SLOW RESPONSE" address="85589" />
  <table name="(P0140) REAR O2 SENSOR NO ACTIVITY" address="855f8" />
  <table name="(P0171) SYSTEM TOO LEAN" address="8558f" />
  <table name="(P0172) SYSTEM TOO RICH" address="85590" />
  <table name="(P0181) FUEL TEMP SENSOR A RANGE/PERF" address="85571" />
  <table name="(P0182) FUEL TEMP SENSOR A LOW INPUT" address="8556f" />
  <table name="(P0183) FUEL TEMP SENSOR A HIGH INPUT" address="85570" />
  <table name="(P0222) TPS B LOW INPUT" address="855bf" />
  <table name="(P0223) TPS B HIGH INPUT" address="855c0" />
  <table name="(P0230) FUEL PUMP PRIMARY CIRCUIT" address="855b7" />
  <table name="(P0244) WASTEGATE SOLENOID A RANGE/PERF" address="855ad" />
  <table name="(P0245) WASTEGATE SOLENOID A LOW" address="855ab" />
  <table name="(P0246) WASTEGATE SOLENOID A HIGH" address="855ac" />
  <table name="(P0301) MISFIRE CYLINDER 1" address="85591" />
  <table name="(P0302) MISFIRE CYLINDER 2" address="85592" />
  <table name="(P0303) MISFIRE CYLINDER 3" address="85593" />
  <table name="(P0304) MISFIRE CYLINDER 4" address="85594" />
  <table name="(P0327) KNOCK SENSOR 1 LOW INPUT" address="8555c" />
  <table name="(P0328) KNOCK SENSOR 1 HIGH INPUT" address="8555d" />
  <table name="(P0335) CRANKSHAFT POS. SENSOR A MALFUNCTION" address="85554" />
  <table name="(P0336) CRANKSHAFT POS. SENSOR A RANGE/PERF" address="85555" />
  <table name="(P0340) CAMSHAFT POS. SENSOR A MALFUNCTION_" address="855d3" />
  <table name="(P0345) CAMSHAFT POS. SENSOR A BANK 2" address="855d2" />
  <table name="(P0410) SECONDARY AIR PUMP SYSTEM" address="855f2" />
  <table name="(P0411) SECONDARY AIR PUMP INCORRECT FLOW" address="855f1" />
  <table name="(P0413) SECONDARY AIR PUMP A OPEN" address="855f6" />
  <table name="(P0414) SECONDARY AIR PUMP A SHORTED" address="855f9" />
  <table name="(P0416) SECONDARY AIR PUMP B OPEN" address="85603" />
  <table name="(P0417) SECONDARY AIR PUMP B SHORTED" address="85602" />
  <table name="(P0418) SECONDARY AIR PUMP RELAY A" address="855f7" />
  <table name="(P0420) CAT EFFICIENCY BELOW THRESHOLD" address="8558c" />
  <table name="(P0442) EVAP LEAK DETECTED (SMALL)" address="8558d" />
  <table name="(P0447) EVAP VENT CONTROL CIRCUIT OPEN" address="85586" />
  <table name="(P0448) EVAP VENT CONTROL CIRCUIT SHORTED" address="85587" />
  <table name="(P0451) EVAP PRESSURE SENSOR RANGE/PERF" address="8556d" />
  <table name="(P0452) EVAP PRESSURE SENSOR LOW INPUT" address="8556b" />
  <table name="(P0453) EVAP PRESSURE SENSOR HIGH INPUT" address="8556c" />
  <table name="(P0456) EVAP LEAK DETECTED (VERY SMALL)" address="8558e" />
  <table name="(P0457) EVAP LEAK DETECTED (FUEL CAP)" address="85596" />
  <table name="(P0458) EVAP PURGE VALVE CIRCUIT LOW" address="85581" />
  <table name="(P0459) EVAP PURGE VALVE CIRCUIT HIGH" address="85582" />
  <table name="(P0461) FUEL LEVEL SENSOR RANGE/PERF" address="85567" />
  <table name="(P0462) FUEL LEVEL SENSOR LOW INPUT" address="85565" />
  <table name="(P0463) FUEL LEVEL SENSOR HIGH INPUT" address="85566" />
  <table name="(P0464) FUEL LEVEL SENSOR INTERMITTENT" address="85563" />
  <table name="(P0483) RADIATOR FAN RATIONALITY CHECK" address="85579" />
  <table name="(P0502) VEHICLE SPEED SENSOR LOW INPUT" address="855b6" />
  <table name="(P0503) VEHICLE SPEED SENSOR INTERMITTENT" address="855bd" />
  <table name="(P0506) IDLE CONTROL RPM LOWER THAN EXPECTED" address="85575" />
  <table name="(P0507) IDLE CONTROL RPM HIGH THAN EXPECTED" address="85576" />
  <table name="(P0512) STARTER REQUEST CIRCUIT" address="8556a" />
  <table name="(P0519) IDLE CONTROL MALFUNCTION (FAIL-SAFE)" address="855b9" />
  <table name="(P0600) SERIAL COMMUNICATION LINK" address="855cf" />
  <table name="(P0604) CONTROL MODULE RAM ERROR" address="85558" />
  <table name="(P0605) CONTROL MODULE ROM ERROR" address="855d4" />
  <table name="(P0607) CONTROL MODULE PERFORMANCE" address="855c7" />
  <table name="(P0638) THROTTLE ACTUATOR RANGE/PERF" address="855c6" />
  <table name="(P0691) RADIATOR FAN CIRCUIT LOW" address="85577" />
  <table name="(P0692) RADIATOR FAN CIRCUIT HIGH" address="85578" />
  <table name="(P0700) TRANSMISSION CONTROL SYSTEM" address="855dd" />
  <table name="(P0851) NEUTRAL SWITCH INPUT LOW" address="8556e" />
  <table name="(P0852) NEUTRAL SWITCH INPUT HIGH" address="85572" />
  <table name="(P1152) FRONT O2 SENSOR RANGE/PERF LOW B1 S1" address="8558a" />
  <table name="(P1153) FRONT O2 SENSOR RANGE/PERF HIGH B1 S1" address="8558b" />
  <table name="(P1160) ABNORMAL RETURN SPRING" address="855c1" />
  <table name="(P1400) FUEL TANK PRESSURE SOL. LOW" address="8557f" />
  <table name="(P1410) SECONDARY AIR PUMP VALVE STUCK OPEN" address="855fd" />
  <table name="(P1418) SECONDARY AIR PUMP CIRCUIT SHORTED" address="855fa" />
  <table name="(P1420) FUEL TANK PRESSURE SOL. HIGH INPUT" address="85580" />
  <table name="(P1443) VENT CONTROL SOLENOID FUNCTION PROBLEM" address="85585" />
  <table name="(P1491) PCV (BLOWBY) FUNCTION PROBLEM" address="855a7" />
  <table name="(P1518) STARTER SWITCH LOW INPUT" address="85569" />
  <table name="(P1560) BACK-UP VOLTAGE MALFUNCTION" address="855a8" />
  <table name="(P2004) TGV - INTAKE MANIFOLD RUNNER 1 STUCK OPEN" address="855e0" />
  <table name="(P2005) TGV - INTAKE MANIFOLD RUNNER 2 STUCK OPEN" address="855e2" />
  <table name="(P2006) TGV - INTAKE MANIFOLD RUNNER 1 STUCK CLOSED" address="855e1" />
  <table name="(P2007) TGV - INTAKE MANIFOLD RUNNER 2 STUCK CLOSED" address="855e3" />
  <table name="(P2008) TGV - INTAKE MANIFOLD RUNNER 1 CIRCUIT OPEN" address="855ee" />
  <table name="(P2009) TGV - INTAKE MANIFOLD RUNNER 1 CIRCUIT LOW" address="855ec" />
  <table name="(P2011) TGV - INTAKE MANIFOLD RUNNER 2 CIRCUIT OPEN" address="855ef" />
  <table name="(P2012) TGV - INTAKE MANIFOLD RUNNER 2 CIRCUIT LOW" address="855ed" />
  <table name="(P2016) TGV - INTAKE MANIFOLD RUNNER 1 POS. SENSOR LOW" address="855e8" />
  <table name="(P2017) TGV - INTAKE MANIFOLD RUNNER 1 POS. SENSOR HIGH" address="855e9" />
  <table name="(P2021) TGV - INTAKE MANIFOLD RUNNER 2 POS. SENSOR LOW" address="855ea" />
  <table name="(P2022) TGV - INTAKE MANIFOLD RUNNER 2 POS. SENSOR HIGH" address="855eb" />
  <table name="(P2088) OCV SOLENOID A1 CIRCUIT OPEN" address="855dc" />
  <table name="(P2089) OCV SOLENOID A1 CIRCUIT SHORT" address="855db" />
  <table name="(P2092) OCV SOLENOID A2 CIRCUIT OPEN" address="855da" />
  <table name="(P2093) OCV SOLENOID A2 CIRCUIT SHORT" address="855d9" />
  <table name="(P2096) POST CATALYST TOO LEAN B1" address="855c5" />
  <table name="(P2097) POST CATALYST TOO RICH B1" address="855ce" />
  <table name="(P2101) THROTTLE ACTUATOR CIRCUIT RANGE/PERF" address="855c4" />
  <table name="(P2102) THROTTLE ACTUATOR CIRCUIT LOW" address="855c2" />
  <table name="(P2103) THROTTLE ACTUATOR CIRCUIT HIGH" address="855c3" />
  <table name="(P2109) TPS A MINIMUM STOP PERF" address="855be" />
  <table name="(P2122) TPS D CIRCUIT LOW INPUT" address="855cb" />
  <table name="(P2123) TPS D CIRCUIT HIGH INPUT" address="855cc" />
  <table name="(P2127) TPS E CIRCUIT LOW INPUT" address="855c9" />
  <table name="(P2128) TPS E CIRCUIT HIGH INPUT" address="855ca" />
  <table name="(P2135) TPS A/B VOLTAGE" address="855cd" />
  <table name="(P2138) TPS D/E VOLTAGE" address="855c8" />
  <table name="(P2227) BARO. PRESSURE CIRCUIT RANGE/PERF" address="855e4" />
  <table name="(P2228) BARO. PRESSURE CIRCUIT LOW INPUT" address="855e7" />
  <table name="(P2229) BARO. PRESSURE CIRCUIT HIGH INPUT" address="855e6" />
  <table name="(P2431) SECONDARY AIR PUMP CIRCUIT RANGE/PERF" address="855f3" />
  <table name="(P2432) SECONDARY AIR PUMP CIRCUIT LOW" address="855f5" />
  <table name="(P2433) SECONDARY AIR PUMP CIRCUIT HIGH" address="855f4" />
  <table name="(P2440) SECONDARY AIR PUMP VALVE 1 STUCK OPEN" address="85601" />
  <table name="(P2441) SECONDARY AIR PUMP VALVE 1 STUCK CLOSED" address="85600" />
  <table name="(P2442) SECONDARY AIR PUMP VALVE 2 STUCK OPEN" address="855ff" />
  <table name="(P2443) SECONDARY AIR PUMP 2 STUCK CLOSED" address="855fe" />
  <table name="(P2444) SECONDARY AIR PUMP 1 STUCK ON B1" address="855f0" />
</rom>