<rom>
  <romid>
    <xmlid>A8DH100F</xmlid>
    <internalidaddress>2000</internalidaddress>
    <internalidstring>A8DH100F</internalidstring>
    <ecuid>4242584106</ecuid>
    <year>06</year>
    <market>EDM</market>
    <make>Subaru</make>
    <model>Forester</model>
    <submodel>XT</submodel>
    <transmission>MT</transmission>
    <memmodel>SH7058</memmodel>
    <flashmethod>sti05</flashmethod>
    <checksummodule>subarudbw</checksummodule>
  </romid>
  <include>32BITBASE</include>
  <table name="Target Boost" address="c0cd8">
    <table name="X" address="c0c8c" />
    <table name="Y" address="c0cac" elements="11" />
  </table>
  <table name="Target Boost Compensation (ECT)" address="c0888">
    <table name="Y" address="c06e0" />
  </table>
  <table name="Target Boost Compensation (1st Gear)" address="c06d8" />
  <table name="Target Boost Compensation (1st Gear) Speed Disable" address="c06d4" />
  <table name="Target Boost Compensation (Atm. Pressure) Multiplier" address="c0990">
    <table name="Y" address="c0980" />
  </table>
  <table name="Target Boost Compensation (Atm. Pressure) Multiplier Offset" address="c08bc">
    <table name="Y" address="c08ac" />
  </table>
  <table name="Boost Limit (Fuel Cut)" address="c8b80">
    <table name="Y" address="c8b68" />
  </table>
  <table name="Boost Control Disable (IAM)" address="c06c8" />
  <table name="Boost Control Disable (Fine Correction)" address="c06c4" />
  <table name="Boost Control Disable Delay (Fine Correction)" address="c0665" />
  <table name="Initial Wastegate Duty" address="c0aec">
    <table name="X" address="c0aac" />
    <table name="Y" address="c0acc" elements="8" />
  </table>
  <table name="Max Wastegate Duty" address="c0bc4">
    <table name="X" address="c0b84" />
    <table name="Y" address="c0ba4" />
  </table>
  <table name="Max Wastegate Duty Limit Post-Compensation" address="18618" />
  <table name="Initial/Max Wastegate Duty Compensation (IAT)" address="c07a8">
    <table name="Y" address="c0768" />
  </table>
  <table name="Initial/Max Wastegate Duty Compensation (ECT)" address="c0868">
    <table name="Y" address="c06e0" />
  </table>
  <table name="Initial/Max Wastegate Duty Compensation (Atm. Pressure)" address="c0a4c">
    <table name="X" address="c0a24" />
    <table name="Y" address="c0a3c" />
  </table>
  <table name="Turbo Dynamics Proportional" address="c08e4">
    <table name="Y" address="c08c0" />
  </table>
  <table name="Turbo Dynamics Integral Positive" address="c0954">
    <table name="Y" address="c0930" />
  </table>
  <table name="Turbo Dynamics Integral Negative" address="c091c">
    <table name="Y" address="c08f8" />
  </table>
  <table name="TD Proportional Compensation (IAT)" address="c0730">
    <table name="Y" address="c0720" />
  </table>
  <table name="TD Integral Positive Compensation (IAT)" address="c0758">
    <table name="Y" address="c0748" />
  </table>
  <table name="TD Integral Negative Compensation (IAT)" address="c0744">
    <table name="Y" address="c0734" />
  </table>
  <table name="TD Activation Thresholds (RPM)" address="c069c" />
  <table name="TD Activation Thresholds (Target Boost)" address="c0678" />
  <table name="TD Integral Cumulative Range (WGDC Correction)" address="c06a4" />
  <table name="TD Integral Negative Activation (Boost Error)" address="c0684" />
  <table name="TD Integral Positive Activation (Boost Error)" address="c068c" />
  <table name="TD Integral Positive Activation (Wastegate Duty)" address="c0690" />
  <table name="Manifold Pressure Sensor Scaling" address="c028c" />
  <table name="Manifold Pressure Sensor Limits (CEL)" address="cd944" />
  <table name="Manifold Pressure Sensor CEL Delays" address="c3432" />
  <table name="Primary Open Loop Fueling" address="c9104">
    <table name="X" address="c9080" />
    <table name="Y" address="c90bc" />
  </table>
  <table name="Primary Open Loop Fueling (Failsafe)" address="c92ac">
    <table name="X" address="c9228" />
    <table name="Y" address="c9264" />
  </table>
  <table name="Primary Open Loop Fuel Map Switch (IAM)" address="c765c" />
  <table name="Minimum Active Primary Open Loop Enrichment" address="c7660" />
  <table name="Minimum Primary Open Loop Enrichment (Throttle)" address="c7d8c">
    <table name="Y" address="c7d74" />
  </table>
  <table name="Primary Open Loop Fueling Compensation (ECT)" address="c86cc">
    <table name="Y" address="c7a0c" />
  </table>
  <table name="Primary Open Loop Fueling Compensation (Timing Compensation)" address="c7d1c">
    <table name="Y" address="c7d04" />
  </table>
  <table name="Front Oxygen Sensor Scaling" address="cde90">
    <table name="Y" address="cde5c" />
  </table>
  <table name="Front Oxygen Sensor Rich Limit" address="244d4" />
  <table name="Front Oxygen Sensor Compensation (Atm. Pressure)" address="c2964">
    <table name="Y" address="c2954" />
  </table>
  <table name="CL Fueling Target Compensation (Load)" address="c9d78">
    <table name="X" address="c9d24" elements="11" />
    <table name="Y" address="c9d50" />
  </table>
  <table name="CL Fueling Target Compensation A (ECT)" address="c9bf8">
    <table name="X" address="c7a0c" />
    <table name="Y" address="c9bec" />
  </table>
  <table name="CL Fueling Target Compensation B (ECT)" address="c9cac">
    <table name="X" address="c7a0c" />
    <table name="Y" address="c9ca0" />
  </table>
  <table name="CL to OL Delay" address="c72aa">
    <table name="Y" elements="3" />
  </table>
  <table name="CL to OL Transition with Delay (Throttle)" address="c7d64">
    <table name="Y" address="c7d24" />
  </table>
  <table name="CL to OL Transition with Delay Throttle Hysteresis" address="c7664" />
  <table name="CL to OL Transition with Delay (Base Pulse Width)" address="c85f8">
    <table name="Y" address="c85b8" />
  </table>
  <table name="CL to OL Transition with Delay BPW Hysteresis" address="c7668" />
  <table name="CL to OL Transition Counter Step Value (MAF)" address="c8640">
    <table name="Y" address="c8618" />
  </table>
  <table name="CL Delay Maximum (Throttle)" address="c76e0" />
  <table name="CL Delay Maximum (Vehicle Speed)" address="c76e4" />
  <table name="CL Delay Minimum (ECT)" address="c766c" />
  <table name="CL Delay Maximum (Engine Load)" address="c76f4" />
  <table name="CL Delay Engine Load Counter Threshold" address="c72a8" />
  <table name="CL Delay Maximum Engine Speed (Per Gear)" address="c7670" />
  <table name="CL Delay Maximum Engine Speed (Neutral)" address="c76c0" />
  <table name="Injector Latency" address="c8c38">
    <table name="Y" address="c8c24" />
  </table>
  <table name="Injector Flow Scaling" address="c73b0" />
  <table name="Per Injector Pulse Width Compensation A" address="c943c">
    <table name="X" address="c93bc" />
    <table name="Y" address="c9400" elements="15" />
  </table>
  <table name="Per Injector Pulse Width Compensation B" address="c95bc">
    <table name="X" address="c953c" />
    <table name="Y" address="c9580" elements="15" />
  </table>
  <table name="Per Injector Pulse Width Compensation C" address="c973c">
    <table name="X" address="c96bc" />
    <table name="Y" address="c9700" elements="15" />
  </table>
  <table name="Per Injector Pulse Width Compensation D" address="c98bc">
    <table name="X" address="c983c" />
    <table name="Y" address="c9880" elements="15" />
  </table>
  <table name="Cranking Fuel Injector Pulse Width A (ECT)" address="c7f7a">
    <table name="Y" address="c7a0c" />
  </table>
  <table name="Cranking Fuel Injector Pulse Width B (ECT)" address="c7f9a">
    <table name="Y" address="c7a0c" />
  </table>
  <table name="Cranking Fuel Injector Pulse Width C (ECT)" address="c7fba">
    <table name="Y" address="c7a0c" />
  </table>
  <table name="Cranking Fuel Injector Pulse Width D (ECT)" address="c7fda">
    <table name="Y" address="c7a0c" />
  </table>
  <table name="Cranking Fuel Injector Pulse Width E (ECT)" address="c7ffa">
    <table name="Y" address="c7a0c" />
  </table>
  <table name="Cranking Fuel Injector Pulse Width F (ECT)" address="c801a">
    <table name="Y" address="c7a0c" />
  </table>
  <table name="Cranking Fuel IPW Compensation A (RPM)" address="c8ddc">
    <table name="X" address="c8dac" />
    <table name="Y" address="c8dc0" />
  </table>
  <table name="Cranking Fuel IPW Compensation B (RPM)" address="c8e44">
    <table name="X" address="c8e14" />
    <table name="Y" address="c8e28" />
  </table>
  <table name="Cranking Fuel IPW Compensation (Accelerator)" address="c7af8">
    <table name="Y" address="c7ae0" />
  </table>
  <table name="Throttle Tip-in Enrichment" address="c8ad4">
    <table name="Y" address="c8a8c" />
  </table>
  <table name="Minimum Tip-in Enrichment Activation" address="c782c" />
  <table name="Minimum Tip-in Enrichment Activation (Throttle)" address="c7824" />
  <table name="Tip-in Enrichment Compensation (Boost Error)" address="c7e10">
    <table name="Y" address="c7dec" />
  </table>
  <table name="Tip-in Enrichment Compensation (ECT)" address="c8af8">
    <table name="Y" address="c7a0c" />
  </table>
  <table name="Tip-in Enrichment Disable Applied Counter Threshold" address="c7272" />
  <table name="Tip-in Enrichment Applied Counter Reset" address="c7273" />
  <table name="Tip-in Enrichment Disable Throttle Cumulative Threshold" address="c7828" />
  <table name="Tip-in Throttle Cumulative Reset" address="c7274" />
  <table name="Min Primary Base Enrichment 1 A" address="c8ef8">
    <table name="X" address="c7a0c" />
    <table name="Y" address="c8ed8" />
  </table>
  <table name="Min Primary Base Enrichment 1 B" address="c8f98">
    <table name="X" address="c7a0c" />
    <table name="Y" address="c8f78" />
  </table>
  <table name="Min Primary Base Enrichment 1 (Non-Primary OL)" address="c904c">
    <table name="X" address="c9018" />
    <table name="Y" address="c9040" />
  </table>
  <table name="Min Primary Base Enrich 2 Initial Start 1A" address="c80ba">
    <table name="Y" address="c7a0c" />
  </table>
  <table name="Min Primary Base Enrich 2 Initial Start 1B" address="c80fa">
    <table name="Y" address="c7a0c" />
  </table>
  <table name="Min Primary Base Enrich 2 Initial Start 2A" address="c80da">
    <table name="Y" address="c7a0c" />
  </table>
  <table name="Min Primary Base Enrich 2 Initial Start 2B" address="c811a">
    <table name="Y" address="c7a0c" />
  </table>
  <table name="Min Primary Base Enrich 2 Decay Step 1" address="c813a">
    <table name="Y" address="c7a0c" />
  </table>
  <table name="Min Primary Base Enrich 2 Decay Step 2" address="c815a">
    <table name="Y" address="c7a0c" />
  </table>
  <table name="Min Primary Base Enrich 3 Initial Start 1A" address="c803a">
    <table name="Y" address="c7a0c" />
  </table>
  <table name="Min Primary Base Enrich 3 Initial Start 1B" address="c805a">
    <table name="Y" address="c7a0c" />
  </table>
  <table name="Min Primary Base Enrich 3 Initial Start 2A" address="c807a">
    <table name="Y" address="c7a0c" />
  </table>
  <table name="Min Primary Base Enrich 3 Initial Start 2B" address="c809a">
    <table name="Y" address="c7a0c" />
  </table>
  <table name="Min Primary Base Enrich 3 Decay Delay A" address="c7b0e">
    <table name="Y" address="c7a0c" />
  </table>
  <table name="Min Primary Base Enrich 3 Decay Delay B" address="c7b1e">
    <table name="Y" address="c7a0c" />
  </table>
  <table name="Min Primary Base Enrich 3 Decay Multiplier" address="c73b4" />
  <table name="A/F Learning #1 Limits" address="c7630" />
  <table name="A/F Learning #1 Airflow Ranges" address="c7640" />
  <table name="MAF Limit (Maximum)" address="c2440" />
  <table name="MAF Sensor Scaling" address="cdd9c">
    <table name="Y" address="cdcdc" elements="48" />
  </table>
  <table name="MAF Compensation (IAT)" address="c2ddc">
    <table name="X" address="c2da8" />
    <table name="Y" address="c2dbc" />
  </table>
  <table name="Engine Load Limit (Maximum)" address="2252c" />
  <table name="Engine Load Compensation (MP)" address="c2e6c">
    <table name="X" address="c2e04" />
    <table name="Y" address="c2e30" />
  </table>
  <table name="Base Timing" address="cb818">
    <table name="X" address="cb794" />
    <table name="Y" address="cb7d0" />
  </table>
  <table name="Base Timing Idle A (In-Gear)" address="cabad">
    <table name="Y" address="caa48" />
  </table>
  <table name="Base Timing Idle B (In-Gear)" address="cabbd">
    <table name="Y" address="caa48" />
  </table>
  <table name="Base Timing Idle A (Neutral)" address="cabcd">
    <table name="Y" address="caa48" />
  </table>
  <table name="Base Timing Idle B (Neutral)" address="cabdd">
    <table name="Y" address="caa48" />
  </table>
  <table name="Base Timing Idle Minimum" address="caba4">
    <table name="Y" address="cab80" />
  </table>
  <table name="Base Timing Idle Minimum Vehicle Speed Enable" address="ca8c4" />
  <table name="Knock Correction Advance Max" address="cb65c">
    <table name="X" address="cb5d8" elements="15" />
    <table name="Y" address="cb614" />
  </table>
  <table name="Timing Compensation A (IAT)" address="cac60">
    <table name="Y" address="cac20" />
  </table>
  <table name="Timing Compensation A (IAT) Activation" address="cb968">
    <table name="X" address="cb928" />
    <table name="Y" address="cb948" />
  </table>
  <table name="Timing Compensation B (IAT)" address="cb084">
    <table name="Y" address="cb044" />
  </table>
  <table name="Timing Compensation B (IAT) IAM Activation" address="caa20" />
  <table name="Timing Compensation B (IAT) Max Additive" address="caa04" />
  <table name="Timing Compensation (ECT)" address="cac0d">
    <table name="Y" address="caa48" />
  </table>
  <table name="Timing Compensation (MRP)" address="cbb98">
    <table name="X" address="cbb78" />
    <table name="Y" address="cbb8c" />
  </table>
  <table name="Timing Compensation Per Cylinder A" address="cb3ec">
    <table name="X" address="cb3a4" />
    <table name="Y" address="cb3dc" />
  </table>
  <table name="Timing Compensation Per Cylinder B" address="cb46c">
    <table name="X" address="cb424" />
    <table name="Y" address="cb45c" />
  </table>
  <table name="Timing Compensation Per Cylinder C" address="cb4ec">
    <table name="X" address="cb4a4" />
    <table name="Y" address="cb4dc" />
  </table>
  <table name="Timing Compensation Per Cylinder D" address="cb56c">
    <table name="X" address="cb524" />
    <table name="Y" address="cb55c" />
  </table>
  <table name="Timing Comp Minimum Load (Per Cylinder)" address="ca6a4" />
  <table name="Timing Comp Maximum RPM (Per Cylinder)" address="ca6a0" />
  <table name="Timing Comp Minimum Coolant Temp (Per Cylinder)" address="ca6a8" />
  <table name="Feedback Correction Range (RPM)" address="ca6b4" />
  <table name="Feedback Correction Minimum Load" address="ca6ac" />
  <table name="Feedback Correction Retard Value" address="ca6d0" />
  <table name="Feedback Correction Retard Limit" address="ca6cc" />
  <table name="Feedback Correction Negative Advance Value" address="ca6d8" />
  <table name="Feedback Correction Negative Advance Delay" address="ca678" />
  <table name="Extended Feedback Correction High RPM Compensation" address="ca6e0" />
  <table name="Fine Correction Minimum (RPM)" address="ca6ec" />
  <table name="Fine Correction Maximum (RPM)" address="ca80c" />
  <table name="Fine Correction Range (Load)" address="ca814" />
  <table name="Fine Correction Rows (RPM)" address="ca7dc" />
  <table name="Fine Correction Columns (Load)" address="ca7cc" />
  <table name="Fine Correction Retard Value" address="ca808" />
  <table name="Fine Correction Retard Limit" address="ca804" />
  <table name="Fine Correction Advance Value" address="ca800" />
  <table name="Fine Correction Advance Limit" address="ca7fc" />
  <table name="Fine Correction Advance Delay" address="ca686" />
  <table name="Rough Correction Range (RPM)" address="ca77c" />
  <table name="Rough Correction Range (Load)" address="ca78c" />
  <table name="Rough Correction Minimum KC Advance Map Value" address="ca79c" />
  <table name="Rough Correction Learning Delay (Increasing)" address="caaf0">
    <table name="Y" address="caac8" />
  </table>
  <table name="Advance Multiplier (Initial)" address="ca7a0" />
  <table name="Advance Multiplier Step Value" address="ca7a4" />
  <table name="Intake Cam Advance Angle (AVCS)" address="cf834">
    <table name="X" address="cf7b8" elements="15" />
    <table name="Y" address="cf7f4" elements="16" />
  </table>
  <table name="Requested Torque (Accelerator Pedal)" address="dc218">
    <table name="X" address="dc198" />
    <table name="Y" address="dc1d4" />
  </table>
  <table name="Target Throttle Plate Position A (Requested Torque)" address="dbcd4">
    <table name="X" address="dbc50" />
    <table name="Y" address="dbc94" />
  </table>
  <table name="Target Throttle Plate Position B (Requested Torque)" address="dbf78">
    <table name="X" address="dbef4" />
    <table name="Y" address="dbf38" />
  </table>
  <table name="Rev Limit (Fuel Cut)" address="c7874" />
  <table name="Rev Limit Fuel Resume (Boost)" address="c787c" />
  <table name="Speed Limiting Enable (Fuel Cut)" address="c78c4" />
  <table name="Speed Limiting Disable (Fuel Cut)" address="c78d0" />
  <table name="Speed Limiting (Throttle)" address="c2798" />
  <table name="Intake Temp Sensor Scaling" address="8735c">
    <table name="Y" address="872e4" />
  </table>
  <table name="Coolant Temp Sensor Scaling" address="87274">
    <table name="Y" address="87204" />
  </table>
  <table name="Atmospheric Pressure Sensor Scaling" address="c0250" />
  <table name="Radiator Fan Modes A (ECT)" address="ce610" />
  <table name="Radiator Fan Modes B (ECT)" address="ce620" />
  <table name="Radiator Fan Modes (Veh. Speed)" address="ce630" />
  <table name="Gear Determination Thresholds" address="c2684" />
  <table name="Idle Speed Target A" address="cc530">
    <table name="Y" address="cc154" />
  </table>
  <table name="Idle Speed Target B" address="cc570">
    <table name="Y" address="cc154" />
  </table>
  <table name="Idle Speed Target C" address="cc5b0">
    <table name="Y" address="cc154" />
  </table>
  <table name="Force Pass Readiness Monitors" address="7957e" />
  <table name="(P0000) PASS CODE (NO DTC DETECTED)" address="7606f" />
  <table name="(P0000) PASS CODE (NO DTC DETECTED)_" address="76070" />
  <table name="(P0011) CAMSHAFT POS. - TIMING OVER-ADVANCED 1" address="76055" />
  <table name="(P0021) CAMSHAFT POS. - TIMING OVER-ADVANCED 2" address="76056" />
  <table name="(P0030) FRONT O2 SENSOR RANGE/PERF" address="76094" />
  <table name="(P0031) FRONT O2 SENSOR LOW INPUT" address="7607b" />
  <table name="(P0032) FRONT O2 SENSOR HIGH INPUT" address="76079" />
  <table name="(P0037) REAR O2 SENSOR LOW INPUT" address="7607a" />
  <table name="(P0038) REAR O2 SENSOR HIGH INPUT" address="76078" />
  <table name="(P0102) MAF SENSOR LOW INPUT" address="76031" />
  <table name="(P0103) MAF SENSOR HIGH INPUT" address="76032" />
  <table name="(P0107) MAP SENSOR LOW INPUT" address="7607c" />
  <table name="(P0108) MAP SENSOR HIGH INPUT" address="7607d" />
  <table name="(P0112) IAT SENSOR LOW INPUT" address="76075" />
  <table name="(P0113) IAT SENSOR HIGH INPUT" address="76076" />
  <table name="(P0117) COOLANT TEMP SENSOR LOW INPUT" address="76039" />
  <table name="(P0118) COOLANT TEMP SENSOR HIGH INPUT" address="7603a" />
  <table name="(P0122) TPS A LOW INPUT" address="76036" />
  <table name="(P0123) TPS A HIGH INPUT" address="76037" />
  <table name="(P0125) INSUFFICIENT COOLANT TEMP (FUELING)" address="7603c" />
  <table name="(P0131) FRONT O2 SENSOR LOW INPUT" address="76072" />
  <table name="(P0132) FRONT O2 SENSOR HIGH INPUT" address="76073" />
  <table name="(P0133) FRONT O2 SENSOR SLOW RESPONSE" address="76060" />
  <table name="(P0134) FRONT O2 SENSOR NO ACTIVITY" address="76093" />
  <table name="(P0140) REAR O2 SENSOR NO ACTIVITY" address="760d0" />
  <table name="(P0171) SYSTEM TOO LEAN" address="76067" />
  <table name="(P0172) SYSTEM TOO RICH" address="76068" />
  <table name="(P0222) TPS B LOW INPUT" address="76097" />
  <table name="(P0223) TPS B HIGH INPUT" address="76098" />
  <table name="(P0230) FUEL PUMP PRIMARY CIRCUIT" address="7608f" />
  <table name="(P0244) WASTEGATE SOLENOID A RANGE/PERF" address="76085" />
  <table name="(P0245) WASTEGATE SOLENOID A LOW" address="76083" />
  <table name="(P0246) WASTEGATE SOLENOID A HIGH" address="76084" />
  <table name="(P0301) MISFIRE CYLINDER 1" address="76069" />
  <table name="(P0302) MISFIRE CYLINDER 2" address="7606a" />
  <table name="(P0303) MISFIRE CYLINDER 3" address="7606b" />
  <table name="(P0304) MISFIRE CYLINDER 4" address="7606c" />
  <table name="(P0327) KNOCK SENSOR 1 LOW INPUT" address="76034" />
  <table name="(P0328) KNOCK SENSOR 1 HIGH INPUT" address="76035" />
  <table name="(P0335) CRANKSHAFT POS. SENSOR A MALFUNCTION" address="7602c" />
  <table name="(P0340) CAMSHAFT POS. SENSOR A MALFUNCTION_" address="760ab" />
  <table name="(P0345) CAMSHAFT POS. SENSOR A BANK 2" address="760aa" />
  <table name="(P0410) SECONDARY AIR PUMP SYSTEM" address="760ca" />
  <table name="(P0413) SECONDARY AIR PUMP A OPEN" address="760ce" />
  <table name="(P0414) SECONDARY AIR PUMP A SHORTED" address="760d1" />
  <table name="(P0418) SECONDARY AIR PUMP RELAY A" address="760cf" />
  <table name="(P0420) CAT EFFICIENCY BELOW THRESHOLD" address="76064" />
  <table name="(P0458) EVAP PURGE VALVE CIRCUIT LOW" address="76059" />
  <table name="(P0459) EVAP PURGE VALVE CIRCUIT HIGH" address="7605a" />
  <table name="(P0462) FUEL LEVEL SENSOR LOW INPUT" address="7603d" />
  <table name="(P0463) FUEL LEVEL SENSOR HIGH INPUT" address="7603e" />
  <table name="(P0502) VEHICLE SPEED SENSOR LOW INPUT" address="7608e" />
  <table name="(P0503) VEHICLE SPEED SENSOR INTERMITTENT" address="76095" />
  <table name="(P0512) STARTER REQUEST CIRCUIT" address="76042" />
  <table name="(P0519) IDLE CONTROL MALFUNCTION (FAIL-SAFE)" address="76091" />
  <table name="(P0600) SERIAL COMMUNICATION LINK" address="760a7" />
  <table name="(P0604) CONTROL MODULE RAM ERROR" address="76030" />
  <table name="(P0605) CONTROL MODULE ROM ERROR" address="760ac" />
  <table name="(P0607) CONTROL MODULE PERFORMANCE" address="7609f" />
  <table name="(P0638) THROTTLE ACTUATOR RANGE/PERF" address="7609e" />
  <table name="(P0691) RADIATOR FAN CIRCUIT LOW" address="7604f" />
  <table name="(P0692) RADIATOR FAN CIRCUIT HIGH" address="76050" />
  <table name="(P0700) TRANSMISSION CONTROL SYSTEM" address="760b5" />
  <table name="(P0851) NEUTRAL SWITCH INPUT LOW" address="76046" />
  <table name="(P0852) NEUTRAL SWITCH INPUT HIGH" address="7604a" />
  <table name="(P1160) ABNORMAL RETURN SPRING" address="76099" />
  <table name="(P1410) SECONDARY AIR PUMP VALVE STUCK OPEN" address="760d5" />
  <table name="(P1418) SECONDARY AIR PUMP CIRCUIT SHORTED" address="760d2" />
  <table name="(P1518) STARTER SWITCH LOW INPUT" address="76041" />
  <table name="(P1560) BACK-UP VOLTAGE MALFUNCTION" address="76080" />
  <table name="(P2004) TGV - INTAKE MANIFOLD RUNNER 1 STUCK OPEN" address="760b8" />
  <table name="(P2005) TGV - INTAKE MANIFOLD RUNNER 2 STUCK OPEN" address="760ba" />
  <table name="(P2006) TGV - INTAKE MANIFOLD RUNNER 1 STUCK CLOSED" address="760b9" />
  <table name="(P2007) TGV - INTAKE MANIFOLD RUNNER 2 STUCK CLOSED" address="760bb" />
  <table name="(P2008) TGV - INTAKE MANIFOLD RUNNER 1 CIRCUIT OPEN" address="760c6" />
  <table name="(P2009) TGV - INTAKE MANIFOLD RUNNER 1 CIRCUIT LOW" address="760c4" />
  <table name="(P2011) TGV - INTAKE MANIFOLD RUNNER 2 CIRCUIT OPEN" address="760c7" />
  <table name="(P2012) TGV - INTAKE MANIFOLD RUNNER 2 CIRCUIT LOW" address="760c5" />
  <table name="(P2016) TGV - INTAKE MANIFOLD RUNNER 1 POS. SENSOR LOW" address="760c0" />
  <table name="(P2017) TGV - INTAKE MANIFOLD RUNNER 1 POS. SENSOR HIGH" address="760c1" />
  <table name="(P2021) TGV - INTAKE MANIFOLD RUNNER 2 POS. SENSOR LOW" address="760c2" />
  <table name="(P2022) TGV - INTAKE MANIFOLD RUNNER 2 POS. SENSOR HIGH" address="760c3" />
  <table name="(P2088) OCV SOLENOID A1 CIRCUIT OPEN" address="760b4" />
  <table name="(P2089) OCV SOLENOID A1 CIRCUIT SHORT" address="760b3" />
  <table name="(P2092) OCV SOLENOID A2 CIRCUIT OPEN" address="760b2" />
  <table name="(P2093) OCV SOLENOID A2 CIRCUIT SHORT" address="760b1" />
  <table name="(P2101) THROTTLE ACTUATOR CIRCUIT RANGE/PERF" address="7609c" />
  <table name="(P2102) THROTTLE ACTUATOR CIRCUIT LOW" address="7609a" />
  <table name="(P2103) THROTTLE ACTUATOR CIRCUIT HIGH" address="7609b" />
  <table name="(P2109) TPS A MINIMUM STOP PERF" address="76096" />
  <table name="(P2122) TPS D CIRCUIT LOW INPUT" address="760a3" />
  <table name="(P2123) TPS D CIRCUIT HIGH INPUT" address="760a4" />
  <table name="(P2127) TPS E CIRCUIT LOW INPUT" address="760a1" />
  <table name="(P2128) TPS E CIRCUIT HIGH INPUT" address="760a2" />
  <table name="(P2135) TPS A/B VOLTAGE" address="760a5" />
  <table name="(P2138) TPS D/E VOLTAGE" address="760a0" />
  <table name="(P2228) BARO. PRESSURE CIRCUIT LOW INPUT" address="760bf" />
  <table name="(P2229) BARO. PRESSURE CIRCUIT HIGH INPUT" address="760be" />
  <table name="(P2432) SECONDARY AIR PUMP CIRCUIT LOW" address="760cd" />
  <table name="(P2433) SECONDARY AIR PUMP CIRCUIT HIGH" address="760cc" />
  <table name="(P2440) SECONDARY AIR PUMP VALVE 1 STUCK OPEN" address="760d9" />
  <table name="(P2441) SECONDARY AIR PUMP VALVE 1 STUCK CLOSED" address="760d8" />
  <table name="(P2444) SECONDARY AIR PUMP 1 STUCK ON B1" address="760c8" />
  <table name="(P2503) CHARGING SYSTEM VOLTAGE LOW" address="760b7" />
  <table name="(P2504) CHARGING SYSTEM VOLTAGE HIGH" address="760b6" />
</rom>