<rom>
  <romid>
    <xmlid>A8DH101I</xmlid>
    <internalidaddress>2000</internalidaddress>
    <internalidstring>A8DH101I</internalidstring>
    <ecuid>4212585106</ecuid>
    <year>06</year>
    <market>USDM</market>
    <make>Subaru</make>
    <model>Forester</model>
    <submodel>XT</submodel>
    <transmission>MT</transmission>
    <memmodel>SH7058</memmodel>
    <flashmethod>sti05</flashmethod>
    <checksummodule>subarudbw</checksummodule>
  </romid>
  <include>A8DH100I</include>
</rom>