<rom>
  <romid>
    <xmlid>A8DK100E</xmlid>
    <internalidaddress>2000</internalidaddress>
    <internalidstring>A8DK100E</internalidstring>
    <ecuid>4EA2504007</ecuid>
    <year>07</year>
    <market>SADM</market>
    <make>Subaru</make>
    <model>Forester</model>
    <submodel>XT</submodel>
    <transmission>AT</transmission>
    <memmodel>SH7058</memmodel>
    <flashmethod>subarucan</flashmethod>
    <checksummodule>subarudbw</checksummodule>
  </romid>
  <include>A8DK100P</include>
  <table name="Manifold Pressure Sensor CEL Delays" address="c345c" />
  <table name="Base Timing" address="cb5d0">
    <table name="X" address="cb54c" />
    <table name="Y" address="cb588" />
  </table>
  <table name="Base Timing Idle A (In-Gear)" address="caf0d">
    <table name="Y" address="cabcc" />
  </table>
  <table name="Base Timing Idle B (In-Gear)" address="caf1d">
    <table name="Y" address="cabcc" />
  </table>
  <table name="Base Timing Idle A (Neutral)" address="caf2d">
    <table name="Y" address="cabcc" />
  </table>
  <table name="Base Timing Idle B (Neutral)" address="caf3d">
    <table name="Y" address="cabcc" />
  </table>
  <table name="Base Timing Idle Minimum" address="caf04">
    <table name="Y" address="caee0" />
  </table>
  <table name="Base Timing Idle Minimum Vehicle Speed Enable" address="ca914" />
  <table name="Timing Compensation A (IAT)" address="cafc0">
    <table name="Y" address="caf80" />
  </table>
  <table name="Timing Compensation A (IAT) Activation" address="cb720">
    <table name="X" address="cb6e0" />
    <table name="Y" address="cb700" />
  </table>
  <table name="Timing Compensation (ECT)" address="caf6d">
    <table name="Y" address="cabcc" />
  </table>
  <table name="Speed Limiting (Throttle)" address="c27c8" />
</rom>