<rom>
  <romid>
    <xmlid>A8DK100M</xmlid>
    <internalidaddress>2000</internalidaddress>
    <internalidstring>A8DK100M</internalidstring>
    <ecuid>4E52584007</ecuid>
    <year>07</year>
    <market>ADM</market>
    <make>Subaru</make>
    <model>Forester</model>
    <submodel>XT</submodel>
    <transmission>MT</transmission>
    <memmodel>SH7058</memmodel>
    <flashmethod>subarucan</flashmethod>
    <checksummodule>subarudbw</checksummodule>
  </romid>
  <include>32BITBASE</include>
  <table name="Target Boost" address="c0cdc">
    <table name="X" address="c0c90" />
    <table name="Y" address="c0cb0" elements="11" />
  </table>
  <table name="Target Boost Compensation (ECT)" address="c088c">
    <table name="Y" address="c06e4" />
  </table>
  <table name="Target Boost Compensation (1st Gear)" address="c06dc" />
  <table name="Target Boost Compensation (1st Gear) Speed Disable" address="c06d8" />
  <table name="Target Boost Compensation (Atm. Pressure) Multiplier" address="c0994">
    <table name="Y" address="c0984" />
  </table>
  <table name="Target Boost Compensation (Atm. Pressure) Multiplier Offset" address="c08c0">
    <table name="Y" address="c08b0" />
  </table>
  <table name="Boost Limit (Fuel Cut)" address="c8e00">
    <table name="Y" address="c8de8" />
  </table>
  <table name="Boost Control Disable (IAM)" address="c06cc" />
  <table name="Boost Control Disable (Fine Correction)" address="c06c8" />
  <table name="Boost Control Disable Delay (Fine Correction)" address="c0669" />
  <table name="Initial Wastegate Duty" address="c0af0">
    <table name="X" address="c0ab0" />
    <table name="Y" address="c0ad0" elements="8" />
  </table>
  <table name="Max Wastegate Duty" address="c0bc8">
    <table name="X" address="c0b88" />
    <table name="Y" address="c0ba8" />
  </table>
  <table name="Max Wastegate Duty Limit Post-Compensation" address="18cc4" />
  <table name="Initial/Max Wastegate Duty Compensation (IAT)" address="c07ac">
    <table name="Y" address="c076c" />
  </table>
  <table name="Initial/Max Wastegate Duty Compensation (ECT)" address="c086c">
    <table name="Y" address="c06e4" />
  </table>
  <table name="Initial/Max Wastegate Duty Compensation (Atm. Pressure)" address="c0a50">
    <table name="X" address="c0a28" />
    <table name="Y" address="c0a40" />
  </table>
  <table name="Turbo Dynamics Proportional" address="c08e8">
    <table name="Y" address="c08c4" />
  </table>
  <table name="Turbo Dynamics Integral Positive" address="c0958">
    <table name="Y" address="c0934" />
  </table>
  <table name="Turbo Dynamics Integral Negative" address="c0920">
    <table name="Y" address="c08fc" />
  </table>
  <table name="TD Proportional Compensation (IAT)" address="c0734">
    <table name="Y" address="c0724" />
  </table>
  <table name="TD Integral Positive Compensation (IAT)" address="c075c">
    <table name="Y" address="c074c" />
  </table>
  <table name="TD Integral Negative Compensation (IAT)" address="c0748">
    <table name="Y" address="c0738" />
  </table>
  <table name="TD Activation Thresholds (RPM)" address="c06a0" />
  <table name="TD Activation Thresholds (Target Boost)" address="c067c" />
  <table name="TD Integral Cumulative Range (WGDC Correction)" address="c06a8" />
  <table name="TD Integral Negative Activation (Boost Error)" address="c0688" />
  <table name="TD Integral Positive Activation (Boost Error)" address="c0690" />
  <table name="TD Integral Positive Activation (Wastegate Duty)" address="c0694" />
  <table name="Manifold Pressure Sensor Scaling" address="c028c" />
  <table name="Manifold Pressure Sensor Limits (CEL)" address="cdc3a" />
  <table name="Manifold Pressure Sensor CEL Delays" address="c348c" />
  <table name="Primary Open Loop Fueling" address="c9218">
    <table name="X" address="c9194" />
    <table name="Y" address="c91d0" />
  </table>
  <table name="Primary Open Loop Fueling (Failsafe)" address="c93c0">
    <table name="X" address="c933c" />
    <table name="Y" address="c9378" />
  </table>
  <table name="Primary Open Loop Fuel Map Switch (IAM)" address="c7800" />
  <table name="Minimum Active Primary Open Loop Enrichment" address="c7804" />
  <table name="Minimum Primary Open Loop Enrichment (Throttle)" address="c7f40">
    <table name="Y" address="c7f28" />
  </table>
  <table name="Primary Open Loop Fueling Compensation (ECT)" address="c890c">
    <table name="Y" address="c7b20" />
  </table>
  <table name="Primary Open Loop Fueling Compensation (Timing Compensation)" address="c7ed0">
    <table name="Y" address="c7eb8" />
  </table>
  <table name="Front Oxygen Sensor Scaling" address="ce16c">
    <table name="Y" address="ce138" />
  </table>
  <table name="Front Oxygen Sensor Rich Limit" address="24cc0" />
  <table name="Front Oxygen Sensor Compensation (Atm. Pressure)" address="c2994">
    <table name="Y" address="c2984" />
  </table>
  <table name="CL Fueling Target Compensation A (Load)" address="c9e8c">
    <table name="X" address="c9e38" />
    <table name="Y" address="c9e64" />
  </table>
  <table name="CL Fueling Target Compensation B (Load)" address="c9fd4">
    <table name="X" address="c9f80" />
    <table name="Y" address="c9fac" elements="10" />
  </table>
  <table name="CL Fueling Target Compensation A (ECT)" address="c9d0c">
    <table name="X" address="c7b20" />
    <table name="Y" address="c9d00" />
  </table>
  <table name="CL Fueling Target Compensation B (ECT)" address="c9dc0">
    <table name="X" address="c7b20" />
    <table name="Y" address="c9db4" />
  </table>
  <table name="CL to OL Delay_" address="c73a8" />
  <table name="CL to OL Transition with Delay (Throttle)" address="c7f18">
    <table name="Y" address="c7ed8" />
  </table>
  <table name="CL to OL Transition with Delay Throttle Hysteresis" address="c7808" />
  <table name="CL to OL Transition with Delay (Base Pulse Width)" address="c8838">
    <table name="Y" address="c87f8" />
  </table>
  <table name="CL to OL Transition with Delay BPW Hysteresis" address="c780c" />
  <table name="CL to OL Transition Counter Step Value (MAF)" address="c8880">
    <table name="Y" address="c8858" />
  </table>
  <table name="CL Delay Maximum (Throttle)" address="c7884" />
  <table name="CL Delay Maximum (Vehicle Speed)" address="c7888" />
  <table name="CL Delay Minimum (ECT)" address="c7810" />
  <table name="CL Delay Maximum (Engine Load)" address="c7898" />
  <table name="CL Delay Engine Load Counter Threshold" address="c73a2" />
  <table name="CL Delay Maximum Engine Speed (Per Gear)" address="c7814" />
  <table name="CL Delay Maximum Engine Speed (Neutral)" address="c7864" />
  <table name="Injector Latency" address="c8164">
    <table name="Y" address="c8150" />
  </table>
  <table name="Injector Flow Scaling" address="c7498" />
  <table name="Per Injector Pulse Width Compensation A" address="c9550">
    <table name="X" address="c94d0" />
    <table name="Y" address="c9514" elements="15" />
  </table>
  <table name="Per Injector Pulse Width Compensation B" address="c96d0">
    <table name="X" address="c9650" />
    <table name="Y" address="c9694" elements="15" />
  </table>
  <table name="Per Injector Pulse Width Compensation C" address="c9850">
    <table name="X" address="c97d0" />
    <table name="Y" address="c9814" elements="15" />
  </table>
  <table name="Per Injector Pulse Width Compensation D" address="c99d0">
    <table name="X" address="c9950" />
    <table name="Y" address="c9994" elements="15" />
  </table>
  <table name="Cranking Fuel Injector Pulse Width A (ECT)" address="c808e">
    <table name="Y" address="c7b20" />
  </table>
  <table name="Cranking Fuel Injector Pulse Width B (ECT)" address="c80ae">
    <table name="Y" address="c7b20" />
  </table>
  <table name="Cranking Fuel Injector Pulse Width C (ECT)" address="c80ce">
    <table name="Y" address="c7b20" />
  </table>
  <table name="Cranking Fuel Injector Pulse Width D (ECT)" address="c80ee">
    <table name="Y" address="c7b20" />
  </table>
  <table name="Cranking Fuel Injector Pulse Width E (ECT)" address="c810e">
    <table name="Y" address="c7b20" />
  </table>
  <table name="Cranking Fuel Injector Pulse Width F (ECT)" address="c812e">
    <table name="Y" address="c7b20" />
  </table>
  <table name="Cranking Fuel IPW Compensation A (RPM)" address="c8ef0">
    <table name="X" address="c8ec0" />
    <table name="Y" address="c8ed4" />
  </table>
  <table name="Cranking Fuel IPW Compensation B (RPM)" address="c8f58">
    <table name="X" address="c8f28" />
    <table name="Y" address="c8f3c" />
  </table>
  <table name="Cranking Fuel IPW Compensation (Accelerator)" address="c7c0c">
    <table name="Y" address="c7bf4" />
  </table>
  <table name="Throttle Tip-in Enrichment" address="c8d14">
    <table name="Y" address="c8ccc" />
  </table>
  <table name="Minimum Tip-in Enrichment Activation" address="c7a04" />
  <table name="Minimum Tip-in Enrichment Activation (Throttle)" address="c79fc" />
  <table name="Tip-in Enrichment Compensation (Boost Error)" address="c8034">
    <table name="Y" address="c8010" />
  </table>
  <table name="Tip-in Enrichment Compensation (ECT)" address="c8d38">
    <table name="Y" address="c7b20" />
  </table>
  <table name="Tip-in Enrichment Disable Applied Counter Threshold" address="c7360" />
  <table name="Tip-in Enrichment Applied Counter Reset" address="c7361" />
  <table name="Tip-in Enrichment Disable Throttle Cumulative Threshold" address="c7a00" />
  <table name="Tip-in Throttle Cumulative Reset" address="c7362" />
  <table name="Min Primary Base Enrichment 1 A" address="c900c">
    <table name="X" address="c7b20" />
    <table name="Y" address="c8fec" />
  </table>
  <table name="Min Primary Base Enrichment 1 B" address="c90ac">
    <table name="X" address="c7b20" />
    <table name="Y" address="c908c" />
  </table>
  <table name="Min Primary Base Enrichment 1 (Non-Primary OL)" address="c9160">
    <table name="X" address="c912c" />
    <table name="Y" address="c9154" />
  </table>
  <table name="Min Primary Base Enrich 2 Initial Start 1A" address="c81ee">
    <table name="Y" address="c7b20" />
  </table>
  <table name="Min Primary Base Enrich 2 Initial Start 1B" address="c820e">
    <table name="Y" address="c7b20" />
  </table>
  <table name="Min Primary Base Enrich 2 Initial Start 2A" address="c822e">
    <table name="Y" address="c7b20" />
  </table>
  <table name="Min Primary Base Enrich 2 Initial Start 2B" address="c824e">
    <table name="Y" address="c7b20" />
  </table>
  <table name="Min Primary Base Enrich 2 Decay Step 1" address="c826e">
    <table name="Y" address="c7b20" />
  </table>
  <table name="Min Primary Base Enrich 2 Decay Step 2" address="c828e">
    <table name="Y" address="c7b20" />
  </table>
  <table name="Min Primary Base Enrich 3 Initial Start 1A" address="c816e">
    <table name="Y" address="c7b20" />
  </table>
  <table name="Min Primary Base Enrich 3 Initial Start 1B" address="c818e">
    <table name="Y" address="c7b20" />
  </table>
  <table name="Min Primary Base Enrich 3 Initial Start 2A" address="c81ae">
    <table name="Y" address="c7b20" />
  </table>
  <table name="Min Primary Base Enrich 3 Initial Start 2B" address="c81ce">
    <table name="Y" address="c7b20" />
  </table>
  <table name="Min Primary Base Enrich 3 Decay Delay A" address="c7c22">
    <table name="Y" address="c7b20" />
  </table>
  <table name="Min Primary Base Enrich 3 Decay Delay B" address="c7c32">
    <table name="Y" address="c7b20" />
  </table>
  <table name="Min Primary Base Enrich 3 Decay Multiplier" address="c749c" />
  <table name="A/F Learning #1 Limits" address="c7718" />
  <table name="A/F Learning #1 Airflow Ranges" address="c7728" />
  <table name="MAF Limit (Maximum)" address="c244c" />
  <table name="MAF Sensor Scaling" address="ce078">
    <table name="Y" address="cdfb8" elements="48" />
  </table>
  <table name="MAF Compensation (IAT)" address="c2e0c">
    <table name="X" address="c2dd8" />
    <table name="Y" address="c2dec" />
  </table>
  <table name="Engine Load Limit (Maximum)" address="22cfc" />
  <table name="Engine Load Compensation (MP)" address="c2e9c">
    <table name="X" address="c2e34" />
    <table name="Y" address="c2e60" />
  </table>
  <table name="Base Timing" address="cb6cc">
    <table name="X" address="cb648" />
    <table name="Y" address="cb684" />
  </table>
  <table name="Base Timing Idle A (In-Gear)" address="cb009">
    <table name="Y" address="cacc8" />
  </table>
  <table name="Base Timing Idle B (In-Gear)" address="cb019">
    <table name="Y" address="cacc8" />
  </table>
  <table name="Base Timing Idle A (Neutral)" address="cb029">
    <table name="Y" address="cacc8" />
  </table>
  <table name="Base Timing Idle B (Neutral)" address="cb039">
    <table name="Y" address="cacc8" />
  </table>
  <table name="Base Timing Idle Minimum" address="cb000">
    <table name="Y" address="cafdc" />
  </table>
  <table name="Base Timing Idle Minimum Vehicle Speed Enable" address="caa10" />
  <table name="Knock Correction Advance Max" address="cbd14">
    <table name="X" address="cbc90" elements="15" />
    <table name="Y" address="cbccc" />
  </table>
  <table name="Timing Compensation A (IAT)" address="cb0bc">
    <table name="Y" address="cb07c" />
  </table>
  <table name="Timing Compensation A (IAT) Activation" address="cb81c">
    <table name="X" address="cb7dc" />
    <table name="Y" address="cb7fc" />
  </table>
  <table name="Timing Compensation B (IAT)" address="cb2e0">
    <table name="Y" address="cb2a0" />
  </table>
  <table name="Timing Compensation B (IAT) IAM Activation" address="cab40" />
  <table name="Timing Compensation B (IAT) Max Additive" address="cab24" />
  <table name="Timing Compensation (ECT)" address="cb069">
    <table name="Y" address="cacc8" />
  </table>
  <table name="Timing Compensation (MRP)" address="cba4c">
    <table name="X" address="cba2c" />
    <table name="Y" address="cba40" />
  </table>
  <table name="Timing Compensation Per Cylinder A" address="cbaa4">
    <table name="X" address="cba5c" />
    <table name="Y" address="cba94" />
  </table>
  <table name="Timing Compensation Per Cylinder B" address="cbb24">
    <table name="X" address="cbadc" />
    <table name="Y" address="cbb14" />
  </table>
  <table name="Timing Compensation Per Cylinder C" address="cbba4">
    <table name="X" address="cbb5c" />
    <table name="Y" address="cbb94" />
  </table>
  <table name="Timing Compensation Per Cylinder D" address="cbc24">
    <table name="X" address="cbbdc" />
    <table name="Y" address="cbc14" />
  </table>
  <table name="Timing Comp Minimum Load (Per Cylinder)" address="cab48" />
  <table name="Timing Comp Maximum RPM (Per Cylinder)" address="cab44" />
  <table name="Timing Comp Minimum Coolant Temp (Per Cylinder)" address="cab4c" />
  <table name="Feedback Correction Range (RPM)" address="cab58" />
  <table name="Feedback Correction Minimum Load" address="cab50" />
  <table name="Feedback Correction Retard Value" address="cab74" />
  <table name="Feedback Correction Retard Limit" address="cab70" />
  <table name="Feedback Correction Negative Advance Value" address="cab7c" />
  <table name="Feedback Correction Negative Advance Delay" address="ca8f2" />
  <table name="Extended Feedback Correction High RPM Compensation" address="cab84" />
  <table name="Fine Correction Minimum (RPM)" address="cab90" />
  <table name="Fine Correction Maximum (RPM)" address="cacb0" />
  <table name="Fine Correction Range (Load)" address="cacb8" />
  <table name="Fine Correction Rows (RPM)" address="cac80" />
  <table name="Fine Correction Columns (Load)" address="cac70" />
  <table name="Fine Correction Retard Value" address="cacac" />
  <table name="Fine Correction Retard Limit" address="caca8" />
  <table name="Fine Correction Advance Value" address="caca4" />
  <table name="Fine Correction Advance Limit" address="caca0" />
  <table name="Fine Correction Advance Delay" address="ca900" />
  <table name="Rough Correction Range (RPM)" address="cac20" />
  <table name="Rough Correction Range (Load)" address="cac30" />
  <table name="Rough Correction Minimum KC Advance Map Value" address="cac40" />
  <table name="Rough Correction Learning Delay (Increasing)" address="cb318">
    <table name="Y" address="cb2f0" />
  </table>
  <table name="Advance Multiplier (Initial)" address="cac44" />
  <table name="Advance Multiplier Step Value" address="cac48" />
  <table name="Intake Cam Advance Angle (AVCS)" address="cfb40">
    <table name="X" address="cfac4" elements="15" />
    <table name="Y" address="cfb00" elements="16" />
  </table>
  <table name="Requested Torque (Accelerator Pedal)" address="dc218">
    <table name="X" address="dc198" />
    <table name="Y" address="dc1d4" />
  </table>
  <table name="Target Throttle Plate Position (Requested Torque)" address="dbcd4">
    <table name="X" address="dbc50" />
    <table name="Y" address="dbc94" />
  </table>
  <table name="Target Throttle Plate Position Maximum (Requested Torque)" address="dbf78">
    <table name="X" address="dbef4" />
    <table name="Y" address="dbf38" />
  </table>
  <table name="Rev Limit (Fuel Cut)" address="c7a4c" />
  <table name="Rev Limit Fuel Resume (Boost)" address="c7a54" />
  <table name="Speed Limiting Enable (Fuel Cut)" address="c7464" />
  <table name="Speed Limiting Disable (Fuel Cut)" address="c7470" />
  <table name="Speed Limiting (Throttle)" address="c27c8" />
  <table name="Intake Temp Sensor Scaling" address="8b6d8">
    <table name="Y" address="8b660" />
  </table>
  <table name="Coolant Temp Sensor Scaling" address="8b5f0">
    <table name="Y" address="8b580" />
  </table>
  <table name="Radiator Fan Modes A (ECT)" address="ce8ec" />
  <table name="Radiator Fan Modes B (ECT)" address="ce8fc" />
  <table name="Radiator Fan Modes (Veh. Speed)" address="ce90c" />
  <table name="Gear Determination Thresholds" address="c26d8" />
  <table name="Idle Speed Target A" address="cc7c4">
    <table name="Y" address="cc3e8" />
  </table>
  <table name="Idle Speed Target B" address="cc804">
    <table name="Y" address="cc3e8" />
  </table>
  <table name="Idle Speed Target C" address="cc844">
    <table name="Y" address="cc3e8" />
  </table>
  <table name="Force Pass Readiness Monitors" address="83fae" />
  <table name="(P0000) PASS CODE (NO DTC DETECTED)" address="78509" />
  <table name="(P0000) PASS CODE (NO DTC DETECTED)_" address="7850a" />
  <table name="(P0011) CAMSHAFT POS. - TIMING OVER-ADVANCED 1" address="784ed" />
  <table name="(P0021) CAMSHAFT POS. - TIMING OVER-ADVANCED 2" address="784ee" />
  <table name="(P0030) FRONT O2 SENSOR RANGE/PERF" address="78537" />
  <table name="(P0031) FRONT O2 SENSOR LOW INPUT" address="78518" />
  <table name="(P0032) FRONT O2 SENSOR HIGH INPUT" address="78516" />
  <table name="(P0037) REAR O2 SENSOR LOW INPUT" address="78517" />
  <table name="(P0038) REAR O2 SENSOR HIGH INPUT" address="78515" />
  <table name="(P0102) MAF SENSOR LOW INPUT" address="784c5" />
  <table name="(P0103) MAF SENSOR HIGH INPUT" address="784c6" />
  <table name="(P0107) MAP SENSOR LOW INPUT" address="78519" />
  <table name="(P0108) MAP SENSOR HIGH INPUT" address="7851a" />
  <table name="(P0112) IAT SENSOR LOW INPUT" address="78512" />
  <table name="(P0113) IAT SENSOR HIGH INPUT" address="78513" />
  <table name="(P0117) COOLANT TEMP SENSOR LOW INPUT" address="784ce" />
  <table name="(P0118) COOLANT TEMP SENSOR HIGH INPUT" address="784cf" />
  <table name="(P0122) TPS A LOW INPUT" address="784cc" />
  <table name="(P0123) TPS A HIGH INPUT" address="784cd" />
  <table name="(P0125) INSUFFICIENT COOLANT TEMP (FUELING)" address="784d1" />
  <table name="(P0131) FRONT O2 SENSOR LOW INPUT" address="7850c" />
  <table name="(P0132) FRONT O2 SENSOR HIGH INPUT" address="7850e" />
  <table name="(P0133) FRONT O2 SENSOR SLOW RESPONSE" address="784f6" />
  <table name="(P0134) FRONT O2 SENSOR NO ACTIVITY" address="78535" />
  <table name="(P0140) REAR O2 SENSOR NO ACTIVITY" address="78583" />
  <table name="(P0171) SYSTEM TOO LEAN" address="78500" />
  <table name="(P0172) SYSTEM TOO RICH" address="78501" />
  <table name="(P0222) TPS B LOW INPUT" address="7853f" />
  <table name="(P0223) TPS B HIGH INPUT" address="78540" />
  <table name="(P0230) FUEL PUMP PRIMARY CIRCUIT" address="78530" />
  <table name="(P0244) WASTEGATE SOLENOID A RANGE/PERF" address="78526" />
  <table name="(P0245) WASTEGATE SOLENOID A LOW" address="78524" />
  <table name="(P0246) WASTEGATE SOLENOID A HIGH" address="78525" />
  <table name="(P0301) MISFIRE CYLINDER 1" address="78502" />
  <table name="(P0302) MISFIRE CYLINDER 2" address="78503" />
  <table name="(P0303) MISFIRE CYLINDER 3" address="78504" />
  <table name="(P0304) MISFIRE CYLINDER 4" address="78505" />
  <table name="(P0327) KNOCK SENSOR 1 LOW INPUT" address="784ca" />
  <table name="(P0328) KNOCK SENSOR 1 HIGH INPUT" address="784cb" />
  <table name="(P0335) CRANKSHAFT POS. SENSOR A MALFUNCTION" address="784c0" />
  <table name="(P0340) CAMSHAFT POS. SENSOR A MALFUNCTION" address="78553" />
  <table name="(P0345) CAMSHAFT POS. SENSOR A BANK 2" address="78552" />
  <table name="(P0410) SECONDARY AIR PUMP SYSTEM" address="7857d" />
  <table name="(P0413) SECONDARY AIR PUMP A OPEN" address="78581" />
  <table name="(P0414) SECONDARY AIR PUMP A SHORTED" address="78586" />
  <table name="(P0418) SECONDARY AIR PUMP RELAY A" address="78582" />
  <table name="(P0420) CAT EFFICIENCY BELOW THRESHOLD" address="784fc" />
  <table name="(P0458) EVAP PURGE VALVE CIRCUIT LOW" address="784f1" />
  <table name="(P0459) EVAP PURGE VALVE CIRCUIT HIGH" address="784f2" />
  <table name="(P0462) FUEL LEVEL SENSOR LOW INPUT" address="784d2" />
  <table name="(P0463) FUEL LEVEL SENSOR HIGH INPUT" address="784d3" />
  <table name="(P0502) VEHICLE SPEED SENSOR LOW INPUT" address="7852f" />
  <table name="(P0503) VEHICLE SPEED SENSOR INTERMITTENT" address="78538" />
  <table name="(P0512) STARTER REQUEST CIRCUIT" address="784d7" />
  <table name="(P0519) IDLE CONTROL MALFUNCTION (FAIL-SAFE)" address="78532" />
  <table name="(P0600) SERIAL COMMUNICATION LINK" address="7854f" />
  <table name="(P0604) CONTROL MODULE RAM ERROR" address="784c4" />
  <table name="(P0605) CONTROL MODULE ROM ERROR" address="78554" />
  <table name="(P0607) CONTROL MODULE PERFORMANCE" address="78547" />
  <table name="(P0638) THROTTLE ACTUATOR RANGE/PERF" address="78546" />
  <table name="(P0691) RADIATOR FAN CIRCUIT LOW" address="784ea" />
  <table name="(P0692) RADIATOR FAN CIRCUIT HIGH" address="784eb" />
  <table name="(P0700) TRANSMISSION CONTROL SYSTEM" address="78560" />
  <table name="(P0851) NEUTRAL SWITCH INPUT LOW" address="784db" />
  <table name="(P0852) NEUTRAL SWITCH INPUT HIGH" address="784df" />
  <table name="(P1160) ABNORMAL RETURN SPRING" address="78541" />
  <table name="(P1410) SECONDARY AIR PUMP VALVE STUCK OPEN" address="7858a" />
  <table name="(P1418) SECONDARY AIR PUMP CIRCUIT SHORTED" address="78587" />
  <table name="(P1518) STARTER SWITCH LOW INPUT" address="784d6" />
  <table name="(P1560) BACK-UP VOLTAGE MALFUNCTION" address="78521" />
  <table name="(P2004) TGV - INTAKE MANIFOLD RUNNER 1 STUCK OPEN" address="7856b" />
  <table name="(P2005) TGV - INTAKE MANIFOLD RUNNER 2 STUCK OPEN" address="7856d" />
  <table name="(P2006) TGV - INTAKE MANIFOLD RUNNER 1 STUCK CLOSED" address="7856c" />
  <table name="(P2007) TGV - INTAKE MANIFOLD RUNNER 2 STUCK CLOSED" address="7856e" />
  <table name="(P2008) TGV - INTAKE MANIFOLD RUNNER 1 CIRCUIT OPEN" address="78579" />
  <table name="(P2009) TGV - INTAKE MANIFOLD RUNNER 1 CIRCUIT LOW" address="78577" />
  <table name="(P2011) TGV - INTAKE MANIFOLD RUNNER 2 CIRCUIT OPEN" address="7857a" />
  <table name="(P2012) TGV - INTAKE MANIFOLD RUNNER 2 CIRCUIT LOW" address="78578" />
  <table name="(P2016) TGV - INTAKE MANIFOLD RUNNER 1 POS. SENSOR LOW" address="78573" />
  <table name="(P2017) TGV - INTAKE MANIFOLD RUNNER 1 POS. SENSOR HIGH" address="78574" />
  <table name="(P2021) TGV - INTAKE MANIFOLD RUNNER 2 POS. SENSOR LOW" address="78575" />
  <table name="(P2022) TGV - INTAKE MANIFOLD RUNNER 2 POS. SENSOR HIGH" address="78576" />
  <table name="(P2088) OCV SOLENOID A1 CIRCUIT OPEN" address="7855c" />
  <table name="(P2089) OCV SOLENOID A1 CIRCUIT SHORT" address="7855b" />
  <table name="(P2092) OCV SOLENOID A2 CIRCUIT OPEN" address="7855a" />
  <table name="(P2093) OCV SOLENOID A2 CIRCUIT SHORT" address="78559" />
  <table name="(P2101) THROTTLE ACTUATOR CIRCUIT RANGE/PERF" address="78544" />
  <table name="(P2102) THROTTLE ACTUATOR CIRCUIT LOW" address="78542" />
  <table name="(P2103) THROTTLE ACTUATOR CIRCUIT HIGH" address="78543" />
  <table name="(P2109) TPS A MINIMUM STOP PERF" address="7853e" />
  <table name="(P2122) TPS D CIRCUIT LOW INPUT" address="7854b" />
  <table name="(P2123) TPS D CIRCUIT HIGH INPUT" address="7854c" />
  <table name="(P2127) TPS E CIRCUIT LOW INPUT" address="78549" />
  <table name="(P2128) TPS E CIRCUIT HIGH INPUT" address="7854a" />
  <table name="(P2135) TPS A/B VOLTAGE" address="7854d" />
  <table name="(P2138) TPS D/E VOLTAGE" address="78548" />
  <table name="(P2228) BARO. PRESSURE CIRCUIT LOW INPUT" address="78572" />
  <table name="(P2229) BARO. PRESSURE CIRCUIT HIGH INPUT" address="78571" />
  <table name="(P2432) SECONDARY AIR PUMP CIRCUIT LOW" address="78580" />
  <table name="(P2433) SECONDARY AIR PUMP CIRCUIT HIGH" address="7857f" />
  <table name="(P2440) SECONDARY AIR PUMP VALVE 1 STUCK OPEN" address="7858e" />
  <table name="(P2441) SECONDARY AIR PUMP VALVE 1 STUCK CLOSED" address="7858d" />
  <table name="(P2444) SECONDARY AIR PUMP 1 STUCK ON B1" address="7857b" />
  <table name="(P2503) CHARGING SYSTEM VOLTAGE LOW" address="7856a" />
  <table name="(P2504) CHARGING SYSTEM VOLTAGE HIGH" address="78569" />
</rom>