<rom>
  <romid>
    <xmlid>AZ1G105L</xmlid>
    <internalidaddress>2004</internalidaddress>
    <internalidstring>AZ1G105L</internalidstring>
    <ecuid>5C04505207</ecuid>
    <year>09</year>
    <market>JDM</market>
    <make>Subaru</make>
    <model>Forester</model>
    <submodel>XT</submodel>
    <transmission>AT</transmission>
    <memmodel>SH7058</memmodel>
    <flashmethod>subarucan</flashmethod>
    <checksummodule>subarudbw</checksummodule>
  </romid>
  <include>32BITBASE</include>
  <table name="Target Boost_" address="c0ec0">
    <table name="X" address="c0e58" />
    <table name="Y" address="c0e84" />
  </table>
  <table name="Target Boost Compensation (ECT)" address="c07e0">
    <table name="Y" address="c0700" />
  </table>
  <table name="Target Boost Compensation (1st Gear)" address="c06f8" />
  <table name="Target Boost Compensation (1st Gear) Speed Disable" address="c06f4" />
  <table name="Target Boost Compensation (IAT)_" address="c0928">
    <table name="Y" address="c0910" />
  </table>
  <table name="Target Boost Compensation (Atm. Pressure)_" address="c09bc">
    <table name="X" address="c098c" />
    <table name="Y" address="c09a4" />
  </table>
  <table name="Boost Limit (Fuel Cut)_" address="cd2f8">
    <table name="X" address="cd2b4" />
    <table name="Y" address="cd2cc" elements="11" />
  </table>
  <table name="Boost Control Disable (IAM)" address="c06e8" />
  <table name="Boost Control Disable (Fine Correction)" address="c06e4" />
  <table name="Boost Control Disable Delay (Fine Correction)" address="c0699" />
  <table name="Initial Wastegate Duty_" address="c0c94">
    <table name="X" address="c0c1c" elements="15" />
    <table name="Y" address="c0c58" elements="15" />
  </table>
  <table name="Max Wastegate Duty_" address="c0a58">
    <table name="X" address="c09e0" elements="15" />
    <table name="Y" address="c0a1c" elements="15" />
  </table>
  <table name="Max Wastegate Duty Limit Post-Compensation" address="1472c" />
  <table name="Initial/Max Wastegate Duty Compensation (IAT)" address="c0780">
    <table name="Y" address="c0740" />
  </table>
  <table name="Initial/Max Wastegate Duty Compensation (ECT)" address="c07a0">
    <table name="Y" address="c0700" />
  </table>
  <table name="Initial/Max Wastegate Duty Compensation (Atm. Pressure)" address="c096c">
    <table name="X" address="c0940" />
    <table name="Y" address="c0958" elements="5" />
  </table>
  <table name="Turbo Dynamics Proportional" address="c0814">
    <table name="Y" address="c07f0" />
  </table>
  <table name="Turbo Dynamics Integral Positive" address="c0884">
    <table name="Y" address="c0860" />
  </table>
  <table name="Turbo Dynamics Integral Negative" address="c084c">
    <table name="Y" address="c0828" />
  </table>
  <table name="TD Proportional Compensation (IAT)" address="c07b0">
    <table name="Y" address="c0740" elements="16" />
  </table>
  <table name="TD Integral Positive Compensation (IAT)" address="c07d0">
    <table name="Y" address="c0740" elements="16" />
  </table>
  <table name="TD Integral Negative Compensation (IAT)" address="c07c0">
    <table name="Y" address="c0740" elements="16" />
  </table>
  <table name="TD Activation Thresholds (RPM)" address="c06d4" />
  <table name="TD Activation Thresholds (Target Boost)_" address="c06c0" />
  <table name="TD Integral Cumulative Range (WGDC Correction)" address="c06dc" />
  <table name="TD Integral Negative Activation (Boost Error)" address="c06c8" />
  <table name="TD Integral Positive Activation (Boost Error)" address="c06cc" />
  <table name="TD Integral Negative Activation (Wastegate Duty)" address="c06d0" />
  <table name="Manifold Pressure Sensor Scaling_" address="d390c" />
  <table name="Manifold Pressure Sensor Limits (CEL)" address="d38d8" />
  <table name="Manifold Pressure Sensor CEL Delays" address="c39ce" />
  <table name="Primary Open Loop Fueling Base" address="caca0">
    <table name="X" address="cac18" />
    <table name="Y" address="cac58" />
  </table>
  <table name="Primary Open Loop Fueling Additive" address="caff0">
    <table name="X" address="caf68" />
    <table name="Y" address="cafa8" />
  </table>
  <table name="Minimum Active Primary Open Loop Enrichment" address="c7384" />
  <table name="Minimum Primary Open Loop Enrichment (Throttle)" address="c7f30">
    <table name="Y" address="c7f14" elements="7" />
  </table>
  <table name="Minimum Primary Open Loop Enrichment (Accelerator)" address="c7f54">
    <table name="Y" address="c7f38" elements="7" />
  </table>
  <table name="Primary Open Loop Fueling Compensation (ECT)" address="c9858">
    <table name="Y" address="c77b0" />
  </table>
  <table name="Front Oxygen Sensor Scaling" address="d3d80">
    <table name="Y" address="d3d4c" />
  </table>
  <table name="Front Oxygen Sensor Rich Limit" address="2208c" />
  <table name="Front Oxygen Sensor Compensation (Atm. Pressure)" address="c2dfc">
    <table name="Y" address="c2dec" />
  </table>
  <table name="CL Fueling Target Compensation A (Load)" address="cc54c">
    <table name="X" address="cc4f4" />
    <table name="Y" address="cc520" elements="11" />
  </table>
  <table name="CL Fueling Target Compensation B (Load)" address="cc7e4">
    <table name="X" address="cc78c" />
    <table name="Y" address="cc7b8" />
  </table>
  <table name="CL Fueling Target Compensation Imm. Cruise (ECT)" address="cc2dc">
    <table name="X" address="c77b0" />
    <table name="Y" address="cc2d0" />
  </table>
  <table name="CL Fueling Target Compensation Imm. Non-Cruise (ECT)" address="cc348">
    <table name="X" address="c77b0" />
    <table name="Y" address="cc33c" />
  </table>
  <table name="CL to OL Delay" address="c6e8a">
    <table name="Y" elements="2" />
  </table>
  <table name="CL to OL Delay/Switch SI-DRIVE Intelligent" address="c6e88" />
  <table name="CL to OL Transition with Delay (Throttle)" address="c7f04">
    <table name="Y" address="c7ec4" />
  </table>
  <table name="CL to OL Transition with Delay Throttle Hysteresis" address="c738c" />
  <table name="CL to OL Transition with Delay (Base Pulse Width)" address="c9784">
    <table name="Y" address="c9744" />
  </table>
  <table name="CL to OL Transition with Delay BPW Hysteresis" address="c7388" />
  <table name="CL to OL Transition Counter Step Value (MAF)" address="c97cc">
    <table name="Y" address="c97a4" />
  </table>
  <table name="CL Delay Maximum (Vehicle Speed)" address="c7408" />
  <table name="CL Delay Minimum (ECT)" address="c7390" />
  <table name="CL Delay Maximum (Engine Load)" address="c7418" />
  <table name="CL Delay Engine Load Counter Threshold" address="c6e86" />
  <table name="CL Delay Maximum Engine Speed (Per Gear)" address="c73c4" />
  <table name="CL Delay Maximum Engine Speed (Neutral)" address="c73bc" />
  <table name="CL Delay Throttle Atm. Pressure Thresholds" address="c73f0" />
  <table name="CL Delay Maximum (Throttle) (Low Atm. Pressure)" address="c73f8" />
  <table name="CL Delay Maximum (Throttle) (High Atm. Pressure)" address="c7400" />
  <table name="Injector Latency_" address="cbf08">
    <table name="X" address="cbee8" />
    <table name="Y" address="cbefc" />
  </table>
  <table name="Injector Flow Scaling" address="c7054" />
  <table name="Per Injector Pulse Width Compensation A" address="cb6bc">
    <table name="X" address="cb634" />
    <table name="Y" address="cb678" elements="17" />
  </table>
  <table name="Per Injector Pulse Width Compensation B" address="cb868">
    <table name="X" address="cb7e0" />
    <table name="Y" address="cb824" elements="17" />
  </table>
  <table name="Per Injector Pulse Width Compensation C" address="cba14">
    <table name="X" address="cb98c" />
    <table name="Y" address="cb9d0" elements="17" />
  </table>
  <table name="Per Injector Pulse Width Compensation D" address="cbbc0">
    <table name="X" address="cbb38" />
    <table name="Y" address="cbb7c" elements="17" />
  </table>
  <table name="Cranking Fuel Injector Pulse Width A (ECT)" address="c847a">
    <table name="Y" address="c77b0" />
  </table>
  <table name="Cranking Fuel Injector Pulse Width B (ECT)" address="c849a">
    <table name="Y" address="c77b0" />
  </table>
  <table name="Cranking Fuel Injector Pulse Width C (ECT)" address="c84ba">
    <table name="Y" address="c77b0" />
  </table>
  <table name="Cranking Fuel Injector Pulse Width D (ECT)" address="c84da">
    <table name="Y" address="c77b0" />
  </table>
  <table name="Cranking Fuel Injector Pulse Width E (ECT)" address="c84fa">
    <table name="Y" address="c77b0" />
  </table>
  <table name="Cranking Fuel Injector Pulse Width F (ECT)" address="c851a">
    <table name="Y" address="c77b0" />
  </table>
  <table name="Cranking Fuel IPW Compensation Imm. Cruise (RPM)" address="ca5d8">
    <table name="X" address="ca5a8" />
    <table name="Y" address="ca5bc" />
  </table>
  <table name="Cranking Fuel IPW Compensation Imm. Non-Cruise (RPM)" address="ca584">
    <table name="X" address="ca554" />
    <table name="Y" address="ca568" />
  </table>
  <table name="Cranking Fuel IPW Compensation (MAP)" address="c79f4">
    <table name="Y" address="c79cc" />
  </table>
  <table name="Cranking Fuel IPW Compensation (Accelerator)" address="c7a28">
    <table name="Y" address="c7a00" elements="10" />
  </table>
  <table name="Cranking Fuel IPW Compensation (IAT)" address="c7a48">
    <table name="Y" address="c7a34" />
  </table>
  <table name="Throttle Tip-in Enrichment A" address="c9cdc">
    <table name="Y" address="c9c94" />
  </table>
  <table name="Throttle Tip-in Enrichment B" address="c9d48">
    <table name="Y" address="c9d00" />
  </table>
  <table name="Minimum Tip-in Enrichment Activation" address="c76a8" />
  <table name="Minimum Tip-in Enrichment Activation (Throttle)" address="c76a4" />
  <table name="Tip-in Enrichment Compensation (Boost Error)" address="c82e0">
    <table name="Y" address="c82bc" />
  </table>
  <table name="Tip-in Enrichment Compensation (RPM)" address="c82ac">
    <table name="Y" address="c826c" elements="16" />
  </table>
  <table name="Tip-in Enrichment Compensation A (ECT)" address="c82e9">
    <table name="Y" address="c77b0" />
  </table>
  <table name="Tip-in Enrichment Compensation B (ECT)" address="c9d6c">
    <table name="Y" address="c77b0" />
  </table>
  <table name="Tip-in Enrichment Compensation C (ECT)" address="c9d8c">
    <table name="Y" address="c77b0" />
  </table>
  <table name="Tip-in Enrichment Compensation D (ECT)" address="c9dcc">
    <table name="Y" address="c77f0" />
  </table>
  <table name="Tip-in Enrichment Compensation D (ECT) Activation" address="c76ac" />
  <table name="Tip-in Enrichment Disable Applied Counter Threshold A (ECT)" address="c82f9">
    <table name="Y" address="c77b0" />
  </table>
  <table name="Tip-in Enrichment Disable Applied Counter Threshold B (ECT)" address="c8309">
    <table name="Y" address="c77b0" />
  </table>
  <table name="Tip-in Enrichment Applied Counter Reset" address="c6e39" />
  <table name="Tip-in Enrichment Disable Throttle Cumulative Threshold A (ECT)" address="c9dec">
    <table name="Y" address="c77b0" />
  </table>
  <table name="Tip-in Enrichment Disable Throttle Cumulative Threshold B (ECT)" address="c9e0c">
    <table name="Y" address="c77b0" />
  </table>
  <table name="Tip-in Throttle Cumulative Reset" address="c6e3a" />
  <table name="Min Primary Base Enrichment 1 Cruise" address="ca8b4">
    <table name="X" address="c77b0" />
    <table name="Y" address="ca894" />
  </table>
  <table name="Min Primary Base Enrichment 1 Non-Cruise" address="ca814">
    <table name="X" address="c77b0" />
    <table name="Y" address="ca7f4" />
  </table>
  <table name="Min Primary Base Enrichment 1 (Non-Primary OL)_" address="c7aad">
    <table name="Y" address="c77b0" />
  </table>
  <table name="A/F Learning #1 Limits" address="c7280" />
  <table name="A/F Learning #1 Airflow Ranges" address="c7290" />
  <table name="MAF Limit (Maximum)" address="c2960" />
  <table name="MAF Sensor Scaling" address="d3c74">
    <table name="Y" address="d3b9c" />
  </table>
  <table name="MAF Compensation (IAT)" address="c30d0">
    <table name="X" address="c309c" />
    <table name="Y" address="c30b0" />
  </table>
  <table name="Engine Load Limit A (Maximum)" address="20938" />
  <table name="Engine Load Limit B Maximum (RPM)" address="c2cfc">
    <table name="Y" address="c2cf4" />
  </table>
  <table name="Engine Load Compensation Cruise (MP)" address="c3160">
    <table name="X" address="c30f8" elements="12" />
    <table name="Y" address="c3128" elements="14" />
  </table>
  <table name="Engine Load Compensation Non-Cruise (MP)" address="c3270">
    <table name="X" address="c3208" elements="12" />
    <table name="Y" address="c3238" elements="14" />
  </table>
  <table name="Base Timing Primary Cruise" address="cfa24">
    <table name="X" address="cf984" elements="22" />
    <table name="Y" address="cf9dc" />
  </table>
  <table name="Base Timing Reference Cruise (AVCS related)" address="cfe7c">
    <table name="X" address="cfddc" elements="22" />
    <table name="Y" address="cfe34" />
  </table>
  <table name="Base Timing Primary Non-Cruise" address="cfc50">
    <table name="X" address="cfbb0" elements="22" />
    <table name="Y" address="cfc08" />
  </table>
  <table name="Base Timing Reference Non-Cruise (AVCS related)" address="d00a8">
    <table name="X" address="d0008" elements="22" />
    <table name="Y" address="d0060" />
  </table>
  <table name="Base Timing Idle A (In-Gear)" address="cdf32">
    <table name="Y" address="cdcdc" />
  </table>
  <table name="Base Timing Idle B (In-Gear)" address="cdf42">
    <table name="Y" address="cdcdc" />
  </table>
  <table name="Base Timing Idle A (Neutral)" address="cdf52">
    <table name="Y" address="cdcdc" />
  </table>
  <table name="Base Timing Idle B (Neutral)" address="cdf62">
    <table name="Y" address="cdcdc" />
  </table>
  <table name="Base Timing Idle Minimum" address="cdf29">
    <table name="Y" address="cdd5c" />
  </table>
  <table name="Base Timing Idle Minimum Vehicle Speed Enable" address="cdad8" />
  <table name="Knock Correction Advance Max Cruise" address="cf558">
    <table name="X" address="cf4b8" elements="22" />
    <table name="Y" address="cf510" />
  </table>
  <table name="Knock Correction Advance Max Non-Cruise" address="cf784">
    <table name="X" address="cf6e4" elements="22" />
    <table name="Y" address="cf73c" />
  </table>
  <table name="Timing Compensation A (IAT)" address="ce014">
    <table name="Y" address="cdfd4" />
  </table>
  <table name="Timing Compensation A (IAT) Activation" address="d0274">
    <table name="X" address="d0234" />
    <table name="Y" address="d0254" />
  </table>
  <table name="Timing Compensation B (IAT)" address="ce69c">
    <table name="Y" address="ce65c" />
  </table>
  <table name="Timing Compensation B (IAT) IAM Activation" address="cdc84" />
  <table name="Timing Compensation B (IAT) Max Additive" address="cdc68" />
  <table name="Timing Compensation Imm. Cruise A (ECT)" address="cdfb2">
    <table name="Y" address="cdcdc" />
  </table>
  <table name="Timing Compensation Imm. Cruise B (ECT)" address="cdfc2">
    <table name="Y" address="cdcdc" />
  </table>
  <table name="Timing Compensation Imm. Non-Cruise A (ECT)" address="cdf92">
    <table name="Y" address="cdcdc" />
  </table>
  <table name="Timing Compensation Imm. Non-Cruise B (ECT)" address="cdfa2">
    <table name="Y" address="cdcdc" />
  </table>
  <table name="Timing Compensation Per Cylinder A" address="cf2b8">
    <table name="X" address="cf270" />
    <table name="Y" address="cf2a8" />
  </table>
  <table name="Timing Compensation Per Cylinder B" address="cf338">
    <table name="X" address="cf2f0" />
    <table name="Y" address="cf328" />
  </table>
  <table name="Timing Compensation Per Cylinder C" address="cf3b8">
    <table name="X" address="cf370" />
    <table name="Y" address="cf3a8" />
  </table>
  <table name="Timing Compensation Per Cylinder D" address="cf43c">
    <table name="X" address="cf3f0" />
    <table name="Y" address="cf428" elements="5" />
  </table>
  <table name="Timing Comp Minimum Load (Per Cylinder)" address="cd7f8" />
  <table name="Timing Comp Maximum RPM (Per Cylinder)" address="cd7f4" />
  <table name="Timing Comp Minimum Coolant Temp (Per Cylinder)" address="cd7fc" />
  <table name="Feedback Correction Range (RPM)" address="cd808" />
  <table name="Feedback Correction Minimum Load" address="cd800" />
  <table name="Feedback Correction Retard Value" address="cd828" />
  <table name="Feedback Correction Retard Limit" address="cd824" />
  <table name="Feedback Correction Negative Advance Value" address="cd82c" />
  <table name="Feedback Correction Negative Advance Delay" address="cd768" />
  <table name="Extended Feedback Correction High RPM Compensation" address="cd834" />
  <table name="Fine Correction Range (RPM)" address="cd9d0" />
  <table name="Fine Correction Range (Load)" address="cd9e0" />
  <table name="Fine Correction Rows (RPM)" address="cd970" />
  <table name="Fine Correction Columns (Load)" address="cd98c" />
  <table name="Fine Correction Retard Value A" address="cd9b4" />
  <table name="Fine Correction Retard Value B" address="cd9c8" />
  <table name="Fine Correction Retard Limit" address="cd9b0" />
  <table name="Fine Correction Advance Value" address="cd9ac" />
  <table name="Fine Correction Advance Limit" address="cd9a8" />
  <table name="Fine Correction Advance Delay" address="cd778" />
  <table name="Rough Correction Range (RPM)" address="cd918" />
  <table name="Rough Correction Range (Load)" address="cd928" />
  <table name="Rough Correction Minimum KC Advance Map Value" address="cd938" />
  <table name="Rough Correction Learning Delay (Increasing)_" address="ce88c">
    <table name="Y" address="ce864" />
  </table>
  <table name="Advance Multiplier (Initial)" address="cd93c" />
  <table name="Advance Multiplier Step Value" address="cd940" />
  <table name="Intake Cam Advance Angle Cruise (AVCS)" address="d58ac">
    <table name="X" address="d5830" elements="15" />
    <table name="Y" address="d586c" elements="16" />
  </table>
  <table name="Intake Cam Advance Angle Non-Cruise (AVCS)" address="d5b08">
    <table name="X" address="d5a8c" elements="15" />
    <table name="Y" address="d5ac8" elements="16" />
  </table>
  <table name="Requested Torque A (Accelerator Pedal) SI-DRIVE Sport" address="dd3ac">
    <table name="X" address="dd30c" elements="20" />
    <table name="Y" address="dd35c" elements="20" />
  </table>
  <table name="Requested Torque B (Accelerator Pedal) SI-DRIVE Sport" address="ddeec">
    <table name="X" address="dde4c" elements="20" />
    <table name="Y" address="dde9c" elements="20" />
  </table>
  <table name="Requested Torque A (Accelerator Pedal) SI-DRIVE Sport Sharp" address="dd76c">
    <table name="X" address="dd6cc" elements="20" />
    <table name="Y" address="dd71c" elements="20" />
  </table>
  <table name="Requested Torque B (Accelerator Pedal) SI-DRIVE Sport Sharp" address="de2ac">
    <table name="X" address="de20c" elements="20" />
    <table name="Y" address="de25c" elements="20" />
  </table>
  <table name="Requested Torque A (Accelerator Pedal) SI-DRIVE Intelligent" address="ddb2c">
    <table name="X" address="dda8c" elements="20" />
    <table name="Y" address="ddadc" elements="20" />
  </table>
  <table name="Requested Torque B (Accelerator Pedal) SI-DRIVE Intelligent" address="de66c">
    <table name="X" address="de5cc" elements="20" />
    <table name="Y" address="de61c" elements="20" />
  </table>
  <table name="Requested Torque Base (RPM)" address="dc83c">
    <table name="Y" address="dc7fc" />
  </table>
  <table name="Target Throttle Plate Position Cruise (Requested Torque Ratio)" address="dccd8">
    <table name="X" address="dcc6c" elements="11" />
    <table name="Y" address="dcc98" />
  </table>
  <table name="Target Throttle Plate Position Non-Cruise (Requested Torque Ratio)" address="dcea4">
    <table name="X" address="dce38" elements="11" />
    <table name="Y" address="dce64" />
  </table>
  <table name="Target Throttle Plate Position Maximum (Requested Torque Ratio)" address="dd070">
    <table name="X" address="dd004" elements="11" />
    <table name="Y" address="dd030" />
  </table>
  <table name="Rev Limit (Fuel Cut)" address="c7704" />
  <table name="Rev Limit Fuel Resume (Boost)" address="c770c" />
  <table name="Speed Limiting Enable (Fuel Cut)" address="c7750" />
  <table name="Speed Limiting Disable (Fuel Cut)" address="c7758" />
  <table name="Speed Limiting A (Throttle) SI-DRIVE Sport/Sport Sharp" address="dc644" />
  <table name="Speed Limiting B (Throttle) SI-DRIVE Sport/Sport Sharp" address="dc65c" />
  <table name="Speed Limiting (Throttle) SI-DRIVE Intelligent" address="dc650" />
  <table name="Intake Temp Sensor Scaling" address="d3aa4">
    <table name="Y" address="d3a2c" />
  </table>
  <table name="Coolant Temp Sensor Scaling" address="d39bc">
    <table name="Y" address="d394c" />
  </table>
  <table name="Radiator Fan Modes A (ECT)" address="d4044" />
  <table name="Radiator Fan Modes B (ECT)" address="d4054" />
  <table name="Radiator Fan Modes (Veh. Speed)" address="d4064" />
  <table name="Idle Speed Target A" address="d1dc6">
    <table name="Y" address="d1714" />
  </table>
  <table name="Idle Speed Target B" address="d1e06">
    <table name="Y" address="d1714" />
  </table>
  <table name="Idle Speed Target C" address="d1e46">
    <table name="Y" address="d1714" />
  </table>
  <table name="Idle Speed Target D" address="d1e66">
    <table name="Y" address="d1714" />
  </table>
  <table name="Force Pass Readiness Monitors_" address="819cc" />
  <table name="(P0000) PASS CODE (NO DTC DETECTED)" address="76d09" />
  <table name="(P0000) PASS CODE (NO DTC DETECTED)_" address="76d0a" />
  <table name="(P0011) CAMSHAFT POS. - TIMING OVER-ADVANCED 1" address="76ced" />
  <table name="(P0016) CRANKSHAFT/CAMSHAFT CORRELATION 1A" address="76d7e" />
  <table name="(P0018) CRANKSHAFT/CAMSHAFT CORRELATION 2A" address="76d7d" />
  <table name="(P0021) CAMSHAFT POS. - TIMING OVER-ADVANCED 2" address="76cee" />
  <table name="(P0031) FRONT O2 SENSOR LOW INPUT" address="76d18" />
  <table name="(P0032) FRONT O2 SENSOR HIGH INPUT" address="76d16" />
  <table name="(P0037) REAR O2 SENSOR LOW INPUT" address="76d17" />
  <table name="(P0038) REAR O2 SENSOR HIGH INPUT" address="76d15" />
  <table name="(P0102) MAF SENSOR LOW INPUT" address="76cc9" />
  <table name="(P0103) MAF SENSOR HIGH INPUT" address="76cca" />
  <table name="(P0107) MAP SENSOR LOW INPUT" address="76d19" />
  <table name="(P0108) MAP SENSOR HIGH INPUT" address="76d1a" />
  <table name="(P0112) IAT SENSOR LOW INPUT" address="76d12" />
  <table name="(P0113) IAT SENSOR HIGH INPUT" address="76d13" />
  <table name="(P0117) COOLANT TEMP SENSOR LOW INPUT" address="76cd2" />
  <table name="(P0118) COOLANT TEMP SENSOR HIGH INPUT" address="76cd3" />
  <table name="(P0122) TPS A LOW INPUT" address="76cd0" />
  <table name="(P0123) TPS A HIGH INPUT" address="76cd1" />
  <table name="(P0131) FRONT O2 SENSOR LOW INPUT" address="76d0c" />
  <table name="(P0132) FRONT O2 SENSOR HIGH INPUT" address="76d0e" />
  <table name="(P0133) FRONT O2 SENSOR SLOW RESPONSE" address="76cf6" />
  <table name="(P0134) FRONT O2 SENSOR NO ACTIVITY" address="76d2c" />
  <table name="(P0139) REAR O2 SENSOR SLOW RESPONSE" address="76cf7" />
  <table name="(P0140) REAR O2 SENSOR NO ACTIVITY" address="76d78" />
  <table name="(P0171) SYSTEM TOO LEAN" address="76d00" />
  <table name="(P0172) SYSTEM TOO RICH" address="76d01" />
  <table name="(P0222) TPS B LOW INPUT" address="76d36" />
  <table name="(P0223) TPS B HIGH INPUT" address="76d37" />
  <table name="(P0230) FUEL PUMP PRIMARY CIRCUIT" address="76d28" />
  <table name="(P0244) WASTEGATE SOLENOID A RANGE/PERF" address="76d26" />
  <table name="(P0245) WASTEGATE SOLENOID A LOW" address="76d24" />
  <table name="(P0246) WASTEGATE SOLENOID A HIGH" address="76d25" />
  <table name="(P0301) MISFIRE CYLINDER 1" address="76d02" />
  <table name="(P0302) MISFIRE CYLINDER 2" address="76d03" />
  <table name="(P0303) MISFIRE CYLINDER 3" address="76d04" />
  <table name="(P0304) MISFIRE CYLINDER 4" address="76d05" />
  <table name="(P0327) KNOCK SENSOR 1 LOW INPUT" address="76cce" />
  <table name="(P0328) KNOCK SENSOR 1 HIGH INPUT" address="76ccf" />
  <table name="(P0335) CRANKSHAFT POS. SENSOR A MALFUNCTION" address="76cc4" />
  <table name="(P0340) CAMSHAFT POS. SENSOR A MALFUNCTION" address="76d4a" />
  <table name="(P0345) CAMSHAFT POS. SENSOR A BANK 2" address="76d49" />
  <table name="(P0410) SECONDARY AIR PUMP SYSTEM" address="76d72" />
  <table name="(P0413) SECONDARY AIR PUMP A OPEN" address="76d76" />
  <table name="(P0414) SECONDARY AIR PUMP A SHORTED" address="76d7b" />
  <table name="(P0418) SECONDARY AIR PUMP RELAY A" address="76d77" />
  <table name="(P0420) CAT EFFICIENCY BELOW THRESHOLD" address="76cfc" />
  <table name="(P0458) EVAP PURGE VALVE CIRCUIT LOW" address="76cf1" />
  <table name="(P0459) EVAP PURGE VALVE CIRCUIT HIGH" address="76cf2" />
  <table name="(P0500) VEHICLE SPEED SENSOR A" address="76ccb" />
  <table name="(P0512) STARTER REQUEST CIRCUIT" address="76cda" />
  <table name="(P0562) SYSTEM VOLTAGE LOW" address="76d22" />
  <table name="(P0563) SYSTEM VOLTAGE HIGH" address="76d23" />
  <table name="(P0600) SERIAL COMMUNICATION LINK" address="76d46" />
  <table name="(P0604) CONTROL MODULE RAM ERROR" address="76cc8" />
  <table name="(P0605) CONTROL MODULE ROM ERROR" address="76d4b" />
  <table name="(P0607) CONTROL MODULE PERFORMANCE" address="76d3e" />
  <table name="(P0638) THROTTLE ACTUATOR RANGE/PERF" address="76d3d" />
  <table name="(P0851) NEUTRAL SWITCH INPUT LOW" address="76cde" />
  <table name="(P0852) NEUTRAL SWITCH INPUT HIGH" address="76ce2" />
  <table name="(P1160) ABNORMAL RETURN SPRING" address="76d38" />
  <table name="(P1410) SECONDARY AIR PUMP VALVE STUCK OPEN" address="76d7f" />
  <table name="(P1418) SECONDARY AIR PUMP CIRCUIT SHORTED" address="76d7c" />
  <table name="(P1519) IMRC STUCK CLOSED" address="76d8a" />
  <table name="(P1520) IMRC CIRCUIT MALFUNCTION" address="76d89" />
  <table name="(P1560) BACK-UP VOLTAGE MALFUNCTION" address="76d21" />
  <table name="(P1616) SBDS INTERACTIVE CODES" address="76d88" />
  <table name="(P2004) TGV - INTAKE MANIFOLD RUNNER 1 STUCK OPEN" address="76d60" />
  <table name="(P2005) TGV - INTAKE MANIFOLD RUNNER 2 STUCK OPEN" address="76d62" />
  <table name="(P2006) TGV - INTAKE MANIFOLD RUNNER 1 STUCK CLOSED" address="76d61" />
  <table name="(P2007) TGV - INTAKE MANIFOLD RUNNER 2 STUCK CLOSED" address="76d63" />
  <table name="(P2008) TGV - INTAKE MANIFOLD RUNNER 1 CIRCUIT OPEN" address="76d6e" />
  <table name="(P2009) TGV - INTAKE MANIFOLD RUNNER 1 CIRCUIT LOW" address="76d6c" />
  <table name="(P2011) TGV - INTAKE MANIFOLD RUNNER 2 CIRCUIT OPEN" address="76d6f" />
  <table name="(P2012) TGV - INTAKE MANIFOLD RUNNER 2 CIRCUIT LOW" address="76d6d" />
  <table name="(P2016) TGV - INTAKE MANIFOLD RUNNER 1 POS. SENSOR LOW" address="76d68" />
  <table name="(P2017) TGV - INTAKE MANIFOLD RUNNER 1 POS. SENSOR HIGH" address="76d69" />
  <table name="(P2021) TGV - INTAKE MANIFOLD RUNNER 2 POS. SENSOR LOW" address="76d6a" />
  <table name="(P2022) TGV - INTAKE MANIFOLD RUNNER 2 POS. SENSOR HIGH" address="76d6b" />
  <table name="(P2088) OCV SOLENOID A1 CIRCUIT OPEN" address="76d53" />
  <table name="(P2089) OCV SOLENOID A1 CIRCUIT SHORT" address="76d52" />
  <table name="(P2092) OCV SOLENOID A2 CIRCUIT OPEN" address="76d51" />
  <table name="(P2093) OCV SOLENOID A2 CIRCUIT SHORT" address="76d50" />
  <table name="(P2101) THROTTLE ACTUATOR CIRCUIT RANGE/PERF" address="76d3b" />
  <table name="(P2102) THROTTLE ACTUATOR CIRCUIT LOW" address="76d39" />
  <table name="(P2103) THROTTLE ACTUATOR CIRCUIT HIGH" address="76d3a" />
  <table name="(P2109) TPS A MINIMUM STOP PERF" address="76d35" />
  <table name="(P2122) TPS D CIRCUIT LOW INPUT" address="76d42" />
  <table name="(P2123) TPS D CIRCUIT HIGH INPUT" address="76d43" />
  <table name="(P2127) TPS E CIRCUIT LOW INPUT" address="76d40" />
  <table name="(P2128) TPS E CIRCUIT HIGH INPUT" address="76d41" />
  <table name="(P2135) TPS A/B VOLTAGE" address="76d44" />
  <table name="(P2138) TPS D/E VOLTAGE" address="76d3f" />
  <table name="(P2419) EVAP SWITCHING VALVE LOW" address="76d8c" />
  <table name="(P2420) EVAP SWITCHING VALVE HIGH" address="76d8d" />
  <table name="(P2432) SECONDARY AIR PUMP CIRCUIT LOW" address="76d75" />
  <table name="(P2433) SECONDARY AIR PUMP CIRCUIT HIGH" address="76d74" />
  <table name="(P2441) SECONDARY AIR PUMP VALVE 1 STUCK CLOSED" address="76d82" />
  <table name="(P2444) SECONDARY AIR PUMP 1 STUCK ON B1" address="76d70" />
</rom>