<rom>
  <romid>
    <xmlid>A4RM100H</xmlid>
    <internalidaddress>200</internalidaddress>
    <internalidstring>A4RM100H</internalidstring>
    <ecuid>2E44594105</ecuid>
    <year>03</year>
    <market>EDM</market>
    <make>Subaru</make>
    <model>Impreza</model>
    <submodel>STi</submodel>
    <transmission>MT</transmission>
    <memmodel>68HC16Y5</memmodel>
    <flashmethod>wrx02</flashmethod>
  </romid>
  <include>16BITBASE</include>
  <table name="Target Boost (MT)_" address="2b6c9">
    <table name="X" address="2b6bf" />
    <table name="Y" address="2b6ac" />
  </table>
  <table name="Target Boost (AT)_" address="2b6a8">
    <table name="X" address="2b6a4" elements="2" />
    <table name="Y" address="2b69f" elements="2" />
  </table>
  <table name="Target Boost Compensation (ECT)" address="2b912" />
  <table name="Target Boost Compensation (Atm. Pressure) Multiplier" address="2b819" />
  <table name="Target Boost Compensation (Atm. Pressure) Multiplier Offset" address="2b817" />
  <table name="Target Boost Compensation (Per Gear)(MT)" address="2b822" />
  <table name="Target Boost Compensation (Per Gear)(AT)" address="2b81d" />
  <table name="Per Gear Compensation (Maximum Speed)" address="2b81b" />
  <table name="Boost Limit (CEL)_" address="2bcab" />
  <table name="Boost Limit CEL Delay" address="2bca3" />
  <table name="Boost Limit (Fuel Cut)" address="29943" />
  <table name="Boost Control Disable (IAM)" address="2b80f" />
  <table name="Boost Control Disable (Fine Correction)" address="2b80d" />
  <table name="Boost Control Disable Delay (Fine Correction)" address="2b80e" />
  <table name="Initial Wastegate Duty" address="2b88e">
    <table name="X" address="2b884" />
    <table name="Y" address="2b873" />
  </table>
  <table name="Max Wastegate Duty_" address="2b758">
    <table name="X" address="2b74e" />
    <table name="Y" address="2b73d" />
  </table>
  <table name="Initial/Max Wastegate Duty Compensation (IAT)" address="2b7e8" />
  <table name="Initial/Max Wastegate Duty Compensation (ECT)" address="2b7fc" />
  <table name="Initial/Max Wastegate Duty Compensation (Atm. Pressure)" address="2b7de" />
  <table name="Turbo Dynamics Proportional" address="2b725">
    <table name="Y" address="2b711" />
  </table>
  <table name="Turbo Dynamics Integral Positive" address="2b861">
    <table name="Y" address="2b84d" />
  </table>
  <table name="Turbo Dynamics Integral Negative" address="2b83b">
    <table name="Y" address="2b827" />
  </table>
  <table name="TD Activation Threshold (RPM)" address="2b73b" />
  <table name="TD Activation Threshold (Target Boost)" address="2b811" />
  <table name="TD Integral Cumulative Range (WGDC Correction)" address="2b813" />
  <table name="TD Integral Activation (Boost Error)" address="2b737" />
  <table name="Manifold Pressure Sensor Multiplier A" address="55fa" />
  <table name="Manifold Pressure Sensor Offset A" address="5600" />
  <table name="Manifold Pressure Sensor Multiplier B" address="56aa" />
  <table name="Manifold Pressure Sensor Offset B" address="56b0" />
  <table name="Manifold Pressure Sensor Multiplier C" address="572c" />
  <table name="Manifold Pressure Sensor Offset C" address="5732" />
  <table name="Manifold Pressure Sensor Multiplier D" address="debe" />
  <table name="Manifold Pressure Sensor Offset D" address="dec4" />
  <table name="Manifold Pressure Sensor High Input (CEL)" address="2baea" />
  <table name="Manifold Pressure Sensor CEL Delay (High Input)" address="2baec" />
  <table name="Manifold Pressure Sensor Low Input (CEL)" address="2baed" />
  <table name="Manifold Pressure Sensor CEL Delay (Low Input)" address="2baef" />
  <table name="Primary Open Loop Fueling A" address="29208">
    <table name="X" address="291e6" elements="16" />
    <table name="Y" address="291c1" elements="18" />
  </table>
  <table name="Primary Open Loop Fueling B" address="2936f">
    <table name="X" address="2934d" elements="16" />
    <table name="Y" address="29328" elements="18" />
  </table>
  <table name="Primary Open Loop Fueling A (Failsafe)" address="294d6">
    <table name="X" address="294b4" elements="16" />
    <table name="Y" address="2948f" />
  </table>
  <table name="Primary Open Loop Fueling B (Failsafe)" address="2963d">
    <table name="X" address="2961b" elements="16" />
    <table name="Y" address="295f6" />
  </table>
  <table name="Primary Open Loop Fuel Map Switch (IAM)" address="291bf" />
  <table name="Minimum Active Primary Open Loop Enrichment" address="29118" />
  <table name="Minimum Primary Open Loop Enrichment (Throttle)" address="29193" />
  <table name="Minimum Primary Fueling CL to OL Intermediate Enrich" address="2911c" />
  <table name="Maximum Primary Fueling CL to OL Intermediate Steps" address="29122" />
  <table name="Primary Open Loop Fueling Compensation (ECT)" address="2919f" />
  <table name="Front Oxygen Sensor Scaling" address="28560">
    <table name="Y" address="28544" />
  </table>
  <table name="Front Oxygen Sensor Compensation (Atm. Pressure)" address="2852d">
    <table name="Y" address="28523" />
  </table>
  <table name="Closed Loop Base Fueling Target" address="15896" />
  <table name="Closed Loop Fueling Target Limits" address="28eed" />
  <table name="CL Fueling Target Compensation (Load)(MT)" address="28fd5">
    <table name="X" address="28fc3" />
    <table name="Y" address="28fb4" />
  </table>
  <table name="CL Fueling Target Compensation (Load)(AT)" address="28fb0">
    <table name="X" address="28faa" elements="2" />
    <table name="Y" address="28fa5" elements="2" />
  </table>
  <table name="CL Fueling Target Compensation A (ECT)(MT)" address="28f25" />
  <table name="CL Fueling Target Compensation B (ECT)(MT)" address="28f71" />
  <table name="CL Fueling Target Compensation A (ECT)(AT)" address="28eff" />
  <table name="CL Fueling Target Compensation B (ECT)(AT)" address="28f4b" />
  <table name="CL Fueling Target Compensation (ECT) Disable" address="28ef8" />
  <table name="CL to OL Delay" address="2913f" />
  <table name="CL to OL Transition with Delay (Throttle)" address="29169" />
  <table name="CL to OL Transition with Delay Throttle Hysteresis" address="29124" />
  <table name="CL to OL Transition with Delay (Base Pulse Width)" address="2917f" />
  <table name="CL to OL Transition with Delay BPW Hysteresis_" address="29125" />
  <table name="CL Delay Maximum (Throttle) (MT)" address="29131" />
  <table name="CL Delay Maximum Engine Speed" address="29129" />
  <table name="CL Delay Maximum (Vehicle Speed)" address="29135" />
  <table name="CL Delay Minimum (ECT)" address="29127" />
  <table name="CL Delay Throttle Atm. Pressure Thresholds" address="2915f" />
  <table name="CL Delay Maximum (Throttle) (Low Atm. Pressure)(AT)" address="2912f" />
  <table name="CL Delay Maximum (Throttle) (High Atm. Pressure)(AT)" address="2912d" />
  <table name="Injector Latency" address="289b6" />
  <table name="Injector Flow Scaling" address="289ae" />
  <table name="Per Injector Primary Fuel Offset Compensation A" address="297a5">
    <table name="Y" address="2979f" elements="2" />
  </table>
  <table name="Per Injector Primary Fuel Offset Compensation B" address="297af">
    <table name="Y" address="297a9" elements="2" />
  </table>
  <table name="Per Injector Primary Fuel Offset Compensation C" address="297b9">
    <table name="Y" address="297b3" elements="2" />
  </table>
  <table name="Per Injector Primary Fuel Offset Compensation D" address="297c3">
    <table name="Y" address="297bd" elements="2" />
  </table>
  <table name="Per Injector Compensation Activation (RPM)" address="2979b" />
  <table name="Cranking Fuel Injector Pulse Width A (ECT)_" address="288e6" />
  <table name="Cranking Fuel Injector Pulse Width B (ECT)" address="288f0">
    <table name="Y" elements="13" />
  </table>
  <table name="Cranking Fuel Injector Pulse Width C (ECT)_" address="28910" />
  <table name="Cranking Fuel Injector Pulse Width D (ECT)" address="2891a">
    <table name="Y" elements="13" />
  </table>
  <table name="Cranking Fuel IPW Compensation (MAP)" address="2888f" />
  <table name="Cranking Fuel IPW Compensation (Throttle)" address="2889d" />
  <table name="Cranking Fuel IPW Compensation (RPM)(MT)" address="288bd" />
  <table name="Cranking Fuel IPW Compensation (RPM)(AT)_" address="288ae" />
  <table name="Throttle Tip-in Enrichment" address="297e8">
    <table name="Y" address="297d4" />
  </table>
  <table name="Minimum Tip-in Enrichment Activation" address="297ce" />
  <table name="Minimum Tip-in Enrichment Activation (Throttle)" address="297cc" />
  <table name="Tip-in Enrichment Compensation (Positive Boost Error)" address="2980d" />
  <table name="Tip-in Enrichment Compensation A (ECT)" address="2981a" />
  <table name="Tip-in Enrichment Compensation B (ECT)" address="2984a" />
  <table name="Tip-in Enrichment Compensation B (ECT) Activation" address="2983e" />
  <table name="Tip-in Enrichment Compensation (RPM)" address="297fe" />
  <table name="Tip-in Enrichment Disable Applied Counter Threshold" address="297cd" />
  <table name="Tip-in Enrichment Applied Counter Reset" address="297d2" />
  <table name="Tip-in Enrichment Disable Throttle Cumulative Threshold" address="297d0" />
  <table name="Tip-in Throttle Cumulative Reset" address="297d3" />
  <table name="Primary Base Enrichment Additive 1" address="28b18" />
  <table name="Primary Base Enrichment Additive Compensation (Load)" address="28b2e" />
  <table name="Primary Base Enrichment Additive 2 Initial Start 1A" address="28a2f" />
  <table name="Primary Base Enrichment Additive 2 Initial Start 1B" address="28a75" />
  <table name="Primary Base Enrichment Additive 2 Initial Start 2A" address="28a55">
    <table name="Y" elements="13" />
  </table>
  <table name="Primary Base Enrichment Additive 2 Initial Start 2B" address="28a9b">
    <table name="Y" elements="13" />
  </table>
  <table name="Primary Base Enrichment Additive 2 Decay Step 1" address="28abd" />
  <table name="Primary Base Enrichment Additive 2 Decay Step 2" address="28ae3">
    <table name="Y" elements="13" />
  </table>
  <table name="Primary Base Enrichment Additive 3 Initial Start 1A" address="289ce">
    <table name="Y" elements="13" />
  </table>
  <table name="Primary Base Enrichment Additive 3 Initial Start 1B" address="289e9">
    <table name="Y" elements="13" />
  </table>
  <table name="Primary Base Enrichment Additive 3 Initial Start 2A_" address="289c6" />
  <table name="Primary Base Enrichment Additive 3 Initial Start 2B_" address="289e1" />
  <table name="Primary Base Enrichment Additive 3 Decay Delay 1" address="28a07">
    <table name="Y" elements="13" />
  </table>
  <table name="Primary Base Enrichment Additive 3 Decay Delay 2_" address="289ff" />
  <table name="Primary Base Enrichment Additive 3 Decay Multiplier" address="289f8" />
  <table name="A/F Learning #1 Limits" address="2903c" />
  <table name="A/F Learning #1 Airflow Ranges" address="29042" />
  <table name="MAF Sensor Scaling" address="2808a">
    <table name="Y" address="28028" />
  </table>
  <table name="MAF Sensor Limit (CEL)" address="2bb4a" />
  <table name="MAF Compensation (IAT)" address="2821d">
    <table name="X" address="28216" />
    <table name="Y" address="2820d" />
  </table>
  <table name="Engine Load Compensation (MP)" address="28189">
    <table name="X" address="28171" />
    <table name="Y" address="28158" />
  </table>
  <table name="Base Timing" address="29c20">
    <table name="X" address="29bfe" />
    <table name="Y" address="29bd9" elements="18" />
  </table>
  <table name="Base Timing Idle A (Neutral)_" address="29bb9" />
  <table name="Base Timing Idle B (Neutral)" address="29bc1" />
  <table name="Base Timing Idle (In-Gear)(Above Speed Threshold)" address="29b93" />
  <table name="Base Timing Idle A (In-Gear)(Below Speed Threshold)_" address="29ba2" />
  <table name="Base Timing Idle B (In-Gear)(Below Speed Threshold)" address="29baa" />
  <table name="Base Timing Idle Vehicle Speed Threshold" address="29b6c" />
  <table name="Knock Correction Advance Max" address="2a1d1">
    <table name="X" address="2a1af" elements="16" />
    <table name="Y" address="2a18a" elements="18" />
  </table>
  <table name="Timing Compensation (IAT)" address="29d7a" />
  <table name="Timing Comp Min Load (IAT)" address="29d8a" />
  <table name="Timing Compensation (ECT)" address="29d64" />
  <table name="Timing Compensation Idle A (ECT)_" address="29d46" />
  <table name="Timing Compensation Idle B (ECT)" address="29d4e" />
  <table name="Timing Compensation Per Cylinder A (RPM)_" address="2a40a" />
  <table name="Timing Compensation Per Cylinder B (RPM)_" address="2a41e" />
  <table name="Timing Compensation Per Cylinder C (RPM)_" address="2a432" />
  <table name="Timing Compensation Per Cylinder D (RPM)_" address="2a446" />
  <table name="Timing Comp Minimum Load (Per Cylinder)" address="2a3fe" />
  <table name="Timing Comp Maximum RPM (Per Cylinder)" address="2a3fc" />
  <table name="Timing Comp Minimum Coolant Temp (Per Cylinder)" address="2a400" />
  <table name="Feedback Correction Range (RPM)" address="2a32c" />
  <table name="Feedback Correction Minimum Load" address="2a334" />
  <table name="Feedback Correction Retard Value" address="2a31f" />
  <table name="Feedback Correction Retard Limit" address="2a31e" />
  <table name="Feedback Correction Negative Advance Value" address="2a320" />
  <table name="Feedback Correction Negative Advance Delay" address="2a31a" />
  <table name="Fine Correction Range (RPM)" address="2a374" />
  <table name="Fine Correction Range (Load)" address="2a37c" />
  <table name="Fine Correction Rows (RPM)" address="2a349" />
  <table name="Fine Correction Columns (Load)" address="2a339" />
  <table name="Fine Correction Retard Value" address="2a364" />
  <table name="Fine Correction Retard Limit" address="2a35c" />
  <table name="Fine Correction Advance Value" address="2a35d" />
  <table name="Fine Correction Advance Limit" address="2a35b" />
  <table name="Fine Correction Advance Delay" address="2a359" />
  <table name="Rough Correction Range (RPM)" address="2a2f2" />
  <table name="Rough Correction Range (Load)" address="2a2fa" />
  <table name="Rough Correction Minimum KC Advance Map Value" address="2a302" />
  <table name="Rough Correction Learning Delay (Increasing)" address="2a30a" />
  <table name="Advance Multiplier (Initial)" address="2a2f1" />
  <table name="Advance Multiplier Step Value" address="2a303" />
  <table name="Intake Cam Advance Angle (AVCS)" address="2b1c7">
    <table name="X" address="2b1a9" />
    <table name="Y" address="2b180" elements="20" />
  </table>
  <table name="Rev Limit (Fuel Cut)" address="29912" />
  <table name="Rev Limit Timing Retard" address="2a024" />
  <table name="Speed Limiting (Fuel Cut)" address="29933" />
  <table name="Speed Limiting Disable (Fuel Cut)" address="127ee" />
  <table name="Intake Temp Sensor Scaling" address="284be" />
  <table name="Coolant Temp Sensor Scaling" address="2847a" />
  <table name="Radiator Fan Modes (ECT)" address="2b08c" />
  <table name="Radiator Fan Modes (Veh. Speed)" address="2b090" />
  <table name="Radiator Fan Switching Determination (Modes)" address="2b06c" />
  <table name="Gear Determination Thresholds (MT)" address="2862c" />
  <table name="Idle Speed Target A (MT)" address="2a6fa" />
  <table name="Idle Speed Target B (MT)" address="2a720" />
  <table name="Idle Speed Target A (AT)_" address="2a746" />
  <table name="Idle Speed Target B (AT)_" address="2a750" />
  <table name="Min Idle Speed A/C (MT)" address="2a756" />
  <table name="Min Idle Speed A/C (AT)" address="2a758" />
  <table name="Min Idle Speed Startup (MT)" address="2a9bb" />
  <table name="Min Idle Speed Startup (AT)" address="2a9b3" />
  <table name="Min Idle Speed High Electrical Load (MT)" address="2a9b9" />
  <table name="Min Idle Speed High Electrical Load (AT)" address="2a9af" />
  <table name="Force Pass Readiness Monitors" address="1b5d6" />
  <table name="Catalyst Readiness Threshold Fix F" address="2b9ef" />
  <table name="Catalyst Readiness Threshold Fix G" address="2b9d9" />
  <scaling name="MisfireCELFix(P0301,P0302,P0303,P0304)" storagetype="bloblist">
    <data name="enabled" value="FFFFFFFFFFFFFFFF" />
    <data name="disabled" value="350A0CFF0C64FF35" />
  </scaling>
  <table name="Misfire CEL Fix (P0301, P0302, P0303, P0304)" address="2cc71" scaling="MisfireCELFix(P0301,P0302,P0303,P0304)" />
  <table name="(P0011) CAMSHAFT POS. - TIMING OVER-ADVANCED 1" address="2d73d" />
  <table name="(P0021) CAMSHAFT POS. - TIMING OVER-ADVANCED 2" address="2d741" />
  <table name="(P0030) FRONT O2 SENSOR RANGE/PERF" address="2db39" />
  <table name="(P0031) FRONT O2 SENSOR LOW INPUT" address="2d8b9" />
  <table name="(P0032) FRONT O2 SENSOR HIGH INPUT" address="2d8b1" />
  <table name="(P0034) TURBO BYPASS VALVE CIRCUIT LOW" address="2d86d" />
  <table name="(P0035) TURBO BYPASS VALVE CIRCUIT HIGH" address="2d871" />
  <table name="(P0037) REAR O2 SENSOR LOW INPUT" address="2d8b5" />
  <table name="(P0038) REAR O2 SENSOR HIGH INPUT" address="2d8ad" />
  <table name="(P0068) MAP SENSOR RANGE/PERF" address="2db0d" />
  <table name="(P0101) MAF SENSOR RANGE/PERF" address="2db1d" />
  <table name="(P0102) MAF SENSOR LOW INPUT" address="2d5a9" />
  <table name="(P0103) MAF SENSOR HIGH INPUT" address="2d5ad" />
  <table name="(P0107) MAP SENSOR LOW INPUT" address="2d8d1" />
  <table name="(P0108) MAP SENSOR HIGH INPUT" address="2d8d5" />
  <table name="(P0111) IAT SENSOR RANGE/PERF" address="2d8a5" />
  <table name="(P0112) IAT SENSOR LOW INPUT" address="2d89d" />
  <table name="(P0113) IAT SENSOR HIGH INPUT" address="2d8a1" />
  <table name="(P0117) COOLANT TEMP SENSOR LOW INPUT" address="2d5f1" />
  <table name="(P0118) COOLANT TEMP SENSOR HIGH INPUT" address="2d5f5" />
  <table name="(P0121) TPS RANGE/PERF" address="2d5e9" />
  <table name="(P0122) TPS A LOW INPUT" address="2d5dd" />
  <table name="(P0123) TPS A HIGH INPUT" address="2d5e1" />
  <table name="(P0125) INSUFFICIENT COOLANT TEMP (FUELING)" address="2d5fd" />
  <table name="(P0128) THERMOSTAT MALFUNCTION" address="2d92d" />
  <table name="(P0129) ATMOS. PRESSURE SENSOR RANGE/PERF" address="2db11" />
  <table name="(P0130) FRONT O2 SENSOR MALFUNCTION" address="2db31" />
  <table name="(P0133) FRONT O2 SENSOR SLOW RESPONSE" address="2d7e9" />
  <table name="(P0134) FRONT O2 SENSOR NO ACTIVITY" address="2db29" />
  <table name="(P0137) REAR O2 SENSOR LOW VOLTAGE" address="2d879" />
  <table name="(P0138) REAR O2 SENSOR HIGH VOLTAGE" address="2d891" />
  <table name="(P0139) REAR O2 SENSOR SLOW RESPONSE" address="2d7f1" />
  <table name="(P0171) SYSTEM TOO LEAN" address="2d825" />
  <table name="(P0172) SYSTEM TOO RICH" address="2d829" />
  <table name="(P0181) FUEL TEMP SENSOR A RANGE/PERF" address="2d675" />
  <table name="(P0182) FUEL TEMP SENSOR A LOW INPUT" address="2d66d" />
  <table name="(P0183) FUEL TEMP SENSOR A HIGH INPUT" address="2d671" />
  <table name="(P0230) FUEL PUMP PRIMARY CIRCUIT" address="2db05" />
  <table name="(P0244) WASTEGATE SOLENOID A RANGE/PERF" address="2d981" />
  <table name="(P0245) WASTEGATE SOLENOID A LOW" address="2d975" />
  <table name="(P0246) WASTEGATE SOLENOID A HIGH" address="2d979" />
  <table name="(P0249) WASTEGATE SOLENOID B LOW" address="2d989" />
  <table name="(P0250) WASTEGATE SOLENOID B HIGH" address="2d98d" />
  <table name="(P0261) FUEL INJECTOR #1 CIRCUIT LOW" address="2d9cd" />
  <table name="(P0264) FUEL INJECTOR #2 CIRCUIT LOW" address="2d9d1" />
  <table name="(P0267) FUEL INJECTOR #3 CIRCUIT LOW" address="2d9d5" />
  <table name="(P0270) FUEL INJECTOR #4 CIRCUIT LOW" address="2d9d9" />
  <table name="(P0301) MISFIRE CYLINDER 1" address="2d831" />
  <table name="(P0302) MISFIRE CYLINDER 2" address="2d835" />
  <table name="(P0303) MISFIRE CYLINDER 3" address="2d839" />
  <table name="(P0304) MISFIRE CYLINDER 4" address="2d83d" />
  <table name="(P0327) KNOCK SENSOR 1 LOW INPUT" address="2d5d5" />
  <table name="(P0328) KNOCK SENSOR 1 HIGH INPUT" address="2d5d9" />
  <table name="(P0335) CRANKSHAFT POS. SENSOR A MALFUNCTION" address="2d585" />
  <table name="(P0336) CRANKSHAFT POS. SENSOR A RANGE/PERF" address="2d58d" />
  <table name="(P0340) CAMSHAFT POS. SENSOR A MALFUNCTION" address="2d595" />
  <table name="(P0341) CAMSHAFT POS. SENSOR A RANGE/PERF" address="2d591" />
  <table name="(P0350) IGNITION COIL PRIMARY/SECONDARY" address="2d629" />
  <table name="(P0365) CAMSHAFT POS. SENSOR B BANK 1" address="2d735" />
  <table name="(P0390) CAMSHAFT POS. SENSOR B BANK 2" address="2d739" />
  <table name="(P0420) CAT EFFICIENCY BELOW THRESHOLD" address="2d80d" />
  <table name="(P0442) EVAP LEAK DETECTED (SMALL)" address="2d811" />
  <table name="(P0447) EVAP VENT CONTROL CIRCUIT OPEN" address="2d771" />
  <table name="(P0448) EVAP VENT CONTROL CIRCUIT SHORTED" address="2d775" />
  <table name="(P0451) EVAP PRESSURE SENSOR RANGE/PERF" address="2d645" />
  <table name="(P0452) EVAP PRESSURE SENSOR LOW INPUT" address="2d639" />
  <table name="(P0453) EVAP PRESSURE SENSOR HIGH INPUT" address="2d63d" />
  <table name="(P0456) EVAP LEAK DETECTED (VERY SMALL)" address="2d819" />
  <table name="(P0457) EVAP LEAK DETECTED (FUEL CAP)" address="2d84d" />
  <table name="(P0458) EVAP PURGE VALVE CIRCUIT LOW" address="2d74d" />
  <table name="(P0459) EVAP PURGE VALVE CIRCUIT HIGH" address="2d751" />
  <table name="(P0461) FUEL LEVEL SENSOR RANGE/PERF" address="2d609" />
  <table name="(P0462) FUEL LEVEL SENSOR LOW INPUT" address="2d601" />
  <table name="(P0463) FUEL LEVEL SENSOR HIGH INPUT" address="2d605" />
  <table name="(P0464) FUEL LEVEL SENSOR INTERMITTENT" address="2d5f9" />
  <table name="(P0483) RADIATOR FAN RATIONALITY CHECK" address="2d729" />
  <table name="(P0502) VEHICLE SPEED SENSOR LOW INPUT" address="2db01" />
  <table name="(P0503) VEHICLE SPEED SENSOR INTERMITTENT" address="2db41" />
  <table name="(P0506) IDLE CONTROL RPM LOWER THAN EXPECTED" address="2d6f9" />
  <table name="(P0507) IDLE CONTROL RPM HIGH THAN EXPECTED" address="2d6fd" />
  <table name="(P0508) IDLE CONTROL CIRCUIT LOW" address="2d6ed" />
  <table name="(P0509) IDLE CONTROL CIRCUIT HIGH" address="2d6f1" />
  <table name="(P0512) STARTER REQUEST CIRCUIT" address="2d631" />
  <table name="(P0519) IDLE CONTROL MALFUNCTION (FAIL-SAFE)" address="2db15" />
  <table name="(P0545) EGT SENSOR CIRCUIT LOW" address="2d9e1" />
  <table name="(P0546) EGT SENSOR CIRCUIT HIGH" address="2d9e5" />
  <table name="(P0558) ALTERNATOR CIRCUIT LOW" address="2daf5" />
  <table name="(P0559) ALTERNATOR CIRCUIT HIGH" address="2daf9" />
  <table name="(P0562) SYSTEM VOLTAGE LOW" address="2d969" />
  <table name="(P0563) SYSTEM VOLTAGE HIGH" address="2d96d" />
  <table name="(P0565) CRUISE CONTROL SET SIGNAL" address="2db09" />
  <table name="(P0604) CONTROL MODULE RAM ERROR" address="2d59d" />
  <table name="(P0691) RADIATOR FAN CIRCUIT LOW" address="2d719" />
  <table name="(P0692) RADIATOR FAN CIRCUIT HIGH" address="2d71d" />
  <table name="(P0703) BRAKE SWITCH INPUT MALFUNCTION" address="2d795" />
  <table name="(P0705) TRANSMISSION RANGE SENSOR MALFUNCTION" address="2d78d" />
  <table name="(P0710) ATF TEMP SENSOR MALFUNCTION" address="2d789" />
  <table name="(P0716) TORQUE CONVERTER TURBINE SPEED RANGE/PERF" address="2daa5" />
  <table name="(P0720) AT VEHICLE SPEED SENSOR HIGH" address="2d77d" />
  <table name="(P0726) ENGINE SPEED INPUT RANGE/PERF" address="2daa9" />
  <table name="(P0731) GEAR 1 INCORRECT RATIO" address="2d7b5" />
  <table name="(P0732) GEAR 2 INCORRECT RATIO" address="2d7b9" />
  <table name="(P0733) GEAR 3 INCORRECT RATIO" address="2d7bd" />
  <table name="(P0734) GEAR 4 INCORRECT RATIO" address="2d7c5" />
  <table name="(P0741) TORQUE CONVERTER CLUTCH MALFUNCTION" address="2d799" />
  <table name="(P0743) TORQUE CONVERTER CLUTCH LOCK-UP DUTY SOLENOID" address="2d7b1" />
  <table name="(P0748) PRESSURE CONTROL LINE PRESSURE DUTY SOLENOID" address="2d7ad" />
  <table name="(P0753) SHIFT SOLENOID A ELECTRICAL" address="2d7a1" />
  <table name="(P0758) SHIFT SOLENOID B ELECTRICAL" address="2d7a5" />
  <table name="(P0771) AT LOW CLUTCH TIMING SOLENOID MALFUNCTION" address="2daa1" />
  <table name="(P0778) AT 2-4 BRAKE PRESSURE SOLENOID MALFUNCTION" address="2d901" />
  <table name="(P0785) AT 2-4 BRAKE TIMING SOLENOID MALFUNCTION" address="2d8fd" />
  <table name="(P0851) NEUTRAL SWITCH INPUT LOW" address="2d669" />
  <table name="(P0852) NEUTRAL SWITCH INPUT HIGH" address="2d679" />
  <table name="(P0864) TCM COMMUNICATION RANGE/PERF" address="2d72d" />
  <table name="(P0865) TCM COMMUNICATION CIRCUIT LOW" address="2d759" />
  <table name="(P0866) TCM COMMUNICATION CIRCUIT HIGH" address="2d75d" />
  <table name="(P1086) TGV POS. 2 CIRCUIT LOW" address="2da15" />
  <table name="(P1087) TGV POS. 2 CIRCUIT HIGH" address="2da19" />
  <table name="(P1088) TGV POS. 1 CIRCUIT LOW" address="2da1d" />
  <table name="(P1089) TGV POS. 1 CIRCUIT HIGH" address="2da21" />
  <table name="(P1090) TGV SYSTEM 1 (VALVE OPEN)" address="2d6d9" />
  <table name="(P1091) TGV SYSTEM 1 (VALVE CLOSE)" address="2d6dd" />
  <table name="(P1092) TGV SYSTEM 2 (VALVE OPEN)" address="2d6e1" />
  <table name="(P1093) TGV SYSTEM 2 (VALVE CLOSE)" address="2d6e5" />
  <table name="(P1094) TGV SIGNAL 1 (OPEN)" address="2d9c5" />
  <table name="(P1095) TGV SIGNAL 1 (SHORT)" address="2d9bd" />
  <table name="(P1096) TGV SIGNAL 2 (OPEN)" address="2d9c9" />
  <table name="(P1097) TGV SIGNAL 2 (SHORT)" address="2d9c1" />
  <table name="(P1110) ATMOS. PRESSURE SENSOR LOW INPUT" address="2d8c1" />
  <table name="(P1111) ATMOS. PRESSURE SENSOR HIGH INPUT" address="2d8c5" />
  <table name="(P1134) FRONT O2 SENSOR MICROCOMPUTER" address="2d87d" />
  <table name="(P1152) FRONT O2 SENSOR RANGE/PERF LOW B1 S1" address="2d7f9" />
  <table name="(P1153) FRONT O2 SENSOR RANGE/PERF HIGH B1 S1" address="2d7fd" />
  <table name="(P1199) DIFFERENTIAL PRESSURE SENSOR" address="2da11" />
  <table name="(P1235) ICV SOLENOID CIRCUIT LOW" address="2d85d" />
  <table name="(P1236) ICV SOLENOID CIRCUIT HIGH" address="2d861" />
  <table name="(P1237) ECV SOLENOID LOW POS. PRESSURE" address="2d649" />
  <table name="(P1238) ECV SOLENOID HIGH POS. PRESSURE" address="2d64d" />
  <table name="(P1239) ECV SOLENOID LOW NEG. PRESSURE" address="2d651" />
  <table name="(P1240) ECV SOLENOID HIGH NEG. PRESSURE" address="2d655" />
  <table name="(P1241) 2 STAGE TWIN TURBO SYSTEM (SINGLE)" address="2da0d" />
  <table name="(P1242) 2 STAGE TWIN TURBO SYSTEM (TWIN)" address="2da09" />
  <table name="(P1247) RELIEF VALVE SOLENOID 1 CIRCUIT LOW" address="2d991" />
  <table name="(P1248) RELIEF VALVE SOLENOID 1 CIRCUIT HIGH" address="2d951" />
  <table name="(P1249) RELIEF VALVE SOLENOID 2 CIRCUIT LOW" address="2d955" />
  <table name="(P1250) RELIEF VALVE SOLENOID 2 CIRCUIT HIGH" address="2d959" />
  <table name="(P1301) MISFIRE (HIGH TEMP EXHAUST GAS)" address="2d849" />
  <table name="(P1306) OCV SOLENOID SIGNAL 1 MALFUNCTION (OPEN)" address="2d9f1" />
  <table name="(P1307) OCV SOLENOID SIGNAL 1 MALFUNCTION (SHORT)" address="2d9f9" />
  <table name="(P1308) OCV SOLENOID SIGNAL 2 MALFUNCTION (OPEN)" address="2d9f5" />
  <table name="(P1309) OCV SOLENOID SIGNAL 2 MALFUNCTION (SHORT)" address="2d9fd" />
  <table name="(P1312) EGT SENSOR MALFUNCTION" address="2d9e9" />
  <table name="(P1400) FUEL TANK PRESSURE SOL. LOW" address="2d745" />
  <table name="(P1420) FUEL TANK PRESSURE SOL. HIGH INPUT" address="2d749" />
  <table name="(P1443) VENT CONTROL SOLENOID FUNCTION PROBLEM" address="2d761" />
  <table name="(P1446) FUEL TANK SENSOR CONTROL CIRCUIT LOW" address="2d6d1" />
  <table name="(P1447) FUEL TANK SENSOR CONTROL CIRCUIT HIGH" address="2d6d5" />
  <table name="(P1448) FUEL TANK SENSOR CONTROL RANGE/PERF" address="2d709" />
  <table name="(P1518) STARTER SWITCH LOW INPUT" address="2d62d" />
  <table name="(P1544) EGT TOO HIGH" address="2d9ed" />
  <table name="(P1560) BACK-UP VOLTAGE MALFUNCTION" address="2d95d" />
  <table name="(P1700) TPS CIRCUIT MALFUNCTION (AT)" address="2d785" />
  <table name="(P1711) ENGINE TORQUE SIGNAL #1 MALFUNCTION" address="2d8ed" />
  <table name="(P1712) ENGINE TORQUE SIGNAL #2 MALFUNCTION" address="2d8f1" />
</rom>