<rom>
  <romid>
    <xmlid>A4RM100G</xmlid>
    <internalidaddress>200</internalidaddress>
    <internalidstring>A4RM100G</internalidstring>
    <ecuid>2E54594105</ecuid>
    <year>03</year>
    <market>ADM</market>
    <make>Subaru</make>
    <model>Impreza</model>
    <submodel>STi</submodel>
    <transmission>MT/AT</transmission>
    <memmodel>68HC16Y5</memmodel>
    <flashmethod>wrx02</flashmethod>
  </romid>
  <include>A4RM100H</include>
  <scaling name="MisfireCELFix(P0301,P0302,P0303,P0304)" storagetype="bloblist">
    <data name="enabled" value="FFFFFFFFFFFFFFFF" />
    <data name="disabled" value="350A0CFF0C64FF35" />
  </scaling>
  <table name="Misfire CEL Fix (P0301, P0302, P0303, P0304)" address="2cc69" scaling="MisfireCELFix(P0301,P0302,P0303,P0304)" />
</rom>