<rom>
  <romid>
    <xmlid>A4RN300I</xmlid>
    <internalidaddress>200</internalidaddress>
    <internalidstring>A4RN300I</internalidstring>
    <ecuid>3D54593005</ecuid>
    <year>04</year>
    <market>ADM</market>
    <make>Subaru</make>
    <model>Impreza</model>
    <submodel>STi</submodel>
    <transmission>MT/AT</transmission>
    <memmodel>68HC16Y5</memmodel>
    <flashmethod>wrx02</flashmethod>
  </romid>
  <include>A4RN300G</include>
  <scaling name="MisfireCELFix(P0301,P0302,P0303,P0304)" storagetype="bloblist">
    <data name="enabled" value="FFFFFFFFFFFFFFFF" />
    <data name="disabled" value="350A0CFF0C64FF35" />
  </scaling>
  <table name="Misfire CEL Fix (P0301, P0302, P0303, P0304)" address="2cb6e" scaling="MisfireCELFix(P0301,P0302,P0303,P0304)" />
</rom>