<rom>
  <romid>
    <xmlid>A4RN1000</xmlid>
    <internalidaddress>200</internalidaddress>
    <internalidstring>A4RN1000</internalidstring>
    <ecuid>2944596105</ecuid>
    <year>01/02</year>
    <market>EDM</market>
    <make>Subaru</make>
    <model>Impreza</model>
    <submodel>STi</submodel>
    <transmission>MT</transmission>
    <memmodel>68HC16Y5</memmodel>
    <flashmethod>wrx02</flashmethod>
  </romid>
  <include>A4RN200H</include>
  <table name="Manifold Pressure Sensor Multiplier D" address="dec6" />
  <table name="Manifold Pressure Sensor Offset D" address="decc" />
  <table name="Force Pass Readiness Monitors" address="1b672" />
  <scaling name="MisfireCELFix(P0301,P0302,P0303,P0304)" storagetype="bloblist">
    <data name="enabled" value="FFFFFFFFFFFFFFFF" />
    <data name="disabled" value="350A0CFF0C64FF35" />
  </scaling>
  <table name="Misfire CEL Fix (P0301, P0302, P0303, P0304)" address="2cc92" scaling="MisfireCELFix(P0301,P0302,P0303,P0304)" />
</rom>