<rom>
  <romid>
    <xmlid>A4RN300G</xmlid>
    <internalidaddress>200</internalidaddress>
    <internalidstring>A4RN300G</internalidstring>
    <ecuid>3D44593005</ecuid>
    <year>05</year>
    <market>EDM</market>
    <make>Subaru</make>
    <model>Impreza</model>
    <submodel>STi</submodel>
    <transmission>MT</transmission>
    <memmodel>68HC16Y5</memmodel>
    <flashmethod>wrx02</flashmethod>
  </romid>
  <include>16BITBASE</include>
  <table name="Target Boost (MT)_" address="2b6db">
    <table name="X" address="2b6d1" />
    <table name="Y" address="2b6be" />
  </table>
  <table name="Target Boost (AT)_" address="2b6ba">
    <table name="X" address="2b6b6" elements="2" />
    <table name="Y" address="2b6b1" elements="2" />
  </table>
  <table name="Target Boost Compensation (ECT)" address="2b933" />
  <table name="Target Boost Compensation (Atm. Pressure) Multiplier" address="2b83a" />
  <table name="Target Boost Compensation (Atm. Pressure) Multiplier Offset" address="2b838" />
  <table name="Target Boost Compensation (Per Gear)(MT)" address="2b843" />
  <table name="Target Boost Compensation (Per Gear)(AT)" address="2b83e" />
  <table name="Per Gear Compensation (Maximum Speed)" address="2b83c" />
  <table name="Boost Limit (CEL)_" address="2bcce" />
  <table name="Boost Limit CEL Delay" address="2bcc6" />
  <table name="Boost Limit (Fuel Cut)" address="29945" />
  <table name="Boost Control Disable (IAM)" address="2b830" />
  <table name="Boost Control Disable (Fine Correction)" address="2b82e" />
  <table name="Boost Control Disable Delay (Fine Correction)" address="2b82f" />
  <table name="Initial Wastegate Duty" address="2b8af">
    <table name="X" address="2b8a5" />
    <table name="Y" address="2b894" />
  </table>
  <table name="Max Wastegate Duty_" address="2b76a">
    <table name="X" address="2b760" />
    <table name="Y" address="2b74f" />
  </table>
  <table name="Initial/Max Wastegate Duty Compensation (IAT)" address="2b7fa" />
  <table name="Initial/Max Wastegate Duty Compensation (ECT)" address="2b80e" />
  <table name="Initial/Max Wastegate Duty Compensation (Atm. Pressure)" address="2b7f0" />
  <table name="Turbo Dynamics Proportional" address="2b737">
    <table name="Y" address="2b723" />
  </table>
  <table name="Turbo Dynamics Integral Positive" address="2b882">
    <table name="Y" address="2b86e" />
  </table>
  <table name="Turbo Dynamics Integral Negative" address="2b85c">
    <table name="Y" address="2b848" />
  </table>
  <table name="TD Activation Threshold (RPM)" address="2b74d" />
  <table name="TD Activation Threshold (Target Boost)" address="2b832" />
  <table name="TD Integral Cumulative Range (WGDC Correction)" address="2b834" />
  <table name="TD Integral Activation (Boost Error)" address="2b749" />
  <table name="Manifold Pressure Sensor Multiplier A" address="5888" />
  <table name="Manifold Pressure Sensor Offset A" address="588e" />
  <table name="Manifold Pressure Sensor Multiplier B" address="5938" />
  <table name="Manifold Pressure Sensor Offset B" address="593e" />
  <table name="Manifold Pressure Sensor Multiplier C" address="59ba" />
  <table name="Manifold Pressure Sensor Offset C" address="59c0" />
  <table name="Manifold Pressure Sensor Multiplier D" address="c81c" />
  <table name="Manifold Pressure Sensor Offset D" address="c822" />
  <table name="Manifold Pressure Sensor High Input (CEL)" address="2bb0a" />
  <table name="Manifold Pressure Sensor CEL Delay (High Input)" address="2bb0c" />
  <table name="Manifold Pressure Sensor Low Input (CEL)" address="2bb0d" />
  <table name="Manifold Pressure Sensor CEL Delay (Low Input)" address="2bb0f" />
  <table name="Primary Open Loop Fueling A" address="2920a">
    <table name="X" address="291e8" elements="16" />
    <table name="Y" address="291c3" elements="18" />
  </table>
  <table name="Primary Open Loop Fueling B" address="29371">
    <table name="X" address="2934f" elements="16" />
    <table name="Y" address="2932a" elements="18" />
  </table>
  <table name="Primary Open Loop Fueling A (Failsafe)" address="294d8">
    <table name="X" address="294b6" elements="16" />
    <table name="Y" address="29491" />
  </table>
  <table name="Primary Open Loop Fueling B (Failsafe)" address="2963f">
    <table name="X" address="2961d" elements="16" />
    <table name="Y" address="295f8" />
  </table>
  <table name="Primary Open Loop Fuel Map Switch (IAM)" address="291c1" />
  <table name="Minimum Active Primary Open Loop Enrichment" address="2911a" />
  <table name="Minimum Primary Open Loop Enrichment (Throttle)" address="29195" />
  <table name="Minimum Primary Fueling CL to OL Intermediate Enrich" address="2911e" />
  <table name="Maximum Primary Fueling CL to OL Intermediate Steps" address="29124" />
  <table name="Primary Open Loop Fueling Compensation (ECT)" address="291a1" />
  <table name="Front Oxygen Sensor Scaling" address="28560">
    <table name="Y" address="28544" />
  </table>
  <table name="Front Oxygen Sensor Compensation (Atm. Pressure)" address="2852d">
    <table name="Y" address="28523" />
  </table>
  <table name="Closed Loop Base Fueling Target" address="10d74" />
  <table name="Closed Loop Fueling Target Limits" address="28eef" />
  <table name="CL Fueling Target Compensation (Load)(MT)" address="28fd7">
    <table name="X" address="28fc5" />
    <table name="Y" address="28fb6" />
  </table>
  <table name="CL Fueling Target Compensation (Load)(AT)" address="28fb2">
    <table name="X" address="28fac" elements="2" />
    <table name="Y" address="28fa7" elements="2" />
  </table>
  <table name="CL Fueling Target Compensation A (ECT)(MT)" address="28f27" />
  <table name="CL Fueling Target Compensation B (ECT)(MT)" address="28f73" />
  <table name="CL Fueling Target Compensation A (ECT)(AT)" address="28f01" />
  <table name="CL Fueling Target Compensation B (ECT)(AT)" address="28f4d" />
  <table name="CL Fueling Target Compensation (ECT) Disable" address="28efa" />
  <table name="CL to OL Delay" address="29141" />
  <table name="CL to OL Transition with Delay (Throttle)" address="2916b" />
  <table name="CL to OL Transition with Delay Throttle Hysteresis" address="29126" />
  <table name="CL to OL Transition with Delay (Base Pulse Width)" address="29181" />
  <table name="CL to OL Transition with Delay BPW Hysteresis_" address="29127" />
  <table name="CL Delay Maximum (Throttle) (MT)" address="29133" />
  <table name="CL Delay Maximum Engine Speed" address="2912b" />
  <table name="CL Delay Maximum (Vehicle Speed)" address="29137" />
  <table name="CL Delay Minimum (ECT)" address="29129" />
  <table name="CL Delay Throttle Atm. Pressure Thresholds" address="29161" />
  <table name="CL Delay Maximum (Throttle) (Low Atm. Pressure)(AT)" address="29131" />
  <table name="CL Delay Maximum (Throttle) (High Atm. Pressure)(AT)" address="2912f" />
  <table name="Injector Latency" address="289b8" />
  <table name="Injector Flow Scaling" address="289b0" />
  <table name="Per Injector Primary Fuel Offset Compensation A" address="297a7">
    <table name="Y" address="297a1" elements="2" />
  </table>
  <table name="Per Injector Primary Fuel Offset Compensation B" address="297b1">
    <table name="Y" address="297ab" elements="2" />
  </table>
  <table name="Per Injector Primary Fuel Offset Compensation C" address="297bb">
    <table name="Y" address="297b5" elements="2" />
  </table>
  <table name="Per Injector Primary Fuel Offset Compensation D" address="297c5">
    <table name="Y" address="297bf" elements="2" />
  </table>
  <table name="Per Injector Compensation Activation (RPM)" address="2979d" />
  <table name="Cranking Fuel Injector Pulse Width A (ECT)_" address="288e8" />
  <table name="Cranking Fuel Injector Pulse Width B (ECT)" address="288f2">
    <table name="Y" elements="13" />
  </table>
  <table name="Cranking Fuel Injector Pulse Width C (ECT)_" address="28912" />
  <table name="Cranking Fuel Injector Pulse Width D (ECT)" address="2891c">
    <table name="Y" elements="13" />
  </table>
  <table name="Cranking Fuel IPW Compensation (MAP)" address="28891" />
  <table name="Cranking Fuel IPW Compensation (Throttle)" address="2889f" />
  <table name="Cranking Fuel IPW Compensation (RPM)(MT)" address="288bf" />
  <table name="Cranking Fuel IPW Compensation (RPM)(AT)_" address="288b0" />
  <table name="Throttle Tip-in Enrichment" address="297ea">
    <table name="Y" address="297d6" />
  </table>
  <table name="Minimum Tip-in Enrichment Activation" address="297d0" />
  <table name="Minimum Tip-in Enrichment Activation (Throttle)" address="297ce" />
  <table name="Tip-in Enrichment Compensation (Positive Boost Error)" address="2980f" />
  <table name="Tip-in Enrichment Compensation A (ECT)" address="2981c" />
  <table name="Tip-in Enrichment Compensation B (ECT)" address="2984c" />
  <table name="Tip-in Enrichment Compensation B (ECT) Activation" address="29840" />
  <table name="Tip-in Enrichment Compensation (RPM)" address="29800" />
  <table name="Tip-in Enrichment Disable Applied Counter Threshold" address="297cf" />
  <table name="Tip-in Enrichment Applied Counter Reset" address="297d4" />
  <table name="Tip-in Enrichment Disable Throttle Cumulative Threshold" address="297d2" />
  <table name="Tip-in Throttle Cumulative Reset" address="297d5" />
  <table name="Primary Base Enrichment Additive 1" address="28b1a" />
  <table name="Primary Base Enrichment Additive Compensation (Load)" address="28b30" />
  <table name="Primary Base Enrichment Additive 2 Initial Start 1A" address="28a31" />
  <table name="Primary Base Enrichment Additive 2 Initial Start 1B" address="28a77" />
  <table name="Primary Base Enrichment Additive 2 Initial Start 2A" address="28a57">
    <table name="Y" elements="13" />
  </table>
  <table name="Primary Base Enrichment Additive 2 Initial Start 2B" address="28a9d">
    <table name="Y" elements="13" />
  </table>
  <table name="Primary Base Enrichment Additive 2 Decay Step 1" address="28abf" />
  <table name="Primary Base Enrichment Additive 2 Decay Step 2" address="28ae5">
    <table name="Y" elements="13" />
  </table>
  <table name="Primary Base Enrichment Additive 3 Initial Start 1A" address="289d0">
    <table name="Y" elements="13" />
  </table>
  <table name="Primary Base Enrichment Additive 3 Initial Start 1B" address="289eb">
    <table name="Y" elements="13" />
  </table>
  <table name="Primary Base Enrichment Additive 3 Initial Start 2A_" address="289c8" />
  <table name="Primary Base Enrichment Additive 3 Initial Start 2B_" address="289e3" />
  <table name="Primary Base Enrichment Additive 3 Decay Delay 1" address="28a09">
    <table name="Y" elements="13" />
  </table>
  <table name="Primary Base Enrichment Additive 3 Decay Delay 2_" address="28a01" />
  <table name="Primary Base Enrichment Additive 3 Decay Multiplier" address="289fa" />
  <table name="A/F Learning #1 Limits" address="2903e" />
  <table name="A/F Learning #1 Airflow Ranges" address="29044" />
  <table name="MAF Sensor Scaling" address="2808a">
    <table name="Y" address="28028" />
  </table>
  <table name="MAF Sensor Limit (CEL)" address="2bb6a" />
  <table name="MAF Compensation (IAT)" address="2821d">
    <table name="X" address="28216" />
    <table name="Y" address="2820d" />
  </table>
  <table name="Engine Load Compensation (MP)" address="28189">
    <table name="X" address="28171" />
    <table name="Y" address="28158" />
  </table>
  <table name="Base Timing" address="29c22">
    <table name="X" address="29c00" />
    <table name="Y" address="29bdb" elements="18" />
  </table>
  <table name="Base Timing Idle A (Neutral)_" address="29bbb" />
  <table name="Base Timing Idle B (Neutral)" address="29bc3" />
  <table name="Base Timing Idle (In-Gear)(Above Speed Threshold)" address="29b95" />
  <table name="Base Timing Idle A (In-Gear)(Below Speed Threshold)_" address="29ba4" />
  <table name="Base Timing Idle B (In-Gear)(Below Speed Threshold)" address="29bac" />
  <table name="Base Timing Idle Vehicle Speed Threshold" address="29b6e" />
  <table name="Knock Correction Advance Max" address="2a1e2">
    <table name="X" address="2a1c0" elements="16" />
    <table name="Y" address="2a19b" elements="18" />
  </table>
  <table name="Timing Compensation (IAT)" address="29d7c" />
  <table name="Timing Comp Min Load (IAT)" address="29d8c" />
  <table name="Timing Compensation (ECT)" address="29d66" />
  <table name="Timing Compensation Idle A (ECT)_" address="29d48" />
  <table name="Timing Compensation Idle B (ECT)" address="29d50" />
  <table name="Timing Compensation Per Cylinder A (RPM)_" address="2a41c" />
  <table name="Timing Compensation Per Cylinder B (RPM)_" address="2a430" />
  <table name="Timing Compensation Per Cylinder C (RPM)_" address="2a444" />
  <table name="Timing Compensation Per Cylinder D (RPM)_" address="2a458" />
  <table name="Timing Comp Minimum Load (Per Cylinder)" address="2a410" />
  <table name="Timing Comp Maximum RPM (Per Cylinder)" address="2a40e" />
  <table name="Timing Comp Minimum Coolant Temp (Per Cylinder)" address="2a412" />
  <table name="Feedback Correction Range (RPM)" address="2a33d" />
  <table name="Feedback Correction Minimum Load" address="2a345" />
  <table name="Feedback Correction Retard Value" address="2a330" />
  <table name="Feedback Correction Retard Limit" address="2a32f" />
  <table name="Feedback Correction Negative Advance Value" address="2a331" />
  <table name="Feedback Correction Negative Advance Delay" address="2a32b" />
  <table name="Fine Correction Range (RPM)" address="2a385" />
  <table name="Fine Correction Range (Load)" address="2a38d" />
  <table name="Fine Correction Rows (RPM)" address="2a35a" />
  <table name="Fine Correction Columns (Load)" address="2a34a" />
  <table name="Fine Correction Retard Value" address="2a375" />
  <table name="Fine Correction Retard Limit" address="2a36d" />
  <table name="Fine Correction Advance Value" address="2a36e" />
  <table name="Fine Correction Advance Limit" address="2a36c" />
  <table name="Fine Correction Advance Delay" address="2a36a" />
  <table name="Rough Correction Range (RPM)" address="2a303" />
  <table name="Rough Correction Range (Load)" address="2a30b" />
  <table name="Rough Correction Minimum KC Advance Map Value" address="2a313" />
  <table name="Rough Correction Learning Delay (Increasing)" address="2a31b" />
  <table name="Advance Multiplier (Initial)" address="2a302" />
  <table name="Advance Multiplier Step Value" address="2a314" />
  <table name="Intake Cam Advance Angle (AVCS)" address="2b1d9">
    <table name="X" address="2b1bb" />
    <table name="Y" address="2b192" elements="20" />
  </table>
  <table name="Rev Limit (Fuel Cut)" address="29914" />
  <table name="Rev Limit Timing Retard" address="2a026" />
  <table name="Speed Limiting (Fuel Cut)" address="29935" />
  <table name="Speed Limiting Disable (Fuel Cut)" address="159f2" />
  <table name="Intake Temp Sensor Scaling" address="284be" />
  <table name="Coolant Temp Sensor Scaling" address="2847a" />
  <table name="Radiator Fan Modes (ECT)" address="2b09e" />
  <table name="Radiator Fan Modes (Veh. Speed)" address="2b0a2" />
  <table name="Radiator Fan Switching Determination (Modes)" address="2b07e" />
  <table name="Gear Determination Thresholds (MT)" address="2862e" />
  <table name="Idle Speed Target A (MT)" address="2a70c" />
  <table name="Idle Speed Target B (MT)" address="2a732" />
  <table name="Idle Speed Target A (AT)_" address="2a758" />
  <table name="Idle Speed Target B (AT)_" address="2a762" />
  <table name="Min Idle Speed A/C (MT)" address="2a768" />
  <table name="Min Idle Speed A/C (AT)" address="2a76a" />
  <table name="Min Idle Speed Startup (MT)" address="2a9cd" />
  <table name="Min Idle Speed Startup (AT)" address="2a9c5" />
  <table name="Min Idle Speed High Electrical Load (MT)" address="2a9cb" />
  <table name="Min Idle Speed High Electrical Load (AT)" address="2a9c1" />
  <table name="Force Pass Readiness Monitors" address="1d0a2" />
  <table name="Catalyst Readiness Threshold Fix F" address="2ba0f" />
  <table name="Catalyst Readiness Threshold Fix G" address="2b9f9" />
  <scaling name="MisfireCELFix(P0301,P0302,P0303,P0304)" storagetype="bloblist">
    <data name="enabled" value="FFFFFFFFFFFFFFFF" />
    <data name="disabled" value="350A0CFF0C64FF35" />
  </scaling>
  <table name="Misfire CEL Fix (P0301, P0302, P0303, P0304)" address="2cb76" scaling="MisfireCELFix(P0301,P0302,P0303,P0304)" />
  <scaling name="(P0011)CAMSHAFTPOS.-TIMINGOVER-ADVANCED1" storagetype="bloblist">
    <data name="enabled" value="030011" />
    <data name="disabled" value="050000" />
  </scaling>
  <table name="(P0011) CAMSHAFT POS. - TIMING OVER-ADVANCED 1" address="2d47d" scaling="(P0011)CAMSHAFTPOS.-TIMINGOVER-ADVANCED1" />
  <scaling name="(P0021)CAMSHAFTPOS.-TIMINGOVER-ADVANCED2" storagetype="bloblist">
    <data name="enabled" value="030021" />
    <data name="disabled" value="050000" />
  </scaling>
  <table name="(P0021) CAMSHAFT POS. - TIMING OVER-ADVANCED 2" address="2d481" scaling="(P0021)CAMSHAFTPOS.-TIMINGOVER-ADVANCED2" />
  <table name="(P0030) FRONT O2 SENSOR RANGE/PERF" address="2d879" />
  <table name="(P0031) FRONT O2 SENSOR LOW INPUT" address="2d5f9" />
  <table name="(P0032) FRONT O2 SENSOR HIGH INPUT" address="2d5f1" />
  <table name="(P0034) TURBO BYPASS VALVE CIRCUIT LOW" address="2d5ad" />
  <table name="(P0035) TURBO BYPASS VALVE CIRCUIT HIGH" address="2d5b1" />
  <table name="(P0037) REAR O2 SENSOR LOW INPUT" address="2d5f5" />
  <table name="(P0038) REAR O2 SENSOR HIGH INPUT" address="2d5ed" />
  <table name="(P0068) MAP SENSOR RANGE/PERF" address="2d84d" />
  <table name="(P0101) MAF SENSOR RANGE/PERF" address="2d85d" />
  <table name="(P0102) MAF SENSOR LOW INPUT" address="2d2e9" />
  <table name="(P0103) MAF SENSOR HIGH INPUT" address="2d2ed" />
  <table name="(P0107) MAP SENSOR LOW INPUT" address="2d611" />
  <table name="(P0108) MAP SENSOR HIGH INPUT" address="2d615" />
  <table name="(P0111) IAT SENSOR RANGE/PERF" address="2d5e5" />
  <table name="(P0112) IAT SENSOR LOW INPUT" address="2d5dd" />
  <table name="(P0113) IAT SENSOR HIGH INPUT" address="2d5e1" />
  <table name="(P0117) COOLANT TEMP SENSOR LOW INPUT" address="2d331" />
  <table name="(P0118) COOLANT TEMP SENSOR HIGH INPUT" address="2d335" />
  <table name="(P0121) TPS RANGE/PERF" address="2d329" />
  <table name="(P0122) TPS A LOW INPUT" address="2d31d" />
  <table name="(P0123) TPS A HIGH INPUT" address="2d321" />
  <table name="(P0125) INSUFFICIENT COOLANT TEMP (FUELING)" address="2d33d" />
  <table name="(P0128) THERMOSTAT MALFUNCTION" address="2d66d" />
  <table name="(P0130) FRONT O2 SENSOR MALFUNCTION" address="2d871" />
  <table name="(P0133) FRONT O2 SENSOR SLOW RESPONSE" address="2d529" />
  <table name="(P0134) FRONT O2 SENSOR NO ACTIVITY" address="2d869" />
  <table name="(P0137) REAR O2 SENSOR LOW VOLTAGE" address="2d5b9" />
  <table name="(P0138) REAR O2 SENSOR HIGH VOLTAGE" address="2d5d1" />
  <table name="(P0139) REAR O2 SENSOR SLOW RESPONSE" address="2d531" />
  <table name="(P0171) SYSTEM TOO LEAN" address="2d565" />
  <table name="(P0172) SYSTEM TOO RICH" address="2d569" />
  <table name="(P0181) FUEL TEMP SENSOR A RANGE/PERF" address="2d3b5" />
  <table name="(P0182) FUEL TEMP SENSOR A LOW INPUT" address="2d3ad" />
  <table name="(P0183) FUEL TEMP SENSOR A HIGH INPUT" address="2d3b1" />
  <table name="(P0230) FUEL PUMP PRIMARY CIRCUIT" address="2d845" />
  <table name="(P0244) WASTEGATE SOLENOID A RANGE/PERF" address="2d6c1" />
  <table name="(P0245) WASTEGATE SOLENOID A LOW" address="2d6b5" />
  <table name="(P0246) WASTEGATE SOLENOID A HIGH" address="2d6b9" />
  <table name="(P0249) WASTEGATE SOLENOID B LOW" address="2d6c9" />
  <table name="(P0250) WASTEGATE SOLENOID B HIGH" address="2d6cd" />
  <table name="(P0261) FUEL INJECTOR #1 CIRCUIT LOW" address="2d70d" />
  <table name="(P0264) FUEL INJECTOR #2 CIRCUIT LOW" address="2d711" />
  <table name="(P0267) FUEL INJECTOR #3 CIRCUIT LOW" address="2d715" />
  <table name="(P0270) FUEL INJECTOR #4 CIRCUIT LOW" address="2d719" />
  <table name="(P0301) MISFIRE CYLINDER 1" address="2d571" />
  <table name="(P0302) MISFIRE CYLINDER 2" address="2d575" />
  <table name="(P0303) MISFIRE CYLINDER 3" address="2d579" />
  <table name="(P0304) MISFIRE CYLINDER 4" address="2d57d" />
  <table name="(P0327) KNOCK SENSOR 1 LOW INPUT" address="2d315" />
  <table name="(P0328) KNOCK SENSOR 1 HIGH INPUT" address="2d319" />
  <table name="(P0335) CRANKSHAFT POS. SENSOR A MALFUNCTION" address="2d2c5" />
  <table name="(P0336) CRANKSHAFT POS. SENSOR A RANGE/PERF" address="2d2cd" />
  <table name="(P0340) CAMSHAFT POS. SENSOR A MALFUNCTION" address="2d2d5" />
  <table name="(P0341) CAMSHAFT POS. SENSOR A RANGE/PERF" address="2d2d1" />
  <table name="(P0350) IGNITION COIL PRIMARY/SECONDARY" address="2d369" />
  <table name="(P0365) CAMSHAFT POS. SENSOR B BANK 1" address="2d475" />
  <table name="(P0390) CAMSHAFT POS. SENSOR B BANK 2" address="2d479" />
  <table name="(P0420) CAT EFFICIENCY BELOW THRESHOLD" address="2d54d" />
  <table name="(P0442) EVAP LEAK DETECTED (SMALL)" address="2d551" />
  <table name="(P0447) EVAP VENT CONTROL CIRCUIT OPEN" address="2d4b1" />
  <table name="(P0448) EVAP VENT CONTROL CIRCUIT SHORTED" address="2d4b5" />
  <table name="(P0451) EVAP PRESSURE SENSOR RANGE/PERF" address="2d385" />
  <table name="(P0452) EVAP PRESSURE SENSOR LOW INPUT" address="2d379" />
  <table name="(P0453) EVAP PRESSURE SENSOR HIGH INPUT" address="2d37d" />
  <table name="(P0456) EVAP LEAK DETECTED (VERY SMALL)" address="2d559" />
  <table name="(P0457) EVAP LEAK DETECTED (FUEL CAP)" address="2d58d" />
  <table name="(P0458) EVAP PURGE VALVE CIRCUIT LOW" address="2d48d" />
  <table name="(P0459) EVAP PURGE VALVE CIRCUIT HIGH" address="2d491" />
  <table name="(P0461) FUEL LEVEL SENSOR RANGE/PERF" address="2d349" />
  <table name="(P0462) FUEL LEVEL SENSOR LOW INPUT" address="2d341" />
  <table name="(P0463) FUEL LEVEL SENSOR HIGH INPUT" address="2d345" />
  <table name="(P0464) FUEL LEVEL SENSOR INTERMITTENT" address="2d339" />
  <table name="(P0483) RADIATOR FAN RATIONALITY CHECK" address="2d469" />
  <table name="(P0502) VEHICLE SPEED SENSOR LOW INPUT" address="2d841" />
  <table name="(P0503) VEHICLE SPEED SENSOR INTERMITTENT" address="2d881" />
  <table name="(P0506) IDLE CONTROL RPM LOWER THAN EXPECTED" address="2d439" />
  <table name="(P0507) IDLE CONTROL RPM HIGH THAN EXPECTED" address="2d43d" />
  <table name="(P0508) IDLE CONTROL CIRCUIT LOW" address="2d42d" />
  <table name="(P0509) IDLE CONTROL CIRCUIT HIGH" address="2d431" />
  <table name="(P0512) STARTER REQUEST CIRCUIT" address="2d371" />
  <table name="(P0519) IDLE CONTROL MALFUNCTION (FAIL-SAFE)" address="2d855" />
  <table name="(P0545) EGT SENSOR CIRCUIT LOW" address="2d721" />
  <table name="(P0546) EGT SENSOR CIRCUIT HIGH" address="2d725" />
  <table name="(P0562) SYSTEM VOLTAGE LOW" address="2d6a9" />
  <table name="(P0563) SYSTEM VOLTAGE HIGH" address="2d6ad" />
  <table name="(P0565) CRUISE CONTROL SET SIGNAL" address="2d849" />
  <table name="(P0604) CONTROL MODULE RAM ERROR" address="2d2dd" />
  <table name="(P0691) RADIATOR FAN CIRCUIT LOW" address="2d459" />
  <table name="(P0692) RADIATOR FAN CIRCUIT HIGH" address="2d45d" />
  <table name="(P0703) BRAKE SWITCH INPUT MALFUNCTION" address="2d4d5" />
  <table name="(P0705) TRANSMISSION RANGE SENSOR MALFUNCTION" address="2d4cd" />
  <table name="(P0710) ATF TEMP SENSOR MALFUNCTION" address="2d4c9" />
  <table name="(P0716) TORQUE CONVERTER TURBINE SPEED RANGE/PERF" address="2d7e5" />
  <table name="(P0720) AT VEHICLE SPEED SENSOR HIGH" address="2d4bd" />
  <table name="(P0726) ENGINE SPEED INPUT RANGE/PERF" address="2d7e9" />
  <table name="(P0731) GEAR 1 INCORRECT RATIO" address="2d4f5" />
  <table name="(P0732) GEAR 2 INCORRECT RATIO" address="2d4f9" />
  <table name="(P0733) GEAR 3 INCORRECT RATIO" address="2d4fd" />
  <table name="(P0734) GEAR 4 INCORRECT RATIO" address="2d505" />
  <table name="(P0741) TORQUE CONVERTER CLUTCH MALFUNCTION" address="2d4d9" />
  <table name="(P0743) TORQUE CONVERTER CLUTCH LOCK-UP DUTY SOLENOID" address="2d4f1" />
  <table name="(P0748) PRESSURE CONTROL LINE PRESSURE DUTY SOLENOID" address="2d4ed" />
  <table name="(P0753) SHIFT SOLENOID A ELECTRICAL" address="2d4e1" />
  <table name="(P0758) SHIFT SOLENOID B ELECTRICAL" address="2d4e5" />
  <table name="(P0771) AT LOW CLUTCH TIMING SOLENOID MALFUNCTION" address="2d7e1" />
  <table name="(P0778) AT 2-4 BRAKE PRESSURE SOLENOID MALFUNCTION" address="2d641" />
  <table name="(P0785) AT 2-4 BRAKE TIMING SOLENOID MALFUNCTION" address="2d63d" />
  <table name="(P0851) NEUTRAL SWITCH INPUT LOW" address="2d3a9" />
  <table name="(P0852) NEUTRAL SWITCH INPUT HIGH" address="2d3b9" />
  <table name="(P0864) TCM COMMUNICATION RANGE/PERF" address="2d46d" />
  <table name="(P0865) TCM COMMUNICATION CIRCUIT LOW" address="2d499" />
  <table name="(P0866) TCM COMMUNICATION CIRCUIT HIGH" address="2d49d" />
  <table name="(P1134) FRONT O2 SENSOR MICROCOMPUTER" address="2d5bd" />
  <table name="(P1152) FRONT O2 SENSOR RANGE/PERF LOW B1 S1" address="2d539" />
  <table name="(P1153) FRONT O2 SENSOR RANGE/PERF HIGH B1 S1" address="2d53d" />
  <table name="(P1199) DIFFERENTIAL PRESSURE SENSOR" address="2d751" />
  <table name="(P1235) ICV SOLENOID CIRCUIT LOW" address="2d59d" />
  <table name="(P1236) ICV SOLENOID CIRCUIT HIGH" address="2d5a1" />
  <table name="(P1237) ECV SOLENOID LOW POS. PRESSURE" address="2d389" />
  <table name="(P1238) ECV SOLENOID HIGH POS. PRESSURE" address="2d38d" />
  <table name="(P1239) ECV SOLENOID LOW NEG. PRESSURE" address="2d391" />
  <table name="(P1240) ECV SOLENOID HIGH NEG. PRESSURE" address="2d395" />
  <table name="(P1241) 2 STAGE TWIN TURBO SYSTEM (SINGLE)" address="2d74d" />
  <table name="(P1242) 2 STAGE TWIN TURBO SYSTEM (TWIN)" address="2d749" />
  <table name="(P1247) RELIEF VALVE SOLENOID 1 CIRCUIT LOW" address="2d6d1" />
  <table name="(P1248) RELIEF VALVE SOLENOID 1 CIRCUIT HIGH" address="2d691" />
  <table name="(P1249) RELIEF VALVE SOLENOID 2 CIRCUIT LOW" address="2d695" />
  <table name="(P1250) RELIEF VALVE SOLENOID 2 CIRCUIT HIGH" address="2d699" />
  <table name="(P1301) MISFIRE (HIGH TEMP EXHAUST GAS)" address="2d589" />
  <table name="(P1306) OCV SOLENOID SIGNAL 1 MALFUNCTION (OPEN)" address="2d731" />
  <table name="(P1307) OCV SOLENOID SIGNAL 1 MALFUNCTION (SHORT)" address="2d739" />
  <table name="(P1308) OCV SOLENOID SIGNAL 2 MALFUNCTION (OPEN)" address="2d735" />
  <table name="(P1309) OCV SOLENOID SIGNAL 2 MALFUNCTION (SHORT)" address="2d73d" />
  <table name="(P1312) EGT SENSOR MALFUNCTION" address="2d729" />
  <table name="(P1400) FUEL TANK PRESSURE SOL. LOW" address="2d485" />
  <table name="(P1420) FUEL TANK PRESSURE SOL. HIGH INPUT" address="2d489" />
  <table name="(P1443) VENT CONTROL SOLENOID FUNCTION PROBLEM" address="2d4a1" />
  <table name="(P1446) FUEL TANK SENSOR CONTROL CIRCUIT LOW" address="2d411" />
  <table name="(P1447) FUEL TANK SENSOR CONTROL CIRCUIT HIGH" address="2d415" />
  <table name="(P1448) FUEL TANK SENSOR CONTROL RANGE/PERF" address="2d449" />
  <table name="(P1518) STARTER SWITCH LOW INPUT" address="2d36d" />
  <table name="(P1544) EGT TOO HIGH" address="2d72d" />
  <table name="(P1560) BACK-UP VOLTAGE MALFUNCTION" address="2d69d" />
  <table name="(P1700) TPS CIRCUIT MALFUNCTION (AT)" address="2d4c5" />
  <table name="(P1711) ENGINE TORQUE SIGNAL #1 MALFUNCTION" address="2d62d" />
  <table name="(P1712) ENGINE TORQUE SIGNAL #2 MALFUNCTION" address="2d631" />
  <table name="(P2004) TGV - INTAKE MANIFOLD RUNNER 1 STUCK OPEN" address="2da15" />
  <table name="(P2005) TGV - INTAKE MANIFOLD RUNNER 2 STUCK OPEN" address="2da1d" />
  <table name="(P2006) TGV - INTAKE MANIFOLD RUNNER 1 STUCK CLOSED" address="2da19" />
  <table name="(P2007) TGV - INTAKE MANIFOLD RUNNER 2 STUCK CLOSED" address="2da21" />
  <table name="(P2008) TGV - INTAKE MANIFOLD RUNNER 1 CIRCUIT OPEN" address="2da51" />
  <table name="(P2009) TGV - INTAKE MANIFOLD RUNNER 1 CIRCUIT LOW" address="2da49" />
  <table name="(P2011) TGV - INTAKE MANIFOLD RUNNER 2 CIRCUIT OPEN" address="2da55" />
  <table name="(P2012) TGV - INTAKE MANIFOLD RUNNER 2 CIRCUIT LOW" address="2da4d" />
  <table name="(P2016) TGV - INTAKE MANIFOLD RUNNER 1 POS. SENSOR LOW" address="2da39" />
  <table name="(P2017) TGV - INTAKE MANIFOLD RUNNER 1 POS. SENSOR HIGH" address="2da3d" />
  <table name="(P2021) TGV - INTAKE MANIFOLD RUNNER 2 POS. SENSOR LOW" address="2da41" />
  <table name="(P2022) TGV - INTAKE MANIFOLD RUNNER 2 POS. SENSOR HIGH" address="2da45" />
  <table name="(P2227) BARO. PRESSURE CIRCUIT RANGE/PERF" address="2da25" />
  <table name="(P2228) BARO. PRESSURE CIRCUIT LOW INPUT" address="2da31" />
  <table name="(P2229) BARO. PRESSURE CIRCUIT HIGH INPUT" address="2da2d" />
  <table name="(P2503) CHARGING SYSTEM VOLTAGE LOW" address="2d9d9" />
  <table name="(P2504) CHARGING SYSTEM VOLTAGE HIGH" address="2d9d5" />
</rom>