<rom>
  <romid>
    <xmlid>A4SD800B</xmlid>
    <internalidaddress>200</internalidaddress>
    <internalidstring>A4SD800B</internalidstring>
    <ecuid>1B04490505</ecuid>
    <year>01/02</year>
    <market>JDM</market>
    <make>Subaru</make>
    <model>Impreza</model>
    <submodel>STi</submodel>
    <transmission>MT/AT</transmission>
    <memmodel>68HC16Y5</memmodel>
    <flashmethod>wrx02</flashmethod>
  </romid>
  <include>A4SD900B</include>
  <table name="Manifold Pressure Sensor Multiplier A" address="4d70" />
  <table name="Manifold Pressure Sensor Offset A" address="4d76" />
  <table name="Manifold Pressure Sensor Multiplier B" address="4e24" />
  <table name="Manifold Pressure Sensor Offset B" address="4e2a" />
  <table name="Manifold Pressure Sensor Multiplier C" address="4eac" />
  <table name="Manifold Pressure Sensor Offset C" address="4eb2" />
  <table name="Closed Loop Base Fueling Target" address="1a5a6" />
  <table name="EGT Limit (Failsafe)" address="2cd9e">
    <table name="X" address="2cd86" elements="11" />
    <table name="Y" address="2cd6d" elements="12" />
  </table>
  <table name="Speed Limiting Disable (Fuel Cut)" address="bc06" />
  <scaling name="TGVCELFix(P1086,P1087,P1088,P1089)" storagetype="bloblist">
    <data name="enabled" value="274C274C" />
    <data name="disabled" value="FA015E9E" />
  </scaling>
  <table name="TGV CEL Fix (P1086, P1087, P1088, P1089)" address="bd8" scaling="TGVCELFix(P1086,P1087,P1088,P1089)" />
  <scaling name="TGVCELFix(P1090,P1091,P1092,P1093)" storagetype="bloblist">
    <data name="enabled" value="274C274C274C274C" />
    <data name="disabled" value="FA015D66FA015E02" />
  </scaling>
  <table name="TGV CEL Fix (P1090, P1091, P1092, P1093)" address="dc0" scaling="TGVCELFix(P1090,P1091,P1092,P1093)" />
  <scaling name="TGVCELFix(P1094,P1095,P1096,P1097)" storagetype="bloblist">
    <data name="enabled" value="274C274C" />
    <data name="disabled" value="FA01971E" />
  </scaling>
  <table name="TGV CEL Fix (P1094, P1095, P1096, P1097)" address="b84" scaling="TGVCELFix(P1094,P1095,P1096,P1097)" />
</rom>