<rom>
  <romid>
    <xmlid>A4TE002B</xmlid>
    <internalidaddress>200</internalidaddress>
    <internalidstring>A4TE002B</internalidstring>
    <ecuid>2E04496005</ecuid>
    <year>03</year>
    <market>JDM</market>
    <make>Subaru</make>
    <model>Impreza</model>
    <submodel>STi</submodel>
    <transmission>MT/AT</transmission>
    <memmodel>68HC16Y5</memmodel>
    <flashmethod>wrx02</flashmethod>
  </romid>
  <include>16BITBASE</include>
  <table name="Target Boost (MT)_" address="2aa37">
    <table name="X" address="2aa2d" />
    <table name="Y" address="2aa18" elements="10" />
  </table>
  <table name="Target Boost (AT)_" address="2a9c8">
    <table name="X" address="2a9be" />
    <table name="Y" address="2a9a9" elements="10" />
  </table>
  <table name="Target Boost Compensation (ECT)" address="2aa8b" />
  <table name="Target Boost Compensation (Atm. Pressure) Multiplier" address="2ac2e" />
  <table name="Target Boost Compensation (Atm. Pressure) Multiplier Offset" address="2ac2c" />
  <table name="Target Boost Compensation (Per Gear)(MT)" address="2aaa3" />
  <table name="Target Boost Compensation (Per Gear)(AT)" address="2aa9e" />
  <table name="Per Gear Compensation (Maximum Speed)" address="2aa9b" />
  <table name="Boost Limit (Fuel Cut)" address="29159" />
  <table name="Boost Control Disable (IAM)" address="2ac22" />
  <table name="Boost Control Disable (Fine Correction)" address="2ac20" />
  <table name="Boost Control Disable Delay (Fine Correction)" address="2ac21" />
  <table name="Initial Wastegate Duty" address="2aac8">
    <table name="X" address="2aabe" />
    <table name="Y" address="2aaad" />
  </table>
  <table name="Max Wastegate Duty_" address="2ab63">
    <table name="X" address="2ab59" />
    <table name="Y" address="2ab48" />
  </table>
  <table name="Initial/Max Wastegate Duty Compensation (IAT)" address="2abf3" />
  <table name="Initial/Max Wastegate Duty Compensation (ECT)" address="2ac07" />
  <table name="Initial/Max Wastegate Duty Compensation (Atm. Pressure)" address="2abe9" />
  <table name="Initial/Max Wastegate Duty Compensation (Per Gear)(MT)" address="2aaa8" />
  <table name="Turbo Dynamics Proportional" address="2ac44">
    <table name="Y" address="2ac30" />
  </table>
  <table name="Turbo Dynamics Integral Positive" address="2ac90">
    <table name="Y" address="2ac7c" />
  </table>
  <table name="Turbo Dynamics Integral Negative" address="2ac6a">
    <table name="Y" address="2ac56" />
  </table>
  <table name="TD Activation Thresholds (RPM)" address="2ac1c" />
  <table name="TD Activation Thresholds (Target Boost)" address="2ac24" />
  <table name="TD Integral Cumulative Range (WGDC Correction)" address="2ac28" />
  <table name="TD Integral Activation (Boost Error)" address="2ac18" />
  <table name="Manifold Pressure Sensor Multiplier A" address="4b3a" />
  <table name="Manifold Pressure Sensor Offset A" address="4b40" />
  <table name="Manifold Pressure Sensor Multiplier B" address="4be6" />
  <table name="Manifold Pressure Sensor Offset B" address="4bec" />
  <table name="Manifold Pressure Sensor Multiplier C" address="4c66" />
  <table name="Manifold Pressure Sensor Offset C" address="4c6c" />
  <table name="Manifold Pressure Sensor High Input (CEL)" address="2b025" />
  <table name="Manifold Pressure Sensor CEL Delay (High Input)" address="2b027" />
  <table name="Manifold Pressure Sensor Low Input (CEL)" address="2b028" />
  <table name="Manifold Pressure Sensor CEL Delay (Low Input)" address="2b02a" />
  <table name="Primary Open Loop Fueling" address="28d85">
    <table name="X" address="28d63" elements="16" />
    <table name="Y" address="28d3e" elements="18" />
  </table>
  <table name="Primary Open Loop Fueling (Failsafe)" address="28eec">
    <table name="X" address="28eca" elements="16" />
    <table name="Y" address="28ea5" />
  </table>
  <table name="Primary Open Loop Fuel Map Switch (IAM)" address="28d3c" />
  <table name="Minimum Active Primary Open Loop Enrichment" address="28ce2" />
  <table name="Minimum Primary Open Loop Enrichment (Throttle)" address="28d36" />
  <table name="Minimum Primary Fueling CL to OL Intermediate Enrich" address="28ce6" />
  <table name="Maximum Primary Fueling CL to OL Intermediate Steps" address="28cec" />
  <table name="Front Oxygen Sensor Scaling" address="28372">
    <table name="Y" address="28356" />
  </table>
  <table name="Front Oxygen Sensor Compensation (Atm. Pressure)" address="2833f">
    <table name="Y" address="28335" />
  </table>
  <table name="Closed Loop Base Fueling Target" address="194ac" />
  <table name="Closed Loop Fueling Target Limits" address="28ac3" />
  <table name="CL Fueling Target Compensation (Load)" address="28b98">
    <table name="X" address="28b8c" elements="5" />
    <table name="Y" address="28b7b" elements="8" />
  </table>
  <table name="CL Fueling Target Compensation A (ECT)(MT)" address="28afb" />
  <table name="CL Fueling Target Compensation B (ECT)(MT)" address="28b47" />
  <table name="CL Fueling Target Compensation A (ECT)(AT)" address="28ad5" />
  <table name="CL Fueling Target Compensation B (ECT)(AT)" address="28b21" />
  <table name="CL Fueling Target Compensation (ECT) Disable" address="28ace" />
  <table name="CL to OL Delay" address="28d00">
    <table name="Y" elements="1" />
  </table>
  <table name="CL to OL Transition with Delay (Throttle)" address="28d0c" />
  <table name="CL to OL Transition with Delay Throttle Hysteresis" address="28cee" />
  <table name="CL to OL Transition with Delay (Base Pulse Width)" address="28d22" />
  <table name="CL to OL Transition with Delay BPW Hysteresis_" address="28cef" />
  <table name="CL Delay Maximum (Throttle) (MT)_" address="28cfb" />
  <table name="CL Delay Maximum Engine Speed" address="28cf3" />
  <table name="CL Delay Maximum (Vehicle Speed)" address="28cfc" />
  <table name="CL Delay Minimum (ECT)" address="28cf1" />
  <table name="CL Delay Throttle Atm. Pressure Thresholds" address="28d02" />
  <table name="CL Delay Maximum (Throttle) (Low Atm. Pressure)(AT)" address="28cf9" />
  <table name="CL Delay Maximum (Throttle) (High Atm. Pressure)(AT)" address="28cf7" />
  <table name="Injector Latency" address="28673" />
  <table name="Injector Flow Scaling" address="2866b" />
  <table name="Per Injector Primary Fuel Offset Compensation A_" address="29032" />
  <table name="Per Injector Primary Fuel Offset Compensation B_" address="29034" />
  <table name="Per Injector Primary Fuel Offset Compensation C_" address="29036" />
  <table name="Per Injector Primary Fuel Offset Compensation D_" address="29038" />
  <table name="Per Injector Compensation Activation (RPM)" address="2902e" />
  <table name="Cranking Fuel Injector Pulse Width A (ECT)" address="2856b" />
  <table name="Cranking Fuel Injector Pulse Width B (ECT)" address="28591">
    <table name="Y" elements="13" />
  </table>
  <table name="Cranking Fuel Injector Pulse Width C (ECT)" address="285b1" />
  <table name="Cranking Fuel Injector Pulse Width D (ECT)" address="285d7">
    <table name="Y" elements="13" />
  </table>
  <table name="Cranking Fuel IPW Compensation (MAP)" address="284f5" />
  <table name="Cranking Fuel IPW Compensation (Throttle)" address="28503" />
  <table name="Cranking Fuel IPW Compensation (RPM)(MT)" address="28542" />
  <table name="Cranking Fuel IPW Compensation (RPM)(AT)" address="28514" />
  <table name="Throttle Tip-in Enrichment" address="2905a">
    <table name="Y" address="29046" />
  </table>
  <table name="Minimum Tip-in Enrichment Activation" address="29040" />
  <table name="Minimum Tip-in Enrichment Activation (Throttle)" address="2903e" />
  <table name="Tip-in Enrichment Compensation (Positive Boost Error)" address="2907f" />
  <table name="Tip-in Enrichment Compensation (ECT)" address="2908c" />
  <table name="Tip-in Enrichment Compensation (RPM)" address="29070" />
  <table name="Tip-in Enrichment Disable Applied Counter Threshold" address="2903f" />
  <table name="Tip-in Enrichment Applied Counter Reset" address="29044" />
  <table name="Tip-in Enrichment Disable Throttle Cumulative Threshold" address="29042" />
  <table name="Tip-in Throttle Cumulative Reset" address="29045" />
  <table name="Min Primary Base Enrichment 1" address="287d6" />
  <table name="Min Primary Base Enrich 2 Initial Start 1A" address="28702" />
  <table name="Min Primary Base Enrich 2 Initial Start 1B" address="28748" />
  <table name="Min Primary Base Enrich 2 Initial Start 2A" address="28728">
    <table name="Y" elements="13" />
  </table>
  <table name="Min Primary Base Enrich 2 Initial Start 2B" address="2876e">
    <table name="Y" elements="13" />
  </table>
  <table name="Min Primary Base Enrich 2 Decay Step 1" address="28790" />
  <table name="Min Primary Base Enrich 2 Decay Step 2" address="287b6">
    <table name="Y" elements="13" />
  </table>
  <table name="Min Primary Base Enrich 3 Initial Start 1A" address="2869a">
    <table name="Y" elements="13" />
  </table>
  <table name="Min Primary Base Enrich 3 Initial Start 1B" address="286c3">
    <table name="Y" elements="13" />
  </table>
  <table name="Min Primary Base Enrich 3 Initial Start 2A" address="28684" />
  <table name="Min Primary Base Enrich 3 Initial Start 2B" address="286ad" />
  <table name="Min Primary Base Enrich 3 Decay Delay 1" address="286ef">
    <table name="Y" elements="13" />
  </table>
  <table name="Min Primary Base Enrich 3 Decay Delay 2" address="286d9" />
  <table name="Min Primary Base Enrich 3 Decay Multiplier" address="286d2" />
  <table name="A/F Learning #1 Limits" address="28c11" />
  <table name="A/F Learning #1 Airflow Ranges" address="28c17" />
  <table name="MAF Sensor Scaling" address="2808a">
    <table name="Y" address="28028" />
  </table>
  <table name="MAF Sensor Limit (CEL)" address="2b083" />
  <table name="MAF Compensation (IAT)" address="28213">
    <table name="X" address="2820c" />
    <table name="Y" address="28203" />
  </table>
  <table name="Engine Load Compensation (MP)" address="2817f">
    <table name="X" address="28167" />
    <table name="Y" address="2814e" />
  </table>
  <table name="Base Timing" address="2931d">
    <table name="X" address="292fb" />
    <table name="Y" address="292d6" elements="18" />
  </table>
  <table name="Base Timing Idle (Neutral)" address="292cd" />
  <table name="Base Timing Idle (In-Gear)(Above Speed Threshold)" address="292af" />
  <table name="Base Timing Idle (In-Gear)(Below Speed Threshold)" address="292be" />
  <table name="Base Timing Idle Vehicle Speed Threshold" address="2928a" />
  <table name="Knock Correction Advance Max" address="29857">
    <table name="X" address="29835" elements="16" />
    <table name="Y" address="29810" elements="18" />
  </table>
  <table name="Timing Compensation (IAT)" address="29470" />
  <table name="Timing Comp Min Load (IAT)" address="29480" />
  <table name="Timing Compensation (ECT)" address="2945a" />
  <table name="Timing Compensation Idle (ECT)" address="29444" />
  <table name="Timing Compensation Per Cylinder A (RPM)_" address="29a7a" />
  <table name="Timing Compensation Per Cylinder B (RPM)_" address="29a8e" />
  <table name="Timing Compensation Per Cylinder C (RPM)" address="29aa2" />
  <table name="Timing Compensation Per Cylinder D (RPM)" address="29aaa" />
  <table name="Timing Comp Minimum Load (Per Cylinder)" address="29a70" />
  <table name="Timing Comp Maximum RPM (Per Cylinder)" address="29a6e" />
  <table name="Timing Comp Minimum Coolant Temp (Per Cylinder)" address="29a72" />
  <table name="Feedback Correction Range (RPM)" address="299b2" />
  <table name="Feedback Correction Minimum Load" address="299ba" />
  <table name="Feedback Correction Retard Value" address="299a5" />
  <table name="Feedback Correction Retard Limit" address="299a4" />
  <table name="Feedback Correction Negative Advance Value" address="299a6" />
  <table name="Feedback Correction Negative Advance Delay" address="299a0" />
  <table name="Fine Correction Range (RPM)" address="299e5" />
  <table name="Fine Correction Range (Load)" address="299ed" />
  <table name="Fine Correction Rows (RPM)" address="299cf" />
  <table name="Fine Correction Columns (Load)" address="299bf" />
  <table name="Fine Correction Retard Value_" address="299e4" />
  <table name="Fine Correction Retard Limit" address="299e2" />
  <table name="Fine Correction Advance Value" address="299e3" />
  <table name="Fine Correction Advance Limit" address="299e1" />
  <table name="Fine Correction Advance Delay" address="299df" />
  <table name="Rough Correction Range (RPM)" address="29978" />
  <table name="Rough Correction Range (Load)" address="29980" />
  <table name="Rough Correction Minimum KC Advance Map Value" address="29988" />
  <table name="Rough Correction Learning Delay (Increasing)" address="29990" />
  <table name="Advance Multiplier (Initial)" address="29977" />
  <table name="Advance Multiplier Step Value" address="29989" />
  <table name="Intake Cam Advance Angle (AVCS)" address="2a685">
    <table name="X" address="2a667" />
    <table name="Y" address="2a63e" elements="20" />
  </table>
  <table name="Rev Limit (Fuel Cut)" address="29128" />
  <table name="Speed Limiting (Fuel Cut)" address="29149" />
  <table name="Speed Limiting Disable (Fuel Cut)" address="ae12" />
  <table name="Intake Temp Sensor Scaling" address="2b47c" />
  <table name="Coolant Temp Sensor Scaling" address="2b43e" />
  <table name="Radiator Fan Modes (ECT)" address="2a580" />
  <table name="Radiator Fan Modes (Veh. Speed)" address="2a584" />
  <table name="Radiator Fan Switching Determination (Modes)" address="2a560" />
  <table name="Gear Determination Thresholds (MT)" address="2842f" />
  <table name="Intercooler Autowash Threshold (MRP)" address="2a99b" />
  <table name="Intercooler Autowash Threshold (ECT)" address="2a993" />
  <table name="Intercooler Autowash Threshold (Engine Speed)" address="2a997" />
  <table name="Intercooler Autowash Threshold (Veh. Speed)" address="2a99f" />
  <table name="Intercooler Autowash Threshold (Intake Air Temp)" address="2a9a1" />
  <table name="Idle Speed Target A (MT)" address="29c88" />
  <table name="Idle Speed Target B (MT)" address="29cae" />
  <table name="Idle Speed Target A (AT)" address="29cd4" />
  <table name="Idle Speed Target B (AT)" address="29cfa" />
  <table name="Min Idle Speed A/C (MT)" address="29d1c" />
  <table name="Min Idle Speed A/C (AT)" address="29d1e" />
  <table name="Min Idle Speed Startup (MT)" address="29f0f" />
  <table name="Min Idle Speed Startup (AT)" address="29f05" />
  <table name="Min Idle Speed High Electrical Load (MT)" address="29f0d" />
  <table name="Min Idle Speed High Electrical Load (AT)" address="29f01" />
  <table name="Force Pass Readiness Monitors" address="134b6" />
  <scaling name="TGVCELFix(P1086,P1087,P1088,P1089)" storagetype="bloblist">
    <data name="enabled" value="274C274C" />
    <data name="disabled" value="FA01635E" />
  </scaling>
  <table name="TGV CEL Fix (P1086, P1087, P1088, P1089)" address="b7e" scaling="TGVCELFix(P1086,P1087,P1088,P1089)" />
  <scaling name="TGVCELFix(P1090,P1091,P1092,P1093)" storagetype="bloblist">
    <data name="enabled" value="274C274C274C274C" />
    <data name="disabled" value="FA016226FA0162C2" />
  </scaling>
  <table name="TGV CEL Fix (P1090, P1091, P1092, P1093)" address="d18" scaling="TGVCELFix(P1090,P1091,P1092,P1093)" />
  <scaling name="TGVCELFix(P1094,P1095,P1096,P1097)" storagetype="bloblist">
    <data name="enabled" value="274C274C" />
    <data name="disabled" value="FA01866C" />
  </scaling>
  <table name="TGV CEL Fix (P1094, P1095, P1096, P1097)" address="b6a" scaling="TGVCELFix(P1094,P1095,P1096,P1097)" />
  <table name="(P0011) CAMSHAFT POS. - TIMING OVER-ADVANCED 1" address="2e43d" />
  <table name="(P0021) CAMSHAFT POS. - TIMING OVER-ADVANCED 2" address="2e441" />
  <table name="(P0030) FRONT O2 SENSOR RANGE/PERF" address="2e839" />
  <table name="(P0031) FRONT O2 SENSOR LOW INPUT" address="2e5b9" />
  <table name="(P0032) FRONT O2 SENSOR HIGH INPUT" address="2e5b1" />
  <table name="(P0034) TURBO BYPASS VALVE CIRCUIT LOW" address="2e56d" />
  <table name="(P0035) TURBO BYPASS VALVE CIRCUIT HIGH" address="2e571" />
  <scaling name="(P0037)REARO2SENSORLOWINPUT" storagetype="bloblist">
    <data name="enabled" value="040037" />
    <data name="disabled" value="050000" />
  </scaling>
  <table name="(P0037) REAR O2 SENSOR LOW INPUT" address="2e5b5" scaling="(P0037)REARO2SENSORLOWINPUT" />
  <scaling name="(P0038)REARO2SENSORHIGHINPUT" storagetype="bloblist">
    <data name="enabled" value="040038" />
    <data name="disabled" value="050000" />
  </scaling>
  <table name="(P0038) REAR O2 SENSOR HIGH INPUT" address="2e5ad" scaling="(P0038)REARO2SENSORHIGHINPUT" />
  <table name="(P0068) MAP SENSOR RANGE/PERF" address="2e80d" />
  <table name="(P0101) MAF SENSOR RANGE/PERF" address="2e81d" />
  <table name="(P0102) MAF SENSOR LOW INPUT" address="2e2a9" />
  <table name="(P0103) MAF SENSOR HIGH INPUT" address="2e2ad" />
  <table name="(P0107) MAP SENSOR LOW INPUT" address="2e5d1" />
  <table name="(P0108) MAP SENSOR HIGH INPUT" address="2e5d5" />
  <table name="(P0111) IAT SENSOR RANGE/PERF" address="2e5a5" />
  <table name="(P0112) IAT SENSOR LOW INPUT" address="2e59d" />
  <table name="(P0113) IAT SENSOR HIGH INPUT" address="2e5a1" />
  <table name="(P0117) COOLANT TEMP SENSOR LOW INPUT" address="2e2f1" />
  <table name="(P0118) COOLANT TEMP SENSOR HIGH INPUT" address="2e2f5" />
  <table name="(P0121) TPS RANGE/PERF" address="2e2e9" />
  <table name="(P0122) TPS A LOW INPUT" address="2e2dd" />
  <table name="(P0123) TPS A HIGH INPUT" address="2e2e1" />
  <table name="(P0125) INSUFFICIENT COOLANT TEMP (FUELING)" address="2e2fd" />
  <table name="(P0128) THERMOSTAT MALFUNCTION" address="2e62d" />
  <table name="(P0129) ATMOS. PRESSURE SENSOR RANGE/PERF" address="2e811" />
  <table name="(P0130) FRONT O2 SENSOR MALFUNCTION" address="2e831" />
  <table name="(P0133) FRONT O2 SENSOR SLOW RESPONSE" address="2e4e9" />
  <table name="(P0134) FRONT O2 SENSOR NO ACTIVITY" address="2e829" />
  <scaling name="(P0137)REARO2SENSORLOWVOLTAGE" storagetype="bloblist">
    <data name="enabled" value="040137" />
    <data name="disabled" value="050000" />
  </scaling>
  <table name="(P0137) REAR O2 SENSOR LOW VOLTAGE" address="2e579" scaling="(P0137)REARO2SENSORLOWVOLTAGE" />
  <scaling name="(P0138)REARO2SENSORHIGHVOLTAGE" storagetype="bloblist">
    <data name="enabled" value="040138" />
    <data name="disabled" value="050000" />
  </scaling>
  <table name="(P0138) REAR O2 SENSOR HIGH VOLTAGE" address="2e591" scaling="(P0138)REARO2SENSORHIGHVOLTAGE" />
  <table name="(P0139) REAR O2 SENSOR SLOW RESPONSE" address="2e4f1" />
  <table name="(P0171) SYSTEM TOO LEAN" address="2e525" />
  <table name="(P0172) SYSTEM TOO RICH" address="2e529" />
  <table name="(P0181) FUEL TEMP SENSOR A RANGE/PERF" address="2e375" />
  <table name="(P0182) FUEL TEMP SENSOR A LOW INPUT" address="2e36d" />
  <table name="(P0183) FUEL TEMP SENSOR A HIGH INPUT" address="2e371" />
  <table name="(P0230) FUEL PUMP PRIMARY CIRCUIT" address="2e805" />
  <table name="(P0244) WASTEGATE SOLENOID A RANGE/PERF" address="2e681" />
  <table name="(P0245) WASTEGATE SOLENOID A LOW" address="2e675" />
  <table name="(P0246) WASTEGATE SOLENOID A HIGH" address="2e679" />
  <table name="(P0249) WASTEGATE SOLENOID B LOW" address="2e689" />
  <table name="(P0250) WASTEGATE SOLENOID B HIGH" address="2e68d" />
  <table name="(P0261) FUEL INJECTOR #1 CIRCUIT LOW" address="2e6cd" />
  <table name="(P0264) FUEL INJECTOR #2 CIRCUIT LOW" address="2e6d1" />
  <table name="(P0267) FUEL INJECTOR #3 CIRCUIT LOW" address="2e6d5" />
  <table name="(P0270) FUEL INJECTOR #4 CIRCUIT LOW" address="2e6d9" />
  <table name="(P0301) MISFIRE CYLINDER 1" address="2e531" />
  <table name="(P0302) MISFIRE CYLINDER 2" address="2e535" />
  <table name="(P0303) MISFIRE CYLINDER 3" address="2e539" />
  <table name="(P0304) MISFIRE CYLINDER 4" address="2e53d" />
  <table name="(P0327) KNOCK SENSOR 1 LOW INPUT" address="2e2d5" />
  <table name="(P0328) KNOCK SENSOR 1 HIGH INPUT" address="2e2d9" />
  <table name="(P0335) CRANKSHAFT POS. SENSOR A MALFUNCTION" address="2e285" />
  <table name="(P0336) CRANKSHAFT POS. SENSOR A RANGE/PERF" address="2e28d" />
  <table name="(P0340) CAMSHAFT POS. SENSOR A MALFUNCTION" address="2e295" />
  <table name="(P0341) CAMSHAFT POS. SENSOR A RANGE/PERF" address="2e291" />
  <table name="(P0350) IGNITION COIL PRIMARY/SECONDARY" address="2e329" />
  <table name="(P0365) CAMSHAFT POS. SENSOR B BANK 1" address="2e435" />
  <table name="(P0390) CAMSHAFT POS. SENSOR B BANK 2" address="2e439" />
  <table name="(P0420) CAT EFFICIENCY BELOW THRESHOLD" address="2e50d" />
  <table name="(P0442) EVAP LEAK DETECTED (SMALL)" address="2e511" />
  <table name="(P0447) EVAP VENT CONTROL CIRCUIT OPEN" address="2e471" />
  <table name="(P0448) EVAP VENT CONTROL CIRCUIT SHORTED" address="2e475" />
  <table name="(P0451) EVAP PRESSURE SENSOR RANGE/PERF" address="2e345" />
  <table name="(P0452) EVAP PRESSURE SENSOR LOW INPUT" address="2e339" />
  <table name="(P0453) EVAP PRESSURE SENSOR HIGH INPUT" address="2e33d" />
  <table name="(P0456) EVAP LEAK DETECTED (VERY SMALL)" address="2e519" />
  <table name="(P0457) EVAP LEAK DETECTED (FUEL CAP)" address="2e54d" />
  <scaling name="(P0458)EVAPPURGEVALVECIRCUITLOW" storagetype="bloblist">
    <data name="enabled" value="040458" />
    <data name="disabled" value="050000" />
  </scaling>
  <table name="(P0458) EVAP PURGE VALVE CIRCUIT LOW" address="2e44d" scaling="(P0458)EVAPPURGEVALVECIRCUITLOW" />
  <scaling name="(P0459)EVAPPURGEVALVECIRCUITHIGH" storagetype="bloblist">
    <data name="enabled" value="040459" />
    <data name="disabled" value="050000" />
  </scaling>
  <table name="(P0459) EVAP PURGE VALVE CIRCUIT HIGH" address="2e451" scaling="(P0459)EVAPPURGEVALVECIRCUITHIGH" />
  <table name="(P0461) FUEL LEVEL SENSOR RANGE/PERF" address="2e309" />
  <table name="(P0462) FUEL LEVEL SENSOR LOW INPUT" address="2e301" />
  <table name="(P0463) FUEL LEVEL SENSOR HIGH INPUT" address="2e305" />
  <table name="(P0464) FUEL LEVEL SENSOR INTERMITTENT" address="2e2f9" />
  <table name="(P0483) RADIATOR FAN RATIONALITY CHECK" address="2e429" />
  <table name="(P0502) VEHICLE SPEED SENSOR LOW INPUT" address="2e801" />
  <table name="(P0503) VEHICLE SPEED SENSOR INTERMITTENT" address="2e841" />
  <table name="(P0506) IDLE CONTROL RPM LOWER THAN EXPECTED" address="2e3f9" />
  <table name="(P0507) IDLE CONTROL RPM HIGH THAN EXPECTED" address="2e3fd" />
  <table name="(P0508) IDLE CONTROL CIRCUIT LOW" address="2e3ed" />
  <table name="(P0509) IDLE CONTROL CIRCUIT HIGH" address="2e3f1" />
  <scaling name="(P0512)STARTERREQUESTCIRCUIT" storagetype="bloblist">
    <data name="enabled" value="040512" />
    <data name="disabled" value="050000" />
  </scaling>
  <table name="(P0512) STARTER REQUEST CIRCUIT" address="2e331" scaling="(P0512)STARTERREQUESTCIRCUIT" />
  <table name="(P0519) IDLE CONTROL MALFUNCTION (FAIL-SAFE)" address="2e815" />
  <table name="(P0545) EGT SENSOR CIRCUIT LOW" address="2e6e1" />
  <table name="(P0546) EGT SENSOR CIRCUIT HIGH" address="2e6e5" />
  <table name="(P0558) ALTERNATOR CIRCUIT LOW" address="2e7f5" />
  <table name="(P0559) ALTERNATOR CIRCUIT HIGH" address="2e7f9" />
  <table name="(P0562) SYSTEM VOLTAGE LOW" address="2e669" />
  <table name="(P0563) SYSTEM VOLTAGE HIGH" address="2e66d" />
  <table name="(P0565) CRUISE CONTROL SET SIGNAL" address="2e809" />
  <table name="(P0604) CONTROL MODULE RAM ERROR" address="2e29d" />
  <table name="(P0691) RADIATOR FAN CIRCUIT LOW" address="2e419" />
  <table name="(P0692) RADIATOR FAN CIRCUIT HIGH" address="2e41d" />
  <table name="(P0703) BRAKE SWITCH INPUT MALFUNCTION" address="2e495" />
  <table name="(P0705) TRANSMISSION RANGE SENSOR MALFUNCTION" address="2e48d" />
  <table name="(P0710) ATF TEMP SENSOR MALFUNCTION" address="2e489" />
  <table name="(P0716) TORQUE CONVERTER TURBINE SPEED RANGE/PERF" address="2e7a5" />
  <table name="(P0720) AT VEHICLE SPEED SENSOR HIGH" address="2e47d" />
  <table name="(P0726) ENGINE SPEED INPUT RANGE/PERF" address="2e7a9" />
  <table name="(P0731) GEAR 1 INCORRECT RATIO" address="2e4b5" />
  <table name="(P0732) GEAR 2 INCORRECT RATIO" address="2e4b9" />
  <table name="(P0733) GEAR 3 INCORRECT RATIO" address="2e4bd" />
  <table name="(P0734) GEAR 4 INCORRECT RATIO" address="2e4c5" />
  <table name="(P0741) TORQUE CONVERTER CLUTCH MALFUNCTION" address="2e499" />
  <table name="(P0743) TORQUE CONVERTER CLUTCH LOCK-UP DUTY SOLENOID" address="2e4b1" />
  <table name="(P0748) PRESSURE CONTROL LINE PRESSURE DUTY SOLENOID" address="2e4ad" />
  <table name="(P0753) SHIFT SOLENOID A ELECTRICAL" address="2e4a1" />
  <table name="(P0758) SHIFT SOLENOID B ELECTRICAL" address="2e4a5" />
  <table name="(P0771) AT LOW CLUTCH TIMING SOLENOID MALFUNCTION" address="2e7a1" />
  <table name="(P0778) AT 2-4 BRAKE PRESSURE SOLENOID MALFUNCTION" address="2e601" />
  <table name="(P0785) AT 2-4 BRAKE TIMING SOLENOID MALFUNCTION" address="2e5fd" />
  <scaling name="(P0851)NEUTRALSWITCHINPUTLOW" storagetype="bloblist">
    <data name="enabled" value="040851" />
    <data name="disabled" value="050000" />
  </scaling>
  <table name="(P0851) NEUTRAL SWITCH INPUT LOW" address="2e369" scaling="(P0851)NEUTRALSWITCHINPUTLOW" />
  <scaling name="(P0852)NEUTRALSWITCHINPUTHIGH" storagetype="bloblist">
    <data name="enabled" value="040852" />
    <data name="disabled" value="050000" />
  </scaling>
  <table name="(P0852) NEUTRAL SWITCH INPUT HIGH" address="2e379" scaling="(P0852)NEUTRALSWITCHINPUTHIGH" />
  <table name="(P0864) TCM COMMUNICATION RANGE/PERF" address="2e42d" />
  <table name="(P0865) TCM COMMUNICATION CIRCUIT LOW" address="2e459" />
  <table name="(P0866) TCM COMMUNICATION CIRCUIT HIGH" address="2e45d" />
  <table name="(P1086) TGV POS. 2 CIRCUIT LOW" address="2e715" />
  <table name="(P1087) TGV POS. 2 CIRCUIT HIGH" address="2e719" />
  <table name="(P1088) TGV POS. 1 CIRCUIT LOW" address="2e71d" />
  <table name="(P1089) TGV POS. 1 CIRCUIT HIGH" address="2e721" />
  <table name="(P1090) TGV SYSTEM 1 (VALVE OPEN)" address="2e3d9" />
  <table name="(P1091) TGV SYSTEM 1 (VALVE CLOSE)" address="2e3dd" />
  <table name="(P1092) TGV SYSTEM 2 (VALVE OPEN)" address="2e3e1" />
  <table name="(P1093) TGV SYSTEM 2 (VALVE CLOSE)" address="2e3e5" />
  <table name="(P1094) TGV SIGNAL 1 (OPEN)" address="2e6c5" />
  <table name="(P1095) TGV SIGNAL 1 (SHORT)" address="2e6bd" />
  <table name="(P1096) TGV SIGNAL 2 (OPEN)" address="2e6c9" />
  <table name="(P1097) TGV SIGNAL 2 (SHORT)" address="2e6c1" />
  <table name="(P1110) ATMOS. PRESSURE SENSOR LOW INPUT" address="2e5c1" />
  <table name="(P1111) ATMOS. PRESSURE SENSOR HIGH INPUT" address="2e5c5" />
  <table name="(P1134) FRONT O2 SENSOR MICROCOMPUTER" address="2e57d" />
  <table name="(P1152) FRONT O2 SENSOR RANGE/PERF LOW B1 S1" address="2e4f9" />
  <table name="(P1153) FRONT O2 SENSOR RANGE/PERF HIGH B1 S1" address="2e4fd" />
  <table name="(P1199) DIFFERENTIAL PRESSURE SENSOR" address="2e711" />
  <table name="(P1235) ICV SOLENOID CIRCUIT LOW" address="2e55d" />
  <table name="(P1236) ICV SOLENOID CIRCUIT HIGH" address="2e561" />
  <table name="(P1237) ECV SOLENOID LOW POS. PRESSURE" address="2e349" />
  <table name="(P1238) ECV SOLENOID HIGH POS. PRESSURE" address="2e34d" />
  <table name="(P1239) ECV SOLENOID LOW NEG. PRESSURE" address="2e351" />
  <table name="(P1240) ECV SOLENOID HIGH NEG. PRESSURE" address="2e355" />
  <table name="(P1241) 2 STAGE TWIN TURBO SYSTEM (SINGLE)" address="2e70d" />
  <table name="(P1242) 2 STAGE TWIN TURBO SYSTEM (TWIN)" address="2e709" />
  <table name="(P1247) RELIEF VALVE SOLENOID 1 CIRCUIT LOW" address="2e691" />
  <table name="(P1248) RELIEF VALVE SOLENOID 1 CIRCUIT HIGH" address="2e651" />
  <table name="(P1249) RELIEF VALVE SOLENOID 2 CIRCUIT LOW" address="2e655" />
  <table name="(P1250) RELIEF VALVE SOLENOID 2 CIRCUIT HIGH" address="2e659" />
  <table name="(P1301) MISFIRE (HIGH TEMP EXHAUST GAS)" address="2e549" />
  <table name="(P1306) OCV SOLENOID SIGNAL 1 MALFUNCTION (OPEN)" address="2e6f1" />
  <table name="(P1307) OCV SOLENOID SIGNAL 1 MALFUNCTION (SHORT)" address="2e6f9" />
  <table name="(P1308) OCV SOLENOID SIGNAL 2 MALFUNCTION (OPEN)" address="2e6f5" />
  <table name="(P1309) OCV SOLENOID SIGNAL 2 MALFUNCTION (SHORT)" address="2e6fd" />
  <table name="(P1312) EGT SENSOR MALFUNCTION" address="2e6e9" />
  <table name="(P1400) FUEL TANK PRESSURE SOL. LOW" address="2e445" />
  <table name="(P1420) FUEL TANK PRESSURE SOL. HIGH INPUT" address="2e449" />
  <table name="(P1443) VENT CONTROL SOLENOID FUNCTION PROBLEM" address="2e461" />
  <table name="(P1446) FUEL TANK SENSOR CONTROL CIRCUIT LOW" address="2e3d1" />
  <table name="(P1447) FUEL TANK SENSOR CONTROL CIRCUIT HIGH" address="2e3d5" />
  <table name="(P1448) FUEL TANK SENSOR CONTROL RANGE/PERF" address="2e409" />
  <table name="(P1491) PCV (BLOWBY) FUNCTION PROBLEM" address="2e631" />
  <scaling name="(P1518)STARTERSWITCHLOWINPUT" storagetype="bloblist">
    <data name="enabled" value="041518" />
    <data name="disabled" value="050000" />
  </scaling>
  <table name="(P1518) STARTER SWITCH LOW INPUT" address="2e32d" scaling="(P1518)STARTERSWITCHLOWINPUT" />
  <table name="(P1544) EGT TOO HIGH" address="2e6ed" />
  <table name="(P1560) BACK-UP VOLTAGE MALFUNCTION" address="2e65d" />
  <table name="(P1700) TPS CIRCUIT MALFUNCTION (AT)" address="2e485" />
  <table name="(P1711) ENGINE TORQUE SIGNAL #1 MALFUNCTION" address="2e5ed" />
  <table name="(P1712) ENGINE TORQUE SIGNAL #2 MALFUNCTION" address="2e5f1" />
</rom>