<rom>
  <romid>
    <xmlid>A4TJ121C</xmlid>
    <internalidaddress>200</internalidaddress>
    <internalidstring>A4TJ121C</internalidstring>
    <ecuid>43045A4005</ecuid>
    <year>05</year>
    <market>JDM</market>
    <make>Subaru</make>
    <model>Impreza</model>
    <submodel>STi</submodel>
    <transmission>MT/AT</transmission>
    <memmodel>68HC16Y5</memmodel>
    <flashmethod>wrx02</flashmethod>
  </romid>
  <include>16BITBASE</include>
  <table name="Target Boost (MT)_" address="2abef">
    <table name="X" address="2abe5" />
    <table name="Y" address="2abcc" elements="12" />
  </table>
  <table name="Target Boost (AT)_" address="2ab6c">
    <table name="X" address="2ab62" />
    <table name="Y" address="2ab49" elements="12" />
  </table>
  <table name="Target Boost Compensation (ECT)" address="2ac53" />
  <table name="Target Boost Compensation (Atm. Pressure) Multiplier" address="2ae1a" />
  <table name="Target Boost Compensation (Atm. Pressure) Multiplier Offset" address="2ae18" />
  <table name="Target Boost Compensation (Per Gear)(MT)" address="2ac6b" />
  <table name="Target Boost Compensation (Per Gear)(AT)" address="2ac66" />
  <table name="Per Gear Compensation (Maximum Speed)" address="2ac63" />
  <table name="Boost Limit (Fuel Cut)" address="291bb" />
  <table name="Boost Control Disable (IAM)" address="2ae0e" />
  <table name="Boost Control Disable (Fine Correction)" address="2ae0c" />
  <table name="Boost Control Disable Delay (Fine Correction)" address="2ae0d" />
  <table name="Initial Wastegate Duty" address="2ac92">
    <table name="X" address="2ac88" />
    <table name="Y" address="2ac75" elements="9" />
  </table>
  <table name="Max Wastegate Duty_" address="2ad3f">
    <table name="X" address="2ad35" />
    <table name="Y" address="2ad22" elements="9" />
  </table>
  <table name="Initial/Max Wastegate Duty Compensation (IAT)" address="2addf" />
  <table name="Initial/Max Wastegate Duty Compensation (ECT)" address="2adf3" />
  <table name="Initial/Max Wastegate Duty Compensation (Atm. Pressure)" address="2add5" />
  <table name="Initial/Max Wastegate Duty Compensation (Per Gear)(MT)" address="2ac70" />
  <table name="Turbo Dynamics Proportional" address="2ae30">
    <table name="Y" address="2ae1c" />
  </table>
  <table name="Turbo Dynamics Integral Positive" address="2ae7c">
    <table name="Y" address="2ae68" />
  </table>
  <table name="Turbo Dynamics Integral Negative" address="2ae56">
    <table name="Y" address="2ae42" />
  </table>
  <table name="TD Activation Thresholds (RPM)" address="2ae08" />
  <table name="TD Activation Thresholds (Target Boost)" address="2ae10" />
  <table name="TD Integral Cumulative Range (WGDC Correction)" address="2ae14" />
  <table name="TD Integral Activation (Boost Error)" address="2ae04" />
  <table name="Manifold Pressure Sensor Multiplier A" address="4e06" />
  <table name="Manifold Pressure Sensor Offset A" address="4e0c" />
  <table name="Manifold Pressure Sensor Multiplier B" address="4eb6" />
  <table name="Manifold Pressure Sensor Offset B" address="4ebc" />
  <table name="Manifold Pressure Sensor Multiplier C" address="4f36" />
  <table name="Manifold Pressure Sensor Offset C" address="4f3c" />
  <table name="Manifold Pressure Sensor High Input (CEL)" address="2b225" />
  <table name="Manifold Pressure Sensor CEL Delay (High Input)" address="2b227" />
  <table name="Manifold Pressure Sensor Low Input (CEL)" address="2b228" />
  <table name="Manifold Pressure Sensor CEL Delay (Low Input)" address="2b22a" />
  <table name="Primary Open Loop Fueling" address="28de6">
    <table name="X" address="28dc4" elements="16" />
    <table name="Y" address="28d9f" elements="18" />
  </table>
  <table name="Primary Open Loop Fueling (Failsafe)" address="28f4d">
    <table name="X" address="28f2b" elements="16" />
    <table name="Y" address="28f06" />
  </table>
  <table name="Primary Open Loop Fuel Map Switch (IAM)" address="28d9d" />
  <table name="Minimum Active Primary Open Loop Enrichment" address="28d43" />
  <table name="Minimum Primary Open Loop Enrichment (Throttle)" address="28d97" />
  <table name="Minimum Primary Fueling CL to OL Intermediate Enrich" address="28d47" />
  <table name="Maximum Primary Fueling CL to OL Intermediate Steps" address="28d4d" />
  <table name="Front Oxygen Sensor Scaling" address="28372">
    <table name="Y" address="28356" />
  </table>
  <table name="Front Oxygen Sensor Compensation (Atm. Pressure)" address="2833f">
    <table name="Y" address="28335" />
  </table>
  <table name="Closed Loop Base Fueling Target" address="196ac" />
  <table name="Closed Loop Fueling Target Limits" address="28ae9" />
  <table name="CL Fueling Target Compensation (Load)" address="28bc1">
    <table name="X" address="28bb5" elements="5" />
    <table name="Y" address="28ba4" elements="8" />
  </table>
  <table name="CL Fueling Target Compensation A (ECT)(MT)" address="28b24" />
  <table name="CL Fueling Target Compensation B (ECT)(MT)" address="28b70" />
  <table name="CL Fueling Target Compensation A (ECT)(AT)" address="28afe" />
  <table name="CL Fueling Target Compensation B (ECT)(AT)" address="28b4a" />
  <table name="CL Fueling Target Compensation (ECT) Disable" address="28af7" />
  <table name="CL to OL Delay" address="28d61">
    <table name="Y" elements="1" />
  </table>
  <table name="CL to OL Transition with Delay (Throttle)" address="28d6d" />
  <table name="CL to OL Transition with Delay Throttle Hysteresis" address="28d4f" />
  <table name="CL to OL Transition with Delay (Base Pulse Width)" address="28d83" />
  <table name="CL to OL Transition with Delay BPW Hysteresis_" address="28d50" />
  <table name="CL Delay Maximum (Throttle) (MT)_" address="28d5c" />
  <table name="CL Delay Maximum Engine Speed" address="28d54" />
  <table name="CL Delay Maximum (Vehicle Speed)" address="28d5d" />
  <table name="CL Delay Minimum (ECT)" address="28d52" />
  <table name="CL Delay Throttle Atm. Pressure Thresholds" address="28d63" />
  <table name="CL Delay Maximum (Throttle) (Low Atm. Pressure)(AT)" address="28d5a" />
  <table name="CL Delay Maximum (Throttle) (High Atm. Pressure)(AT)" address="28d58" />
  <table name="Injector Latency" address="2869a" />
  <table name="Injector Flow Scaling" address="28692" />
  <table name="Per Injector Primary Fuel Offset Compensation A_" address="29094" />
  <table name="Per Injector Primary Fuel Offset Compensation B_" address="29096" />
  <table name="Per Injector Primary Fuel Offset Compensation C_" address="29098" />
  <table name="Per Injector Primary Fuel Offset Compensation D_" address="2909a" />
  <table name="Per Injector Compensation Activation (RPM)" address="29090" />
  <table name="Cranking Fuel Injector Pulse Width A (ECT)" address="28592" />
  <table name="Cranking Fuel Injector Pulse Width B (ECT)" address="285b8">
    <table name="Y" elements="13" />
  </table>
  <table name="Cranking Fuel Injector Pulse Width C (ECT)" address="285d8" />
  <table name="Cranking Fuel Injector Pulse Width D (ECT)" address="285fe">
    <table name="Y" elements="13" />
  </table>
  <table name="Cranking Fuel IPW Compensation (MAP)" address="284fa" />
  <table name="Cranking Fuel IPW Compensation (Throttle)" address="28508" />
  <table name="Cranking Fuel IPW Compensation (RPM)(MT)" address="28569" />
  <table name="Cranking Fuel IPW Compensation (RPM)(AT)" address="2853b" />
  <table name="Throttle Tip-in Enrichment" address="290bc">
    <table name="Y" address="290a8" />
  </table>
  <table name="Minimum Tip-in Enrichment Activation" address="290a2" />
  <table name="Minimum Tip-in Enrichment Activation (Throttle)" address="290a0" />
  <table name="Tip-in Enrichment Compensation (Positive Boost Error)" address="290e1" />
  <table name="Tip-in Enrichment Compensation (ECT)" address="290ee" />
  <table name="Tip-in Enrichment Compensation (RPM)" address="290d2" />
  <table name="Tip-in Enrichment Disable Applied Counter Threshold" address="290a1" />
  <table name="Tip-in Enrichment Applied Counter Reset" address="290a6" />
  <table name="Tip-in Enrichment Disable Throttle Cumulative Threshold" address="290a4" />
  <table name="Tip-in Throttle Cumulative Reset" address="290a7" />
  <table name="Min Primary Base Enrichment 1" address="287fc" />
  <table name="Min Primary Base Enrich 2 Initial Start 1A" address="28728" />
  <table name="Min Primary Base Enrich 2 Initial Start 1B" address="2876e" />
  <table name="Min Primary Base Enrich 2 Initial Start 2A" address="2874e">
    <table name="Y" elements="13" />
  </table>
  <table name="Min Primary Base Enrich 2 Initial Start 2B" address="28794">
    <table name="Y" elements="13" />
  </table>
  <table name="Min Primary Base Enrich 2 Decay Step 1" address="287b6" />
  <table name="Min Primary Base Enrich 2 Decay Step 2" address="287dc">
    <table name="Y" elements="13" />
  </table>
  <table name="Min Primary Base Enrich 3 Initial Start 1A" address="286c0">
    <table name="Y" elements="13" />
  </table>
  <table name="Min Primary Base Enrich 3 Initial Start 1B" address="286e9">
    <table name="Y" elements="13" />
  </table>
  <table name="Min Primary Base Enrich 3 Initial Start 2A" address="286aa" />
  <table name="Min Primary Base Enrich 3 Initial Start 2B" address="286d3" />
  <table name="Min Primary Base Enrich 3 Decay Delay 1" address="28715">
    <table name="Y" elements="13" />
  </table>
  <table name="Min Primary Base Enrich 3 Decay Delay 2" address="286ff" />
  <table name="Min Primary Base Enrich 3 Decay Multiplier" address="286f8" />
  <table name="A/F Learning #1 Limits" address="28c3a" />
  <table name="A/F Learning #1 Airflow Ranges_" address="28c40" />
  <table name="MAF Sensor Scaling_" address="2808a">
    <table name="Y" address="28028" />
  </table>
  <table name="MAF Sensor Limit (CEL)" address="2b283" />
  <table name="MAF Compensation (IAT)_" address="28213">
    <table name="X" address="2820c" />
    <table name="Y" address="28203" />
  </table>
  <table name="Engine Load Compensation (MP)" address="2817f">
    <table name="X" address="28167" />
    <table name="Y" address="2814e" />
  </table>
  <table name="Base Timing" address="2937f">
    <table name="X" address="2935d" />
    <table name="Y" address="29338" elements="18" />
  </table>
  <table name="Base Timing Idle (Neutral)" address="2932f" />
  <table name="Base Timing Idle (In-Gear)(Above Speed Threshold)" address="29311" />
  <table name="Base Timing Idle (In-Gear)(Below Speed Threshold)" address="29320" />
  <table name="Base Timing Idle Vehicle Speed Threshold" address="292ec" />
  <table name="Knock Correction Advance Max" address="298e2">
    <table name="X" address="298c0" elements="16" />
    <table name="Y" address="2989b" elements="18" />
  </table>
  <table name="Timing Compensation (IAT)" address="294d2" />
  <table name="Timing Comp Min Load (IAT)" address="294e2" />
  <table name="Timing Compensation (ECT)" address="294bc" />
  <table name="Timing Compensation Idle (ECT)" address="294a6" />
  <table name="Timing Compensation Per Cylinder A" address="29b21">
    <table name="X" address="29b07" />
    <table name="Y" address="29afe" />
  </table>
  <table name="Timing Compensation Per Cylinder B" address="29b74">
    <table name="X" address="29b5a" />
    <table name="Y" address="29b51" />
  </table>
  <table name="Timing Compensation Per Cylinder C" address="29bc7">
    <table name="X" address="29bad" />
    <table name="Y" address="29ba4" />
  </table>
  <table name="Timing Compensation Per Cylinder D" address="29c1a">
    <table name="X" address="29c00" />
    <table name="Y" address="29bf7" />
  </table>
  <table name="Timing Comp Minimum Load (Per Cylinder)" address="29afa" />
  <table name="Timing Comp Maximum RPM (Per Cylinder)" address="29af8" />
  <table name="Timing Comp Minimum Coolant Temp (Per Cylinder)" address="29afc" />
  <table name="Feedback Correction Range (RPM)" address="29a3d" />
  <table name="Feedback Correction Minimum Load" address="29a45" />
  <table name="Feedback Correction Retard Value" address="29a30" />
  <table name="Feedback Correction Retard Limit" address="29a2f" />
  <table name="Feedback Correction Negative Advance Value" address="29a31" />
  <table name="Feedback Correction Negative Advance Delay" address="29a2b" />
  <table name="Fine Correction Range (RPM)" address="29a70" />
  <table name="Fine Correction Range (Load)" address="29a78" />
  <table name="Fine Correction Rows (RPM)" address="29a5a" />
  <table name="Fine Correction Columns (Load)" address="29a4a" />
  <table name="Fine Correction Retard Value_" address="29a6f" />
  <table name="Fine Correction Retard Limit" address="29a6d" />
  <table name="Fine Correction Advance Value" address="29a6e" />
  <table name="Fine Correction Advance Limit" address="29a6c" />
  <table name="Fine Correction Advance Delay" address="29a6a" />
  <table name="Rough Correction Range (RPM)" address="29a03" />
  <table name="Rough Correction Range (Load)" address="29a0b" />
  <table name="Rough Correction Minimum KC Advance Map Value" address="29a13" />
  <table name="Rough Correction Learning Delay (Increasing)" address="29a1b" />
  <table name="Advance Multiplier (Initial)" address="29a02" />
  <table name="Advance Multiplier Step Value" address="29a14" />
  <table name="Intake Cam Advance Angle (AVCS)" address="2a825">
    <table name="X" address="2a807" />
    <table name="Y" address="2a7de" elements="20" />
  </table>
  <table name="Rev Limit (Fuel Cut)" address="2918a" />
  <table name="Speed Limiting (Fuel Cut)" address="291ab" />
  <table name="Speed Limiting Disable (Fuel Cut)" address="baaa" />
  <table name="Intake Temp Sensor Scaling" address="2b744" />
  <table name="Coolant Temp Sensor Scaling" address="2b706" />
  <table name="Radiator Fan Modes (ECT)" address="2a720" />
  <table name="Radiator Fan Modes (Veh. Speed)" address="2a724" />
  <table name="Radiator Fan Switching Determination (Modes)" address="2a700" />
  <table name="Gear Determination Thresholds (MT)" address="28431" />
  <table name="Intercooler Autowash Threshold (MRP)" address="2ab3b" />
  <table name="Intercooler Autowash Threshold (ECT)" address="2ab33" />
  <table name="Intercooler Autowash Threshold (Engine Speed)" address="2ab37" />
  <table name="Intercooler Autowash Threshold (Veh. Speed)" address="2ab3f" />
  <table name="Intercooler Autowash Threshold (Intake Air Temp)" address="2ab41" />
  <table name="Idle Speed Target A (MT)" address="29e28" />
  <table name="Idle Speed Target B (MT)" address="29e4e" />
  <table name="Idle Speed Target A (AT)" address="29e74" />
  <table name="Idle Speed Target B (AT)" address="29e9a" />
  <table name="Min Idle Speed A/C (MT)" address="29ebc" />
  <table name="Min Idle Speed A/C (AT)" address="29ebe" />
  <table name="Min Idle Speed Startup (MT)" address="2a0af" />
  <table name="Min Idle Speed Startup (AT)" address="2a0a5" />
  <table name="Min Idle Speed High Electrical Load (MT)" address="2a0ad" />
  <table name="Min Idle Speed High Electrical Load (AT)" address="2a0a1" />
  <table name="Force Pass Readiness Monitors" address="13522" />
  <scaling name="TGVCELFix(P1086,P1087,P1088,P1089)" storagetype="bloblist">
    <data name="enabled" value="274C274C" />
    <data name="disabled" value="FA0164F0" />
  </scaling>
  <table name="TGV CEL Fix (P1086, P1087, P1088, P1089)" address="b8e" scaling="TGVCELFix(P1086,P1087,P1088,P1089)" />
  <scaling name="TGVCELFix(P1090,P1091,P1092,P1093)" storagetype="bloblist">
    <data name="enabled" value="274C274C274C274C" />
    <data name="disabled" value="FA0163B8FA016454" />
  </scaling>
  <table name="TGV CEL Fix (P1090, P1091, P1092, P1093)" address="d4a" scaling="TGVCELFix(P1090,P1091,P1092,P1093)" />
  <scaling name="TGVCELFix(P1094,P1095,P1096,P1097)" storagetype="bloblist">
    <data name="enabled" value="274C274C" />
    <data name="disabled" value="FA01882E" />
  </scaling>
  <table name="TGV CEL Fix (P1094, P1095, P1096, P1097)" address="b7a" scaling="TGVCELFix(P1094,P1095,P1096,P1097)" />
  <table name="(P0011) CAMSHAFT POS. - TIMING OVER-ADVANCED 1" address="2e4fd" />
  <table name="(P0021) CAMSHAFT POS. - TIMING OVER-ADVANCED 2" address="2e501" />
  <table name="(P0030) FRONT O2 SENSOR RANGE/PERF" address="2e8f9" />
  <table name="(P0031) FRONT O2 SENSOR LOW INPUT" address="2e679" />
  <table name="(P0032) FRONT O2 SENSOR HIGH INPUT" address="2e671" />
  <table name="(P0034) TURBO BYPASS VALVE CIRCUIT LOW" address="2e62d" />
  <table name="(P0035) TURBO BYPASS VALVE CIRCUIT HIGH" address="2e631" />
  <scaling name="(P0037)REARO2SENSORLOWINPUT" storagetype="bloblist">
    <data name="enabled" value="040037" />
    <data name="disabled" value="050000" />
  </scaling>
  <table name="(P0037) REAR O2 SENSOR LOW INPUT" address="2e675" scaling="(P0037)REARO2SENSORLOWINPUT" />
  <scaling name="(P0038)REARO2SENSORHIGHINPUT" storagetype="bloblist">
    <data name="enabled" value="040038" />
    <data name="disabled" value="050000" />
  </scaling>
  <table name="(P0038) REAR O2 SENSOR HIGH INPUT" address="2e66d" scaling="(P0038)REARO2SENSORHIGHINPUT" />
  <table name="(P0068) MAP SENSOR RANGE/PERF" address="2e8cd" />
  <table name="(P0101) MAF SENSOR RANGE/PERF" address="2e8dd" />
  <table name="(P0102) MAF SENSOR LOW INPUT" address="2e369" />
  <table name="(P0103) MAF SENSOR HIGH INPUT" address="2e36d" />
  <table name="(P0107) MAP SENSOR LOW INPUT" address="2e691" />
  <table name="(P0108) MAP SENSOR HIGH INPUT" address="2e695" />
  <table name="(P0111) IAT SENSOR RANGE/PERF" address="2e665" />
  <table name="(P0112) IAT SENSOR LOW INPUT" address="2e65d" />
  <table name="(P0113) IAT SENSOR HIGH INPUT" address="2e661" />
  <table name="(P0117) COOLANT TEMP SENSOR LOW INPUT" address="2e3b1" />
  <table name="(P0118) COOLANT TEMP SENSOR HIGH INPUT" address="2e3b5" />
  <table name="(P0121) TPS RANGE/PERF" address="2e3a9" />
  <table name="(P0122) TPS A LOW INPUT" address="2e39d" />
  <table name="(P0123) TPS A HIGH INPUT" address="2e3a1" />
  <table name="(P0125) INSUFFICIENT COOLANT TEMP (FUELING)" address="2e3bd" />
  <table name="(P0128) THERMOSTAT MALFUNCTION" address="2e6ed" />
  <table name="(P0129) ATMOS. PRESSURE SENSOR RANGE/PERF" address="2e8d1" />
  <table name="(P0130) FRONT O2 SENSOR MALFUNCTION" address="2e8f1" />
  <table name="(P0133) FRONT O2 SENSOR SLOW RESPONSE" address="2e5a9" />
  <table name="(P0134) FRONT O2 SENSOR NO ACTIVITY" address="2e8e9" />
  <scaling name="(P0137)REARO2SENSORLOWVOLTAGE" storagetype="bloblist">
    <data name="enabled" value="040137" />
    <data name="disabled" value="050000" />
  </scaling>
  <table name="(P0137) REAR O2 SENSOR LOW VOLTAGE" address="2e639" scaling="(P0137)REARO2SENSORLOWVOLTAGE" />
  <scaling name="(P0138)REARO2SENSORHIGHVOLTAGE" storagetype="bloblist">
    <data name="enabled" value="040138" />
    <data name="disabled" value="050000" />
  </scaling>
  <table name="(P0138) REAR O2 SENSOR HIGH VOLTAGE" address="2e651" scaling="(P0138)REARO2SENSORHIGHVOLTAGE" />
  <table name="(P0139) REAR O2 SENSOR SLOW RESPONSE" address="2e5b1" />
  <table name="(P0171) SYSTEM TOO LEAN" address="2e5e5" />
  <table name="(P0172) SYSTEM TOO RICH" address="2e5e9" />
  <table name="(P0181) FUEL TEMP SENSOR A RANGE/PERF" address="2e435" />
  <table name="(P0182) FUEL TEMP SENSOR A LOW INPUT" address="2e42d" />
  <table name="(P0183) FUEL TEMP SENSOR A HIGH INPUT" address="2e431" />
  <table name="(P0230) FUEL PUMP PRIMARY CIRCUIT" address="2e8c5" />
  <table name="(P0244) WASTEGATE SOLENOID A RANGE/PERF" address="2e741" />
  <table name="(P0245) WASTEGATE SOLENOID A LOW" address="2e735" />
  <table name="(P0246) WASTEGATE SOLENOID A HIGH" address="2e739" />
  <table name="(P0249) WASTEGATE SOLENOID B LOW" address="2e749" />
  <table name="(P0250) WASTEGATE SOLENOID B HIGH" address="2e74d" />
  <table name="(P0261) FUEL INJECTOR #1 CIRCUIT LOW" address="2e78d" />
  <table name="(P0264) FUEL INJECTOR #2 CIRCUIT LOW" address="2e791" />
  <table name="(P0267) FUEL INJECTOR #3 CIRCUIT LOW" address="2e795" />
  <table name="(P0270) FUEL INJECTOR #4 CIRCUIT LOW" address="2e799" />
  <table name="(P0301) MISFIRE CYLINDER 1" address="2e5f1" />
  <table name="(P0302) MISFIRE CYLINDER 2" address="2e5f5" />
  <table name="(P0303) MISFIRE CYLINDER 3" address="2e5f9" />
  <table name="(P0304) MISFIRE CYLINDER 4" address="2e5fd" />
  <table name="(P0327) KNOCK SENSOR 1 LOW INPUT" address="2e395" />
  <table name="(P0328) KNOCK SENSOR 1 HIGH INPUT" address="2e399" />
  <table name="(P0335) CRANKSHAFT POS. SENSOR A MALFUNCTION" address="2e345" />
  <table name="(P0336) CRANKSHAFT POS. SENSOR A RANGE/PERF" address="2e34d" />
  <table name="(P0340) CAMSHAFT POS. SENSOR A MALFUNCTION" address="2e355" />
  <table name="(P0341) CAMSHAFT POS. SENSOR A RANGE/PERF" address="2e351" />
  <table name="(P0350) IGNITION COIL PRIMARY/SECONDARY" address="2e3e9" />
  <table name="(P0365) CAMSHAFT POS. SENSOR B BANK 1" address="2e4f5" />
  <table name="(P0390) CAMSHAFT POS. SENSOR B BANK 2" address="2e4f9" />
  <table name="(P0420) CAT EFFICIENCY BELOW THRESHOLD" address="2e5cd" />
  <table name="(P0442) EVAP LEAK DETECTED (SMALL)" address="2e5d1" />
  <table name="(P0447) EVAP VENT CONTROL CIRCUIT OPEN" address="2e531" />
  <table name="(P0448) EVAP VENT CONTROL CIRCUIT SHORTED" address="2e535" />
  <table name="(P0451) EVAP PRESSURE SENSOR RANGE/PERF" address="2e405" />
  <table name="(P0452) EVAP PRESSURE SENSOR LOW INPUT" address="2e3f9" />
  <table name="(P0453) EVAP PRESSURE SENSOR HIGH INPUT" address="2e3fd" />
  <table name="(P0456) EVAP LEAK DETECTED (VERY SMALL)" address="2e5d9" />
  <table name="(P0457) EVAP LEAK DETECTED (FUEL CAP)" address="2e60d" />
  <scaling name="(P0458)EVAPPURGEVALVECIRCUITLOW" storagetype="bloblist">
    <data name="enabled" value="040458" />
    <data name="disabled" value="050000" />
  </scaling>
  <table name="(P0458) EVAP PURGE VALVE CIRCUIT LOW" address="2e50d" scaling="(P0458)EVAPPURGEVALVECIRCUITLOW" />
  <scaling name="(P0459)EVAPPURGEVALVECIRCUITHIGH" storagetype="bloblist">
    <data name="enabled" value="040459" />
    <data name="disabled" value="050000" />
  </scaling>
  <table name="(P0459) EVAP PURGE VALVE CIRCUIT HIGH" address="2e511" scaling="(P0459)EVAPPURGEVALVECIRCUITHIGH" />
  <table name="(P0461) FUEL LEVEL SENSOR RANGE/PERF" address="2e3c9" />
  <table name="(P0462) FUEL LEVEL SENSOR LOW INPUT" address="2e3c1" />
  <table name="(P0463) FUEL LEVEL SENSOR HIGH INPUT" address="2e3c5" />
  <table name="(P0464) FUEL LEVEL SENSOR INTERMITTENT" address="2e3b9" />
  <table name="(P0483) RADIATOR FAN RATIONALITY CHECK" address="2e4e9" />
  <table name="(P0502) VEHICLE SPEED SENSOR LOW INPUT" address="2e8c1" />
  <table name="(P0503) VEHICLE SPEED SENSOR INTERMITTENT" address="2e901" />
  <table name="(P0506) IDLE CONTROL RPM LOWER THAN EXPECTED" address="2e4b9" />
  <table name="(P0507) IDLE CONTROL RPM HIGH THAN EXPECTED" address="2e4bd" />
  <table name="(P0508) IDLE CONTROL CIRCUIT LOW" address="2e4ad" />
  <table name="(P0509) IDLE CONTROL CIRCUIT HIGH" address="2e4b1" />
  <scaling name="(P0512)STARTERREQUESTCIRCUIT" storagetype="bloblist">
    <data name="enabled" value="040512" />
    <data name="disabled" value="050000" />
  </scaling>
  <table name="(P0512) STARTER REQUEST CIRCUIT" address="2e3f1" scaling="(P0512)STARTERREQUESTCIRCUIT" />
  <table name="(P0519) IDLE CONTROL MALFUNCTION (FAIL-SAFE)" address="2e8d5" />
  <table name="(P0545) EGT SENSOR CIRCUIT LOW" address="2e7a1" />
  <table name="(P0546) EGT SENSOR CIRCUIT HIGH" address="2e7a5" />
  <table name="(P0558) ALTERNATOR CIRCUIT LOW" address="2e8b5" />
  <table name="(P0559) ALTERNATOR CIRCUIT HIGH" address="2e8b9" />
  <table name="(P0562) SYSTEM VOLTAGE LOW" address="2e729" />
  <table name="(P0563) SYSTEM VOLTAGE HIGH" address="2e72d" />
  <table name="(P0565) CRUISE CONTROL SET SIGNAL" address="2e8c9" />
  <table name="(P0604) CONTROL MODULE RAM ERROR" address="2e35d" />
  <table name="(P0691) RADIATOR FAN CIRCUIT LOW" address="2e4d9" />
  <table name="(P0692) RADIATOR FAN CIRCUIT HIGH" address="2e4dd" />
  <table name="(P0703) BRAKE SWITCH INPUT MALFUNCTION" address="2e555" />
  <table name="(P0705) TRANSMISSION RANGE SENSOR MALFUNCTION" address="2e54d" />
  <table name="(P0710) ATF TEMP SENSOR MALFUNCTION" address="2e549" />
  <table name="(P0716) TORQUE CONVERTER TURBINE SPEED RANGE/PERF" address="2e865" />
  <table name="(P0720) AT VEHICLE SPEED SENSOR HIGH" address="2e53d" />
  <table name="(P0726) ENGINE SPEED INPUT RANGE/PERF" address="2e869" />
  <table name="(P0731) GEAR 1 INCORRECT RATIO" address="2e575" />
  <table name="(P0732) GEAR 2 INCORRECT RATIO" address="2e579" />
  <table name="(P0733) GEAR 3 INCORRECT RATIO" address="2e57d" />
  <table name="(P0734) GEAR 4 INCORRECT RATIO" address="2e585" />
  <table name="(P0741) TORQUE CONVERTER CLUTCH MALFUNCTION" address="2e559" />
  <table name="(P0743) TORQUE CONVERTER CLUTCH LOCK-UP DUTY SOLENOID" address="2e571" />
  <table name="(P0748) PRESSURE CONTROL LINE PRESSURE DUTY SOLENOID" address="2e56d" />
  <table name="(P0753) SHIFT SOLENOID A ELECTRICAL" address="2e561" />
  <table name="(P0758) SHIFT SOLENOID B ELECTRICAL" address="2e565" />
  <table name="(P0771) AT LOW CLUTCH TIMING SOLENOID MALFUNCTION" address="2e861" />
  <table name="(P0778) AT 2-4 BRAKE PRESSURE SOLENOID MALFUNCTION" address="2e6c1" />
  <table name="(P0785) AT 2-4 BRAKE TIMING SOLENOID MALFUNCTION" address="2e6bd" />
  <scaling name="(P0851)NEUTRALSWITCHINPUTLOW" storagetype="bloblist">
    <data name="enabled" value="040851" />
    <data name="disabled" value="050000" />
  </scaling>
  <table name="(P0851) NEUTRAL SWITCH INPUT LOW" address="2e429" scaling="(P0851)NEUTRALSWITCHINPUTLOW" />
  <scaling name="(P0852)NEUTRALSWITCHINPUTHIGH" storagetype="bloblist">
    <data name="enabled" value="040852" />
    <data name="disabled" value="050000" />
  </scaling>
  <table name="(P0852) NEUTRAL SWITCH INPUT HIGH" address="2e439" scaling="(P0852)NEUTRALSWITCHINPUTHIGH" />
  <table name="(P0864) TCM COMMUNICATION RANGE/PERF" address="2e4ed" />
  <table name="(P0865) TCM COMMUNICATION CIRCUIT LOW" address="2e519" />
  <table name="(P0866) TCM COMMUNICATION CIRCUIT HIGH" address="2e51d" />
  <table name="(P1086) TGV POS. 2 CIRCUIT LOW" address="2e7d5" />
  <table name="(P1087) TGV POS. 2 CIRCUIT HIGH" address="2e7d9" />
  <table name="(P1088) TGV POS. 1 CIRCUIT LOW" address="2e7dd" />
  <table name="(P1089) TGV POS. 1 CIRCUIT HIGH" address="2e7e1" />
  <table name="(P1090) TGV SYSTEM 1 (VALVE OPEN)" address="2e499" />
  <table name="(P1091) TGV SYSTEM 1 (VALVE CLOSE)" address="2e49d" />
  <table name="(P1092) TGV SYSTEM 2 (VALVE OPEN)" address="2e4a1" />
  <table name="(P1093) TGV SYSTEM 2 (VALVE CLOSE)" address="2e4a5" />
  <table name="(P1094) TGV SIGNAL 1 (OPEN)" address="2e785" />
  <table name="(P1095) TGV SIGNAL 1 (SHORT)" address="2e77d" />
  <table name="(P1096) TGV SIGNAL 2 (OPEN)" address="2e789" />
  <table name="(P1097) TGV SIGNAL 2 (SHORT)" address="2e781" />
  <table name="(P1110) ATMOS. PRESSURE SENSOR LOW INPUT" address="2e681" />
  <table name="(P1111) ATMOS. PRESSURE SENSOR HIGH INPUT" address="2e685" />
  <table name="(P1134) FRONT O2 SENSOR MICROCOMPUTER" address="2e63d" />
  <table name="(P1152) FRONT O2 SENSOR RANGE/PERF LOW B1 S1" address="2e5b9" />
  <table name="(P1153) FRONT O2 SENSOR RANGE/PERF HIGH B1 S1" address="2e5bd" />
  <table name="(P1199) DIFFERENTIAL PRESSURE SENSOR" address="2e7d1" />
  <table name="(P1235) ICV SOLENOID CIRCUIT LOW" address="2e61d" />
  <table name="(P1236) ICV SOLENOID CIRCUIT HIGH" address="2e621" />
  <table name="(P1237) ECV SOLENOID LOW POS. PRESSURE" address="2e409" />
  <table name="(P1238) ECV SOLENOID HIGH POS. PRESSURE" address="2e40d" />
  <table name="(P1239) ECV SOLENOID LOW NEG. PRESSURE" address="2e411" />
  <table name="(P1240) ECV SOLENOID HIGH NEG. PRESSURE" address="2e415" />
  <table name="(P1241) 2 STAGE TWIN TURBO SYSTEM (SINGLE)" address="2e7cd" />
  <table name="(P1242) 2 STAGE TWIN TURBO SYSTEM (TWIN)" address="2e7c9" />
  <table name="(P1247) RELIEF VALVE SOLENOID 1 CIRCUIT LOW" address="2e751" />
  <table name="(P1248) RELIEF VALVE SOLENOID 1 CIRCUIT HIGH" address="2e711" />
  <table name="(P1249) RELIEF VALVE SOLENOID 2 CIRCUIT LOW" address="2e715" />
  <table name="(P1250) RELIEF VALVE SOLENOID 2 CIRCUIT HIGH" address="2e719" />
  <table name="(P1301) MISFIRE (HIGH TEMP EXHAUST GAS)" address="2e609" />
  <table name="(P1306) OCV SOLENOID SIGNAL 1 MALFUNCTION (OPEN)" address="2e7b1" />
  <table name="(P1307) OCV SOLENOID SIGNAL 1 MALFUNCTION (SHORT)" address="2e7b9" />
  <table name="(P1308) OCV SOLENOID SIGNAL 2 MALFUNCTION (OPEN)" address="2e7b5" />
  <table name="(P1309) OCV SOLENOID SIGNAL 2 MALFUNCTION (SHORT)" address="2e7bd" />
  <table name="(P1312) EGT SENSOR MALFUNCTION" address="2e7a9" />
  <table name="(P1400) FUEL TANK PRESSURE SOL. LOW" address="2e505" />
  <table name="(P1420) FUEL TANK PRESSURE SOL. HIGH INPUT" address="2e509" />
  <table name="(P1443) VENT CONTROL SOLENOID FUNCTION PROBLEM" address="2e521" />
  <table name="(P1446) FUEL TANK SENSOR CONTROL CIRCUIT LOW" address="2e491" />
  <table name="(P1447) FUEL TANK SENSOR CONTROL CIRCUIT HIGH" address="2e495" />
  <table name="(P1448) FUEL TANK SENSOR CONTROL RANGE/PERF" address="2e4c9" />
  <table name="(P1491) PCV (BLOWBY) FUNCTION PROBLEM" address="2e6f1" />
  <scaling name="(P1518)STARTERSWITCHLOWINPUT" storagetype="bloblist">
    <data name="enabled" value="041518" />
    <data name="disabled" value="050000" />
  </scaling>
  <table name="(P1518) STARTER SWITCH LOW INPUT" address="2e3ed" scaling="(P1518)STARTERSWITCHLOWINPUT" />
  <table name="(P1544) EGT TOO HIGH" address="2e7ad" />
  <table name="(P1560) BACK-UP VOLTAGE MALFUNCTION" address="2e71d" />
  <table name="(P1700) TPS CIRCUIT MALFUNCTION (AT)" address="2e545" />
  <table name="(P1711) ENGINE TORQUE SIGNAL #1 MALFUNCTION" address="2e6ad" />
  <table name="(P1712) ENGINE TORQUE SIGNAL #2 MALFUNCTION" address="2e6b1" />
  <table name="(P2096) POST CATALYST TOO LEAN B1" address="2e98d" />
  <table name="(P2097) POST CATALYST TOO RICH B1" address="2e9b5" />
</rom>