<rom>
  <romid>
    <xmlid>A8DH200Z</xmlid>
    <internalidaddress>2000</internalidaddress>
    <internalidstring>A8DH200Z</internalidstring>
    <ecuid>4342594006</ecuid>
    <year>06</year>
    <market>EDM</market>
    <make>Subaru</make>
    <model>Impreza</model>
    <submodel>STi</submodel>
    <transmission>MT</transmission>
    <memmodel>SH7058</memmodel>
    <flashmethod>sti05</flashmethod>
    <checksummodule>subarudbw</checksummodule>
  </romid>
  <include>32BITBASE</include>
  <table name="Target Boost" address="c0d34">
    <table name="X" address="c0cdc" />
    <table name="Y" address="c0cfc" elements="14" />
  </table>
  <table name="Target Boost Compensation (ECT)" address="c0888">
    <table name="Y" address="c06e0" />
  </table>
  <table name="Target Boost Compensation (1st Gear)" address="c06d8" />
  <table name="Target Boost Compensation (1st Gear) Speed Disable" address="c06d4" />
  <table name="Target Boost Compensation (Atm. Pressure) Multiplier" address="c0990">
    <table name="Y" address="c0980" />
  </table>
  <table name="Target Boost Compensation (Atm. Pressure) Multiplier Offset" address="c08bc">
    <table name="Y" address="c08ac" />
  </table>
  <table name="Boost Limit (Fuel Cut)" address="c767c">
    <table name="Y" address="c7664" />
  </table>
  <table name="Boost Control Disable (IAM)" address="c06c8" />
  <table name="Boost Control Disable (Fine Correction)" address="c06c4" />
  <table name="Boost Control Disable Delay (Fine Correction)" address="c0665" />
  <table name="Initial Wastegate Duty" address="c0af4">
    <table name="X" address="c0aac" />
    <table name="Y" address="c0acc" elements="10" />
  </table>
  <table name="Max Wastegate Duty" address="c0bf4">
    <table name="X" address="c0bac" />
    <table name="Y" address="c0bcc" elements="10" />
  </table>
  <table name="Max Wastegate Duty Limit Post-Compensation" address="17498" />
  <table name="Initial/Max Wastegate Duty Compensation (IAT)" address="c07a8">
    <table name="Y" address="c0768" />
  </table>
  <table name="Initial/Max Wastegate Duty Compensation (ECT)" address="c0868">
    <table name="Y" address="c06e0" />
  </table>
  <table name="Initial/Max Wastegate Duty Compensation (Atm. Pressure)" address="c0a4c">
    <table name="X" address="c0a24" />
    <table name="Y" address="c0a3c" />
  </table>
  <table name="Turbo Dynamics Proportional" address="c08e4">
    <table name="Y" address="c08c0" />
  </table>
  <table name="Turbo Dynamics Integral Positive" address="c0954">
    <table name="Y" address="c0930" />
  </table>
  <table name="Turbo Dynamics Integral Negative" address="c091c">
    <table name="Y" address="c08f8" />
  </table>
  <table name="TD Proportional Compensation (IAT)" address="c0730">
    <table name="Y" address="c0720" />
  </table>
  <table name="TD Integral Positive Compensation (IAT)" address="c0758">
    <table name="Y" address="c0748" />
  </table>
  <table name="TD Integral Negative Compensation (IAT)" address="c0744">
    <table name="Y" address="c0734" />
  </table>
  <table name="TD Activation Thresholds (RPM)" address="c069c" />
  <table name="TD Activation Thresholds (Target Boost)" address="c0678" />
  <table name="TD Integral Cumulative Range (WGDC Correction)" address="c06a4" />
  <table name="TD Integral Negative Activation (Boost Error)" address="c0684" />
  <table name="TD Integral Positive Activation (Boost Error)" address="c068c" />
  <table name="TD Integral Positive Activation (Wastegate Duty)" address="c0690" />
  <table name="Manifold Pressure Sensor Scaling" address="c028c" />
  <table name="Manifold Pressure Sensor Limits (CEL)" address="cbf4c" />
  <table name="Manifold Pressure Sensor CEL Delays" address="c1fba" />
  <table name="Primary Open Loop Fueling" address="c7bb8">
    <table name="X" address="c7b24" elements="19" />
    <table name="Y" address="c7b70" />
  </table>
  <table name="Primary Open Loop Fueling (Failsafe)" address="c7db8">
    <table name="X" address="c7d24" elements="19" />
    <table name="Y" address="c7d70" />
  </table>
  <table name="Primary Open Loop Fuel Map Switch (IAM)" address="c6168" />
  <table name="Minimum Active Primary Open Loop Enrichment" address="c616c" />
  <table name="Minimum Primary Open Loop Enrichment (Throttle)" address="c6888">
    <table name="Y" address="c6870" />
  </table>
  <table name="Primary Open Loop Fueling Compensation (ECT)" address="c71c8">
    <table name="Y" address="c6508" />
  </table>
  <table name="Primary Open Loop Fueling Compensation (Timing Compensation)" address="c6818">
    <table name="Y" address="c6800" />
  </table>
  <table name="Front Oxygen Sensor Scaling" address="cc4d0">
    <table name="Y" address="cc49c" />
  </table>
  <table name="Front Oxygen Sensor Rich Limit" address="1d7c8" />
  <table name="Front Oxygen Sensor Compensation (Atm. Pressure)" address="c135c">
    <table name="Y" address="c134c" />
  </table>
  <table name="CL Fueling Target Compensation (Load)" address="c891c">
    <table name="X" address="c88c8" elements="11" />
    <table name="Y" address="c88f4" />
  </table>
  <table name="CL Fueling Target Compensation A (ECT)" address="c879c">
    <table name="X" address="c6508" />
    <table name="Y" address="c8790" />
  </table>
  <table name="CL Fueling Target Compensation B (ECT)" address="c8850">
    <table name="X" address="c6508" />
    <table name="Y" address="c8844" />
  </table>
  <table name="CL to OL Delay" address="c5dbe">
    <table name="Y" elements="2" />
  </table>
  <table name="CL to OL Transition with Delay (Throttle)" address="c6860">
    <table name="Y" address="c6820" />
  </table>
  <table name="CL to OL Transition with Delay Throttle Hysteresis" address="c6170" />
  <table name="CL to OL Transition with Delay (Base Pulse Width)" address="c70f4">
    <table name="Y" address="c70b4" />
  </table>
  <table name="CL to OL Transition with Delay BPW Hysteresis" address="c6174" />
  <table name="CL to OL Transition Counter Step Value (MAF)" address="c713c">
    <table name="Y" address="c7114" />
  </table>
  <table name="CL Delay Maximum (Throttle)" address="c61ec" />
  <table name="CL Delay Maximum (Vehicle Speed)" address="c61f0" />
  <table name="CL Delay Minimum (ECT)" address="c6178" />
  <table name="CL Delay Maximum (Engine Load)" address="c6200" />
  <table name="CL Delay Engine Load Counter Threshold" address="c5dba" />
  <table name="CL Delay Maximum Engine Speed (Per Gear)" address="c617c" />
  <table name="CL Delay Maximum Engine Speed (Neutral)" address="c61cc" />
  <table name="Injector Latency" address="c76dc">
    <table name="Y" address="c76c8" />
  </table>
  <table name="Injector Flow Scaling" address="c5ebc" />
  <table name="Per Injector Pulse Width Compensation A" address="c7f94">
    <table name="X" address="c7f10" />
    <table name="Y" address="c7f54" />
  </table>
  <table name="Per Injector Pulse Width Compensation B" address="c8128">
    <table name="X" address="c80a4" />
    <table name="Y" address="c80e8" />
  </table>
  <table name="Per Injector Pulse Width Compensation C" address="c82bc">
    <table name="X" address="c8238" />
    <table name="Y" address="c827c" />
  </table>
  <table name="Per Injector Pulse Width Compensation D" address="c8450">
    <table name="X" address="c83cc" />
    <table name="Y" address="c8410" />
  </table>
  <table name="Cranking Fuel Injector Pulse Width A (ECT)" address="c6a76">
    <table name="Y" address="c6508" />
  </table>
  <table name="Cranking Fuel Injector Pulse Width B (ECT)" address="c6a96">
    <table name="Y" address="c6508" />
  </table>
  <table name="Cranking Fuel Injector Pulse Width C (ECT)" address="c6ab6">
    <table name="Y" address="c6508" />
  </table>
  <table name="Cranking Fuel Injector Pulse Width D (ECT)" address="c6ad6">
    <table name="Y" address="c6508" />
  </table>
  <table name="Cranking Fuel Injector Pulse Width E (ECT)" address="c6af6">
    <table name="Y" address="c6508" />
  </table>
  <table name="Cranking Fuel Injector Pulse Width F (ECT)" address="c6b16">
    <table name="Y" address="c6508" />
  </table>
  <table name="Cranking Fuel IPW Compensation A (RPM)" address="c7880">
    <table name="X" address="c7850" />
    <table name="Y" address="c7864" />
  </table>
  <table name="Cranking Fuel IPW Compensation B (RPM)" address="c78e8">
    <table name="X" address="c78b8" />
    <table name="Y" address="c78cc" />
  </table>
  <table name="Cranking Fuel IPW Compensation (Accelerator)" address="c65f4">
    <table name="Y" address="c65dc" />
  </table>
  <table name="Throttle Tip-in Enrichment" address="c75d0">
    <table name="Y" address="c7588" />
  </table>
  <table name="Minimum Tip-in Enrichment Activation" address="c6338" />
  <table name="Minimum Tip-in Enrichment Activation (Throttle)" address="c6330" />
  <table name="Tip-in Enrichment Compensation (Boost Error)" address="c690c">
    <table name="Y" address="c68e8" />
  </table>
  <table name="Tip-in Enrichment Compensation (ECT)" address="c75f4">
    <table name="Y" address="c6508" />
  </table>
  <table name="Tip-in Enrichment Disable Applied Counter Threshold" address="c5d86" />
  <table name="Tip-in Enrichment Applied Counter Reset" address="c5d87" />
  <table name="Tip-in Enrichment Disable Throttle Cumulative Threshold" address="c6334" />
  <table name="Tip-in Throttle Cumulative Reset" address="c5d88" />
  <table name="Min Primary Base Enrichment 1 A" address="c799c">
    <table name="X" address="c6508" />
    <table name="Y" address="c797c" />
  </table>
  <table name="Min Primary Base Enrichment 1 B" address="c7a3c">
    <table name="X" address="c6508" />
    <table name="Y" address="c7a1c" />
  </table>
  <table name="Min Primary Base Enrichment 1 (Non-Primary OL)" address="c7af0">
    <table name="X" address="c7abc" />
    <table name="Y" address="c7ae4" />
  </table>
  <table name="Min Primary Base Enrich 2 Initial Start 1A" address="c6bb6">
    <table name="Y" address="c6508" />
  </table>
  <table name="Min Primary Base Enrich 2 Initial Start 1B" address="c6bf6">
    <table name="Y" address="c6508" />
  </table>
  <table name="Min Primary Base Enrich 2 Initial Start 2A" address="c6bd6">
    <table name="Y" address="c6508" />
  </table>
  <table name="Min Primary Base Enrich 2 Initial Start 2B" address="c6c16">
    <table name="Y" address="c6508" />
  </table>
  <table name="Min Primary Base Enrich 2 Decay Step 1" address="c6c36">
    <table name="Y" address="c6508" />
  </table>
  <table name="Min Primary Base Enrich 2 Decay Step 2" address="c6c56">
    <table name="Y" address="c6508" />
  </table>
  <table name="Min Primary Base Enrich 3 Initial Start 1A" address="c6b36">
    <table name="Y" address="c6508" />
  </table>
  <table name="Min Primary Base Enrich 3 Initial Start 1B" address="c6b56">
    <table name="Y" address="c6508" />
  </table>
  <table name="Min Primary Base Enrich 3 Initial Start 2A" address="c6b76">
    <table name="Y" address="c6508" />
  </table>
  <table name="Min Primary Base Enrich 3 Initial Start 2B" address="c6b96">
    <table name="Y" address="c6508" />
  </table>
  <table name="Min Primary Base Enrich 3 Decay Delay A" address="c660a">
    <table name="Y" address="c6508" />
  </table>
  <table name="Min Primary Base Enrich 3 Decay Delay B" address="c661a">
    <table name="Y" address="c6508" />
  </table>
  <table name="Min Primary Base Enrich 3 Decay Multiplier" address="c5ec0" />
  <table name="A/F Learning #1 Limits" address="c613c" />
  <table name="A/F Learning #1 Airflow Ranges" address="c614c" />
  <table name="MAF Limit (Maximum)" address="c0fd0" />
  <table name="MAF Sensor Scaling" address="cc3c0">
    <table name="Y" address="cc2e4" elements="55" />
  </table>
  <table name="MAF Compensation (IAT)" address="c1934">
    <table name="X" address="c1900" />
    <table name="Y" address="c1914" />
  </table>
  <table name="Engine Load Limit (Maximum)" address="1b83c" />
  <table name="Engine Load Compensation (MP)" address="c19b8">
    <table name="X" address="c195c" />
    <table name="Y" address="c1988" elements="12" />
  </table>
  <table name="Base Timing" address="ca300">
    <table name="X" address="ca26c" elements="19" />
    <table name="Y" address="ca2b8" />
  </table>
  <table name="Base Timing Idle A (In-Gear)" address="c9761">
    <table name="Y" address="c95ec" />
  </table>
  <table name="Base Timing Idle B (In-Gear)" address="c9771">
    <table name="Y" address="c95ec" />
  </table>
  <table name="Base Timing Idle A (Neutral)" address="c9781">
    <table name="Y" address="c95ec" />
  </table>
  <table name="Base Timing Idle B (Neutral)" address="c9791">
    <table name="Y" address="c95ec" />
  </table>
  <table name="Base Timing Idle Minimum" address="c9758">
    <table name="Y" address="c9734" />
  </table>
  <table name="Base Timing Idle Minimum Vehicle Speed Enable" address="c9470" />
  <table name="Base Timing Alternate (ECT)" address="c969e">
    <table name="Y" address="c95ec" />
  </table>
  <table name="Knock Correction Advance Max" address="ca0ec">
    <table name="X" address="ca058" elements="19" />
    <table name="Y" address="ca0a4" />
  </table>
  <table name="Timing Compensation A (IAT)" address="c9814">
    <table name="Y" address="c97d4" />
  </table>
  <table name="Timing Compensation A (IAT) Activation" address="ca498">
    <table name="X" address="ca458" />
    <table name="Y" address="ca478" />
  </table>
  <table name="Timing Compensation B (IAT)" address="c9b04">
    <table name="Y" address="c9ac4" />
  </table>
  <table name="Timing Compensation B (IAT) IAM Activation" address="c95c4" />
  <table name="Timing Compensation B (IAT) Max Additive" address="c95a8" />
  <table name="Timing Compensation (ECT)" address="c97c1">
    <table name="Y" address="c95ec" />
  </table>
  <table name="Timing Compensation (MRP)" address="ca6c8">
    <table name="X" address="ca6a8" />
    <table name="Y" address="ca6bc" />
  </table>
  <table name="Timing Compensation Per Cylinder A" address="c9e6c">
    <table name="X" address="c9e24" />
    <table name="Y" address="c9e5c" />
  </table>
  <table name="Timing Compensation Per Cylinder B" address="c9eec">
    <table name="X" address="c9ea4" />
    <table name="Y" address="c9edc" />
  </table>
  <table name="Timing Compensation Per Cylinder C" address="c9f6c">
    <table name="X" address="c9f24" />
    <table name="Y" address="c9f5c" />
  </table>
  <table name="Timing Compensation Per Cylinder D" address="c9fec">
    <table name="X" address="c9fa4" />
    <table name="Y" address="c9fdc" />
  </table>
  <table name="Timing Comp Minimum Load (Per Cylinder)" address="c9250" />
  <table name="Timing Comp Maximum RPM (Per Cylinder)" address="c924c" />
  <table name="Timing Comp Minimum Coolant Temp (Per Cylinder)" address="c9254" />
  <table name="Feedback Correction Range (RPM)" address="c9260" />
  <table name="Feedback Correction Minimum Load" address="c9258" />
  <table name="Feedback Correction Retard Value" address="c927c" />
  <table name="Feedback Correction Retard Limit" address="c9278" />
  <table name="Feedback Correction Negative Advance Value" address="c9284" />
  <table name="Feedback Correction Negative Advance Delay" address="c921c" />
  <table name="Extended Feedback Correction High RPM Compensation" address="c928c" />
  <table name="Fine Correction Minimum (RPM)" address="c9298" />
  <table name="Fine Correction Maximum (RPM)" address="c93b8" />
  <table name="Fine Correction Range (Load)" address="c93c0" />
  <table name="Fine Correction Rows (RPM)" address="c9388" />
  <table name="Fine Correction Columns (Load)" address="c9378" />
  <table name="Fine Correction Retard Value" address="c93b4" />
  <table name="Fine Correction Retard Limit" address="c93b0" />
  <table name="Fine Correction Advance Value" address="c93ac" />
  <table name="Fine Correction Advance Limit" address="c93a8" />
  <table name="Fine Correction Advance Delay" address="c922a" />
  <table name="Rough Correction Range (RPM)" address="c9328" />
  <table name="Rough Correction Range (Load)" address="c9338" />
  <table name="Rough Correction Minimum KC Advance Map Value" address="c9348" />
  <table name="Rough Correction Learning Delay (Increasing)" address="c9694">
    <table name="Y" address="c966c" />
  </table>
  <table name="Advance Multiplier (Initial)" address="c934c" />
  <table name="Advance Multiplier Step Value" address="c9350" />
  <table name="Intake Cam Advance Angle (AVCS)" address="cdea0">
    <table name="X" address="cde0c" elements="19" />
    <table name="Y" address="cde58" />
  </table>
  <table name="Requested Torque (Accelerator Pedal)" address="dc238">
    <table name="X" address="dc1b4" />
    <table name="Y" address="dc1f0" elements="18" />
  </table>
  <table name="Target Throttle Plate Position A (Requested Torque)" address="dbcf0">
    <table name="X" address="dbc6c" />
    <table name="Y" address="dbcb0" />
  </table>
  <table name="Target Throttle Plate Position B (Requested Torque)" address="dbf94">
    <table name="X" address="dbf10" />
    <table name="Y" address="dbf54" />
  </table>
  <table name="Rev Limit (Fuel Cut)" address="c6380" />
  <table name="Rev Limit Fuel Resume (Boost)" address="c6388" />
  <table name="Speed Limiting Enable (Fuel Cut)" address="c63d0" />
  <table name="Speed Limiting Disable (Fuel Cut)" address="c63dc" />
  <table name="Speed Limiting (Throttle)" address="db83c" />
  <table name="Intake Temp Sensor Scaling" address="7d31c">
    <table name="Y" address="7d2a4" />
  </table>
  <table name="Coolant Temp Sensor Scaling" address="7d234">
    <table name="Y" address="7d1c4" />
  </table>
  <table name="Atmospheric Pressure Sensor Scaling" address="c0250" />
  <table name="Radiator Fan Modes A (ECT)" address="ccc58" />
  <table name="Radiator Fan Modes B (ECT)" address="ccc68" />
  <table name="Radiator Fan Modes (Veh. Speed)" address="ccc78" />
  <table name="Gear Determination Thresholds" address="c11f8" />
  <table name="Idle Speed Target A" address="cb038">
    <table name="Y" address="cac5c" />
  </table>
  <table name="Idle Speed Target B" address="cb078">
    <table name="Y" address="cac5c" />
  </table>
  <table name="Idle Speed Target C" address="cb0b8">
    <table name="Y" address="cac5c" />
  </table>
  <table name="Force Pass Readiness Monitors" address="6f97a" />
  <table name="(P0000) PASS CODE (NO DTC DETECTED)" address="6c46b" />
  <table name="(P0000) PASS CODE (NO DTC DETECTED)_" address="6c46c" />
  <table name="(P0011) CAMSHAFT POS. - TIMING OVER-ADVANCED 1" address="6c451" />
  <table name="(P0021) CAMSHAFT POS. - TIMING OVER-ADVANCED 2" address="6c452" />
  <table name="(P0030) FRONT O2 SENSOR RANGE/PERF" address="6c490" />
  <table name="(P0031) FRONT O2 SENSOR LOW INPUT" address="6c477" />
  <table name="(P0032) FRONT O2 SENSOR HIGH INPUT" address="6c475" />
  <table name="(P0037) REAR O2 SENSOR LOW INPUT" address="6c476" />
  <table name="(P0038) REAR O2 SENSOR HIGH INPUT" address="6c474" />
  <table name="(P0102) MAF SENSOR LOW INPUT" address="6c42d" />
  <table name="(P0103) MAF SENSOR HIGH INPUT" address="6c42e" />
  <table name="(P0107) MAP SENSOR LOW INPUT" address="6c478" />
  <table name="(P0108) MAP SENSOR HIGH INPUT" address="6c479" />
  <table name="(P0112) IAT SENSOR LOW INPUT" address="6c471" />
  <table name="(P0113) IAT SENSOR HIGH INPUT" address="6c472" />
  <table name="(P0117) COOLANT TEMP SENSOR LOW INPUT" address="6c435" />
  <table name="(P0118) COOLANT TEMP SENSOR HIGH INPUT" address="6c436" />
  <table name="(P0122) TPS A LOW INPUT" address="6c432" />
  <table name="(P0123) TPS A HIGH INPUT" address="6c433" />
  <table name="(P0125) INSUFFICIENT COOLANT TEMP (FUELING)" address="6c438" />
  <table name="(P0131) FRONT O2 SENSOR LOW INPUT" address="6c46e" />
  <table name="(P0132) FRONT O2 SENSOR HIGH INPUT" address="6c46f" />
  <table name="(P0133) FRONT O2 SENSOR SLOW RESPONSE" address="6c45c" />
  <table name="(P0134) FRONT O2 SENSOR NO ACTIVITY" address="6c48f" />
  <table name="(P0140) REAR O2 SENSOR NO ACTIVITY" address="6c4cc" />
  <table name="(P0171) SYSTEM TOO LEAN" address="6c463" />
  <table name="(P0172) SYSTEM TOO RICH" address="6c464" />
  <table name="(P0222) TPS B LOW INPUT" address="6c493" />
  <table name="(P0223) TPS B HIGH INPUT" address="6c494" />
  <table name="(P0230) FUEL PUMP PRIMARY CIRCUIT" address="6c48b" />
  <table name="(P0244) WASTEGATE SOLENOID A RANGE/PERF" address="6c481" />
  <table name="(P0245) WASTEGATE SOLENOID A LOW" address="6c47f" />
  <table name="(P0246) WASTEGATE SOLENOID A HIGH" address="6c480" />
  <table name="(P0301) MISFIRE CYLINDER 1" address="6c465" />
  <table name="(P0302) MISFIRE CYLINDER 2" address="6c466" />
  <table name="(P0303) MISFIRE CYLINDER 3" address="6c467" />
  <table name="(P0304) MISFIRE CYLINDER 4" address="6c468" />
  <table name="(P0327) KNOCK SENSOR 1 LOW INPUT" address="6c430" />
  <table name="(P0328) KNOCK SENSOR 1 HIGH INPUT" address="6c431" />
  <table name="(P0335) CRANKSHAFT POS. SENSOR A MALFUNCTION" address="6c428" />
  <table name="(P0340) CAMSHAFT POS. SENSOR A MALFUNCTION_" address="6c4a7" />
  <table name="(P0345) CAMSHAFT POS. SENSOR A BANK 2" address="6c4a6" />
  <table name="(P0410) SECONDARY AIR PUMP SYSTEM" address="6c4c6" />
  <table name="(P0413) SECONDARY AIR PUMP A OPEN" address="6c4ca" />
  <table name="(P0414) SECONDARY AIR PUMP A SHORTED" address="6c4cd" />
  <table name="(P0418) SECONDARY AIR PUMP RELAY A" address="6c4cb" />
  <table name="(P0420) CAT EFFICIENCY BELOW THRESHOLD" address="6c460" />
  <table name="(P0458) EVAP PURGE VALVE CIRCUIT LOW" address="6c455" />
  <table name="(P0459) EVAP PURGE VALVE CIRCUIT HIGH" address="6c456" />
  <table name="(P0462) FUEL LEVEL SENSOR LOW INPUT" address="6c439" />
  <table name="(P0463) FUEL LEVEL SENSOR HIGH INPUT" address="6c43a" />
  <table name="(P0502) VEHICLE SPEED SENSOR LOW INPUT" address="6c48a" />
  <table name="(P0503) VEHICLE SPEED SENSOR INTERMITTENT" address="6c491" />
  <table name="(P0512) STARTER REQUEST CIRCUIT" address="6c43e" />
  <table name="(P0519) IDLE CONTROL MALFUNCTION (FAIL-SAFE)" address="6c48d" />
  <table name="(P0604) CONTROL MODULE RAM ERROR" address="6c42c" />
  <table name="(P0605) CONTROL MODULE ROM ERROR" address="6c4a8" />
  <table name="(P0607) CONTROL MODULE PERFORMANCE" address="6c49b" />
  <table name="(P0638) THROTTLE ACTUATOR RANGE/PERF" address="6c49a" />
  <table name="(P0691) RADIATOR FAN CIRCUIT LOW" address="6c44b" />
  <table name="(P0692) RADIATOR FAN CIRCUIT HIGH" address="6c44c" />
  <table name="(P0851) NEUTRAL SWITCH INPUT LOW" address="6c442" />
  <table name="(P0852) NEUTRAL SWITCH INPUT HIGH" address="6c446" />
  <table name="(P1160) ABNORMAL RETURN SPRING" address="6c495" />
  <table name="(P1410) SECONDARY AIR PUMP VALVE STUCK OPEN" address="6c4d1" />
  <table name="(P1418) SECONDARY AIR PUMP CIRCUIT SHORTED" address="6c4ce" />
  <table name="(P1518) STARTER SWITCH LOW INPUT" address="6c43d" />
  <table name="(P1560) BACK-UP VOLTAGE MALFUNCTION" address="6c47c" />
  <table name="(P2004) TGV - INTAKE MANIFOLD RUNNER 1 STUCK OPEN" address="6c4b4" />
  <table name="(P2005) TGV - INTAKE MANIFOLD RUNNER 2 STUCK OPEN" address="6c4b6" />
  <table name="(P2006) TGV - INTAKE MANIFOLD RUNNER 1 STUCK CLOSED" address="6c4b5" />
  <table name="(P2007) TGV - INTAKE MANIFOLD RUNNER 2 STUCK CLOSED" address="6c4b7" />
  <table name="(P2008) TGV - INTAKE MANIFOLD RUNNER 1 CIRCUIT OPEN" address="6c4c2" />
  <table name="(P2009) TGV - INTAKE MANIFOLD RUNNER 1 CIRCUIT LOW" address="6c4c0" />
  <table name="(P2011) TGV - INTAKE MANIFOLD RUNNER 2 CIRCUIT OPEN" address="6c4c3" />
  <table name="(P2012) TGV - INTAKE MANIFOLD RUNNER 2 CIRCUIT LOW" address="6c4c1" />
  <table name="(P2016) TGV - INTAKE MANIFOLD RUNNER 1 POS. SENSOR LOW" address="6c4bc" />
  <table name="(P2017) TGV - INTAKE MANIFOLD RUNNER 1 POS. SENSOR HIGH" address="6c4bd" />
  <table name="(P2021) TGV - INTAKE MANIFOLD RUNNER 2 POS. SENSOR LOW" address="6c4be" />
  <table name="(P2022) TGV - INTAKE MANIFOLD RUNNER 2 POS. SENSOR HIGH" address="6c4bf" />
  <table name="(P2088) OCV SOLENOID A1 CIRCUIT OPEN" address="6c4b0" />
  <table name="(P2089) OCV SOLENOID A1 CIRCUIT SHORT" address="6c4af" />
  <table name="(P2092) OCV SOLENOID A2 CIRCUIT OPEN" address="6c4ae" />
  <table name="(P2093) OCV SOLENOID A2 CIRCUIT SHORT" address="6c4ad" />
  <table name="(P2101) THROTTLE ACTUATOR CIRCUIT RANGE/PERF" address="6c498" />
  <table name="(P2102) THROTTLE ACTUATOR CIRCUIT LOW" address="6c496" />
  <table name="(P2103) THROTTLE ACTUATOR CIRCUIT HIGH" address="6c497" />
  <table name="(P2109) TPS A MINIMUM STOP PERF" address="6c492" />
  <table name="(P2122) TPS D CIRCUIT LOW INPUT" address="6c49f" />
  <table name="(P2123) TPS D CIRCUIT HIGH INPUT" address="6c4a0" />
  <table name="(P2127) TPS E CIRCUIT LOW INPUT" address="6c49d" />
  <table name="(P2128) TPS E CIRCUIT HIGH INPUT" address="6c49e" />
  <table name="(P2135) TPS A/B VOLTAGE" address="6c4a1" />
  <table name="(P2138) TPS D/E VOLTAGE" address="6c49c" />
  <table name="(P2228) BARO. PRESSURE CIRCUIT LOW INPUT" address="6c4bb" />
  <table name="(P2229) BARO. PRESSURE CIRCUIT HIGH INPUT" address="6c4ba" />
  <table name="(P2432) SECONDARY AIR PUMP CIRCUIT LOW" address="6c4c9" />
  <table name="(P2433) SECONDARY AIR PUMP CIRCUIT HIGH" address="6c4c8" />
  <table name="(P2440) SECONDARY AIR PUMP VALVE 1 STUCK OPEN" address="6c4d5" />
  <table name="(P2441) SECONDARY AIR PUMP VALVE 1 STUCK CLOSED" address="6c4d4" />
  <table name="(P2444) SECONDARY AIR PUMP 1 STUCK ON B1" address="6c4c4" />
  <table name="(P2503) CHARGING SYSTEM VOLTAGE LOW" address="6c4b3" />
  <table name="(P2504) CHARGING SYSTEM VOLTAGE HIGH" address="6c4b2" />
</rom>