<rom>
  <romid>
    <xmlid>A8DK100V</xmlid>
    <internalidaddress>2000</internalidaddress>
    <internalidstring>A8DK100V</internalidstring>
    <ecuid>4D52594006</ecuid>
    <year>07</year>
    <market>ADM</market>
    <make>Subaru</make>
    <model>Impreza</model>
    <submodel>STi</submodel>
    <transmission>MT</transmission>
    <memmodel>SH7058</memmodel>
    <flashmethod>sti05</flashmethod>
    <checksummodule>subarudbw</checksummodule>
  </romid>
  <include>32BITBASE</include>
  <table name="Target Boost" address="c0d38">
    <table name="X" address="c0ce0" />
    <table name="Y" address="c0d00" elements="14" />
  </table>
  <table name="Target Boost Compensation (ECT)" address="c088c">
    <table name="Y" address="c06e4" />
  </table>
  <table name="Target Boost Compensation (1st Gear)" address="c06dc" />
  <table name="Target Boost Compensation (1st Gear) Speed Disable" address="c06d8" />
  <table name="Target Boost Compensation (Atm. Pressure) Multiplier" address="c0994">
    <table name="Y" address="c0984" />
  </table>
  <table name="Target Boost Compensation (Atm. Pressure) Multiplier Offset" address="c08c0">
    <table name="Y" address="c08b0" />
  </table>
  <table name="Boost Limit (Fuel Cut)" address="c8020">
    <table name="Y" address="c8008" />
  </table>
  <table name="Boost Control Disable (IAM)" address="c06cc" />
  <table name="Boost Control Disable (Fine Correction)" address="c06c8" />
  <table name="Boost Control Disable Delay (Fine Correction)" address="c0669" />
  <table name="Initial Wastegate Duty" address="c0af8">
    <table name="X" address="c0ab0" />
    <table name="Y" address="c0ad0" elements="10" />
  </table>
  <table name="Max Wastegate Duty" address="c0bf8">
    <table name="X" address="c0bb0" />
    <table name="Y" address="c0bd0" elements="10" />
  </table>
  <table name="Max Wastegate Duty Limit Post-Compensation" address="17b9c" />
  <table name="Initial/Max Wastegate Duty Compensation (IAT)" address="c07ac">
    <table name="Y" address="c076c" />
  </table>
  <table name="Initial/Max Wastegate Duty Compensation (ECT)" address="c086c">
    <table name="Y" address="c06e4" />
  </table>
  <table name="Initial/Max Wastegate Duty Compensation (Atm. Pressure)" address="c0a50">
    <table name="X" address="c0a28" />
    <table name="Y" address="c0a40" />
  </table>
  <table name="Turbo Dynamics Proportional" address="c08e8">
    <table name="Y" address="c08c4" />
  </table>
  <table name="Turbo Dynamics Integral Positive" address="c0958">
    <table name="Y" address="c0934" />
  </table>
  <table name="Turbo Dynamics Integral Negative" address="c0920">
    <table name="Y" address="c08fc" />
  </table>
  <table name="TD Proportional Compensation (IAT)" address="c0734">
    <table name="Y" address="c0724" />
  </table>
  <table name="TD Integral Positive Compensation (IAT)" address="c075c">
    <table name="Y" address="c074c" />
  </table>
  <table name="TD Integral Negative Compensation (IAT)" address="c0748">
    <table name="Y" address="c0738" />
  </table>
  <table name="TD Activation Thresholds (RPM)" address="c06a0" />
  <table name="TD Activation Thresholds (Target Boost)" address="c067c" />
  <table name="TD Integral Cumulative Range (WGDC Correction)" address="c06a8" />
  <table name="TD Integral Negative Activation (Boost Error)" address="c0688" />
  <table name="TD Integral Positive Activation (Boost Error)" address="c0690" />
  <table name="TD Integral Positive Activation (Wastegate Duty)" address="c0694" />
  <table name="Manifold Pressure Sensor Scaling" address="c028c" />
  <table name="Manifold Pressure Sensor Limits (CEL)" address="ccd16" />
  <table name="Manifold Pressure Sensor CEL Delays" address="c2b01" />
  <table name="Primary Open Loop Fueling" address="c890c">
    <table name="X" address="c8878" elements="19" />
    <table name="Y" address="c88c4" />
  </table>
  <table name="Primary Open Loop Fueling (Failsafe)" address="c8b0c">
    <table name="X" address="c8a78" elements="19" />
    <table name="Y" address="c8ac4" />
  </table>
  <table name="Primary Open Loop Fuel Map Switch (IAM)" address="c6dac" />
  <table name="Minimum Active Primary Open Loop Enrichment" address="c6db0" />
  <table name="Minimum Primary Open Loop Enrichment (Throttle)" address="c74fc">
    <table name="Y" address="c74e4" />
  </table>
  <table name="Primary Open Loop Fueling Compensation (ECT)" address="c7e6c">
    <table name="Y" address="c716c" />
  </table>
  <table name="Primary Open Loop Fueling Compensation (Timing Compensation)" address="c748c">
    <table name="Y" address="c7474" />
  </table>
  <table name="Front Oxygen Sensor Scaling" address="cd280">
    <table name="Y" address="cd24c" />
  </table>
  <table name="Front Oxygen Sensor Rich Limit" address="22b64" />
  <table name="Front Oxygen Sensor Compensation (Atm. Pressure)" address="c200c">
    <table name="Y" address="c1ffc" />
  </table>
  <table name="CL Fueling Target Compensation A (Load)" address="c9580">
    <table name="X" address="c952c" />
    <table name="Y" address="c9558" />
  </table>
  <table name="CL Fueling Target Compensation B (Load)" address="c96c8">
    <table name="X" address="c9674" />
    <table name="Y" address="c96a0" elements="10" />
  </table>
  <table name="CL Fueling Target Compensation A (ECT)" address="c9400">
    <table name="X" address="c716c" />
    <table name="Y" address="c93f4" />
  </table>
  <table name="CL Fueling Target Compensation B (ECT)" address="c94b4">
    <table name="X" address="c716c" />
    <table name="Y" address="c94a8" />
  </table>
  <table name="CL to OL Delay" address="c69fe">
    <table name="Y" elements="2" />
  </table>
  <table name="CL to OL Transition with Delay (Throttle)" address="c74d4">
    <table name="Y" address="c7494" />
  </table>
  <table name="CL to OL Transition with Delay Throttle Hysteresis" address="c6db4" />
  <table name="CL to OL Transition with Delay (Base Pulse Width)" address="c7d98">
    <table name="Y" address="c7d58" />
  </table>
  <table name="CL to OL Transition with Delay BPW Hysteresis" address="c6db8" />
  <table name="CL to OL Transition Counter Step Value (MAF)" address="c7de0">
    <table name="Y" address="c7db8" />
  </table>
  <table name="CL Delay Maximum (Throttle)" address="c6e30" />
  <table name="CL Delay Maximum (Vehicle Speed)" address="c6e34" />
  <table name="CL Delay Minimum (ECT)" address="c6dbc" />
  <table name="CL Delay Maximum (Engine Load)" address="c6e44" />
  <table name="CL Delay Engine Load Counter Threshold" address="c69fa" />
  <table name="CL Delay Maximum Engine Speed (Per Gear)" address="c6dc0" />
  <table name="CL Delay Maximum Engine Speed (Neutral)" address="c6e10" />
  <table name="Injector Latency" address="c8340">
    <table name="Y" address="c832c" />
  </table>
  <table name="Injector Flow Scaling" address="c6b00" />
  <table name="Per Injector Pulse Width Compensation A" address="c8ce8">
    <table name="X" address="c8c64" />
    <table name="Y" address="c8ca8" />
  </table>
  <table name="Per Injector Pulse Width Compensation B" address="c8e7c">
    <table name="X" address="c8df8" />
    <table name="Y" address="c8e3c" />
  </table>
  <table name="Per Injector Pulse Width Compensation C" address="c9010">
    <table name="X" address="c8f8c" />
    <table name="Y" address="c8fd0" />
  </table>
  <table name="Per Injector Pulse Width Compensation D" address="c91a4">
    <table name="X" address="c9120" />
    <table name="Y" address="c9164" />
  </table>
  <table name="Cranking Fuel Injector Pulse Width A (ECT)" address="c771a">
    <table name="Y" address="c716c" />
  </table>
  <table name="Cranking Fuel Injector Pulse Width B (ECT)" address="c773a">
    <table name="Y" address="c716c" />
  </table>
  <table name="Cranking Fuel Injector Pulse Width C (ECT)" address="c775a">
    <table name="Y" address="c716c" />
  </table>
  <table name="Cranking Fuel Injector Pulse Width D (ECT)" address="c777a">
    <table name="Y" address="c716c" />
  </table>
  <table name="Cranking Fuel Injector Pulse Width E (ECT)" address="c779a">
    <table name="Y" address="c716c" />
  </table>
  <table name="Cranking Fuel Injector Pulse Width F (ECT)" address="c77ba">
    <table name="Y" address="c716c" />
  </table>
  <table name="Cranking Fuel IPW Compensation A (RPM)" address="c85d4">
    <table name="X" address="c85a4" />
    <table name="Y" address="c85b8" />
  </table>
  <table name="Cranking Fuel IPW Compensation B (RPM)" address="c863c">
    <table name="X" address="c860c" />
    <table name="Y" address="c8620" />
  </table>
  <table name="Cranking Fuel IPW Compensation (Accelerator)" address="c7268">
    <table name="Y" address="c7250" />
  </table>
  <table name="Throttle Tip-in Enrichment" address="c7f74">
    <table name="Y" address="c7f2c" />
  </table>
  <table name="Minimum Tip-in Enrichment Activation" address="c6f38" />
  <table name="Minimum Tip-in Enrichment Activation (Throttle)" address="c6f30" />
  <table name="Tip-in Enrichment Compensation (Boost Error)" address="c7580">
    <table name="Y" address="c755c" />
  </table>
  <table name="Tip-in Enrichment Compensation (ECT)" address="c7f98">
    <table name="Y" address="c716c" />
  </table>
  <table name="Tip-in Enrichment Disable Applied Counter Threshold" address="c69c2" />
  <table name="Tip-in Enrichment Applied Counter Reset" address="c69c3" />
  <table name="Tip-in Enrichment Disable Throttle Cumulative Threshold" address="c6f34" />
  <table name="Tip-in Throttle Cumulative Reset" address="c69c4" />
  <table name="Min Primary Base Enrichment 1 A" address="c86f0">
    <table name="X" address="c716c" />
    <table name="Y" address="c86d0" />
  </table>
  <table name="Min Primary Base Enrichment 1 B" address="c8790">
    <table name="X" address="c716c" />
    <table name="Y" address="c8770" />
  </table>
  <table name="Min Primary Base Enrichment 1 (Non-Primary OL)" address="c8844">
    <table name="X" address="c8810" />
    <table name="Y" address="c8838" />
  </table>
  <table name="Min Primary Base Enrich 2 Initial Start 1A" address="c785a">
    <table name="Y" address="c716c" />
  </table>
  <table name="Min Primary Base Enrich 2 Initial Start 1B" address="c789a">
    <table name="Y" address="c716c" />
  </table>
  <table name="Min Primary Base Enrich 2 Initial Start 2A" address="c787a">
    <table name="Y" address="c716c" />
  </table>
  <table name="Min Primary Base Enrich 2 Initial Start 2B" address="c78ba">
    <table name="Y" address="c716c" />
  </table>
  <table name="Min Primary Base Enrich 2 Decay Step 1" address="c78da">
    <table name="Y" address="c716c" />
  </table>
  <table name="Min Primary Base Enrich 2 Decay Step 2" address="c78fa">
    <table name="Y" address="c716c" />
  </table>
  <table name="Min Primary Base Enrich 3 Initial Start 1A" address="c77da">
    <table name="Y" address="c716c" />
  </table>
  <table name="Min Primary Base Enrich 3 Initial Start 1B" address="c77fa">
    <table name="Y" address="c716c" />
  </table>
  <table name="Min Primary Base Enrich 3 Initial Start 2A" address="c781a">
    <table name="Y" address="c716c" />
  </table>
  <table name="Min Primary Base Enrich 3 Initial Start 2B" address="c783a">
    <table name="Y" address="c716c" />
  </table>
  <table name="Min Primary Base Enrich 3 Decay Delay A" address="c727e">
    <table name="Y" address="c716c" />
  </table>
  <table name="Min Primary Base Enrich 3 Decay Delay B" address="c728e">
    <table name="Y" address="c716c" />
  </table>
  <table name="Min Primary Base Enrich 3 Decay Multiplier" address="c6b04" />
  <table name="A/F Learning #1 Limits" address="c6d80" />
  <table name="A/F Learning #1 Airflow Ranges" address="c6d90" />
  <table name="MAF Limit (Maximum)" address="c1ae0" />
  <table name="MAF Sensor Scaling" address="cd170">
    <table name="Y" address="cd094" elements="55" />
  </table>
  <table name="MAF Compensation (IAT)" address="c2484">
    <table name="X" address="c2450" />
    <table name="Y" address="c2464" />
  </table>
  <table name="Engine Load Limit (Maximum)" address="20bb8" />
  <table name="Engine Load Compensation (MP)" address="c2508">
    <table name="X" address="c24ac" />
    <table name="Y" address="c24d8" elements="12" />
  </table>
  <table name="Base Timing" address="cac78">
    <table name="X" address="cabe4" elements="19" />
    <table name="Y" address="cac30" />
  </table>
  <table name="Base Timing Idle A (In-Gear)" address="ca4d9">
    <table name="Y" address="ca398" />
  </table>
  <table name="Base Timing Idle B (In-Gear)" address="ca4e9">
    <table name="Y" address="ca398" />
  </table>
  <table name="Base Timing Idle A (Neutral)" address="ca4f9">
    <table name="Y" address="ca398" />
  </table>
  <table name="Base Timing Idle B (Neutral)" address="ca509">
    <table name="Y" address="ca398" />
  </table>
  <table name="Base Timing Idle Minimum" address="ca4d0">
    <table name="Y" address="ca4ac" />
  </table>
  <table name="Base Timing Idle Minimum Vehicle Speed Enable" address="ca0bc" />
  <table name="Base Timing Alternate (ECT)" address="ca418">
    <table name="Y" address="ca398" />
  </table>
  <table name="Knock Correction Advance Max" address="cb2a0">
    <table name="X" address="cb20c" elements="19" />
    <table name="Y" address="cb258" />
  </table>
  <table name="Timing Compensation A (IAT)" address="ca58c">
    <table name="Y" address="ca54c" />
  </table>
  <table name="Timing Compensation A (IAT) Activation" address="cae10">
    <table name="X" address="cadd0" />
    <table name="Y" address="cadf0" />
  </table>
  <table name="Timing Compensation B (IAT)" address="ca8b0">
    <table name="Y" address="ca870" />
  </table>
  <table name="Timing Compensation B (IAT) IAM Activation" address="ca394" />
  <table name="Timing Compensation B (IAT) Max Additive" address="ca378" />
  <table name="Timing Compensation (ECT)" address="ca539">
    <table name="Y" address="ca398" />
  </table>
  <table name="Timing Compensation (MRP)" address="cb42c">
    <table name="X" address="cb40c" />
    <table name="Y" address="cb420" />
  </table>
  <table name="Timing Compensation Per Cylinder A" address="cb020">
    <table name="X" address="cafd8" />
    <table name="Y" address="cb010" />
  </table>
  <table name="Timing Compensation Per Cylinder B" address="cb0a0">
    <table name="X" address="cb058" />
    <table name="Y" address="cb090" />
  </table>
  <table name="Timing Compensation Per Cylinder C" address="cb120">
    <table name="X" address="cb0d8" />
    <table name="Y" address="cb110" />
  </table>
  <table name="Timing Compensation Per Cylinder D" address="cb1a0">
    <table name="X" address="cb158" />
    <table name="Y" address="cb190" />
  </table>
  <table name="Timing Comp Minimum Load (Per Cylinder)" address="ca1f0" />
  <table name="Timing Comp Maximum RPM (Per Cylinder)" address="ca1ec" />
  <table name="Timing Comp Minimum Coolant Temp (Per Cylinder)" address="ca1f4" />
  <table name="Feedback Correction Range (RPM)" address="ca200" />
  <table name="Feedback Correction Minimum Load" address="ca1f8" />
  <table name="Feedback Correction Retard Value" address="ca21c" />
  <table name="Feedback Correction Retard Limit" address="ca218" />
  <table name="Feedback Correction Negative Advance Value" address="ca224" />
  <table name="Feedback Correction Negative Advance Delay" address="c9fe6" />
  <table name="Extended Feedback Correction High RPM Compensation" address="ca22c" />
  <table name="Fine Correction Minimum (RPM)" address="ca238" />
  <table name="Fine Correction Maximum (RPM)" address="ca358" />
  <table name="Fine Correction Range (Load)" address="ca360" />
  <table name="Fine Correction Rows (RPM)" address="ca328" />
  <table name="Fine Correction Columns (Load)" address="ca318" />
  <table name="Fine Correction Retard Value" address="ca354" />
  <table name="Fine Correction Retard Limit" address="ca350" />
  <table name="Fine Correction Advance Value" address="ca34c" />
  <table name="Fine Correction Advance Limit" address="ca348" />
  <table name="Fine Correction Advance Delay" address="c9ff4" />
  <table name="Rough Correction Range (RPM)" address="ca2c8" />
  <table name="Rough Correction Range (Load)" address="ca2d8" />
  <table name="Rough Correction Minimum KC Advance Map Value" address="ca2e8" />
  <table name="Rough Correction Learning Delay (Increasing)" address="ca864">
    <table name="Y" address="ca83c" />
  </table>
  <table name="Advance Multiplier (Initial)" address="ca2ec" />
  <table name="Advance Multiplier Step Value" address="ca2f0" />
  <table name="Intake Cam Advance Angle (AVCS)" address="cec80">
    <table name="X" address="cebec" elements="19" />
    <table name="Y" address="cec38" />
  </table>
  <table name="Requested Torque (Accelerator Pedal)" address="dc238">
    <table name="X" address="dc1b4" />
    <table name="Y" address="dc1f0" elements="18" />
  </table>
  <table name="Target Throttle Plate Position (Requested Torque)" address="dbcf0">
    <table name="X" address="dbc6c" />
    <table name="Y" address="dbcb0" />
  </table>
  <table name="Target Throttle Plate Position Maximum (Requested Torque)" address="dbf94">
    <table name="X" address="dbf10" />
    <table name="Y" address="dbf54" />
  </table>
  <table name="Rev Limit (Fuel Cut)" address="c6f80" />
  <table name="Rev Limit Fuel Resume (Boost)" address="c6f88" />
  <table name="Speed Limiting Enable (Fuel Cut)" address="c6fd0" />
  <table name="Speed Limiting Disable (Fuel Cut)" address="c6fdc" />
  <table name="Speed Limiting (Throttle)" address="db83c" />
  <table name="Intake Temp Sensor Scaling" address="85490">
    <table name="Y" address="85418" />
  </table>
  <table name="Coolant Temp Sensor Scaling" address="853a8">
    <table name="Y" address="85338" />
  </table>
  <table name="Atmospheric Pressure Sensor Scaling" address="c0250" />
  <table name="Radiator Fan Modes A (ECT)" address="cda08" />
  <table name="Radiator Fan Modes B (ECT)" address="cda18" />
  <table name="Radiator Fan Modes (Veh. Speed)" address="cda28" />
  <table name="Gear Determination Thresholds" address="c1d24" />
  <table name="Idle Speed Target A" address="cbde8">
    <table name="Y" address="cba0c" />
  </table>
  <table name="Idle Speed Target B" address="cbe28">
    <table name="Y" address="cba0c" />
  </table>
  <table name="Idle Speed Target C" address="cbe68">
    <table name="Y" address="cba0c" />
  </table>
  <table name="Force Pass Readiness Monitors" address="7ef8e" />
  <table name="(P0000) PASS CODE (NO DTC DETECTED)" address="73ff1" />
  <table name="(P0000) PASS CODE (NO DTC DETECTED)_" address="73ff2" />
  <table name="(P0011) CAMSHAFT POS. - TIMING OVER-ADVANCED 1" address="73fd5" />
  <table name="(P0021) CAMSHAFT POS. - TIMING OVER-ADVANCED 2" address="73fd6" />
  <table name="(P0030) FRONT O2 SENSOR RANGE/PERF" address="7401f" />
  <table name="(P0031) FRONT O2 SENSOR LOW INPUT" address="74000" />
  <table name="(P0032) FRONT O2 SENSOR HIGH INPUT" address="73ffe" />
  <table name="(P0037) REAR O2 SENSOR LOW INPUT" address="73fff" />
  <table name="(P0038) REAR O2 SENSOR HIGH INPUT" address="73ffd" />
  <table name="(P0102) MAF SENSOR LOW INPUT" address="73fad" />
  <table name="(P0103) MAF SENSOR HIGH INPUT" address="73fae" />
  <table name="(P0107) MAP SENSOR LOW INPUT" address="74001" />
  <table name="(P0108) MAP SENSOR HIGH INPUT" address="74002" />
  <table name="(P0112) IAT SENSOR LOW INPUT" address="73ffa" />
  <table name="(P0113) IAT SENSOR HIGH INPUT" address="73ffb" />
  <table name="(P0117) COOLANT TEMP SENSOR LOW INPUT" address="73fb6" />
  <table name="(P0118) COOLANT TEMP SENSOR HIGH INPUT" address="73fb7" />
  <table name="(P0122) TPS A LOW INPUT" address="73fb4" />
  <table name="(P0123) TPS A HIGH INPUT" address="73fb5" />
  <table name="(P0125) INSUFFICIENT COOLANT TEMP (FUELING)" address="73fb9" />
  <table name="(P0131) FRONT O2 SENSOR LOW INPUT" address="73ff4" />
  <table name="(P0132) FRONT O2 SENSOR HIGH INPUT" address="73ff6" />
  <table name="(P0133) FRONT O2 SENSOR SLOW RESPONSE" address="73fde" />
  <table name="(P0134) FRONT O2 SENSOR NO ACTIVITY" address="7401d" />
  <table name="(P0140) REAR O2 SENSOR NO ACTIVITY" address="7406b" />
  <table name="(P0171) SYSTEM TOO LEAN" address="73fe8" />
  <table name="(P0172) SYSTEM TOO RICH" address="73fe9" />
  <table name="(P0222) TPS B LOW INPUT" address="74027" />
  <table name="(P0223) TPS B HIGH INPUT" address="74028" />
  <table name="(P0230) FUEL PUMP PRIMARY CIRCUIT" address="74018" />
  <table name="(P0244) WASTEGATE SOLENOID A RANGE/PERF" address="7400e" />
  <table name="(P0245) WASTEGATE SOLENOID A LOW" address="7400c" />
  <table name="(P0246) WASTEGATE SOLENOID A HIGH" address="7400d" />
  <table name="(P0301) MISFIRE CYLINDER 1" address="73fea" />
  <table name="(P0302) MISFIRE CYLINDER 2" address="73feb" />
  <table name="(P0303) MISFIRE CYLINDER 3" address="73fec" />
  <table name="(P0304) MISFIRE CYLINDER 4" address="73fed" />
  <table name="(P0327) KNOCK SENSOR 1 LOW INPUT" address="73fb2" />
  <table name="(P0328) KNOCK SENSOR 1 HIGH INPUT" address="73fb3" />
  <table name="(P0335) CRANKSHAFT POS. SENSOR A MALFUNCTION" address="73fa8" />
  <table name="(P0340) CAMSHAFT POS. SENSOR A MALFUNCTION_" address="7403b" />
  <table name="(P0345) CAMSHAFT POS. SENSOR A BANK 2" address="7403a" />
  <table name="(P0410) SECONDARY AIR PUMP SYSTEM" address="74065" />
  <table name="(P0413) SECONDARY AIR PUMP A OPEN" address="74069" />
  <table name="(P0414) SECONDARY AIR PUMP A SHORTED" address="7406e" />
  <table name="(P0418) SECONDARY AIR PUMP RELAY A" address="7406a" />
  <table name="(P0420) CAT EFFICIENCY BELOW THRESHOLD" address="73fe4" />
  <table name="(P0458) EVAP PURGE VALVE CIRCUIT LOW" address="73fd9" />
  <table name="(P0459) EVAP PURGE VALVE CIRCUIT HIGH" address="73fda" />
  <table name="(P0462) FUEL LEVEL SENSOR LOW INPUT" address="73fba" />
  <table name="(P0463) FUEL LEVEL SENSOR HIGH INPUT" address="73fbb" />
  <table name="(P0502) VEHICLE SPEED SENSOR LOW INPUT" address="74017" />
  <table name="(P0503) VEHICLE SPEED SENSOR INTERMITTENT" address="74020" />
  <table name="(P0512) STARTER REQUEST CIRCUIT" address="73fbf" />
  <table name="(P0519) IDLE CONTROL MALFUNCTION (FAIL-SAFE)" address="7401a" />
  <table name="(P0604) CONTROL MODULE RAM ERROR" address="73fac" />
  <table name="(P0605) CONTROL MODULE ROM ERROR" address="7403c" />
  <table name="(P0607) CONTROL MODULE PERFORMANCE" address="7402f" />
  <table name="(P0638) THROTTLE ACTUATOR RANGE/PERF" address="7402e" />
  <table name="(P0691) RADIATOR FAN CIRCUIT LOW" address="73fd2" />
  <table name="(P0692) RADIATOR FAN CIRCUIT HIGH" address="73fd3" />
  <table name="(P0851) NEUTRAL SWITCH INPUT LOW" address="73fc3" />
  <table name="(P0852) NEUTRAL SWITCH INPUT HIGH" address="73fc7" />
  <table name="(P1160) ABNORMAL RETURN SPRING" address="74029" />
  <table name="(P1410) SECONDARY AIR PUMP VALVE STUCK OPEN" address="74072" />
  <table name="(P1418) SECONDARY AIR PUMP CIRCUIT SHORTED" address="7406f" />
  <table name="(P1518) STARTER SWITCH LOW INPUT" address="73fbe" />
  <table name="(P1560) BACK-UP VOLTAGE MALFUNCTION" address="74009" />
  <table name="(P2004) TGV - INTAKE MANIFOLD RUNNER 1 STUCK OPEN" address="74053" />
  <table name="(P2005) TGV - INTAKE MANIFOLD RUNNER 2 STUCK OPEN" address="74055" />
  <table name="(P2006) TGV - INTAKE MANIFOLD RUNNER 1 STUCK CLOSED" address="74054" />
  <table name="(P2007) TGV - INTAKE MANIFOLD RUNNER 2 STUCK CLOSED" address="74056" />
  <table name="(P2008) TGV - INTAKE MANIFOLD RUNNER 1 CIRCUIT OPEN" address="74061" />
  <table name="(P2009) TGV - INTAKE MANIFOLD RUNNER 1 CIRCUIT LOW" address="7405f" />
  <table name="(P2011) TGV - INTAKE MANIFOLD RUNNER 2 CIRCUIT OPEN" address="74062" />
  <table name="(P2012) TGV - INTAKE MANIFOLD RUNNER 2 CIRCUIT LOW" address="74060" />
  <table name="(P2016) TGV - INTAKE MANIFOLD RUNNER 1 POS. SENSOR LOW" address="7405b" />
  <table name="(P2017) TGV - INTAKE MANIFOLD RUNNER 1 POS. SENSOR HIGH" address="7405c" />
  <table name="(P2021) TGV - INTAKE MANIFOLD RUNNER 2 POS. SENSOR LOW" address="7405d" />
  <table name="(P2022) TGV - INTAKE MANIFOLD RUNNER 2 POS. SENSOR HIGH" address="7405e" />
  <table name="(P2088) OCV SOLENOID A1 CIRCUIT OPEN" address="74044" />
  <table name="(P2089) OCV SOLENOID A1 CIRCUIT SHORT" address="74043" />
  <table name="(P2092) OCV SOLENOID A2 CIRCUIT OPEN" address="74042" />
  <table name="(P2093) OCV SOLENOID A2 CIRCUIT SHORT" address="74041" />
  <table name="(P2101) THROTTLE ACTUATOR CIRCUIT RANGE/PERF" address="7402c" />
  <table name="(P2102) THROTTLE ACTUATOR CIRCUIT LOW" address="7402a" />
  <table name="(P2103) THROTTLE ACTUATOR CIRCUIT HIGH" address="7402b" />
  <table name="(P2109) TPS A MINIMUM STOP PERF" address="74026" />
  <table name="(P2122) TPS D CIRCUIT LOW INPUT" address="74033" />
  <table name="(P2123) TPS D CIRCUIT HIGH INPUT" address="74034" />
  <table name="(P2127) TPS E CIRCUIT LOW INPUT" address="74031" />
  <table name="(P2128) TPS E CIRCUIT HIGH INPUT" address="74032" />
  <table name="(P2135) TPS A/B VOLTAGE" address="74035" />
  <table name="(P2138) TPS D/E VOLTAGE" address="74030" />
  <table name="(P2228) BARO. PRESSURE CIRCUIT LOW INPUT" address="7405a" />
  <table name="(P2229) BARO. PRESSURE CIRCUIT HIGH INPUT" address="74059" />
  <table name="(P2432) SECONDARY AIR PUMP CIRCUIT LOW" address="74068" />
  <table name="(P2433) SECONDARY AIR PUMP CIRCUIT HIGH" address="74067" />
  <table name="(P2440) SECONDARY AIR PUMP VALVE 1 STUCK OPEN" address="74076" />
  <table name="(P2441) SECONDARY AIR PUMP VALVE 1 STUCK CLOSED" address="74075" />
  <table name="(P2444) SECONDARY AIR PUMP 1 STUCK ON B1" address="74063" />
  <table name="(P2503) CHARGING SYSTEM VOLTAGE LOW" address="74052" />
  <table name="(P2504) CHARGING SYSTEM VOLTAGE HIGH" address="74051" />
</rom>