<rom>
  <romid>
    <xmlid>Z1G20000</xmlid>
    <internalidaddress>2004</internalidaddress>
    <internalidstring>Z1G20000</internalidstring>
    <ecuid>5A4278A107</ecuid>
    <year>08/09</year>
    <market>EDM</market>
    <make>Subaru</make>
    <model>Impreza</model>
    <submodel>STi</submodel>
    <transmission>MT</transmission>
    <memmodel>SH7058</memmodel>
    <flashmethod>subarucan</flashmethod>
    <checksummodule>subarudbw</checksummodule>
  </romid>
  <include>AZ1G201G</include>
</rom>