<rom>
  <romid>
    <xmlid>D0XJ001M</xmlid>
    <internalidaddress>2000</internalidaddress>
    <internalidstring>D0XJ001M</internalidstring>
    <ecuid>455A384006</ecuid>
    <year>06</year>
    <market>ADM</market>
    <make>Subaru</make>
    <model>Liberty</model>
    <submodel>3.0R</submodel>
    <transmission>MT</transmission>
    <memmodel>SH7058</memmodel>
    <flashmethod>sti05</flashmethod>
    <checksummodule>subarudbw</checksummodule>
  </romid>
  <include>32BITBASE</include>
  <table name="Manifold Pressure Sensor Scaling" address="c0274" />
  <table name="Manifold Pressure Sensor Limits (CEL)" address="c9c84" />
  <table name="Manifold Pressure Sensor CEL Delays" address="c28a0" />
  <table name="Primary Open Loop Fueling A_" address="c5eb8">
    <table name="X" address="c5e58" elements="14" />
    <table name="Y" address="c5e90" elements="10" />
  </table>
  <table name="Primary Open Loop Fueling B_" address="c5fa4">
    <table name="X" address="c5f44" elements="14" />
    <table name="Y" address="c5f7c" elements="10" />
  </table>
  <table name="Front Oxygen Sensor #1 Scaling" address="ca08c">
    <table name="Y" address="ca058" />
  </table>
  <table name="Front Oxygen Sensor #2 Scaling" address="ca0f4">
    <table name="Y" address="ca0c0" />
  </table>
  <table name="Front Oxygen Sensor Rich Limit" address="1d650" />
  <table name="Front Oxygen Sensor Compensation (Atm. Pressure)" address="c190c">
    <table name="Y" address="c18fc" />
  </table>
  <table name="CL Fueling Target Compensation A (Load)" address="c610c">
    <table name="X" address="c60b4" elements="9" />
    <table name="Y" address="c60d8" elements="13" />
  </table>
  <table name="CL Fueling Target Compensation B (Load)" address="c6250">
    <table name="X" address="c61f8" elements="9" />
    <table name="Y" address="c621c" elements="13" />
  </table>
  <table name="CL Fueling Target Compensation (ECT)_" address="c53e2">
    <table name="Y" address="c498c" />
  </table>
  <table name="CL Fueling Target Compensation (ECT) Disable" address="c4514" />
  <table name="CL to OL Delay (Atm. Pressure)" address="c5740">
    <table name="Y" address="c5738" elements="2" />
  </table>
  <table name="CL to OL Transition with Delay A (Throttle)" address="c4e34">
    <table name="Y" address="c4e2c" elements="2" />
  </table>
  <table name="CL to OL Transition with Delay B (Throttle)" address="c4e40">
    <table name="Y" address="c4e38" elements="2" />
  </table>
  <table name="CL to OL Transition with Delay Throttle Hysteresis" address="c46a4" />
  <table name="CL to OL Transition with Delay (Base Pulse Width)" address="c5754">
    <table name="Y" address="c5744" elements="4" />
  </table>
  <table name="CL to OL Transition with Delay BPW Hysteresis" address="c46a8" />
  <table name="CL Delay Minimum (ECT)" address="c46ac" />
  <table name="CL Delay Maximum Engine Speed A" address="c46b0" />
  <table name="CL Delay Maximum Engine Speed B" address="c46bc" />
  <table name="CL Delay Engine Speed B Counter Threshold" address="c4298" />
  <table name="CL Delay Maximum (Throttle) A" address="c46b8" />
  <table name="CL Delay Throttle A Counter Threshold" address="c4296" />
  <table name="Injector Latency_" address="ca5e0">
    <table name="X" address="ca5c0" />
    <table name="Y" address="ca5d4" />
  </table>
  <table name="Injector Flow Scaling_" address="c4438" />
  <table name="Cranking Fuel Injector Pulse Width A (ECT)" address="c4f7a">
    <table name="Y" address="c498c" />
  </table>
  <table name="Cranking Fuel Injector Pulse Width B (ECT)" address="c4f9a">
    <table name="Y" address="c498c" />
  </table>
  <table name="Cranking Fuel Injector Pulse Width C (ECT)" address="c4fba">
    <table name="Y" address="c498c" />
  </table>
  <table name="Cranking Fuel Injector Pulse Width D (ECT)" address="c4fda">
    <table name="Y" address="c498c" />
  </table>
  <table name="Cranking Fuel IPW Compensation (RPM)" address="c5c74">
    <table name="X" address="c5c30" />
    <table name="Y" address="c5c44" elements="12" />
  </table>
  <table name="Cranking Fuel IPW Compensation (MAP)" address="c4b8c">
    <table name="Y" address="c4b64" />
  </table>
  <table name="Cranking Fuel IPW Compensation (Accelerator)" address="c4bb0">
    <table name="Y" address="c4b98" />
  </table>
  <table name="Throttle Tip-in Enrichment A" address="c58d0">
    <table name="Y" address="c58bc" elements="5" />
  </table>
  <table name="Throttle Tip-in Enrichment B" address="c58f0">
    <table name="Y" address="c58dc" elements="5" />
  </table>
  <table name="Minimum Tip-in Enrichment Activation" address="c4858" />
  <table name="Minimum Tip-in Enrichment Activation (Throttle)" address="c4854" />
  <table name="Tip-in Enrichment Compensation (RPM)" address="c4ea0">
    <table name="Y" address="c4e7c" />
  </table>
  <table name="Tip-in Enrichment Compensation (MRP)" address="c4ecc">
    <table name="Y" address="c4eac" elements="8" />
  </table>
  <table name="Tip-in Enrichment Compensation A (ECT)" address="c4ed4">
    <table name="Y" address="c498c" />
  </table>
  <table name="Tip-in Enrichment Compensation B (ECT)" address="c58fa">
    <table name="Y" address="c498c" />
  </table>
  <table name="Tip-in Enrichment Compensation D (ECT)" address="c591a">
    <table name="Y" address="c49cc" />
  </table>
  <table name="Tip-in Enrichment Compensation D (ECT) Activation" address="c4860" />
  <table name="Tip-in Enrichment Disable Applied Counter Threshold" address="c423c" />
  <table name="Tip-in Enrichment Applied Counter Reset" address="c423d" />
  <table name="Tip-in Enrichment Disable Throttle Cumulative Threshold" address="c485c" />
  <table name="Tip-in Throttle Cumulative Reset" address="c423e" />
  <table name="A/F Learning Max Limit (ECT)" address="c562c">
    <table name="Y" address="c498c" />
  </table>
  <table name="A/F Learning Min Limit (ECT)" address="c560c">
    <table name="Y" address="c498c" />
  </table>
  <table name="A/F Learning Airflow Ranges" address="c459c" />
  <table name="MAF Limit (Maximum)_" address="c182c">
    <table name="Y" address="c1824" />
  </table>
  <table name="MAF Sensor Scaling" address="c9f48">
    <table name="Y" address="c9e98" elements="44" />
  </table>
  <table name="MAF Compensation (IAT)" address="c2180">
    <table name="X" address="c214c" />
    <table name="Y" address="c2160" />
  </table>
  <table name="Engine Load Limit (Maximum)" address="1bae4" />
  <table name="Engine Load Compensation (MP)" address="c20e0">
    <table name="X" address="c208c" elements="9" />
    <table name="Y" address="c20b0" elements="12" />
  </table>
  <table name="Base Timing A" address="c7c18">
    <table name="X" address="c6afc" />
    <table name="Y" address="c7be0" elements="14" />
  </table>
  <table name="Base Timing B" address="c7d24">
    <table name="X" address="c6afc" />
    <table name="Y" address="c7cec" elements="14" />
  </table>
  <table name="Base Timing C" address="c7e48">
    <table name="X" address="c6afc" />
    <table name="Y" address="c7df8" elements="20" />
  </table>
  <table name="Base Timing D" address="c7fc4">
    <table name="X" address="c6afc" />
    <table name="Y" address="c7f74" elements="20" />
  </table>
  <table name="Base Timing E" address="c8128">
    <table name="X" address="c6afc" />
    <table name="Y" address="c80f0" elements="14" />
  </table>
  <table name="Base Timing F" address="c8234">
    <table name="X" address="c6afc" />
    <table name="Y" address="c81fc" elements="14" />
  </table>
  <table name="Base Timing G" address="c8358">
    <table name="X" address="c6afc" />
    <table name="Y" address="c8308" elements="20" />
  </table>
  <table name="Base Timing H" address="c84d4">
    <table name="X" address="c6afc" />
    <table name="Y" address="c8484" elements="20" />
  </table>
  <table name="Base Timing Idle" address="c6ebc">
    <table name="Y" address="c6ad8" elements="9" />
  </table>
  <table name="Base Timing Idle (Below Speed Threshold)_" address="c6eb3">
    <table name="Y" address="c6ad8" />
  </table>
  <table name="Base Timing Idle (Above Speed Threshold)" address="c6eaa">
    <table name="Y" address="c6ad8" />
  </table>
  <table name="Base Timing Idle Vehicle Speed Threshold" address="c6954" />
  <table name="Knock Correction Advance Max A" address="c7954">
    <table name="X" address="c78e0" elements="15" />
    <table name="Y" address="c791c" elements="14" />
  </table>
  <table name="Knock Correction Advance Max B" address="c7ab4">
    <table name="X" address="c7a28" elements="15" />
    <table name="Y" address="c7a64" elements="20" />
  </table>
  <table name="Timing Compensation (IAT)" address="c6f94">
    <table name="Y" address="c6f78" elements="7" />
  </table>
  <table name="Timing Comp Min Load (IAT)" address="c6994" />
  <table name="Timing Compensation A (ECT)" address="c6f35">
    <table name="Y" address="c6b8c" />
  </table>
  <table name="Timing Compensation B (ECT)" address="c6f45">
    <table name="Y" address="c6b8c" />
  </table>
  <table name="Timing Compensation C (ECT)" address="c6f55">
    <table name="Y" address="c6b8c" />
  </table>
  <table name="Timing Compensation D (ECT)" address="c6f65">
    <table name="Y" address="c6b8c" />
  </table>
  <table name="Feedback Correction Range (RPM)" address="c67b8" />
  <table name="Feedback Correction Minimum Load_" address="c756c">
    <table name="Y" address="c7564" elements="2" />
  </table>
  <table name="Feedback Correction Retard Value" address="c67a4" />
  <table name="Feedback Correction Retard Limit" address="c67a0" />
  <table name="Feedback Correction Negative Advance Value" address="c67a8" />
  <table name="Feedback Correction Negative Advance Delay" address="c6758" />
  <table name="Fine Correction Range (RPM)" address="c682c" />
  <table name="Fine Correction Range (Load)" address="c683c" />
  <table name="Fine Correction Rows (RPM)_" address="c6868" />
  <table name="Fine Correction Columns (Load)_" address="c684c" />
  <table name="Fine Correction Retard Value_" address="c762c">
    <table name="Y" address="c75f8" />
  </table>
  <table name="Fine Correction Retard Limit" address="c6824" />
  <table name="Fine Correction Advance Value" address="c6828" />
  <table name="Fine Correction Advance Limit" address="c6820" />
  <table name="Fine Correction Advance Delay" address="c6760" />
  <table name="Rough Correction Range (RPM)" address="c67d8" />
  <table name="Rough Correction Range (Load)" address="c67e8" />
  <table name="Rough Correction Minimum KC Advance Map Value" address="c67f8" />
  <table name="Rough Correction Learning Delay (Increasing)" address="c6de4">
    <table name="Y" address="c6dbc" />
  </table>
  <table name="Advance Multiplier (Initial)" address="c67d4" />
  <table name="Advance Multiplier Step Value" address="c67fc" />
  <table name="Requested Torque A (Accelerator Pedal)" address="dc9d4">
    <table name="X" address="dc938" elements="19" />
    <table name="Y" address="dc984" elements="20" />
  </table>
  <table name="Requested Torque B (Accelerator Pedal)" address="dcd68">
    <table name="X" address="dcccc" elements="19" />
    <table name="Y" address="dcd18" elements="20" />
  </table>
  <table name="Target Throttle Plate Position A (Requested Torque)" address="dbe34">
    <table name="X" address="dbda8" elements="15" />
    <table name="Y" address="dbde4" elements="20" />
  </table>
  <table name="Target Throttle Plate Position B (Requested Torque)" address="dc118">
    <table name="X" address="dc08c" elements="15" />
    <table name="Y" address="dc0c8" elements="20" />
  </table>
  <table name="Target Throttle Plate Position C (Requested Torque)" address="dc3fc">
    <table name="X" address="dc370" elements="15" />
    <table name="Y" address="dc3ac" elements="20" />
  </table>
  <table name="Target Throttle Plate Position D (Requested Torque)" address="dc6e0">
    <table name="X" address="dc654" elements="15" />
    <table name="Y" address="dc690" elements="20" />
  </table>
  <table name="Rev Limit A" address="c48c4" />
  <table name="Rev Limit B" address="c48cc" />
  <table name="Fuel Temp Sensor Scaling" address="c9da0">
    <table name="Y" address="c9d28" />
  </table>
  <table name="Intake Temp Sensor Scaling" address="c04a8">
    <table name="Y" address="c0430" />
  </table>
  <table name="Coolant Temp Sensor Scaling" address="c03c0">
    <table name="Y" address="c0350" />
  </table>
  <table name="Radiator Fan Modes A (ECT)" address="ca798" />
  <table name="Radiator Fan Modes B (ECT)" address="ca7a8" />
  <table name="Radiator Fan Modes C (ECT)" address="ca7b8" />
  <table name="Radiator Fan Modes (Veh. Speed)" address="ca754" />
  <table name="Idle Speed Target A" address="c8e28">
    <table name="Y" address="c8b78" />
  </table>
  <table name="Idle Speed Target B" address="c8e48">
    <table name="Y" address="c8b78" />
  </table>
  <table name="Idle Speed Target C" address="c8e68">
    <table name="Y" address="c8b78" />
  </table>
  <table name="Idle Speed Target D" address="c8e88">
    <table name="Y" address="c8b78" />
  </table>
  <table name="Idle Speed Target E" address="c8ea8">
    <table name="Y" address="c8b78" />
  </table>
  <table name="Idle Speed Target F" address="c8ec8">
    <table name="Y" address="c8b78" />
  </table>
  <table name="Force Pass Readiness Monitors" address="710f2" />
  <table name="(P0000) PASS CODE (NO DTC DETECTED)" address="8004a" />
  <table name="(P0000) PASS CODE (NO DTC DETECTED)_" address="8004b" />
  <table name="(P0011) CAMSHAFT POS. - TIMING OVER-ADVANCED 1" address="8002e" />
  <table name="(P0021) CAMSHAFT POS. - TIMING OVER-ADVANCED 2" address="8002f" />
  <table name="(P0026) OSV SOLENOID VALVE CIRCUIT RANGE/PERF B1" address="8008f" />
  <table name="(P0028) OSV SOLENOID VALVE CIRCUIT RANGE/PERF B2" address="8008c" />
  <table name="(P0030) FRONT O2 SENSOR RANGE/PERF" address="80069" />
  <table name="(P0031) FRONT O2 SENSOR LOW INPUT" address="80059" />
  <table name="(P0032) FRONT O2 SENSOR HIGH INPUT" address="80057" />
  <table name="(P0037) REAR O2 SENSOR LOW INPUT" address="80058" />
  <table name="(P0038) REAR O2 SENSOR HIGH INPUT" address="80056" />
  <table name="(P0050) HO2S CIRCUIT RANGE/PERF B2 S1" address="80068" />
  <table name="(P0051) HO2S CIRCUIT LOW B2 S1" address="8005f" />
  <table name="(P0052) HO2S CIRCUIT HIGH B2 S1" address="8005e" />
  <table name="(P0057) HO2S CIRCUIT LOW B2 S2" address="8006b" />
  <table name="(P0058) HO2S CIRCUIT HIGH B2 S2" address="8006c" />
  <table name="(P0076) INTAKE VALVE CIRCUIT LOW (BANK 1)" address="80091" />
  <table name="(P0077) INTAKE VALVE CONTROL HIGH (BANK 1)" address="80090" />
  <table name="(P0082) INTAKE VALVE CONTROL LOW (BANK 2)" address="8008e" />
  <table name="(P0083) INTAKE VALVE CONTROL HIGH (BANK 2)" address="8008d" />
  <table name="(P0102) MAF SENSOR LOW INPUT" address="80007" />
  <table name="(P0103) MAF SENSOR HIGH INPUT" address="80008" />
  <table name="(P0107) MAP SENSOR LOW INPUT" address="8005a" />
  <table name="(P0108) MAP SENSOR HIGH INPUT" address="8005b" />
  <table name="(P0112) IAT SENSOR LOW INPUT" address="80053" />
  <table name="(P0113) IAT SENSOR HIGH INPUT" address="80054" />
  <table name="(P0117) COOLANT TEMP SENSOR LOW INPUT" address="80010" />
  <table name="(P0118) COOLANT TEMP SENSOR HIGH INPUT" address="80011" />
  <table name="(P0122) TPS A LOW INPUT" address="8000e" />
  <table name="(P0123) TPS A HIGH INPUT" address="8000f" />
  <table name="(P0125) INSUFFICIENT COOLANT TEMP (FUELING)" address="80013" />
  <table name="(P0131) FRONT O2 SENSOR LOW INPUT" address="8004d" />
  <table name="(P0132) FRONT O2 SENSOR HIGH INPUT" address="8004f" />
  <table name="(P0133) FRONT O2 SENSOR SLOW RESPONSE" address="80037" />
  <table name="(P0134) FRONT O2 SENSOR NO ACTIVITY" address="80067" />
  <table name="(P0140) REAR O2 SENSOR NO ACTIVITY" address="8009a" />
  <table name="(P0151) O2 SENSOR CIRCUIT LOW B2 S1" address="8004e" />
  <table name="(P0152) O2 SENSOR CIRCUIT HIGH B2 S1" address="80050" />
  <table name="(P0153) O2 SENSOR CIRCUIT SLOW RESPONSE B2 S1" address="80052" />
  <table name="(P0154) O2 SENSOR CIRCUIT OPEN B2 S1" address="80066" />
  <table name="(P0160) O2 SENSOR NO ACTIVITY B2 S2" address="8009b" />
  <table name="(P0171) SYSTEM TOO LEAN" address="80041" />
  <table name="(P0172) SYSTEM TOO RICH" address="80042" />
  <table name="(P0174) SYSTEM TOO LEAN B2" address="8003b" />
  <table name="(P0175) SYSTEM TOO RICH B2" address="8003c" />
  <table name="(P0197) OIL TEMP SENSOR LOW" address="80088" />
  <table name="(P0198) OIL TEMP SENSOR HIGH" address="80093" />
  <table name="(P0222) TPS B LOW INPUT" address="80070" />
  <table name="(P0223) TPS B HIGH INPUT" address="80071" />
  <table name="(P0230) FUEL PUMP PRIMARY CIRCUIT" address="80062" />
  <table name="(P0301) MISFIRE CYLINDER 1" address="80043" />
  <table name="(P0302) MISFIRE CYLINDER 2" address="80044" />
  <table name="(P0303) MISFIRE CYLINDER 3" address="80045" />
  <table name="(P0304) MISFIRE CYLINDER 4" address="80046" />
  <table name="(P0305) MISFIRE CYLINDER 5" address="80047" />
  <table name="(P0306) MISFIRE CYLINDER 6" address="80048" />
  <table name="(P0327) KNOCK SENSOR 1 LOW INPUT" address="8000c" />
  <table name="(P0328) KNOCK SENSOR 1 HIGH INPUT" address="8000d" />
  <table name="(P0332) KNOCK SENSOR 2 LOW INPUT" address="8000a" />
  <table name="(P0333) KNOCK SENSOR 2 HIGH INPUT" address="8000b" />
  <table name="(P0335) CRANKSHAFT POS. SENSOR A MALFUNCTION" address="80004" />
  <table name="(P0340) CAMSHAFT POS. SENSOR A MALFUNCTION" address="80082" />
  <table name="(P0345) CAMSHAFT POS. SENSOR A BANK 2" address="80081" />
  <table name="(P0420) CAT EFFICIENCY BELOW THRESHOLD" address="8003d" />
  <table name="(P0458) EVAP PURGE VALVE CIRCUIT LOW" address="80032" />
  <table name="(P0459) EVAP PURGE VALVE CIRCUIT HIGH" address="80033" />
  <table name="(P0462) FUEL LEVEL SENSOR LOW INPUT" address="80014" />
  <table name="(P0463) FUEL LEVEL SENSOR HIGH INPUT" address="80015" />
  <table name="(P0500) VEHICLE SPEED SENSOR A" address="80009" />
  <table name="(P0512) STARTER REQUEST CIRCUIT" address="80018" />
  <table name="(P0519) IDLE CONTROL MALFUNCTION (FAIL-SAFE)" address="80064" />
  <table name="(P0600) SERIAL COMMUNICATION LINK" address="80080" />
  <table name="(P0604) CONTROL MODULE RAM ERROR" address="80006" />
  <table name="(P0605) CONTROL MODULE ROM ERROR" address="80083" />
  <table name="(P0607) CONTROL MODULE PERFORMANCE" address="80078" />
  <table name="(P0638) THROTTLE ACTUATOR RANGE/PERF" address="80077" />
  <table name="(P0691) RADIATOR FAN CIRCUIT LOW" address="8002b" />
  <table name="(P0692) RADIATOR FAN CIRCUIT HIGH" address="8002c" />
  <table name="(P0700) TRANSMISSION CONTROL SYSTEM" address="8008b" />
  <table name="(P0851) NEUTRAL SWITCH INPUT LOW" address="8001c" />
  <table name="(P0852) NEUTRAL SWITCH INPUT HIGH" address="80020" />
  <table name="(P1160) ABNORMAL RETURN SPRING" address="80072" />
  <table name="(P1518) STARTER SWITCH LOW INPUT" address="80017" />
  <table name="(P1560) BACK-UP VOLTAGE MALFUNCTION" address="80061" />
  <table name="(P2088) OCV SOLENOID A1 CIRCUIT OPEN" address="80087" />
  <table name="(P2089) OCV SOLENOID A1 CIRCUIT SHORT" address="80086" />
  <table name="(P2092) OCV SOLENOID A2 CIRCUIT OPEN" address="80085" />
  <table name="(P2093) OCV SOLENOID A2 CIRCUIT SHORT" address="80084" />
  <table name="(P2101) THROTTLE ACTUATOR CIRCUIT RANGE/PERF" address="80075" />
  <table name="(P2102) THROTTLE ACTUATOR CIRCUIT LOW" address="80073" />
  <table name="(P2103) THROTTLE ACTUATOR CIRCUIT HIGH" address="80074" />
  <table name="(P2109) TPS A MINIMUM STOP PERF" address="8006f" />
  <table name="(P2122) TPS D CIRCUIT LOW INPUT" address="8007c" />
  <table name="(P2123) TPS D CIRCUIT HIGH INPUT" address="8007d" />
  <table name="(P2127) TPS E CIRCUIT LOW INPUT" address="8007a" />
  <table name="(P2128) TPS E CIRCUIT HIGH INPUT" address="8007b" />
  <table name="(P2135) TPS A/B VOLTAGE" address="8007e" />
  <table name="(P2138) TPS D/E VOLTAGE" address="80079" />
  <table name="(P2503) CHARGING SYSTEM VOLTAGE LOW" address="80095" />
  <table name="(P2504) CHARGING SYSTEM VOLTAGE HIGH" address="80094" />
</rom>