<rom>
  <romid>
    <xmlid>D2UH001M</xmlid>
    <internalidaddress>2000</internalidaddress>
    <internalidstring>D2UH001M</internalidstring>
    <ecuid>4B5A384007</ecuid>
    <year>07</year>
    <market>ADM</market>
    <make>Subaru</make>
    <model>Liberty</model>
    <submodel>3.0R</submodel>
    <transmission>MT</transmission>
    <memmodel>SH7058</memmodel>
    <flashmethod>subarucan</flashmethod>
    <checksummodule>subarudbw</checksummodule>
  </romid>
  <include>32BITBASE</include>
  <table name="Manifold Pressure Sensor Scaling" address="c026c" />
  <table name="Manifold Pressure Sensor Limits (CEL)" address="cb818" />
  <table name="Manifold Pressure Sensor CEL Delays" address="c32d4" />
  <table name="Primary Open Loop Fueling A_" address="c68fc">
    <table name="X" address="c689c" elements="14" />
    <table name="Y" address="c68d4" elements="10" />
  </table>
  <table name="Primary Open Loop Fueling B_" address="c69e8">
    <table name="X" address="c6988" elements="14" />
    <table name="Y" address="c69c0" elements="10" />
  </table>
  <table name="Front Oxygen Sensor #1 Scaling" address="cbca0">
    <table name="Y" address="cbc6c" />
  </table>
  <table name="Front Oxygen Sensor #2 Scaling" address="cbd08">
    <table name="Y" address="cbcd4" />
  </table>
  <table name="Front Oxygen Sensor Rich Limit" address="26290" />
  <table name="Front Oxygen Sensor Compensation (Atm. Pressure)" address="c26fc">
    <table name="Y" address="c26ec" />
  </table>
  <table name="CL Fueling Target Compensation A (Load)" address="c6b50">
    <table name="X" address="c6af8" elements="9" />
    <table name="Y" address="c6b1c" elements="13" />
  </table>
  <table name="CL Fueling Target Compensation B (Load)" address="c6c94">
    <table name="X" address="c6c3c" elements="9" />
    <table name="Y" address="c6c60" elements="13" />
  </table>
  <table name="CL Fueling Target Compensation C (Load)" address="c6dd8">
    <table name="X" address="c6d80" elements="9" />
    <table name="Y" address="c6da4" elements="13" />
  </table>
  <table name="CL Fueling Target Compensation D (Load)" address="c6f1c">
    <table name="X" address="c6ec4" elements="9" />
    <table name="Y" address="c6ee8" elements="13" />
  </table>
  <table name="CL Fueling Target Compensation (ECT)_" address="c5e72">
    <table name="Y" address="c5434" />
  </table>
  <table name="CL Fueling Target Compensation (ECT) Disable" address="c4f74" />
  <table name="CL to OL Delay (Atm. Pressure)" address="c60e4">
    <table name="Y" address="c60dc" elements="2" />
  </table>
  <table name="CL to OL Transition with Delay (Throttle)" address="c5794">
    <table name="Y" address="c578c" elements="2" />
  </table>
  <table name="CL to OL Transition with Delay Throttle Hysteresis" address="c509c" />
  <table name="CL to OL Transition with Delay (Base Pulse Width)" address="c60f8">
    <table name="Y" address="c60e8" elements="4" />
  </table>
  <table name="CL to OL Transition with Delay BPW Hysteresis" address="c50a0" />
  <table name="CL Delay Minimum (ECT)" address="c50a4" />
  <table name="CL Delay Maximum Engine Speed A" address="c50a8" />
  <table name="CL Delay Maximum Engine Speed B" address="c50b4" />
  <table name="CL Delay Engine Speed B Counter Threshold" address="c4cde" />
  <table name="CL Delay Maximum (Throttle) A" address="c50b0" />
  <table name="CL Delay Throttle A Counter Threshold" address="c4cdc" />
  <table name="Injector Latency_" address="cc1f4">
    <table name="X" address="cc1d4" />
    <table name="Y" address="cc1e8" />
  </table>
  <table name="Injector Flow Scaling_" address="c4e9c" />
  <table name="Cranking Fuel Injector Pulse Width A (ECT)" address="c5a0a">
    <table name="Y" address="c5434" />
  </table>
  <table name="Cranking Fuel Injector Pulse Width B (ECT)" address="c5a2a">
    <table name="Y" address="c5434" />
  </table>
  <table name="Cranking Fuel Injector Pulse Width C (ECT)" address="c5a4a">
    <table name="Y" address="c5434" />
  </table>
  <table name="Cranking Fuel Injector Pulse Width D (ECT)" address="c5a6a">
    <table name="Y" address="c5434" />
  </table>
  <table name="Cranking Fuel IPW Compensation (RPM)" address="c66b8">
    <table name="X" address="c6674" />
    <table name="Y" address="c6688" elements="12" />
  </table>
  <table name="Cranking Fuel IPW Compensation (MAP)" address="c5634">
    <table name="Y" address="c560c" />
  </table>
  <table name="Cranking Fuel IPW Compensation (Accelerator)" address="c5658">
    <table name="Y" address="c5640" />
  </table>
  <table name="Throttle Tip-in Enrichment A" address="c61fc">
    <table name="Y" address="c61e8" elements="5" />
  </table>
  <table name="Throttle Tip-in Enrichment B" address="c621c">
    <table name="Y" address="c6208" elements="5" />
  </table>
  <table name="Minimum Tip-in Enrichment Activation" address="c524c" />
  <table name="Minimum Tip-in Enrichment Activation (Throttle)" address="c5248" />
  <table name="Tip-in Enrichment Compensation (RPM)" address="c57e8">
    <table name="Y" address="c57c4" />
  </table>
  <table name="Tip-in Enrichment Compensation (MRP)" address="c5814">
    <table name="Y" address="c57f4" elements="8" />
  </table>
  <table name="Tip-in Enrichment Compensation A (ECT)" address="c581c">
    <table name="Y" address="c5434" />
  </table>
  <table name="Tip-in Enrichment Compensation B (ECT)" address="c6226">
    <table name="Y" address="c5434" />
  </table>
  <table name="Tip-in Enrichment Compensation D (ECT)" address="c6246">
    <table name="Y" address="c5474" />
  </table>
  <table name="Tip-in Enrichment Compensation D (ECT) Activation" address="c5254" />
  <table name="Tip-in Enrichment Disable Applied Counter Threshold" address="c4c81" />
  <table name="Tip-in Enrichment Applied Counter Reset" address="c4c82" />
  <table name="Tip-in Enrichment Disable Throttle Cumulative Threshold" address="c5250" />
  <table name="Tip-in Throttle Cumulative Reset" address="c4c83" />
  <table name="A/F Learning Max Limit (ECT)" address="c60bc">
    <table name="Y" address="c5434" />
  </table>
  <table name="A/F Learning Min Limit (ECT)" address="c609c">
    <table name="Y" address="c5434" />
  </table>
  <table name="A/F Learning Airflow Ranges" address="c4ffc" />
  <table name="MAF Limit (Maximum)_" address="c261c">
    <table name="Y" address="c2614" />
  </table>
  <table name="MAF Sensor Scaling" address="cbb5c">
    <table name="Y" address="cbaac" elements="44" />
  </table>
  <table name="MAF Compensation (IAT)" address="c290c">
    <table name="X" address="c28d8" />
    <table name="Y" address="c28ec" />
  </table>
  <table name="Engine Load Limit (Maximum)" address="25244" />
  <table name="Engine Load Compensation (MP)" address="c286c">
    <table name="X" address="c2818" elements="9" />
    <table name="Y" address="c283c" elements="12" />
  </table>
  <table name="Base Timing A" address="c8814">
    <table name="X" address="c798c" />
    <table name="Y" address="c87dc" elements="14" />
  </table>
  <table name="Base Timing B" address="c8920">
    <table name="X" address="c798c" />
    <table name="Y" address="c88e8" elements="14" />
  </table>
  <table name="Base Timing C" address="c8a44">
    <table name="X" address="c798c" />
    <table name="Y" address="c89f4" elements="20" />
  </table>
  <table name="Base Timing D" address="c8bc0">
    <table name="X" address="c798c" />
    <table name="Y" address="c8b70" elements="20" />
  </table>
  <table name="Base Timing E" address="c8d24">
    <table name="X" address="c798c" />
    <table name="Y" address="c8cec" elements="14" />
  </table>
  <table name="Base Timing F" address="c8e30">
    <table name="X" address="c798c" />
    <table name="Y" address="c8df8" elements="14" />
  </table>
  <table name="Base Timing G" address="c8f54">
    <table name="X" address="c798c" />
    <table name="Y" address="c8f04" elements="20" />
  </table>
  <table name="Base Timing H" address="c90d0">
    <table name="X" address="c798c" />
    <table name="Y" address="c9080" elements="20" />
  </table>
  <table name="Base Timing Idle" address="c7b74">
    <table name="Y" address="c7968" elements="9" />
  </table>
  <table name="Base Timing Idle (Below Speed Threshold)_" address="c7b6b">
    <table name="Y" address="c7968" />
  </table>
  <table name="Base Timing Idle (Above Speed Threshold)" address="c7b62">
    <table name="Y" address="c7968" />
  </table>
  <table name="Base Timing Idle Vehicle Speed Threshold" address="c76c4" />
  <table name="Knock Correction Advance Max A" address="c92b8">
    <table name="X" address="c9244" elements="15" />
    <table name="Y" address="c9280" elements="14" />
  </table>
  <table name="Knock Correction Advance Max B" address="c9418">
    <table name="X" address="c938c" elements="15" />
    <table name="Y" address="c93c8" elements="20" />
  </table>
  <table name="Timing Compensation (IAT)" address="c7c4c">
    <table name="Y" address="c7c30" elements="7" />
  </table>
  <table name="Timing Comp Min Load (IAT)" address="c7110" />
  <table name="Timing Compensation A (ECT)" address="c7bed">
    <table name="Y" address="c7a1c" />
  </table>
  <table name="Timing Compensation B (ECT)" address="c7bfd">
    <table name="Y" address="c7a1c" />
  </table>
  <table name="Timing Compensation C (ECT)" address="c7c0d">
    <table name="Y" address="c7a1c" />
  </table>
  <table name="Timing Compensation D (ECT)" address="c7c1d">
    <table name="Y" address="c7a1c" />
  </table>
  <table name="Feedback Correction Range (RPM)" address="c788c" />
  <table name="Feedback Correction Minimum Load_" address="c84f0">
    <table name="Y" address="c84e8" elements="2" />
  </table>
  <table name="Feedback Correction Retard Value" address="c7878" />
  <table name="Feedback Correction Retard Limit" address="c7874" />
  <table name="Feedback Correction Negative Advance Value" address="c787c" />
  <table name="Feedback Correction Negative Advance Delay" address="c75f8" />
  <table name="Fine Correction Range (RPM)" address="c7900" />
  <table name="Fine Correction Range (Load)" address="c7910" />
  <table name="Fine Correction Rows (RPM)_" address="c793c" />
  <table name="Fine Correction Columns (Load)_" address="c7920" />
  <table name="Fine Correction Retard Value_" address="c87a8">
    <table name="Y" address="c8774" />
  </table>
  <table name="Fine Correction Retard Limit" address="c78f8" />
  <table name="Fine Correction Advance Value" address="c78fc" />
  <table name="Fine Correction Advance Limit" address="c78f4" />
  <table name="Fine Correction Advance Delay" address="c7600" />
  <table name="Rough Correction Range (RPM)" address="c78ac" />
  <table name="Rough Correction Range (Load)" address="c78bc" />
  <table name="Rough Correction Minimum KC Advance Map Value" address="c78cc" />
  <table name="Rough Correction Learning Delay (Increasing)" address="c8454">
    <table name="Y" address="c842c" />
  </table>
  <table name="Advance Multiplier (Initial)" address="c78a8" />
  <table name="Advance Multiplier Step Value" address="c78d0" />
  <table name="Requested Torque A (Accelerator Pedal)" address="dc6bc">
    <table name="X" address="dc61c" elements="20" />
    <table name="Y" address="dc66c" elements="20" />
  </table>
  <table name="Requested Torque B (Accelerator Pedal)" address="dca7c">
    <table name="X" address="dc9dc" elements="20" />
    <table name="Y" address="dca2c" elements="20" />
  </table>
  <table name="Requested Torque C (Accelerator Pedal)" address="dce3c">
    <table name="X" address="dcd9c" elements="20" />
    <table name="Y" address="dcdec" elements="20" />
  </table>
  <table name="Target Throttle Plate Position A (Requested Torque)" address="dbc7c">
    <table name="X" address="dbbbc" elements="27" />
    <table name="Y" address="dbc28" elements="21" />
  </table>
  <table name="Target Throttle Plate Position B (Requested Torque)" address="dc1ac">
    <table name="X" address="dc0ec" elements="27" />
    <table name="Y" address="dc158" elements="21" />
  </table>
  <table name="Rev Limit A" address="c52bc" />
  <table name="Rev Limit B" address="c52c4" />
  <table name="Intake Temp Sensor Scaling" address="c03c0">
    <table name="Y" address="c0348" />
  </table>
  <table name="Coolant Temp Sensor Scaling" address="cb8fc">
    <table name="Y" address="cb8bc" elements="16" />
  </table>
  <table name="Radiator Fan Modes A (ECT)" address="cc4a8" />
  <table name="Radiator Fan Modes B (ECT)" address="cc4b8" />
  <table name="Radiator Fan Modes C (ECT)" address="cc4c8" />
  <table name="Radiator Fan Modes D (ECT)" address="cc4d8" />
  <table name="Radiator Fan Modes (Veh. Speed)" address="cc464" />
  <table name="Gear Determination Thresholds A" address="c257c" />
  <table name="Gear Determination Thresholds B" address="c2590" />
  <table name="Gear Determination Thresholds C" address="c25a4" />
  <table name="Idle Speed Target A" address="ca1f0">
    <table name="Y" address="c9d58" />
  </table>
  <table name="Idle Speed Target B" address="ca210">
    <table name="Y" address="c9d58" />
  </table>
  <table name="Idle Speed Target C" address="ca230">
    <table name="Y" address="c9d58" />
  </table>
  <table name="Idle Speed Target D" address="ca250">
    <table name="Y" address="c9d58" />
  </table>
  <table name="Idle Speed Target E" address="ca270">
    <table name="Y" address="c9d58" />
  </table>
  <table name="Idle Speed Target F" address="ca290">
    <table name="Y" address="c9d58" />
  </table>
  <table name="Force Pass Readiness Monitors" address="78fda" />
  <table name="(P0000) PASS CODE (NO DTC DETECTED)" address="87f29" />
  <table name="(P0000) PASS CODE (NO DTC DETECTED)_" address="87f2a" />
  <table name="(P0011) CAMSHAFT POS. - TIMING OVER-ADVANCED 1" address="87f0d" />
  <table name="(P0021) CAMSHAFT POS. - TIMING OVER-ADVANCED 2" address="87f0e" />
  <table name="(P0026) OSV SOLENOID VALVE CIRCUIT RANGE/PERF B1" address="87f84" />
  <table name="(P0028) OSV SOLENOID VALVE CIRCUIT RANGE/PERF B2" address="87f81" />
  <table name="(P0030) FRONT O2 SENSOR RANGE/PERF" address="87f57" />
  <table name="(P0031) FRONT O2 SENSOR LOW INPUT" address="87f38" />
  <table name="(P0032) FRONT O2 SENSOR HIGH INPUT" address="87f36" />
  <table name="(P0037) REAR O2 SENSOR LOW INPUT" address="87f37" />
  <table name="(P0038) REAR O2 SENSOR HIGH INPUT" address="87f35" />
  <table name="(P0050) HO2S CIRCUIT RANGE/PERF B2 S1" address="87f56" />
  <table name="(P0051) HO2S CIRCUIT LOW B2 S1" address="87f3e" />
  <table name="(P0052) HO2S CIRCUIT HIGH B2 S1" address="87f3d" />
  <table name="(P0057) HO2S CIRCUIT LOW B2 S2" address="87f5a" />
  <table name="(P0058) HO2S CIRCUIT HIGH B2 S2" address="87f5b" />
  <table name="(P0076) INTAKE VALVE CIRCUIT LOW (BANK 1)" address="87f86" />
  <table name="(P0077) INTAKE VALVE CONTROL HIGH (BANK 1)" address="87f85" />
  <table name="(P0082) INTAKE VALVE CONTROL LOW (BANK 2)" address="87f83" />
  <table name="(P0083) INTAKE VALVE CONTROL HIGH (BANK 2)" address="87f82" />
  <table name="(P0102) MAF SENSOR LOW INPUT" address="87ee5" />
  <table name="(P0103) MAF SENSOR HIGH INPUT" address="87ee6" />
  <table name="(P0107) MAP SENSOR LOW INPUT" address="87f39" />
  <table name="(P0108) MAP SENSOR HIGH INPUT" address="87f3a" />
  <table name="(P0112) IAT SENSOR LOW INPUT" address="87f32" />
  <table name="(P0113) IAT SENSOR HIGH INPUT" address="87f33" />
  <table name="(P0117) COOLANT TEMP SENSOR LOW INPUT" address="87eee" />
  <table name="(P0118) COOLANT TEMP SENSOR HIGH INPUT" address="87eef" />
  <table name="(P0122) TPS A LOW INPUT" address="87eec" />
  <table name="(P0123) TPS A HIGH INPUT" address="87eed" />
  <table name="(P0125) INSUFFICIENT COOLANT TEMP (FUELING)" address="87ef1" />
  <table name="(P0131) FRONT O2 SENSOR LOW INPUT" address="87f2c" />
  <table name="(P0132) FRONT O2 SENSOR HIGH INPUT" address="87f2e" />
  <table name="(P0133) FRONT O2 SENSOR SLOW RESPONSE" address="87f16" />
  <table name="(P0134) FRONT O2 SENSOR NO ACTIVITY" address="87f55" />
  <table name="(P0140) REAR O2 SENSOR NO ACTIVITY" address="87fa3" />
  <table name="(P0151) O2 SENSOR CIRCUIT LOW B2 S1" address="87f2d" />
  <table name="(P0152) O2 SENSOR CIRCUIT HIGH B2 S1" address="87f2f" />
  <table name="(P0153) O2 SENSOR CIRCUIT SLOW RESPONSE B2 S1" address="87f31" />
  <table name="(P0154) O2 SENSOR CIRCUIT OPEN B2 S1" address="87f54" />
  <table name="(P0160) O2 SENSOR NO ACTIVITY B2 S2" address="87fa4" />
  <table name="(P0171) SYSTEM TOO LEAN" address="87f20" />
  <table name="(P0172) SYSTEM TOO RICH" address="87f21" />
  <table name="(P0174) SYSTEM TOO LEAN B2" address="87f1a" />
  <table name="(P0175) SYSTEM TOO RICH B2" address="87f1b" />
  <table name="(P0197) OIL TEMP SENSOR LOW" address="87f7d" />
  <table name="(P0198) OIL TEMP SENSOR HIGH" address="87f88" />
  <table name="(P0222) TPS B LOW INPUT" address="87f5f" />
  <table name="(P0223) TPS B HIGH INPUT" address="87f60" />
  <table name="(P0230) FUEL PUMP PRIMARY CIRCUIT" address="87f50" />
  <table name="(P0301) MISFIRE CYLINDER 1" address="87f22" />
  <table name="(P0302) MISFIRE CYLINDER 2" address="87f23" />
  <table name="(P0303) MISFIRE CYLINDER 3" address="87f24" />
  <table name="(P0304) MISFIRE CYLINDER 4" address="87f25" />
  <table name="(P0305) MISFIRE CYLINDER 5" address="87f26" />
  <table name="(P0306) MISFIRE CYLINDER 6" address="87f27" />
  <table name="(P0327) KNOCK SENSOR 1 LOW INPUT" address="87eea" />
  <table name="(P0328) KNOCK SENSOR 1 HIGH INPUT" address="87eeb" />
  <table name="(P0332) KNOCK SENSOR 2 LOW INPUT" address="87ee8" />
  <table name="(P0333) KNOCK SENSOR 2 HIGH INPUT" address="87ee9" />
  <table name="(P0335) CRANKSHAFT POS. SENSOR A MALFUNCTION" address="87ee0" />
  <table name="(P0340) CAMSHAFT POS. SENSOR A MALFUNCTION" address="87f73" />
  <table name="(P0345) CAMSHAFT POS. SENSOR A BANK 2" address="87f72" />
  <table name="(P0420) CAT EFFICIENCY BELOW THRESHOLD" address="87f1c" />
  <table name="(P0458) EVAP PURGE VALVE CIRCUIT LOW" address="87f11" />
  <table name="(P0459) EVAP PURGE VALVE CIRCUIT HIGH" address="87f12" />
  <table name="(P0462) FUEL LEVEL SENSOR LOW INPUT" address="87ef2" />
  <table name="(P0463) FUEL LEVEL SENSOR HIGH INPUT" address="87ef3" />
  <table name="(P0500) VEHICLE SPEED SENSOR A" address="87ee7" />
  <table name="(P0512) STARTER REQUEST CIRCUIT" address="87ef7" />
  <table name="(P0519) IDLE CONTROL MALFUNCTION (FAIL-SAFE)" address="87f52" />
  <table name="(P0600) SERIAL COMMUNICATION LINK" address="87f6f" />
  <table name="(P0604) CONTROL MODULE RAM ERROR" address="87ee4" />
  <table name="(P0605) CONTROL MODULE ROM ERROR" address="87f74" />
  <table name="(P0607) CONTROL MODULE PERFORMANCE" address="87f67" />
  <table name="(P0638) THROTTLE ACTUATOR RANGE/PERF" address="87f66" />
  <table name="(P0691) RADIATOR FAN CIRCUIT LOW" address="87f0a" />
  <table name="(P0692) RADIATOR FAN CIRCUIT HIGH" address="87f0b" />
  <table name="(P0700) TRANSMISSION CONTROL SYSTEM" address="87f80" />
  <table name="(P0851) NEUTRAL SWITCH INPUT LOW" address="87efb" />
  <table name="(P0852) NEUTRAL SWITCH INPUT HIGH" address="87eff" />
  <table name="(P1160) ABNORMAL RETURN SPRING" address="87f61" />
  <table name="(P1518) STARTER SWITCH LOW INPUT" address="87ef6" />
  <table name="(P1560) BACK-UP VOLTAGE MALFUNCTION" address="87f41" />
  <table name="(P2088) OCV SOLENOID A1 CIRCUIT OPEN" address="87f7c" />
  <table name="(P2089) OCV SOLENOID A1 CIRCUIT SHORT" address="87f7b" />
  <table name="(P2092) OCV SOLENOID A2 CIRCUIT OPEN" address="87f7a" />
  <table name="(P2093) OCV SOLENOID A2 CIRCUIT SHORT" address="87f79" />
  <table name="(P2101) THROTTLE ACTUATOR CIRCUIT RANGE/PERF" address="87f64" />
  <table name="(P2102) THROTTLE ACTUATOR CIRCUIT LOW" address="87f62" />
  <table name="(P2103) THROTTLE ACTUATOR CIRCUIT HIGH" address="87f63" />
  <table name="(P2109) TPS A MINIMUM STOP PERF" address="87f5e" />
  <table name="(P2122) TPS D CIRCUIT LOW INPUT" address="87f6b" />
  <table name="(P2123) TPS D CIRCUIT HIGH INPUT" address="87f6c" />
  <table name="(P2127) TPS E CIRCUIT LOW INPUT" address="87f69" />
  <table name="(P2128) TPS E CIRCUIT HIGH INPUT" address="87f6a" />
  <table name="(P2135) TPS A/B VOLTAGE" address="87f6d" />
  <table name="(P2138) TPS D/E VOLTAGE" address="87f68" />
  <table name="(P2228) BARO. PRESSURE CIRCUIT LOW INPUT" address="87f92" />
  <table name="(P2229) BARO. PRESSURE CIRCUIT HIGH INPUT" address="87f91" />
  <table name="(P2503) CHARGING SYSTEM VOLTAGE LOW" address="87f8a" />
  <table name="(P2504) CHARGING SYSTEM VOLTAGE HIGH" address="87f89" />
</rom>