<rom>
  <romid>
    <xmlid>DZ1E402B</xmlid>
    <internalidaddress>2004</internalidaddress>
    <internalidstring>DZ1E402B</internalidstring>
    <ecuid>671B344007</ecuid>
    <year>09</year>
    <market>USDM</market>
    <make>Subaru</make>
    <model>Tribeca</model>
    <submodel />
    <transmission>AT</transmission>
    <memmodel>SH7058</memmodel>
    <flashmethod>subarucan</flashmethod>
    <checksummodule>subarudbw</checksummodule>
  </romid>
  <include>32BITBASE</include>
  <table name="Manifold Pressure Sensor Scaling_" address="d0a8c" />
  <table name="Manifold Pressure Sensor Limits (CEL)" address="d0a34" />
  <table name="Manifold Pressure Sensor CEL Delays" address="c2d7a" />
  <table name="Primary Open Loop Fueling A_" address="c90d4">
    <table name="X" address="c906c" elements="15" />
    <table name="Y" address="c90a8" elements="11" />
  </table>
  <table name="Primary Open Loop Fueling B_" address="c91e4">
    <table name="X" address="c917c" elements="15" />
    <table name="Y" address="c91b8" elements="11" />
  </table>
  <table name="Minimum Active Primary Open Loop Enrichment" address="c654c" />
  <table name="Front Oxygen Sensor #1 Scaling" address="d0ff4">
    <table name="Y" address="d0fc0" />
  </table>
  <table name="Front Oxygen Sensor #2 Scaling" address="d105c">
    <table name="Y" address="d1028" />
  </table>
  <table name="Front Oxygen Sensor Rich Limit" address="21448" />
  <table name="Front Oxygen Sensor Compensation (Atm. Pressure)" address="c2184">
    <table name="Y" address="c2174" />
  </table>
  <table name="CL Fueling Target Compensation A (Load)" address="c9efc">
    <table name="X" address="c9ea4" elements="9" />
    <table name="Y" address="c9ec8" elements="13" />
  </table>
  <table name="CL Fueling Target Compensation B (Load)" address="ca040">
    <table name="X" address="c9fe8" elements="9" />
    <table name="Y" address="ca00c" elements="13" />
  </table>
  <table name="CL Fueling Target Compensation C (Load)" address="ca184">
    <table name="X" address="ca12c" elements="9" />
    <table name="Y" address="ca150" elements="13" />
  </table>
  <table name="CL Fueling Target Compensation D (Load)" address="ca2c8">
    <table name="X" address="ca270" elements="9" />
    <table name="Y" address="ca294" elements="13" />
  </table>
  <table name="CL Fueling Target Compensation (ECT)" address="c9e44">
    <table name="X" address="c68b4" />
    <table name="Y" address="c9e38" />
  </table>
  <table name="CL Fueling Target Compensation (ECT) Disable" address="c63a0" />
  <table name="CL to OL Delay (Atm. Pressure)" address="c816c">
    <table name="Y" address="c8150" />
  </table>
  <table name="CL to OL Transition with Delay (Accelerator)" address="c6ee8">
    <table name="Y" address="c6ee0" elements="2" />
  </table>
  <table name="CL to OL Transition with Delay Throttle Hysteresis" address="c6550" />
  <table name="CL to OL Transition with Delay (Base Pulse Width)" address="c8130">
    <table name="Y" address="c80f0" />
  </table>
  <table name="CL to OL Transition with Delay BPW Hysteresis" address="c6554" />
  <table name="CL Delay Minimum (ECT)" address="c6558" />
  <table name="CL Delay Maximum Engine Speed A" address="c655c" />
  <table name="CL Delay Maximum Engine Speed B" address="c6568" />
  <table name="CL Delay Engine Speed B Counter Threshold" address="c606c" />
  <table name="CL Delay Maximum (Throttle) A" address="c6564" />
  <table name="CL Delay Throttle A Counter Threshold" address="c606a" />
  <table name="Injector Latency_" address="c9b40">
    <table name="X" address="c9b20" />
    <table name="Y" address="c9b34" />
  </table>
  <table name="Injector Flow Scaling_" address="c6258" />
  <table name="Per Injector Pulse Width Compensation A" address="c9350">
    <table name="X" address="c92d8" elements="16" />
    <table name="Y" address="c9318" elements="14" />
  </table>
  <table name="Per Injector Pulse Width Compensation B" address="c94a8">
    <table name="X" address="c9430" elements="16" />
    <table name="Y" address="c9470" elements="14" />
  </table>
  <table name="Per Injector Pulse Width Compensation C" address="c9600">
    <table name="X" address="c9588" elements="16" />
    <table name="Y" address="c95c8" elements="14" />
  </table>
  <table name="Per Injector Pulse Width Compensation D" address="c9758">
    <table name="X" address="c96e0" elements="16" />
    <table name="Y" address="c9720" elements="14" />
  </table>
  <table name="Per Injector Pulse Width Compensation E" address="c98b0">
    <table name="X" address="c9838" elements="16" />
    <table name="Y" address="c9878" elements="14" />
  </table>
  <table name="Per Injector Pulse Width Compensation F" address="c9a08">
    <table name="X" address="c9990" elements="16" />
    <table name="Y" address="c99d0" elements="14" />
  </table>
  <table name="Cranking Fuel Injector Pulse Width A (ECT)" address="c7218">
    <table name="Y" address="c68b4" />
  </table>
  <table name="Cranking Fuel Injector Pulse Width B (ECT)" address="c7238">
    <table name="Y" address="c68b4" />
  </table>
  <table name="Cranking Fuel Injector Pulse Width C (ECT)" address="c7258">
    <table name="Y" address="c68b4" />
  </table>
  <table name="Cranking Fuel Injector Pulse Width D (ECT)" address="c7278">
    <table name="Y" address="c68b4" />
  </table>
  <table name="Cranking Fuel IPW Compensation (RPM)" address="c8a64">
    <table name="X" address="c8a20" />
    <table name="Y" address="c8a34" elements="12" />
  </table>
  <table name="Cranking Fuel IPW Compensation (MAP)" address="c6a68">
    <table name="Y" address="c6a40" />
  </table>
  <table name="Cranking Fuel IPW Compensation (Accelerator)" address="c6a9c">
    <table name="Y" address="c6a74" elements="10" />
  </table>
  <table name="Cranking Fuel IPW Compensation (IAT)" address="c6abc">
    <table name="Y" address="c6aa8" />
  </table>
  <table name="Throttle Tip-in Enrichment A" address="c8240">
    <table name="Y" address="c822c" elements="5" />
  </table>
  <table name="Throttle Tip-in Enrichment B" address="c8260">
    <table name="Y" address="c824c" elements="5" />
  </table>
  <table name="Minimum Tip-in Enrichment Activation" address="c6858" />
  <table name="Minimum Tip-in Enrichment Activation (Throttle)" address="c6854" />
  <table name="Tip-in Enrichment Compensation (RPM)" address="c70b4">
    <table name="Y" address="c7090" />
  </table>
  <table name="Tip-in Enrichment Compensation (MRP)" address="c70e0">
    <table name="Y" address="c70c0" elements="8" />
  </table>
  <table name="Tip-in Enrichment Compensation A (ECT)" address="c70e8">
    <table name="Y" address="c68b4" />
  </table>
  <table name="Tip-in Enrichment Compensation B (ECT)" address="c826a">
    <table name="Y" address="c68b4" />
  </table>
  <table name="Tip-in Enrichment Compensation C (ECT)" address="c828a">
    <table name="Y" address="c68b4" />
  </table>
  <table name="Tip-in Enrichment Compensation D (ECT)" address="c82ca">
    <table name="Y" address="c68f4" />
  </table>
  <table name="Tip-in Enrichment Compensation D (ECT) Activation" address="c685c" />
  <table name="Tip-in Enrichment Disable Applied Counter Threshold A (ECT)" address="c70f8">
    <table name="Y" address="c68b4" />
  </table>
  <table name="Tip-in Enrichment Disable Applied Counter Threshold B (ECT)" address="c7108">
    <table name="Y" address="c68b4" />
  </table>
  <table name="Tip-in Enrichment Applied Counter Reset" address="c6020" />
  <table name="Tip-in Enrichment Disable Throttle Cumulative Threshold A (ECT)" address="c82ea">
    <table name="Y" address="c68b4" />
  </table>
  <table name="Tip-in Enrichment Disable Throttle Cumulative Threshold B (ECT)" address="c830a">
    <table name="Y" address="c68b4" />
  </table>
  <table name="Tip-in Throttle Cumulative Reset" address="c6021" />
  <table name="A/F Learning #1/#2 Limits" address="c6440" />
  <table name="A/F Learning Airflow Ranges" address="c6460" />
  <table name="MAF Limit (Maximum)" address="c1d9c" />
  <table name="MAF Sensor Scaling" address="d0ea8">
    <table name="Y" address="d0df8" elements="44" />
  </table>
  <table name="MAF Compensation (IAT)" address="c2260">
    <table name="X" address="c222c" />
    <table name="Y" address="c2240" />
  </table>
  <table name="Engine Load Limit (Maximum)" address="2025c" />
  <table name="Engine Load Compensation (MP)" address="c24b8">
    <table name="X" address="c2430" elements="16" />
    <table name="Y" address="c2470" elements="18" />
  </table>
  <table name="Base Timing A" address="cccac">
    <table name="X" address="ccc1c" />
    <table name="Y" address="ccc58" elements="21" />
  </table>
  <table name="Base Timing B" address="cce78">
    <table name="X" address="ccde8" />
    <table name="Y" address="cce24" elements="21" />
  </table>
  <table name="Base Timing C" address="cd3dc">
    <table name="X" address="cd34c" />
    <table name="Y" address="cd388" elements="21" />
  </table>
  <table name="Base Timing D" address="cd5a8">
    <table name="X" address="cd518" />
    <table name="Y" address="cd554" elements="21" />
  </table>
  <table name="Base Timing Idle" address="cb8cc">
    <table name="Y" address="cb8a8" elements="9" />
  </table>
  <table name="Base Timing Idle (Below Speed Threshold)_" address="cb89c">
    <table name="Y" address="cb878" />
  </table>
  <table name="Base Timing Idle (Above Speed Threshold)" address="cb86c">
    <table name="Y" address="cb848" />
  </table>
  <table name="Base Timing Idle Vehicle Speed Threshold" address="cb2ac" />
  <table name="Knock Correction Advance Max" address="ce1a4">
    <table name="X" address="ce114" elements="15" />
    <table name="Y" address="ce150" elements="21" />
  </table>
  <table name="Timing Compensation (IAT)" address="cb9c4">
    <table name="Y" address="cb984" />
  </table>
  <table name="Timing Compensation (IAT) Activation_" address="ce4ec">
    <table name="X" address="ce4ac" />
    <table name="Y" address="ce4cc" />
  </table>
  <table name="Timing Compensation A (ECT)" address="cb943">
    <table name="Y" address="cb538" />
  </table>
  <table name="Timing Compensation B (ECT)" address="cb953">
    <table name="Y" address="cb538" />
  </table>
  <table name="Timing Compensation Per Cylinder A" address="cdde8">
    <table name="X" address="cdd9c" />
    <table name="Y" address="cddd4" elements="5" />
  </table>
  <table name="Timing Compensation Per Cylinder B" address="cde7c">
    <table name="X" address="cde30" />
    <table name="Y" address="cde68" elements="5" />
  </table>
  <table name="Timing Compensation Per Cylinder C" address="cdf10">
    <table name="X" address="cdec4" />
    <table name="Y" address="cdefc" elements="5" />
  </table>
  <table name="Timing Compensation Per Cylinder D" address="cdfa4">
    <table name="X" address="cdf58" />
    <table name="Y" address="cdf90" elements="5" />
  </table>
  <table name="Timing Compensation Per Cylinder E" address="ce038">
    <table name="X" address="cdfec" />
    <table name="Y" address="ce024" elements="5" />
  </table>
  <table name="Timing Compensation Per Cylinder F" address="ce0cc">
    <table name="X" address="ce080" />
    <table name="Y" address="ce0b8" elements="5" />
  </table>
  <table name="Timing Comp Minimum Load (Per Cylinder)" address="cb440" />
  <table name="Timing Comp Maximum RPM (Per Cylinder)" address="cb43c" />
  <table name="Timing Comp Minimum Coolant Temp (Per Cylinder)" address="cb444" />
  <table name="Feedback Correction Range (RPM)" address="cb44c" />
  <table name="Feedback Correction Minimum Load_" address="cc03c">
    <table name="Y" address="cbffc" elements="16" />
  </table>
  <table name="Feedback Correction Retard Value_" address="ccac8">
    <table name="Y" address="cca88" elements="16" />
  </table>
  <table name="Feedback Correction Retard Limit" address="cb460" />
  <table name="Feedback Correction Negative Advance Value" address="cb464" />
  <table name="Feedback Correction Negative Advance Delay_" address="cc09c">
    <table name="Y" address="cc05c" elements="16" />
  </table>
  <table name="Fine Correction Range (RPM)" address="cb518" />
  <table name="Fine Correction Range (Load)" address="cb528" />
  <table name="Fine Correction Rows (RPM)_" address="cb4c0" />
  <table name="Fine Correction Columns (Load)_" address="cb4e0" />
  <table name="Fine Correction Retard Value_" address="ccb3c">
    <table name="Y" address="ccb08" />
  </table>
  <table name="Fine Correction Retard Limit" address="cb50c" />
  <table name="Fine Correction Advance Value" address="cb508" />
  <table name="Fine Correction Advance Limit" address="cb504" />
  <table name="Fine Correction Advance Delay" address="cb13e" />
  <table name="Rough Correction Range (RPM)" address="cb47c" />
  <table name="Rough Correction Range (Load)" address="cb48c" />
  <table name="Rough Correction Minimum KC Advance Map Value" address="cb49c" />
  <table name="Rough Correction Learning Delay (Increasing)_" address="cc0e4">
    <table name="Y" address="cc0bc" />
  </table>
  <table name="Advance Multiplier (Initial)" address="cb4a0" />
  <table name="Advance Multiplier Step Value" address="cb4a4" />
  <table name="Requested Torque A (Accelerator Pedal)" address="dddac">
    <table name="X" address="ddd0c" elements="20" />
    <table name="Y" address="ddd5c" elements="20" />
  </table>
  <table name="Requested Torque B (Accelerator Pedal)" address="de16c">
    <table name="X" address="de0cc" elements="20" />
    <table name="Y" address="de11c" elements="20" />
  </table>
  <table name="Requested Torque C (Accelerator Pedal)" address="de52c">
    <table name="X" address="de48c" elements="20" />
    <table name="Y" address="de4dc" elements="20" />
  </table>
  <table name="Requested Torque D (Accelerator Pedal)" address="de8ec">
    <table name="X" address="de84c" elements="20" />
    <table name="Y" address="de89c" elements="20" />
  </table>
  <table name="Requested Torque E (Accelerator Pedal)" address="decac">
    <table name="X" address="dec0c" elements="20" />
    <table name="Y" address="dec5c" elements="20" />
  </table>
  <table name="Requested Torque F (Accelerator Pedal)" address="df06c">
    <table name="X" address="defcc" elements="20" />
    <table name="Y" address="df01c" elements="20" />
  </table>
  <table name="Target Throttle Plate Position A (Requested Torque)" address="dcc98">
    <table name="X" address="dcbdc" elements="26" />
    <table name="Y" address="dcc44" elements="21" />
  </table>
  <table name="Target Throttle Plate Position B (Requested Torque)" address="dd198">
    <table name="X" address="dd0dc" elements="26" />
    <table name="Y" address="dd144" elements="21" />
  </table>
  <table name="Target Throttle Plate Position Maximum (Requested Torque)" address="dd698">
    <table name="X" address="dd5dc" elements="26" />
    <table name="Y" address="dd644" elements="21" />
  </table>
  <table name="Rev Limit A" address="c67cc" />
  <table name="Rev Limit B" address="c67d4" />
  <table name="Speed Limiting Enable (Fuel Cut)" address="c6834" />
  <table name="Speed Limiting Disable (Fuel Cut)" address="c683c" />
  <table name="Speed Limiting A (Throttle)" address="dc644" />
  <table name="Speed Limiting B (Throttle)" address="dc650" />
  <table name="Intake Temp Sensor Scaling" address="d0c10">
    <table name="Y" address="d0b98" />
  </table>
  <table name="Coolant Temp Sensor Scaling" address="d0b28">
    <table name="Y" address="d0ab8" />
  </table>
  <table name="Idle Speed Target A" address="cf2a4">
    <table name="Y" address="ced18" />
  </table>
  <table name="Idle Speed Target B" address="cf2e4">
    <table name="Y" address="ced18" />
  </table>
  <table name="Idle Speed Target C" address="cf324">
    <table name="Y" address="ced18" />
  </table>
  <table name="Idle Speed Target D" address="cf344">
    <table name="Y" address="ced18" />
  </table>
  <table name="Force Pass Readiness Monitors_" address="8d63c" />
  <table name="(P0000) PASS CODE (NO DTC DETECTED)" address="820ef" />
  <table name="(P0000) PASS CODE (NO DTC DETECTED)_" address="820f0" />
  <table name="(P0011) CAMSHAFT POS. - TIMING OVER-ADVANCED 1" address="820d3" />
  <table name="(P0014) EXHAUST AVCS SYSTEM 1 RANGE/PERF" address="8216f" />
  <table name="(P0016) CRANKSHAFT/CAMSHAFT CORRELATION 1A" address="82166" />
  <table name="(P0017) CRANK/CAM TIMING B FAILURE 1" address="82177" />
  <table name="(P0018) CRANKSHAFT/CAMSHAFT CORRELATION 2A" address="82165" />
  <table name="(P0019) CRANK/CAM TIMING B FAILURE 2" address="82176" />
  <table name="(P0021) CAMSHAFT POS. - TIMING OVER-ADVANCED 2" address="820d4" />
  <table name="(P0024) EXHAUST AVCS SYSTEM 2 RANGE/PERF" address="8216e" />
  <table name="(P0030) FRONT O2 SENSOR RANGE/PERF" address="82114" />
  <table name="(P0031) FRONT O2 SENSOR LOW INPUT" address="820fe" />
  <table name="(P0032) FRONT O2 SENSOR HIGH INPUT" address="820fc" />
  <table name="(P0037) REAR O2 SENSOR LOW INPUT" address="820fd" />
  <table name="(P0038) REAR O2 SENSOR HIGH INPUT" address="820fb" />
  <table name="(P0050) HO2S CIRCUIT RANGE/PERF B2 S1" address="82113" />
  <table name="(P0051) HO2S CIRCUIT LOW B2 S1" address="82104" />
  <table name="(P0052) HO2S CIRCUIT HIGH B2 S1" address="82103" />
  <table name="(P0057) HO2S CIRCUIT LOW B2 S2" address="82117" />
  <table name="(P0058) HO2S CIRCUIT HIGH B2 S2" address="82118" />
  <table name="(P0068) MAP SENSOR RANGE/PERF" address="8210f" />
  <table name="(P0101) MAF SENSOR RANGE/PERF" address="82110" />
  <table name="(P0102) MAF SENSOR LOW INPUT" address="820ad" />
  <table name="(P0103) MAF SENSOR HIGH INPUT" address="820ae" />
  <table name="(P0107) MAP SENSOR LOW INPUT" address="820ff" />
  <table name="(P0108) MAP SENSOR HIGH INPUT" address="82100" />
  <table name="(P0111) IAT SENSOR RANGE/PERF" address="820fa" />
  <table name="(P0112) IAT SENSOR LOW INPUT" address="820f8" />
  <table name="(P0113) IAT SENSOR HIGH INPUT" address="820f9" />
  <table name="(P0117) COOLANT TEMP SENSOR LOW INPUT" address="820b6" />
  <table name="(P0118) COOLANT TEMP SENSOR HIGH INPUT" address="820b7" />
  <table name="(P0122) TPS A LOW INPUT" address="820b4" />
  <table name="(P0123) TPS A HIGH INPUT" address="820b5" />
  <table name="(P0125) INSUFFICIENT COOLANT TEMP (FUELING)" address="820b9" />
  <table name="(P0126) INSUFFICIENT COOLANT TEMP (OPERATION)" address="8214d" />
  <table name="(P0128) THERMOSTAT MALFUNCTION" address="82105" />
  <table name="(P0131) FRONT O2 SENSOR LOW INPUT" address="820f2" />
  <table name="(P0132) FRONT O2 SENSOR HIGH INPUT" address="820f4" />
  <table name="(P0133) FRONT O2 SENSOR SLOW RESPONSE" address="820dc" />
  <table name="(P0134) FRONT O2 SENSOR NO ACTIVITY" address="82112" />
  <table name="(P0137) REAR O2 SENSOR LOW VOLTAGE" address="820f1" />
  <table name="(P0138) REAR O2 SENSOR HIGH VOLTAGE" address="820f6" />
  <table name="(P0139) REAR O2 SENSOR SLOW RESPONSE" address="820dd" />
  <table name="(P0140) REAR O2 SENSOR NO ACTIVITY" address="82160" />
  <table name="(P0151) O2 SENSOR CIRCUIT LOW B2 S1" address="820f3" />
  <table name="(P0152) O2 SENSOR CIRCUIT HIGH B2 S1" address="820f5" />
  <table name="(P0153) O2 SENSOR CIRCUIT SLOW RESPONSE B2 S1" address="820f7" />
  <table name="(P0154) O2 SENSOR CIRCUIT OPEN B2 S1" address="82111" />
  <table name="(P0157) O2 SENSOR CIRCUIT LOW B2 S2" address="82119" />
  <table name="(P0158) O2 SENSOR CIRCUIT HIGH B2 S2" address="8211a" />
  <table name="(P0159) O2 SENSOR CIRCUIT SLOW RESPONSE B2 S2" address="82116" />
  <table name="(P0160) O2 SENSOR NO ACTIVITY B2 S2" address="82161" />
  <table name="(P0171) SYSTEM TOO LEAN" address="820e6" />
  <table name="(P0172) SYSTEM TOO RICH" address="820e7" />
  <table name="(P0174) SYSTEM TOO LEAN B2" address="820e0" />
  <table name="(P0175) SYSTEM TOO RICH B2" address="820e1" />
  <table name="(P0181) FUEL TEMP SENSOR A RANGE/PERF" address="820c5" />
  <table name="(P0182) FUEL TEMP SENSOR A LOW INPUT" address="820c3" />
  <table name="(P0183) FUEL TEMP SENSOR A HIGH INPUT" address="820c4" />
  <table name="(P0196) OIL TEMP SENSOR RANGE/PERF" address="82144" />
  <table name="(P0197) OIL TEMP SENSOR LOW" address="8213a" />
  <table name="(P0198) OIL TEMP SENSOR HIGH" address="82145" />
  <table name="(P0222) TPS B LOW INPUT" address="8211c" />
  <table name="(P0223) TPS B HIGH INPUT" address="8211d" />
  <table name="(P0230) FUEL PUMP PRIMARY CIRCUIT" address="8210e" />
  <table name="(P0301) MISFIRE CYLINDER 1" address="820e8" />
  <table name="(P0302) MISFIRE CYLINDER 2" address="820e9" />
  <table name="(P0303) MISFIRE CYLINDER 3" address="820ea" />
  <table name="(P0304) MISFIRE CYLINDER 4" address="820eb" />
  <table name="(P0305) MISFIRE CYLINDER 5" address="820ec" />
  <table name="(P0306) MISFIRE CYLINDER 6" address="820ed" />
  <table name="(P0327) KNOCK SENSOR 1 LOW INPUT" address="820b2" />
  <table name="(P0328) KNOCK SENSOR 1 HIGH INPUT" address="820b3" />
  <table name="(P0332) KNOCK SENSOR 2 LOW INPUT" address="820b0" />
  <table name="(P0333) KNOCK SENSOR 2 HIGH INPUT" address="820b1" />
  <table name="(P0335) CRANKSHAFT POS. SENSOR A MALFUNCTION" address="820a8" />
  <table name="(P0336) CRANKSHAFT POS. SENSOR A RANGE/PERF" address="820a9" />
  <table name="(P0340) CAMSHAFT POS. SENSOR A MALFUNCTION" address="82130" />
  <table name="(P0345) CAMSHAFT POS. SENSOR A BANK 2" address="8212f" />
  <table name="(P0365) CAMSHAFT POS. SENSOR B BANK 1" address="8212e" />
  <table name="(P0390) CAMSHAFT POS. SENSOR B BANK 2" address="8212d" />
  <table name="(P0400) EGR FLOW" address="820e5" />
  <table name="(P0420) CAT EFFICIENCY BELOW THRESHOLD" address="820e2" />
  <table name="(P0442) EVAP LEAK DETECTED (SMALL)" address="820e3" />
  <table name="(P0447) EVAP VENT CONTROL CIRCUIT OPEN" address="820da" />
  <table name="(P0448) EVAP VENT CONTROL CIRCUIT SHORTED" address="820db" />
  <table name="(P0451) EVAP PRESSURE SENSOR RANGE/PERF" address="820c1" />
  <table name="(P0452) EVAP PRESSURE SENSOR LOW INPUT" address="820bf" />
  <table name="(P0453) EVAP PRESSURE SENSOR HIGH INPUT" address="820c0" />
  <table name="(P0456) EVAP LEAK DETECTED (VERY SMALL)" address="820e4" />
  <table name="(P0457) EVAP LEAK DETECTED (FUEL CAP)" address="820ee" />
  <table name="(P0458) EVAP PURGE VALVE CIRCUIT LOW" address="820d7" />
  <table name="(P0459) EVAP PURGE VALVE CIRCUIT HIGH" address="820d8" />
  <table name="(P0461) FUEL LEVEL SENSOR RANGE/PERF" address="820bc" />
  <table name="(P0462) FUEL LEVEL SENSOR LOW INPUT" address="820ba" />
  <table name="(P0463) FUEL LEVEL SENSOR HIGH INPUT" address="820bb" />
  <table name="(P0464) FUEL LEVEL SENSOR INTERMITTENT" address="820b8" />
  <table name="(P0500) VEHICLE SPEED SENSOR A" address="820af" />
  <table name="(P0506) IDLE CONTROL RPM LOWER THAN EXPECTED" address="820cf" />
  <table name="(P0507) IDLE CONTROL RPM HIGH THAN EXPECTED" address="820d0" />
  <table name="(P0512) STARTER REQUEST CIRCUIT" address="820be" />
  <table name="(P0600) SERIAL COMMUNICATION LINK" address="8212c" />
  <table name="(P0604) CONTROL MODULE RAM ERROR" address="820ac" />
  <table name="(P0605) CONTROL MODULE ROM ERROR" address="82131" />
  <table name="(P0607) CONTROL MODULE PERFORMANCE" address="82124" />
  <table name="(P0638) THROTTLE ACTUATOR RANGE/PERF" address="82123" />
  <table name="(P0700) TRANSMISSION CONTROL SYSTEM" address="8213d" />
  <table name="(P1152) FRONT O2 SENSOR RANGE/PERF LOW B1 S1" address="820de" />
  <table name="(P1153) FRONT O2 SENSOR RANGE/PERF HIGH B1 S1" address="820df" />
  <table name="(P1154) O2 SENSOR RANGE/PERF LOW B2 S1" address="82101" />
  <table name="(P1155) O2 SENSOR RANGE/PERF HIGH B2 S1" address="82102" />
  <table name="(P1160) ABNORMAL RETURN SPRING" address="8211e" />
  <table name="(P1443) VENT CONTROL SOLENOID FUNCTION PROBLEM" address="820d9" />
  <table name="(P1492) EGR SOLENOID SIGNAL 1 MALFUNCTION (LOW)" address="820c7" />
  <table name="(P1493) EGR SOLENOID SIGNAL 1 MALFUNCTION (HIGH)" address="820c8" />
  <table name="(P1494) EGR SOLENOID SIGNAL 2 MALFUNCTION (LOW)" address="820c9" />
  <table name="(P1495) EGR SOLENOID SIGNAL 2 MALFUNCTION (HIGH)" address="820ca" />
  <table name="(P1496) EGR SIGNAL 3 CIRCUIT LOW" address="820cb" />
  <table name="(P1497) EGR SOLENOID SIGNAL 3 MALFUNCTION (HIGH)" address="820cc" />
  <table name="(P1498) EGR SIGNAL 4 CIRCUIT LOW" address="820cd" />
  <table name="(P1499) EGR SIGNAL 4 CIRCUIT HIGH" address="820ce" />
  <table name="(P1519) IMRC STUCK CLOSED" address="82172" />
  <table name="(P1520) IMRC CIRCUIT MALFUNCTION" address="82171" />
  <table name="(P1560) BACK-UP VOLTAGE MALFUNCTION" address="82107" />
  <table name="(P1602) CONTROL MODULE PROGRAMMING ERROR" address="82162" />
  <table name="(P1616) SBDS INTERACTIVE CODES" address="82170" />
  <table name="(P2088) OCV SOLENOID A1 CIRCUIT OPEN" address="82139" />
  <table name="(P2089) OCV SOLENOID A1 CIRCUIT SHORT" address="82138" />
  <table name="(P2090) OCV SOLENOID B1 CIRCUIT OPEN" address="82135" />
  <table name="(P2091) OCV SOLENOID B1 CIRCUIT SHORT" address="82134" />
  <table name="(P2092) OCV SOLENOID A2 CIRCUIT OPEN" address="82137" />
  <table name="(P2093) OCV SOLENOID A2 CIRCUIT SHORT" address="82136" />
  <table name="(P2094) OCV SOLENOID B2 CIRCUIT OPEN" address="82133" />
  <table name="(P2095) OCV SOLENOID B2 CIRCUIT SHORT" address="82132" />
  <table name="(P2096) POST CATALYST TOO LEAN B1" address="82122" />
  <table name="(P2097) POST CATALYST TOO RICH B1" address="8212b" />
  <table name="(P2098) POST CATALYST TOO LEAN B2" address="8213c" />
  <table name="(P2099) POST CATALYST TOO RICH B2" address="8213b" />
  <table name="(P2101) THROTTLE ACTUATOR CIRCUIT RANGE/PERF" address="82121" />
  <table name="(P2102) THROTTLE ACTUATOR CIRCUIT LOW" address="8211f" />
  <table name="(P2103) THROTTLE ACTUATOR CIRCUIT HIGH" address="82120" />
  <table name="(P2109) TPS A MINIMUM STOP PERF" address="8211b" />
  <table name="(P2122) TPS D CIRCUIT LOW INPUT" address="82128" />
  <table name="(P2123) TPS D CIRCUIT HIGH INPUT" address="82129" />
  <table name="(P2127) TPS E CIRCUIT LOW INPUT" address="82126" />
  <table name="(P2128) TPS E CIRCUIT HIGH INPUT" address="82127" />
  <table name="(P2135) TPS A/B VOLTAGE" address="8212a" />
  <table name="(P2138) TPS D/E VOLTAGE" address="82125" />
  <table name="(P2227) BARO. PRESSURE CIRCUIT RANGE/PERF" address="8214c" />
  <table name="(P2228) BARO. PRESSURE CIRCUIT LOW INPUT" address="8214f" />
  <table name="(P2229) BARO. PRESSURE CIRCUIT HIGH INPUT" address="8214e" />
</rom>