<rom>
  <romid>
    <xmlid>A2UG002T</xmlid>
    <internalidaddress>2000</internalidaddress>
    <internalidstring>A2UG002T</internalidstring>
    <ecuid>4B52584207</ecuid>
    <year>07</year>
    <market>ADM</market>
    <make>Subaru</make>
    <model>Liberty</model>
    <submodel>GT</submodel>
    <transmission>MT</transmission>
    <memmodel>SH7058</memmodel>
    <flashmethod>subarucan</flashmethod>
    <checksummodule>subarudbw</checksummodule>
  </romid>
  <include>32BITBASE</include>
  <table name="Target Boost_" address="c163c">
    <table name="X" address="c15d4" />
    <table name="Y" address="c1600" />
  </table>
  <table name="Target Boost Compensation (ECT)" address="c0ad0">
    <table name="Y" address="c0830" />
  </table>
  <table name="Target Boost Compensation (1st Gear)" address="c0828" />
  <table name="Target Boost Compensation (1st Gear) Speed Disable" address="c0824" />
  <table name="Target Boost Compensation (IAT)_" address="c0c38">
    <table name="Y" address="c0c20" />
  </table>
  <table name="Target Boost Compensation (Atm. Pressure)" address="c0af8">
    <table name="Y" address="c0ae0" elements="6" />
  </table>
  <table name="Boost Limit (Fuel Cut)" address="c9614">
    <table name="Y" address="c95fc" />
  </table>
  <table name="Boost Control Disable (IAM)" address="c0818" />
  <table name="Boost Control Disable (Fine Correction)" address="c0814" />
  <table name="Boost Control Disable Delay (Fine Correction)" address="c07b1" />
  <table name="Initial Wastegate Duty_" address="c12b8">
    <table name="X" address="c124c" elements="15" />
    <table name="Y" address="c1288" />
  </table>
  <table name="Max Wastegate Duty_" address="c0f10">
    <table name="X" address="c0ea4" elements="15" />
    <table name="Y" address="c0ee0" elements="12" />
  </table>
  <table name="Max Wastegate Duty Limit Post-Compensation" address="18070" />
  <table name="Initial/Max Wastegate Duty Compensation (IAT)" address="c0900">
    <table name="Y" address="c08c0" />
  </table>
  <table name="Initial/Max Wastegate Duty Compensation (ECT)" address="c09c0">
    <table name="Y" address="c0830" />
  </table>
  <table name="Initial/Max Wastegate Duty Compensation (Atm. Pressure)" address="c0cb8">
    <table name="X" address="c0c90" />
    <table name="Y" address="c0ca8" />
  </table>
  <table name="Turbo Dynamics Proportional" address="c0b24">
    <table name="Y" address="c0b00" />
  </table>
  <table name="Turbo Dynamics Integral Positive" address="c0b94">
    <table name="Y" address="c0b70" />
  </table>
  <table name="Turbo Dynamics Integral Negative" address="c0b5c">
    <table name="Y" address="c0b38" />
  </table>
  <table name="TD Proportional Compensation (IAT)" address="c0a10">
    <table name="Y" address="c09d0" elements="16" />
  </table>
  <table name="TD Integral Positive Compensation (IAT)" address="c0ab0">
    <table name="Y" address="c0a70" elements="16" />
  </table>
  <table name="TD Integral Negative Compensation (IAT)" address="c0a60">
    <table name="Y" address="c0a20" elements="16" />
  </table>
  <table name="TD Activation Thresholds (RPM)" address="c0804" />
  <table name="TD Activation Thresholds (Target Boost)_" address="c07e0" />
  <table name="TD Integral Cumulative Range (WGDC Correction)" address="c080c" />
  <table name="TD Integral Negative Activation (Boost Error)" address="c07ec" />
  <table name="TD Integral Positive Activation (Boost Error)" address="c07f4" />
  <table name="TD Integral Positive Activation (Wastegate Duty)" address="c07f8" />
  <table name="Manifold Pressure Sensor Scaling" address="c028c" />
  <table name="Manifold Pressure Sensor Limits (CEL)" address="d0274" />
  <table name="Manifold Pressure Sensor CEL Delays" address="c3c12" />
  <table name="Primary Open Loop Fueling" address="ca2ac">
    <table name="X" address="ca228" />
    <table name="Y" address="ca264" />
  </table>
  <table name="Primary Open Loop Fueling (Failsafe)" address="ca440">
    <table name="X" address="ca3bc" />
    <table name="Y" address="ca3f8" />
  </table>
  <table name="Primary Open Loop Fuel Map Switch (IAM)" address="c7ca8" />
  <table name="Minimum Active Primary Open Loop Enrichment" address="c7cac" />
  <table name="Minimum Primary Open Loop Enrichment (Throttle)" address="c847c">
    <table name="Y" address="c8464" />
  </table>
  <table name="Minimum Primary Open Loop Enrichment (Accelerator)" address="c849c">
    <table name="Y" address="c8484" />
  </table>
  <table name="Primary Open Loop Fueling Compensation (ECT)" address="c9028">
    <table name="Y" address="c8004" />
  </table>
  <table name="Primary Open Loop Fueling Compensation (Timing Compensation)" address="c840c">
    <table name="Y" address="c83f4" />
  </table>
  <table name="Front Oxygen Sensor Scaling" address="d07f8">
    <table name="Y" address="d07c4" />
  </table>
  <table name="Front Oxygen Sensor Rich Limit" address="270f8" />
  <table name="Front Oxygen Sensor Compensation (Atm. Pressure)" address="c3294">
    <table name="Y" address="c3284" />
  </table>
  <table name="CL Fueling Target Compensation A (Load)" address="cb3dc">
    <table name="X" address="cb384" />
    <table name="Y" address="cb3b0" elements="11" />
  </table>
  <table name="CL Fueling Target Compensation B (Load)" address="cb528">
    <table name="X" address="cb4d0" />
    <table name="Y" address="cb4fc" />
  </table>
  <table name="CL Fueling Target Compensation Imm. Cruise (ECT)" address="cafec">
    <table name="X" address="c8004" />
    <table name="Y" address="cafe0" />
  </table>
  <table name="CL Fueling Target Compensation Imm. Non-Cruise (ECT)" address="cb0c4">
    <table name="X" address="c8004" />
    <table name="Y" address="cb0b8" />
  </table>
  <table name="CL to OL Delay_" address="c7882" />
  <table name="CL to OL Delay/Switch SI-DRIVE Intelligent" address="c787c" />
  <table name="CL to OL Transition with Delay (Throttle)" address="c8454">
    <table name="Y" address="c8414" />
  </table>
  <table name="CL to OL Transition with Delay Throttle Hysteresis" address="c7cb0" />
  <table name="CL to OL Transition with Delay (Base Pulse Width)" address="c8f54">
    <table name="Y" address="c8f14" />
  </table>
  <table name="CL to OL Transition with Delay BPW Hysteresis" address="c7cb4" />
  <table name="CL to OL Transition Counter Step Value (MAF)" address="c8f9c">
    <table name="Y" address="c8f74" />
  </table>
  <table name="CL Delay Maximum (Throttle)" address="c7d2c" />
  <table name="CL Delay Maximum (Vehicle Speed)" address="c7d30" />
  <table name="CL Delay Minimum (ECT)" address="c7cb8" />
  <table name="CL Delay Maximum (Engine Load)" address="c7d40" />
  <table name="CL Delay Engine Load Counter Threshold" address="c787a" />
  <table name="CL Delay Maximum Engine Speed (Per Gear)" address="c7cbc" />
  <table name="CL Delay Maximum Engine Speed (Neutral)" address="c7d0c" />
  <table name="Injector Latency" address="c872c">
    <table name="Y" address="c8718" />
  </table>
  <table name="Injector Flow Scaling" address="c7a08" />
  <table name="Per Injector Pulse Width Compensation A" address="ca5d8">
    <table name="X" address="ca550" />
    <table name="Y" address="ca594" elements="17" />
  </table>
  <table name="Per Injector Pulse Width Compensation B" address="ca784">
    <table name="X" address="ca6fc" />
    <table name="Y" address="ca740" elements="17" />
  </table>
  <table name="Per Injector Pulse Width Compensation C" address="ca930">
    <table name="X" address="ca8a8" />
    <table name="Y" address="ca8ec" elements="17" />
  </table>
  <table name="Per Injector Pulse Width Compensation D" address="caadc">
    <table name="X" address="caa54" />
    <table name="Y" address="caa98" elements="17" />
  </table>
  <table name="Cranking Fuel Injector Pulse Width A (ECT)" address="c8656">
    <table name="Y" address="c8004" />
  </table>
  <table name="Cranking Fuel Injector Pulse Width B (ECT)" address="c8676">
    <table name="Y" address="c8004" />
  </table>
  <table name="Cranking Fuel Injector Pulse Width C (ECT)" address="c8696">
    <table name="Y" address="c8004" />
  </table>
  <table name="Cranking Fuel Injector Pulse Width D (ECT)" address="c86b6">
    <table name="Y" address="c8004" />
  </table>
  <table name="Cranking Fuel Injector Pulse Width E (ECT)" address="c86d6">
    <table name="Y" address="c8004" />
  </table>
  <table name="Cranking Fuel Injector Pulse Width F (ECT)" address="c86f6">
    <table name="Y" address="c8004" />
  </table>
  <table name="Cranking Fuel IPW Compensation Imm. Cruise (RPM)" address="c984c">
    <table name="X" address="c981c" />
    <table name="Y" address="c9830" />
  </table>
  <table name="Cranking Fuel IPW Compensation Imm. Non-Cruise (RPM)" address="c98f4">
    <table name="X" address="c98c4" />
    <table name="Y" address="c98d8" />
  </table>
  <table name="Cranking Fuel IPW Compensation (Accelerator)" address="c8138">
    <table name="Y" address="c8120" />
  </table>
  <table name="Throttle Tip-in Enrichment" address="c9568">
    <table name="Y" address="c9520" />
  </table>
  <table name="Minimum Tip-in Enrichment Activation" address="c7edc" />
  <table name="Minimum Tip-in Enrichment Activation (Throttle)" address="c7ed4" />
  <table name="Tip-in Enrichment Compensation (Boost Error)" address="c85ac">
    <table name="Y" address="c8588" />
  </table>
  <table name="Tip-in Enrichment Compensation (ECT)" address="c958c">
    <table name="Y" address="c8004" />
  </table>
  <table name="Tip-in Enrichment Disable Applied Counter Threshold" address="c7832" />
  <table name="Tip-in Enrichment Applied Counter Reset" address="c7833" />
  <table name="Tip-in Enrichment Disable Throttle Cumulative Threshold" address="c7ed8" />
  <table name="Tip-in Throttle Cumulative Reset" address="c7834" />
  <table name="Min Primary Base Enrichment 1 Cruise" address="c9a4c">
    <table name="X" address="c8004" />
    <table name="Y" address="c9a28" elements="9" />
  </table>
  <table name="Min Primary Base Enrichment 1 Non-Cruise" address="c99a8">
    <table name="X" address="c8004" />
    <table name="Y" address="c9988" />
  </table>
  <table name="Min Primary Base Enrichment 1 (Non-Primary OL)" address="c9b10">
    <table name="X" address="c9adc" />
    <table name="Y" address="c9b04" />
  </table>
  <table name="Min Primary Base Enrich 2 Initial Start 1A" address="c87b6">
    <table name="Y" address="c8004" />
  </table>
  <table name="Min Primary Base Enrich 2 Initial Start 1B" address="c87d6">
    <table name="Y" address="c8004" />
  </table>
  <table name="Min Primary Base Enrich 2 Initial Start 2A" address="c87f6">
    <table name="Y" address="c8004" />
  </table>
  <table name="Min Primary Base Enrich 2 Initial Start 2B" address="c8816">
    <table name="Y" address="c8004" />
  </table>
  <table name="Min Primary Base Enrich 2 Decay Step 1" address="c8836">
    <table name="Y" address="c8004" />
  </table>
  <table name="Min Primary Base Enrich 2 Decay Step 2" address="c8856">
    <table name="Y" address="c8004" />
  </table>
  <table name="Min Primary Base Enrich 3 Initial Start 1A" address="c8736">
    <table name="Y" address="c8004" />
  </table>
  <table name="Min Primary Base Enrich 3 Initial Start 1B" address="c8756">
    <table name="Y" address="c8004" />
  </table>
  <table name="Min Primary Base Enrich 3 Initial Start 2A" address="c8776">
    <table name="Y" address="c8004" />
  </table>
  <table name="Min Primary Base Enrich 3 Initial Start 2B" address="c8796">
    <table name="Y" address="c8004" />
  </table>
  <table name="Min Primary Base Enrich 3 Decay Delay A" address="c814e">
    <table name="Y" address="c8004" />
  </table>
  <table name="Min Primary Base Enrich 3 Decay Delay B" address="c815e">
    <table name="Y" address="c8004" />
  </table>
  <table name="Min Primary Base Enrich 3 Decay Multiplier" address="c7a0c" />
  <table name="A/F Learning #1 Limits" address="c7bc0" />
  <table name="A/F Learning #1 Airflow Ranges" address="c7bd0" />
  <table name="MAF Limit (Maximum)" address="c2db0" />
  <table name="MAF Sensor Scaling" address="d06ec">
    <table name="Y" address="d0614" />
  </table>
  <table name="MAF Compensation (IAT)" address="c355c">
    <table name="X" address="c3528" />
    <table name="Y" address="c353c" />
  </table>
  <table name="Engine Load Limit (Maximum)" address="25890" />
  <table name="Engine Load Compensation (MP)" address="c35e8">
    <table name="X" address="c3584" />
    <table name="Y" address="c35b0" elements="14" />
  </table>
  <table name="Base Timing Primary Cruise" address="ccfd4">
    <table name="X" address="ccf50" />
    <table name="Y" address="ccf8c" />
  </table>
  <table name="Base Timing Reference Cruise (AVCS related)" address="cd2fc">
    <table name="X" address="cd278" />
    <table name="Y" address="cd2b4" />
  </table>
  <table name="Base Timing Primary Non-Cruise" address="cd168">
    <table name="X" address="cd0e4" />
    <table name="Y" address="cd120" />
  </table>
  <table name="Base Timing Reference Non-Cruise (AVCS related)" address="cd490">
    <table name="X" address="cd40c" />
    <table name="Y" address="cd448" />
  </table>
  <table name="Base Timing Idle A (In-Gear)" address="cc4a5">
    <table name="Y" address="cc2e4" />
  </table>
  <table name="Base Timing Idle B (In-Gear)" address="cc4b5">
    <table name="Y" address="cc2e4" />
  </table>
  <table name="Base Timing Idle A (Neutral)" address="cc4c5">
    <table name="Y" address="cc2e4" />
  </table>
  <table name="Base Timing Idle B (Neutral)" address="cc4d5">
    <table name="Y" address="cc2e4" />
  </table>
  <table name="Base Timing Idle Minimum" address="cc49c">
    <table name="Y" address="cc478" />
  </table>
  <table name="Base Timing Idle Minimum Vehicle Speed Enable" address="cbf98" />
  <table name="Knock Correction Advance Max Cruise" address="cde60">
    <table name="X" address="cdddc" elements="15" />
    <table name="Y" address="cde18" />
  </table>
  <table name="Knock Correction Advance Max Non-Cruise" address="cdccc">
    <table name="X" address="cdc48" elements="15" />
    <table name="Y" address="cdc84" />
  </table>
  <table name="Timing Compensation A (IAT)" address="cc558">
    <table name="Y" address="cc518" />
  </table>
  <table name="Timing Compensation A (IAT) Activation" address="cd5e0">
    <table name="X" address="cd5a0" />
    <table name="Y" address="cd5c0" />
  </table>
  <table name="Timing Compensation B (IAT)" address="cc894">
    <table name="Y" address="cc854" />
  </table>
  <table name="Timing Compensation B (IAT) IAM Activation" address="cc0fc" />
  <table name="Timing Compensation B (IAT) Max Additive" address="cc0e0" />
  <table name="Timing Compensation (ECT)" address="cc505">
    <table name="Y" address="cc2e4" />
  </table>
  <table name="Timing Compensation (MRP)" address="cd810">
    <table name="X" address="cd7f0" />
    <table name="Y" address="cd804" />
  </table>
  <table name="Timing Compensation Per Cylinder A" address="cd86c">
    <table name="X" address="cd820" />
    <table name="Y" address="cd858" elements="5" />
  </table>
  <table name="Timing Compensation Per Cylinder B" address="cd900">
    <table name="X" address="cd8b4" />
    <table name="Y" address="cd8ec" elements="5" />
  </table>
  <table name="Timing Compensation Per Cylinder C" address="cd994">
    <table name="X" address="cd948" />
    <table name="Y" address="cd980" elements="5" />
  </table>
  <table name="Timing Compensation Per Cylinder D" address="cda2c">
    <table name="X" address="cd9dc" />
    <table name="Y" address="cda14" elements="6" />
  </table>
  <table name="Timing Comp Minimum Load (Per Cylinder)" address="cc104" />
  <table name="Timing Comp Maximum RPM (Per Cylinder)" address="cc100" />
  <table name="Timing Comp Minimum Coolant Temp (Per Cylinder)" address="cc108" />
  <table name="Feedback Correction Range (RPM)" address="cc114" />
  <table name="Feedback Correction Minimum Load" address="cc10c" />
  <table name="Feedback Correction Retard Value" address="cc134" />
  <table name="Feedback Correction Retard Limit" address="cc130" />
  <table name="Feedback Correction Negative Advance Value" address="cc138" />
  <table name="Feedback Correction Negative Advance Delay" address="cbea0" />
  <table name="Extended Feedback Correction High RPM Compensation" address="cc140" />
  <table name="Fine Correction Minimum (RPM)" address="cc150" />
  <table name="Fine Correction Maximum (RPM)" address="cc2a0" />
  <table name="Fine Correction Range (Load)" address="cc2a8" />
  <table name="Fine Correction Rows (RPM)" address="cc26c" />
  <table name="Fine Correction Columns (Load)" address="cc25c" />
  <table name="Fine Correction Retard Value" address="cc29c" />
  <table name="Fine Correction Retard Limit" address="cc298" />
  <table name="Fine Correction Advance Value" address="cc294" />
  <table name="Fine Correction Advance Limit" address="cc290" />
  <table name="Fine Correction Advance Delay" address="cbeb0" />
  <table name="Rough Correction Range (RPM)" address="cc20c" />
  <table name="Rough Correction Range (Load)" address="cc21c" />
  <table name="Rough Correction Minimum KC Advance Map Value" address="cc22c" />
  <table name="Rough Correction Learning Delay (Increasing)" address="cc8cc">
    <table name="Y" address="cc8a4" />
  </table>
  <table name="Advance Multiplier (Initial)" address="cc230" />
  <table name="Advance Multiplier Step Value" address="cc234" />
  <table name="Intake Cam Advance Angle Cruise (AVCS)" address="d22d8">
    <table name="X" address="d225c" elements="15" />
    <table name="Y" address="d2298" elements="16" />
  </table>
  <table name="Intake Cam Advance Angle Non-Cruise (AVCS)" address="d2534">
    <table name="X" address="d24b8" elements="15" />
    <table name="Y" address="d24f4" elements="16" />
  </table>
  <table name="Requested Torque (Accelerator Pedal) SI-DRIVE Sport" address="dc5e4">
    <table name="X" address="dc564" />
    <table name="Y" address="dc5a0" />
  </table>
  <table name="Requested Torque (Accelerator Pedal) SI-DRIVE Sport Sharp" address="dc864">
    <table name="X" address="dc7e4" />
    <table name="Y" address="dc820" />
  </table>
  <table name="Requested Torque (Accelerator Pedal) SI-DRIVE Intelligent" address="dcae4">
    <table name="X" address="dca64" />
    <table name="Y" address="dcaa0" />
  </table>
  <table name="Requested Torque Base (RPM)_" address="cf40c">
    <table name="Y" address="cf3cc" />
  </table>
  <table name="Target Throttle Plate Position Cruise (Requested Torque Ratio)" address="dbe64">
    <table name="X" address="dbde4" elements="16" />
    <table name="Y" address="dbe24" />
  </table>
  <table name="Target Throttle Plate Position Non-Cruise (Requested Torque Ratio)" address="dc0e4">
    <table name="X" address="dc064" elements="16" />
    <table name="Y" address="dc0a4" />
  </table>
  <table name="Target Throttle Plate Position Maximum (Requested Torque Ratio)" address="dc364">
    <table name="X" address="dc2e4" elements="16" />
    <table name="Y" address="dc324" />
  </table>
  <table name="Rev Limit (Fuel Cut)" address="c7f30" />
  <table name="Rev Limit Fuel Resume (Boost)" address="c7f38" />
  <table name="Speed Limiting Enable (Fuel Cut)" address="c7f80" />
  <table name="Speed Limiting Disable (Fuel Cut)" address="c7f8c" />
  <table name="Speed Limiting A (Throttle) SI-DRIVE Sport/Sport Sharp" address="db844" />
  <table name="Speed Limiting B (Throttle) SI-DRIVE Sport/Sport Sharp" address="db85c" />
  <table name="Speed Limiting (Throttle) SI-DRIVE Intelligent" address="db850" />
  <table name="Intake Temp Sensor Scaling" address="8e6c0">
    <table name="Y" address="8e648" />
  </table>
  <table name="Coolant Temp Sensor Scaling" address="8e5d8">
    <table name="Y" address="8e568" />
  </table>
  <table name="Radiator Fan Modes A (ECT)" address="d0f7c" />
  <table name="Radiator Fan Modes B (ECT)" address="d0f8c" />
  <table name="Radiator Fan Modes (Veh. Speed)" address="d0f9c" />
  <table name="Gear Determination Thresholds A" address="c2f98" />
  <table name="Gear Determination Thresholds B" address="c2fac" />
  <table name="Gear Determination Thresholds C" address="c2fc0" />
  <table name="Idle Speed Target A" address="ceb1c">
    <table name="Y" address="ce648" />
  </table>
  <table name="Idle Speed Target B" address="ceb5c">
    <table name="Y" address="ce648" />
  </table>
  <table name="Idle Speed Target C" address="ceb9c">
    <table name="Y" address="ce648" />
  </table>
  <table name="Force Pass Readiness Monitors" address="8717a" />
  <table name="(P0000) PASS CODE (NO DTC DETECTED)" address="7b311" />
  <table name="(P0000) PASS CODE (NO DTC DETECTED)_" address="7b312" />
  <table name="(P0011) CAMSHAFT POS. - TIMING OVER-ADVANCED 1" address="7b2f5" />
  <table name="(P0016) CRANKSHAFT/CAMSHAFT CORRELATION 1A" address="7b391" />
  <table name="(P0018) CRANKSHAFT/CAMSHAFT CORRELATION 2A" address="7b390" />
  <table name="(P0021) CAMSHAFT POS. - TIMING OVER-ADVANCED 2" address="7b2f6" />
  <table name="(P0030) FRONT O2 SENSOR RANGE/PERF" address="7b33f" />
  <table name="(P0031) FRONT O2 SENSOR LOW INPUT" address="7b320" />
  <table name="(P0032) FRONT O2 SENSOR HIGH INPUT" address="7b31e" />
  <table name="(P0037) REAR O2 SENSOR LOW INPUT" address="7b31f" />
  <table name="(P0038) REAR O2 SENSOR HIGH INPUT" address="7b31d" />
  <table name="(P0102) MAF SENSOR LOW INPUT" address="7b2cd" />
  <table name="(P0103) MAF SENSOR HIGH INPUT" address="7b2ce" />
  <table name="(P0107) MAP SENSOR LOW INPUT" address="7b321" />
  <table name="(P0108) MAP SENSOR HIGH INPUT" address="7b322" />
  <table name="(P0112) IAT SENSOR LOW INPUT" address="7b31a" />
  <table name="(P0113) IAT SENSOR HIGH INPUT" address="7b31b" />
  <table name="(P0117) COOLANT TEMP SENSOR LOW INPUT" address="7b2d6" />
  <table name="(P0118) COOLANT TEMP SENSOR HIGH INPUT" address="7b2d7" />
  <table name="(P0122) TPS A LOW INPUT" address="7b2d4" />
  <table name="(P0123) TPS A HIGH INPUT" address="7b2d5" />
  <table name="(P0125) INSUFFICIENT COOLANT TEMP (FUELING)" address="7b2d9" />
  <table name="(P0131) FRONT O2 SENSOR LOW INPUT" address="7b314" />
  <table name="(P0132) FRONT O2 SENSOR HIGH INPUT" address="7b316" />
  <table name="(P0133) FRONT O2 SENSOR SLOW RESPONSE" address="7b2fe" />
  <table name="(P0134) FRONT O2 SENSOR NO ACTIVITY" address="7b33d" />
  <table name="(P0140) REAR O2 SENSOR NO ACTIVITY" address="7b38b" />
  <table name="(P0171) SYSTEM TOO LEAN" address="7b308" />
  <table name="(P0172) SYSTEM TOO RICH" address="7b309" />
  <table name="(P0222) TPS B LOW INPUT" address="7b347" />
  <table name="(P0223) TPS B HIGH INPUT" address="7b348" />
  <table name="(P0230) FUEL PUMP PRIMARY CIRCUIT" address="7b338" />
  <table name="(P0244) WASTEGATE SOLENOID A RANGE/PERF" address="7b32e" />
  <table name="(P0245) WASTEGATE SOLENOID A LOW" address="7b32c" />
  <table name="(P0246) WASTEGATE SOLENOID A HIGH" address="7b32d" />
  <table name="(P0301) MISFIRE CYLINDER 1" address="7b30a" />
  <table name="(P0302) MISFIRE CYLINDER 2" address="7b30b" />
  <table name="(P0303) MISFIRE CYLINDER 3" address="7b30c" />
  <table name="(P0304) MISFIRE CYLINDER 4" address="7b30d" />
  <table name="(P0327) KNOCK SENSOR 1 LOW INPUT" address="7b2d2" />
  <table name="(P0328) KNOCK SENSOR 1 HIGH INPUT" address="7b2d3" />
  <table name="(P0335) CRANKSHAFT POS. SENSOR A MALFUNCTION" address="7b2c8" />
  <table name="(P0340) CAMSHAFT POS. SENSOR A MALFUNCTION" address="7b35b" />
  <table name="(P0345) CAMSHAFT POS. SENSOR A BANK 2" address="7b35a" />
  <table name="(P0410) SECONDARY AIR PUMP SYSTEM" address="7b385" />
  <table name="(P0413) SECONDARY AIR PUMP A OPEN" address="7b389" />
  <table name="(P0414) SECONDARY AIR PUMP A SHORTED" address="7b38e" />
  <table name="(P0418) SECONDARY AIR PUMP RELAY A" address="7b38a" />
  <table name="(P0420) CAT EFFICIENCY BELOW THRESHOLD" address="7b304" />
  <table name="(P0458) EVAP PURGE VALVE CIRCUIT LOW" address="7b2f9" />
  <table name="(P0459) EVAP PURGE VALVE CIRCUIT HIGH" address="7b2fa" />
  <table name="(P0462) FUEL LEVEL SENSOR LOW INPUT" address="7b2da" />
  <table name="(P0463) FUEL LEVEL SENSOR HIGH INPUT" address="7b2db" />
  <table name="(P0500) VEHICLE SPEED SENSOR A" address="7b2cf" />
  <table name="(P0512) STARTER REQUEST CIRCUIT" address="7b2df" />
  <table name="(P0519) IDLE CONTROL MALFUNCTION (FAIL-SAFE)" address="7b33a" />
  <table name="(P0600) SERIAL COMMUNICATION LINK" address="7b357" />
  <table name="(P0604) CONTROL MODULE RAM ERROR" address="7b2cc" />
  <table name="(P0605) CONTROL MODULE ROM ERROR" address="7b35c" />
  <table name="(P0607) CONTROL MODULE PERFORMANCE" address="7b34f" />
  <table name="(P0638) THROTTLE ACTUATOR RANGE/PERF" address="7b34e" />
  <table name="(P0691) RADIATOR FAN CIRCUIT LOW" address="7b2f2" />
  <table name="(P0692) RADIATOR FAN CIRCUIT HIGH" address="7b2f3" />
  <table name="(P0700) TRANSMISSION CONTROL SYSTEM" address="7b368" />
  <table name="(P0851) NEUTRAL SWITCH INPUT LOW" address="7b2e3" />
  <table name="(P0852) NEUTRAL SWITCH INPUT HIGH" address="7b2e7" />
  <table name="(P1160) ABNORMAL RETURN SPRING" address="7b349" />
  <table name="(P1410) SECONDARY AIR PUMP VALVE STUCK OPEN" address="7b392" />
  <table name="(P1418) SECONDARY AIR PUMP CIRCUIT SHORTED" address="7b38f" />
  <table name="(P1518) STARTER SWITCH LOW INPUT" address="7b2de" />
  <table name="(P1560) BACK-UP VOLTAGE MALFUNCTION" address="7b329" />
  <table name="(P2004) TGV - INTAKE MANIFOLD RUNNER 1 STUCK OPEN" address="7b373" />
  <table name="(P2005) TGV - INTAKE MANIFOLD RUNNER 2 STUCK OPEN" address="7b375" />
  <table name="(P2006) TGV - INTAKE MANIFOLD RUNNER 1 STUCK CLOSED" address="7b374" />
  <table name="(P2007) TGV - INTAKE MANIFOLD RUNNER 2 STUCK CLOSED" address="7b376" />
  <table name="(P2008) TGV - INTAKE MANIFOLD RUNNER 1 CIRCUIT OPEN" address="7b381" />
  <table name="(P2009) TGV - INTAKE MANIFOLD RUNNER 1 CIRCUIT LOW" address="7b37f" />
  <table name="(P2011) TGV - INTAKE MANIFOLD RUNNER 2 CIRCUIT OPEN" address="7b382" />
  <table name="(P2012) TGV - INTAKE MANIFOLD RUNNER 2 CIRCUIT LOW" address="7b380" />
  <table name="(P2016) TGV - INTAKE MANIFOLD RUNNER 1 POS. SENSOR LOW" address="7b37b" />
  <table name="(P2017) TGV - INTAKE MANIFOLD RUNNER 1 POS. SENSOR HIGH" address="7b37c" />
  <table name="(P2021) TGV - INTAKE MANIFOLD RUNNER 2 POS. SENSOR LOW" address="7b37d" />
  <table name="(P2022) TGV - INTAKE MANIFOLD RUNNER 2 POS. SENSOR HIGH" address="7b37e" />
  <table name="(P2088) OCV SOLENOID A1 CIRCUIT OPEN" address="7b364" />
  <table name="(P2089) OCV SOLENOID A1 CIRCUIT SHORT" address="7b363" />
  <table name="(P2092) OCV SOLENOID A2 CIRCUIT OPEN" address="7b362" />
  <table name="(P2093) OCV SOLENOID A2 CIRCUIT SHORT" address="7b361" />
  <table name="(P2101) THROTTLE ACTUATOR CIRCUIT RANGE/PERF" address="7b34c" />
  <table name="(P2102) THROTTLE ACTUATOR CIRCUIT LOW" address="7b34a" />
  <table name="(P2103) THROTTLE ACTUATOR CIRCUIT HIGH" address="7b34b" />
  <table name="(P2109) TPS A MINIMUM STOP PERF" address="7b346" />
  <table name="(P2122) TPS D CIRCUIT LOW INPUT" address="7b353" />
  <table name="(P2123) TPS D CIRCUIT HIGH INPUT" address="7b354" />
  <table name="(P2127) TPS E CIRCUIT LOW INPUT" address="7b351" />
  <table name="(P2128) TPS E CIRCUIT HIGH INPUT" address="7b352" />
  <table name="(P2135) TPS A/B VOLTAGE" address="7b355" />
  <table name="(P2138) TPS D/E VOLTAGE" address="7b350" />
  <table name="(P2419) EVAP SWITCHING VALVE LOW" address="7b39a" />
  <table name="(P2420) EVAP SWITCHING VALVE HIGH" address="7b39b" />
  <table name="(P2432) SECONDARY AIR PUMP CIRCUIT LOW" address="7b388" />
  <table name="(P2433) SECONDARY AIR PUMP CIRCUIT HIGH" address="7b387" />
  <table name="(P2440) SECONDARY AIR PUMP VALVE 1 STUCK OPEN" address="7b396" />
  <table name="(P2441) SECONDARY AIR PUMP VALVE 1 STUCK CLOSED" address="7b395" />
  <table name="(P2444) SECONDARY AIR PUMP 1 STUCK ON B1" address="7b383" />
  <table name="(P2503) CHARGING SYSTEM VOLTAGE LOW" address="7b372" />
  <table name="(P2504) CHARGING SYSTEM VOLTAGE HIGH" address="7b371" />
</rom>