<rom>
  <romid>
    <xmlid>A2UG001G</xmlid>
    <internalidaddress>2000</internalidaddress>
    <internalidstring>A2UG001G</internalidstring>
    <ecuid>4B52504107</ecuid>
    <year>08</year>
    <market>ADM</market>
    <make>Subaru</make>
    <model>Liberty</model>
    <submodel>GT</submodel>
    <transmission>AT</transmission>
    <memmodel>SH7058</memmodel>
    <flashmethod>subarucan</flashmethod>
    <checksummodule>subarudbw</checksummodule>
  </romid>
  <include>32BITBASE</include>
  <table name="Target Boost_" address="c1488">
    <table name="X" address="c1420" />
    <table name="Y" address="c144c" />
  </table>
  <table name="Target Boost Compensation (ECT)" address="c0ac0">
    <table name="Y" address="c0830" />
  </table>
  <table name="Target Boost Compensation (1st Gear)" address="c0828" />
  <table name="Target Boost Compensation (1st Gear) Speed Disable" address="c0824" />
  <table name="Target Boost Compensation (IAT)_" address="c0c38">
    <table name="Y" address="c0c20" />
  </table>
  <table name="Target Boost Compensation (Atm. Pressure)" address="c0af8">
    <table name="Y" address="c0ae0" elements="6" />
  </table>
  <table name="Boost Limit (Fuel Cut)" address="c943c">
    <table name="Y" address="c9424" />
  </table>
  <table name="Boost Control Disable (IAM)" address="c0818" />
  <table name="Boost Control Disable (Fine Correction)" address="c0814" />
  <table name="Boost Control Disable Delay (Fine Correction)" address="c07b1" />
  <table name="Initial Wastegate Duty_" address="c10e4">
    <table name="X" address="c1078" elements="15" />
    <table name="Y" address="c10b4" />
  </table>
  <table name="Max Wastegate Duty_" address="c0d3c">
    <table name="X" address="c0cd0" elements="15" />
    <table name="Y" address="c0d0c" elements="12" />
  </table>
  <table name="Max Wastegate Duty Limit Post-Compensation" address="18070" />
  <table name="Initial/Max Wastegate Duty Compensation (IAT)" address="c08b0">
    <table name="Y" address="c0870" />
  </table>
  <table name="Initial/Max Wastegate Duty Compensation (ECT)" address="c09b0">
    <table name="Y" address="c0830" />
  </table>
  <table name="Initial/Max Wastegate Duty Compensation (Atm. Pressure)" address="c0c78">
    <table name="X" address="c0c50" />
    <table name="Y" address="c0c68" />
  </table>
  <table name="Turbo Dynamics Proportional" address="c0b24">
    <table name="Y" address="c0b00" />
  </table>
  <table name="Turbo Dynamics Integral Positive" address="c0b94">
    <table name="Y" address="c0b70" />
  </table>
  <table name="Turbo Dynamics Integral Negative" address="c0b5c">
    <table name="Y" address="c0b38" />
  </table>
  <table name="TD Proportional Compensation (IAT)" address="c0a10">
    <table name="Y" address="c09d0" elements="16" />
  </table>
  <table name="TD Integral Positive Compensation (IAT)" address="c0ab0">
    <table name="Y" address="c0a70" elements="16" />
  </table>
  <table name="TD Integral Negative Compensation (IAT)" address="c0a60">
    <table name="Y" address="c0a20" elements="16" />
  </table>
  <table name="TD Activation Thresholds (RPM)" address="c07fc" />
  <table name="TD Activation Thresholds (Target Boost)_" address="c07d8" />
  <table name="TD Integral Cumulative Range (WGDC Correction)" address="c080c" />
  <table name="TD Integral Negative Activation (Boost Error)" address="c07e8" />
  <table name="TD Integral Positive Activation (Boost Error)" address="c07f0" />
  <table name="TD Integral Positive Activation (Wastegate Duty)" address="c07f8" />
  <table name="Manifold Pressure Sensor Scaling" address="c028c" />
  <table name="Manifold Pressure Sensor Limits (CEL)" address="d0044" />
  <table name="Manifold Pressure Sensor CEL Delays" address="c3c12" />
  <table name="Primary Open Loop Fueling" address="ca0d4">
    <table name="X" address="ca050" />
    <table name="Y" address="ca08c" />
  </table>
  <table name="Primary Open Loop Fueling (Failsafe)" address="ca268">
    <table name="X" address="ca1e4" />
    <table name="Y" address="ca220" />
  </table>
  <table name="Primary Open Loop Fuel Map Switch (IAM)" address="c7ad0" />
  <table name="Minimum Active Primary Open Loop Enrichment" address="c7ad4" />
  <table name="Minimum Primary Open Loop Enrichment (Throttle)" address="c82a4">
    <table name="Y" address="c828c" />
  </table>
  <table name="Minimum Primary Open Loop Enrichment (Accelerator)" address="c82c4">
    <table name="Y" address="c82ac" />
  </table>
  <table name="Primary Open Loop Fueling Compensation (ECT)" address="c8e50">
    <table name="Y" address="c7e2c" />
  </table>
  <table name="Primary Open Loop Fueling Compensation (Timing Compensation)" address="c8234">
    <table name="Y" address="c821c" />
  </table>
  <table name="Front Oxygen Sensor Scaling" address="d05c8">
    <table name="Y" address="d0594" />
  </table>
  <table name="Front Oxygen Sensor Rich Limit" address="270f8" />
  <table name="Front Oxygen Sensor Compensation (Atm. Pressure)" address="c3294">
    <table name="Y" address="c3284" />
  </table>
  <table name="CL Fueling Target Compensation A (Load)" address="cafa0">
    <table name="X" address="caf4c" />
    <table name="Y" address="caf78" />
  </table>
  <table name="CL Fueling Target Compensation B (Load)" address="cb0d0">
    <table name="X" address="cb07c" />
    <table name="Y" address="cb0a8" elements="10" />
  </table>
  <table name="CL Fueling Target Compensation Imm. Cruise (ECT)" address="cada8">
    <table name="X" address="c7e2c" />
    <table name="Y" address="cad9c" />
  </table>
  <table name="CL Fueling Target Compensation Imm. Non-Cruise (ECT)" address="cae80">
    <table name="X" address="c7e2c" />
    <table name="Y" address="cae74" />
  </table>
  <table name="CL to OL Delay" address="c76a6">
    <table name="Y" elements="2" />
  </table>
  <table name="CL to OL Delay/Switch SI-DRIVE Intelligent" address="c76a4" />
  <table name="CL to OL Transition with Delay (Throttle)" address="c827c">
    <table name="Y" address="c823c" />
  </table>
  <table name="CL to OL Transition with Delay Throttle Hysteresis" address="c7ad8" />
  <table name="CL to OL Transition with Delay (Base Pulse Width)" address="c8d7c">
    <table name="Y" address="c8d3c" />
  </table>
  <table name="CL to OL Transition with Delay BPW Hysteresis" address="c7adc" />
  <table name="CL to OL Transition Counter Step Value (MAF)" address="c8dc4">
    <table name="Y" address="c8d9c" />
  </table>
  <table name="CL Delay Maximum (Vehicle Speed)" address="c7b58" />
  <table name="CL Delay Minimum (ECT)" address="c7ae0" />
  <table name="CL Delay Maximum (Engine Load)" address="c7b68" />
  <table name="CL Delay Engine Load Counter Threshold" address="c76a2" />
  <table name="CL Delay Maximum Engine Speed (Per Gear)" address="c7b0c" />
  <table name="CL Delay Maximum Engine Speed (Neutral)" address="c7b34" />
  <table name="CL Delay Throttle Atm. Pressure Thresholds" address="c7b3c" />
  <table name="CL Delay Maximum (Throttle) (Low Atm. Pressure)" address="c7b44" />
  <table name="CL Delay Maximum (Throttle) (High Atm. Pressure)" address="c7b4c" />
  <table name="Injector Latency" address="c8554">
    <table name="Y" address="c8540" />
  </table>
  <table name="Injector Flow Scaling" address="c7830" />
  <table name="Per Injector Pulse Width Compensation A" address="ca400">
    <table name="X" address="ca378" />
    <table name="Y" address="ca3bc" elements="17" />
  </table>
  <table name="Per Injector Pulse Width Compensation B" address="ca5ac">
    <table name="X" address="ca524" />
    <table name="Y" address="ca568" elements="17" />
  </table>
  <table name="Per Injector Pulse Width Compensation C" address="ca758">
    <table name="X" address="ca6d0" />
    <table name="Y" address="ca714" elements="17" />
  </table>
  <table name="Per Injector Pulse Width Compensation D" address="ca904">
    <table name="X" address="ca87c" />
    <table name="Y" address="ca8c0" elements="17" />
  </table>
  <table name="Cranking Fuel Injector Pulse Width A (ECT)" address="c847e">
    <table name="Y" address="c7e2c" />
  </table>
  <table name="Cranking Fuel Injector Pulse Width B (ECT)" address="c849e">
    <table name="Y" address="c7e2c" />
  </table>
  <table name="Cranking Fuel Injector Pulse Width C (ECT)" address="c84be">
    <table name="Y" address="c7e2c" />
  </table>
  <table name="Cranking Fuel Injector Pulse Width D (ECT)" address="c84de">
    <table name="Y" address="c7e2c" />
  </table>
  <table name="Cranking Fuel Injector Pulse Width E (ECT)" address="c84fe">
    <table name="Y" address="c7e2c" />
  </table>
  <table name="Cranking Fuel Injector Pulse Width F (ECT)" address="c851e">
    <table name="Y" address="c7e2c" />
  </table>
  <table name="Cranking Fuel IPW Compensation Imm. Cruise (RPM)" address="c9620">
    <table name="X" address="c95f0" />
    <table name="Y" address="c9604" />
  </table>
  <table name="Cranking Fuel IPW Compensation Imm. Non-Cruise (RPM)" address="c96c8">
    <table name="X" address="c9698" />
    <table name="Y" address="c96ac" />
  </table>
  <table name="Cranking Fuel IPW Compensation (Accelerator)" address="c7f60">
    <table name="Y" address="c7f48" />
  </table>
  <table name="Throttle Tip-in Enrichment" address="c9390">
    <table name="Y" address="c9348" />
  </table>
  <table name="Minimum Tip-in Enrichment Activation" address="c7d04" />
  <table name="Minimum Tip-in Enrichment Activation (Throttle)" address="c7cfc" />
  <table name="Tip-in Enrichment Compensation (Boost Error)" address="c83d4">
    <table name="Y" address="c83b0" />
  </table>
  <table name="Tip-in Enrichment Compensation (ECT)" address="c93b4">
    <table name="Y" address="c7e2c" />
  </table>
  <table name="Tip-in Enrichment Disable Applied Counter Threshold" address="c765a" />
  <table name="Tip-in Enrichment Applied Counter Reset" address="c765b" />
  <table name="Tip-in Enrichment Disable Throttle Cumulative Threshold" address="c7d00" />
  <table name="Tip-in Throttle Cumulative Reset" address="c765c" />
  <table name="Min Primary Base Enrichment 1 Cruise" address="c9874">
    <table name="X" address="c7e2c" />
    <table name="Y" address="c9850" elements="9" />
  </table>
  <table name="Min Primary Base Enrichment 1 Non-Cruise" address="c97d0">
    <table name="X" address="c7e2c" />
    <table name="Y" address="c97b0" />
  </table>
  <table name="Min Primary Base Enrichment 1 (Non-Primary OL)" address="c9938">
    <table name="X" address="c9904" />
    <table name="Y" address="c992c" />
  </table>
  <table name="Min Primary Base Enrich 2 Initial Start 1A" address="c85de">
    <table name="Y" address="c7e2c" />
  </table>
  <table name="Min Primary Base Enrich 2 Initial Start 1B" address="c85fe">
    <table name="Y" address="c7e2c" />
  </table>
  <table name="Min Primary Base Enrich 2 Initial Start 2A" address="c861e">
    <table name="Y" address="c7e2c" />
  </table>
  <table name="Min Primary Base Enrich 2 Initial Start 2B" address="c863e">
    <table name="Y" address="c7e2c" />
  </table>
  <table name="Min Primary Base Enrich 2 Decay Step 1" address="c865e">
    <table name="Y" address="c7e2c" />
  </table>
  <table name="Min Primary Base Enrich 2 Decay Step 2" address="c867e">
    <table name="Y" address="c7e2c" />
  </table>
  <table name="Min Primary Base Enrich 3 Initial Start 1A" address="c855e">
    <table name="Y" address="c7e2c" />
  </table>
  <table name="Min Primary Base Enrich 3 Initial Start 1B" address="c857e">
    <table name="Y" address="c7e2c" />
  </table>
  <table name="Min Primary Base Enrich 3 Initial Start 2A" address="c859e">
    <table name="Y" address="c7e2c" />
  </table>
  <table name="Min Primary Base Enrich 3 Initial Start 2B" address="c85be">
    <table name="Y" address="c7e2c" />
  </table>
  <table name="Min Primary Base Enrich 3 Decay Delay A" address="c7f76">
    <table name="Y" address="c7e2c" />
  </table>
  <table name="Min Primary Base Enrich 3 Decay Delay B" address="c7f86">
    <table name="Y" address="c7e2c" />
  </table>
  <table name="Min Primary Base Enrich 3 Decay Multiplier" address="c7834" />
  <table name="A/F Learning #1 Limits" address="c79e8" />
  <table name="A/F Learning #1 Airflow Ranges" address="c79f8" />
  <table name="MAF Limit (Maximum)" address="c2db0" />
  <table name="MAF Sensor Scaling" address="d04bc">
    <table name="Y" address="d03e4" />
  </table>
  <table name="MAF Compensation (IAT)" address="c355c">
    <table name="X" address="c3528" />
    <table name="Y" address="c353c" />
  </table>
  <table name="Engine Load Limit (Maximum)" address="25890" />
  <table name="Engine Load Compensation (MP)" address="c35e8">
    <table name="X" address="c3584" />
    <table name="Y" address="c35b0" elements="14" />
  </table>
  <table name="Base Timing Primary Cruise" address="cce0c">
    <table name="X" address="ccd88" />
    <table name="Y" address="ccdc4" />
  </table>
  <table name="Base Timing Reference Cruise (AVCS related)" address="cd134">
    <table name="X" address="cd0b0" />
    <table name="Y" address="cd0ec" />
  </table>
  <table name="Base Timing Primary Non-Cruise" address="ccfa0">
    <table name="X" address="ccf1c" />
    <table name="Y" address="ccf58" />
  </table>
  <table name="Base Timing Reference Non-Cruise (AVCS related)" address="cd2c8">
    <table name="X" address="cd244" />
    <table name="Y" address="cd280" />
  </table>
  <table name="Base Timing Idle A (In-Gear)" address="cc2cd">
    <table name="Y" address="cc10c" />
  </table>
  <table name="Base Timing Idle B (In-Gear)" address="cc2dd">
    <table name="Y" address="cc10c" />
  </table>
  <table name="Base Timing Idle A (Neutral)" address="cc2ed">
    <table name="Y" address="cc10c" />
  </table>
  <table name="Base Timing Idle B (Neutral)" address="cc2fd">
    <table name="Y" address="cc10c" />
  </table>
  <table name="Base Timing Idle Minimum" address="cc2c4">
    <table name="Y" address="cc2a0" />
  </table>
  <table name="Base Timing Idle Minimum Vehicle Speed Enable" address="cbdc0" />
  <table name="Knock Correction Advance Max Cruise" address="cdcc0">
    <table name="X" address="cdc3c" elements="15" />
    <table name="Y" address="cdc78" />
  </table>
  <table name="Knock Correction Advance Max Non-Cruise" address="cdb2c">
    <table name="X" address="cdaa8" elements="15" />
    <table name="Y" address="cdae4" />
  </table>
  <table name="Timing Compensation A (IAT)" address="cc380">
    <table name="Y" address="cc340" />
  </table>
  <table name="Timing Compensation A (IAT) Activation" address="cd418">
    <table name="X" address="cd3d8" />
    <table name="Y" address="cd3f8" />
  </table>
  <table name="Timing Compensation B (IAT)" address="cc6bc">
    <table name="Y" address="cc67c" />
  </table>
  <table name="Timing Compensation B (IAT) IAM Activation" address="cbf24" />
  <table name="Timing Compensation B (IAT) Max Additive" address="cbf08" />
  <table name="Timing Compensation (ECT)" address="cc32d">
    <table name="Y" address="cc10c" />
  </table>
  <table name="Timing Compensation (MRP)" address="cd670">
    <table name="X" address="cd650" />
    <table name="Y" address="cd664" />
  </table>
  <table name="Timing Compensation Per Cylinder A" address="cd6cc">
    <table name="X" address="cd680" />
    <table name="Y" address="cd6b8" elements="5" />
  </table>
  <table name="Timing Compensation Per Cylinder B" address="cd760">
    <table name="X" address="cd714" />
    <table name="Y" address="cd74c" elements="5" />
  </table>
  <table name="Timing Compensation Per Cylinder C" address="cd7f4">
    <table name="X" address="cd7a8" />
    <table name="Y" address="cd7e0" elements="5" />
  </table>
  <table name="Timing Compensation Per Cylinder D" address="cd88c">
    <table name="X" address="cd83c" />
    <table name="Y" address="cd874" elements="6" />
  </table>
  <table name="Timing Comp Minimum Load (Per Cylinder)" address="cbf2c" />
  <table name="Timing Comp Maximum RPM (Per Cylinder)" address="cbf28" />
  <table name="Timing Comp Minimum Coolant Temp (Per Cylinder)" address="cbf30" />
  <table name="Feedback Correction Range (RPM)" address="cbf3c" />
  <table name="Feedback Correction Minimum Load" address="cbf34" />
  <table name="Feedback Correction Retard Value" address="cbf5c" />
  <table name="Feedback Correction Retard Limit" address="cbf58" />
  <table name="Feedback Correction Negative Advance Value" address="cbf60" />
  <table name="Feedback Correction Negative Advance Delay" address="cbcc8" />
  <table name="Extended Feedback Correction High RPM Compensation" address="cbf68" />
  <table name="Fine Correction Minimum (RPM)" address="cbf78" />
  <table name="Fine Correction Maximum (RPM)" address="cc0c8" />
  <table name="Fine Correction Range (Load)" address="cc0d0" />
  <table name="Fine Correction Rows (RPM)" address="cc094" />
  <table name="Fine Correction Columns (Load)" address="cc084" />
  <table name="Fine Correction Retard Value" address="cc0c4" />
  <table name="Fine Correction Retard Limit" address="cc0c0" />
  <table name="Fine Correction Advance Value" address="cc0bc" />
  <table name="Fine Correction Advance Limit" address="cc0b8" />
  <table name="Fine Correction Advance Delay" address="cbcd8" />
  <table name="Rough Correction Range (RPM)" address="cc034" />
  <table name="Rough Correction Range (Load)" address="cc044" />
  <table name="Rough Correction Minimum KC Advance Map Value" address="cc054" />
  <table name="Rough Correction Learning Delay (Increasing)" address="cc6f4">
    <table name="Y" address="cc6cc" />
  </table>
  <table name="Advance Multiplier (Initial)" address="cc058" />
  <table name="Advance Multiplier Step Value" address="cc05c" />
  <table name="Intake Cam Advance Angle Cruise (AVCS)" address="d20a8">
    <table name="X" address="d202c" elements="15" />
    <table name="Y" address="d2068" elements="16" />
  </table>
  <table name="Intake Cam Advance Angle Non-Cruise (AVCS)" address="d2304">
    <table name="X" address="d2288" elements="15" />
    <table name="Y" address="d22c4" elements="16" />
  </table>
  <table name="Requested Torque (Accelerator Pedal) SI-DRIVE Sport" address="dc644">
    <table name="X" address="dc5c4" />
    <table name="Y" address="dc600" />
  </table>
  <table name="Requested Torque (Accelerator Pedal) SI-DRIVE Sport Sharp" address="dc8c4">
    <table name="X" address="dc844" />
    <table name="Y" address="dc880" />
  </table>
  <table name="Requested Torque (Accelerator Pedal) SI-DRIVE Intelligent" address="dcb44">
    <table name="X" address="dcac4" />
    <table name="Y" address="dcb00" />
  </table>
  <table name="Target Throttle Plate Position Cruise (Requested Torque)" address="dbec4">
    <table name="X" address="dbe44" elements="16" />
    <table name="Y" address="dbe84" />
  </table>
  <table name="Target Throttle Plate Position Non-Cruise (Requested Torque)" address="dc144">
    <table name="X" address="dc0c4" elements="16" />
    <table name="Y" address="dc104" />
  </table>
  <table name="Target Throttle Plate Position Maximum (Requested Torque)" address="dc3c4">
    <table name="X" address="dc344" elements="16" />
    <table name="Y" address="dc384" />
  </table>
  <table name="Rev Limit (Fuel Cut)" address="c7d58" />
  <table name="Rev Limit Fuel Resume (Boost)" address="c7d60" />
  <table name="Speed Limiting Enable (Fuel Cut)" address="c7da4" />
  <table name="Speed Limiting Disable (Fuel Cut)" address="c7db0" />
  <table name="Speed Limiting A (Throttle) SI-DRIVE Sport/Sport Sharp" address="db844" />
  <table name="Speed Limiting B (Throttle) SI-DRIVE Sport/Sport Sharp" address="db85c" />
  <table name="Speed Limiting (Throttle) SI-DRIVE Intelligent" address="db850" />
  <table name="Intake Temp Sensor Scaling" address="8e6d0">
    <table name="Y" address="8e658" />
  </table>
  <table name="Coolant Temp Sensor Scaling" address="8e5e8">
    <table name="Y" address="8e578" />
  </table>
  <table name="Radiator Fan Modes A (ECT)" address="d0d4c" />
  <table name="Radiator Fan Modes B (ECT)" address="d0d5c" />
  <table name="Radiator Fan Modes (Veh. Speed)" address="d0d6c" />
  <table name="Idle Speed Target A" address="ce99c">
    <table name="Y" address="ce4a8" />
  </table>
  <table name="Idle Speed Target B" address="ce9dc">
    <table name="Y" address="ce4a8" />
  </table>
  <table name="Idle Speed Target C" address="cea1c">
    <table name="Y" address="ce4a8" />
  </table>
  <table name="Force Pass Readiness Monitors" address="8717a" />
  <table name="(P0000) PASS CODE (NO DTC DETECTED)" address="7b311" />
  <table name="(P0000) PASS CODE (NO DTC DETECTED)_" address="7b312" />
  <table name="(P0011) CAMSHAFT POS. - TIMING OVER-ADVANCED 1" address="7b2f5" />
  <table name="(P0016) CRANKSHAFT/CAMSHAFT CORRELATION 1A" address="7b391" />
  <table name="(P0018) CRANKSHAFT/CAMSHAFT CORRELATION 2A" address="7b390" />
  <table name="(P0021) CAMSHAFT POS. - TIMING OVER-ADVANCED 2" address="7b2f6" />
  <table name="(P0030) FRONT O2 SENSOR RANGE/PERF" address="7b33f" />
  <table name="(P0031) FRONT O2 SENSOR LOW INPUT" address="7b320" />
  <table name="(P0032) FRONT O2 SENSOR HIGH INPUT" address="7b31e" />
  <table name="(P0037) REAR O2 SENSOR LOW INPUT" address="7b31f" />
  <table name="(P0038) REAR O2 SENSOR HIGH INPUT" address="7b31d" />
  <table name="(P0102) MAF SENSOR LOW INPUT" address="7b2cd" />
  <table name="(P0103) MAF SENSOR HIGH INPUT" address="7b2ce" />
  <table name="(P0107) MAP SENSOR LOW INPUT" address="7b321" />
  <table name="(P0108) MAP SENSOR HIGH INPUT" address="7b322" />
  <table name="(P0112) IAT SENSOR LOW INPUT" address="7b31a" />
  <table name="(P0113) IAT SENSOR HIGH INPUT" address="7b31b" />
  <table name="(P0117) COOLANT TEMP SENSOR LOW INPUT" address="7b2d6" />
  <table name="(P0118) COOLANT TEMP SENSOR HIGH INPUT" address="7b2d7" />
  <table name="(P0122) TPS A LOW INPUT" address="7b2d4" />
  <table name="(P0123) TPS A HIGH INPUT" address="7b2d5" />
  <table name="(P0125) INSUFFICIENT COOLANT TEMP (FUELING)" address="7b2d9" />
  <table name="(P0131) FRONT O2 SENSOR LOW INPUT" address="7b314" />
  <table name="(P0132) FRONT O2 SENSOR HIGH INPUT" address="7b316" />
  <table name="(P0133) FRONT O2 SENSOR SLOW RESPONSE" address="7b2fe" />
  <table name="(P0134) FRONT O2 SENSOR NO ACTIVITY" address="7b33d" />
  <table name="(P0140) REAR O2 SENSOR NO ACTIVITY" address="7b38b" />
  <table name="(P0171) SYSTEM TOO LEAN" address="7b308" />
  <table name="(P0172) SYSTEM TOO RICH" address="7b309" />
  <table name="(P0222) TPS B LOW INPUT" address="7b347" />
  <table name="(P0223) TPS B HIGH INPUT" address="7b348" />
  <table name="(P0230) FUEL PUMP PRIMARY CIRCUIT" address="7b338" />
  <table name="(P0244) WASTEGATE SOLENOID A RANGE/PERF" address="7b32e" />
  <table name="(P0245) WASTEGATE SOLENOID A LOW" address="7b32c" />
  <table name="(P0246) WASTEGATE SOLENOID A HIGH" address="7b32d" />
  <table name="(P0301) MISFIRE CYLINDER 1" address="7b30a" />
  <table name="(P0302) MISFIRE CYLINDER 2" address="7b30b" />
  <table name="(P0303) MISFIRE CYLINDER 3" address="7b30c" />
  <table name="(P0304) MISFIRE CYLINDER 4" address="7b30d" />
  <table name="(P0327) KNOCK SENSOR 1 LOW INPUT" address="7b2d2" />
  <table name="(P0328) KNOCK SENSOR 1 HIGH INPUT" address="7b2d3" />
  <table name="(P0335) CRANKSHAFT POS. SENSOR A MALFUNCTION" address="7b2c8" />
  <table name="(P0340) CAMSHAFT POS. SENSOR A MALFUNCTION" address="7b35b" />
  <table name="(P0345) CAMSHAFT POS. SENSOR A BANK 2" address="7b35a" />
  <table name="(P0410) SECONDARY AIR PUMP SYSTEM" address="7b385" />
  <table name="(P0413) SECONDARY AIR PUMP A OPEN" address="7b389" />
  <table name="(P0414) SECONDARY AIR PUMP A SHORTED" address="7b38e" />
  <table name="(P0418) SECONDARY AIR PUMP RELAY A" address="7b38a" />
  <table name="(P0420) CAT EFFICIENCY BELOW THRESHOLD" address="7b304" />
  <table name="(P0458) EVAP PURGE VALVE CIRCUIT LOW" address="7b2f9" />
  <table name="(P0459) EVAP PURGE VALVE CIRCUIT HIGH" address="7b2fa" />
  <table name="(P0462) FUEL LEVEL SENSOR LOW INPUT" address="7b2da" />
  <table name="(P0463) FUEL LEVEL SENSOR HIGH INPUT" address="7b2db" />
  <table name="(P0500) VEHICLE SPEED SENSOR A" address="7b2cf" />
  <table name="(P0512) STARTER REQUEST CIRCUIT" address="7b2df" />
  <table name="(P0519) IDLE CONTROL MALFUNCTION (FAIL-SAFE)" address="7b33a" />
  <table name="(P0600) SERIAL COMMUNICATION LINK" address="7b357" />
  <table name="(P0604) CONTROL MODULE RAM ERROR" address="7b2cc" />
  <table name="(P0605) CONTROL MODULE ROM ERROR" address="7b35c" />
  <table name="(P0607) CONTROL MODULE PERFORMANCE" address="7b34f" />
  <table name="(P0638) THROTTLE ACTUATOR RANGE/PERF" address="7b34e" />
  <table name="(P0691) RADIATOR FAN CIRCUIT LOW" address="7b2f2" />
  <table name="(P0692) RADIATOR FAN CIRCUIT HIGH" address="7b2f3" />
  <table name="(P0700) TRANSMISSION CONTROL SYSTEM" address="7b368" />
  <table name="(P0851) NEUTRAL SWITCH INPUT LOW" address="7b2e3" />
  <table name="(P0852) NEUTRAL SWITCH INPUT HIGH" address="7b2e7" />
  <table name="(P1160) ABNORMAL RETURN SPRING" address="7b349" />
  <table name="(P1410) SECONDARY AIR PUMP VALVE STUCK OPEN" address="7b392" />
  <table name="(P1418) SECONDARY AIR PUMP CIRCUIT SHORTED" address="7b38f" />
  <table name="(P1518) STARTER SWITCH LOW INPUT" address="7b2de" />
  <table name="(P1560) BACK-UP VOLTAGE MALFUNCTION" address="7b329" />
  <table name="(P2004) TGV - INTAKE MANIFOLD RUNNER 1 STUCK OPEN" address="7b373" />
  <table name="(P2005) TGV - INTAKE MANIFOLD RUNNER 2 STUCK OPEN" address="7b375" />
  <table name="(P2006) TGV - INTAKE MANIFOLD RUNNER 1 STUCK CLOSED" address="7b374" />
  <table name="(P2007) TGV - INTAKE MANIFOLD RUNNER 2 STUCK CLOSED" address="7b376" />
  <table name="(P2008) TGV - INTAKE MANIFOLD RUNNER 1 CIRCUIT OPEN" address="7b381" />
  <table name="(P2009) TGV - INTAKE MANIFOLD RUNNER 1 CIRCUIT LOW" address="7b37f" />
  <table name="(P2011) TGV - INTAKE MANIFOLD RUNNER 2 CIRCUIT OPEN" address="7b382" />
  <table name="(P2012) TGV - INTAKE MANIFOLD RUNNER 2 CIRCUIT LOW" address="7b380" />
  <table name="(P2016) TGV - INTAKE MANIFOLD RUNNER 1 POS. SENSOR LOW" address="7b37b" />
  <table name="(P2017) TGV - INTAKE MANIFOLD RUNNER 1 POS. SENSOR HIGH" address="7b37c" />
  <table name="(P2021) TGV - INTAKE MANIFOLD RUNNER 2 POS. SENSOR LOW" address="7b37d" />
  <table name="(P2022) TGV - INTAKE MANIFOLD RUNNER 2 POS. SENSOR HIGH" address="7b37e" />
  <table name="(P2088) OCV SOLENOID A1 CIRCUIT OPEN" address="7b364" />
  <table name="(P2089) OCV SOLENOID A1 CIRCUIT SHORT" address="7b363" />
  <table name="(P2092) OCV SOLENOID A2 CIRCUIT OPEN" address="7b362" />
  <table name="(P2093) OCV SOLENOID A2 CIRCUIT SHORT" address="7b361" />
  <table name="(P2101) THROTTLE ACTUATOR CIRCUIT RANGE/PERF" address="7b34c" />
  <table name="(P2102) THROTTLE ACTUATOR CIRCUIT LOW" address="7b34a" />
  <table name="(P2103) THROTTLE ACTUATOR CIRCUIT HIGH" address="7b34b" />
  <table name="(P2109) TPS A MINIMUM STOP PERF" address="7b346" />
  <table name="(P2122) TPS D CIRCUIT LOW INPUT" address="7b353" />
  <table name="(P2123) TPS D CIRCUIT HIGH INPUT" address="7b354" />
  <table name="(P2127) TPS E CIRCUIT LOW INPUT" address="7b351" />
  <table name="(P2128) TPS E CIRCUIT HIGH INPUT" address="7b352" />
  <table name="(P2135) TPS A/B VOLTAGE" address="7b355" />
  <table name="(P2138) TPS D/E VOLTAGE" address="7b350" />
  <table name="(P2419) EVAP SWITCHING VALVE LOW" address="7b39a" />
  <table name="(P2420) EVAP SWITCHING VALVE HIGH" address="7b39b" />
  <table name="(P2432) SECONDARY AIR PUMP CIRCUIT LOW" address="7b388" />
  <table name="(P2433) SECONDARY AIR PUMP CIRCUIT HIGH" address="7b387" />
  <table name="(P2440) SECONDARY AIR PUMP VALVE 1 STUCK OPEN" address="7b396" />
  <table name="(P2441) SECONDARY AIR PUMP VALVE 1 STUCK CLOSED" address="7b395" />
  <table name="(P2444) SECONDARY AIR PUMP 1 STUCK ON B1" address="7b383" />
  <table name="(P2503) CHARGING SYSTEM VOLTAGE LOW" address="7b372" />
  <table name="(P2504) CHARGING SYSTEM VOLTAGE HIGH" address="7b371" />
</rom>