<rom>
  <romid>
    <xmlid>A2UI000Y</xmlid>
    <internalidaddress>2000</internalidaddress>
    <internalidstring>A2UI000Y</internalidstring>
    <ecuid>4B5250A007</ecuid>
    <year>08</year>
    <market>ADM</market>
    <make>Subaru</make>
    <model>Liberty</model>
    <submodel>GT</submodel>
    <transmission>AT</transmission>
    <memmodel>SH7058</memmodel>
    <flashmethod>subarucan</flashmethod>
    <checksummodule>subarudbw</checksummodule>
  </romid>
  <include>32BITBASE</include>
  <table name="Target Boost_" address="c1488">
    <table name="X" address="c1420" />
    <table name="Y" address="c144c" />
  </table>
  <table name="Target Boost Compensation (ECT)" address="c0ac0">
    <table name="Y" address="c0830" />
  </table>
  <table name="Target Boost Compensation (1st Gear)" address="c0828" />
  <table name="Target Boost Compensation (1st Gear) Speed Disable" address="c0824" />
  <table name="Target Boost Compensation (IAT)_" address="c0c38">
    <table name="Y" address="c0c20" />
  </table>
  <table name="Target Boost Compensation (Atm. Pressure)" address="c0af8">
    <table name="Y" address="c0ae0" elements="6" />
  </table>
  <table name="Boost Limit (Fuel Cut)" address="c9448">
    <table name="Y" address="c9430" />
  </table>
  <table name="Boost Control Disable (IAM)" address="c0818" />
  <table name="Boost Control Disable (Fine Correction)" address="c0814" />
  <table name="Boost Control Disable Delay (Fine Correction)" address="c07b1" />
  <table name="Initial Wastegate Duty_" address="c10e4">
    <table name="X" address="c1078" elements="15" />
    <table name="Y" address="c10b4" />
  </table>
  <table name="Max Wastegate Duty_" address="c0d3c">
    <table name="X" address="c0cd0" elements="15" />
    <table name="Y" address="c0d0c" elements="12" />
  </table>
  <table name="Max Wastegate Duty Limit Post-Compensation" address="18070" />
  <table name="Initial/Max Wastegate Duty Compensation (IAT)" address="c08b0">
    <table name="Y" address="c0870" />
  </table>
  <table name="Initial/Max Wastegate Duty Compensation (ECT)" address="c09b0">
    <table name="Y" address="c0830" />
  </table>
  <table name="Initial/Max Wastegate Duty Compensation (Atm. Pressure)" address="c0c78">
    <table name="X" address="c0c50" />
    <table name="Y" address="c0c68" />
  </table>
  <table name="Turbo Dynamics Proportional" address="c0b24">
    <table name="Y" address="c0b00" />
  </table>
  <table name="Turbo Dynamics Integral Positive" address="c0b94">
    <table name="Y" address="c0b70" />
  </table>
  <table name="Turbo Dynamics Integral Negative" address="c0b5c">
    <table name="Y" address="c0b38" />
  </table>
  <table name="TD Proportional Compensation (IAT)" address="c0a10">
    <table name="Y" address="c09d0" elements="16" />
  </table>
  <table name="TD Integral Positive Compensation (IAT)" address="c0ab0">
    <table name="Y" address="c0a70" elements="16" />
  </table>
  <table name="TD Integral Negative Compensation (IAT)" address="c0a60">
    <table name="Y" address="c0a20" elements="16" />
  </table>
  <table name="TD Activation Thresholds (RPM)" address="c07fc" />
  <table name="TD Activation Thresholds (Target Boost)_" address="c07d8" />
  <table name="TD Integral Cumulative Range (WGDC Correction)" address="c080c" />
  <table name="TD Integral Negative Activation (Boost Error)" address="c07e8" />
  <table name="TD Integral Positive Activation (Boost Error)" address="c07f0" />
  <table name="TD Integral Positive Activation (Wastegate Duty)" address="c07f8" />
  <table name="Manifold Pressure Sensor Scaling" address="c028c" />
  <table name="Manifold Pressure Sensor Limits (CEL)" address="d01ec" />
  <table name="Manifold Pressure Sensor CEL Delays" address="c3c16" />
  <table name="Primary Open Loop Fueling" address="ca0e0">
    <table name="X" address="ca05c" />
    <table name="Y" address="ca098" />
  </table>
  <table name="Primary Open Loop Fueling (Failsafe)" address="ca274">
    <table name="X" address="ca1f0" />
    <table name="Y" address="ca22c" />
  </table>
  <table name="Primary Open Loop Fuel Map Switch (IAM)" address="c7ad4" />
  <table name="Minimum Active Primary Open Loop Enrichment" address="c7ad8" />
  <table name="Minimum Primary Open Loop Enrichment (Throttle)" address="c82b0">
    <table name="Y" address="c8298" />
  </table>
  <table name="Minimum Primary Open Loop Enrichment (Accelerator)" address="c82d0">
    <table name="Y" address="c82b8" />
  </table>
  <table name="Primary Open Loop Fueling Compensation (ECT)" address="c8e5c">
    <table name="Y" address="c7e38" />
  </table>
  <table name="Primary Open Loop Fueling Compensation (Timing Compensation)" address="c8240">
    <table name="Y" address="c8228" />
  </table>
  <table name="Front Oxygen Sensor Scaling" address="d0770">
    <table name="Y" address="d073c" />
  </table>
  <table name="Front Oxygen Sensor Rich Limit" address="27138" />
  <table name="Front Oxygen Sensor Compensation (Atm. Pressure)" address="c3298">
    <table name="Y" address="c3288" />
  </table>
  <table name="CL Fueling Target Compensation A (Load)" address="cafac">
    <table name="X" address="caf58" />
    <table name="Y" address="caf84" />
  </table>
  <table name="CL Fueling Target Compensation B (Load)" address="cb0dc">
    <table name="X" address="cb088" />
    <table name="Y" address="cb0b4" elements="10" />
  </table>
  <table name="CL Fueling Target Compensation Imm. Cruise (ECT)" address="cadb4">
    <table name="X" address="c7e38" />
    <table name="Y" address="cada8" />
  </table>
  <table name="CL Fueling Target Compensation Imm. Non-Cruise (ECT)" address="cae8c">
    <table name="X" address="c7e38" />
    <table name="Y" address="cae80" />
  </table>
  <table name="CL to OL Delay" address="c76aa">
    <table name="Y" elements="2" />
  </table>
  <table name="CL to OL Delay/Switch SI-DRIVE Intelligent" address="c76a8" />
  <table name="CL to OL Transition with Delay (Throttle)" address="c8288">
    <table name="Y" address="c8248" />
  </table>
  <table name="CL to OL Transition with Delay Throttle Hysteresis" address="c7adc" />
  <table name="CL to OL Transition with Delay (Base Pulse Width)" address="c8d88">
    <table name="Y" address="c8d48" />
  </table>
  <table name="CL to OL Transition with Delay BPW Hysteresis" address="c7ae0" />
  <table name="CL to OL Transition Counter Step Value (MAF)" address="c8dd0">
    <table name="Y" address="c8da8" />
  </table>
  <table name="CL Delay Maximum (Vehicle Speed)" address="c7b5c" />
  <table name="CL Delay Minimum (ECT)" address="c7ae4" />
  <table name="CL Delay Maximum (Engine Load)" address="c7b6c" />
  <table name="CL Delay Engine Load Counter Threshold" address="c76a6" />
  <table name="CL Delay Maximum Engine Speed (Per Gear)" address="c7b10" />
  <table name="CL Delay Maximum Engine Speed (Neutral)" address="c7b38" />
  <table name="CL Delay Throttle Atm. Pressure Thresholds" address="c7b40" />
  <table name="CL Delay Maximum (Throttle) (Low Atm. Pressure)" address="c7b48" />
  <table name="CL Delay Maximum (Throttle) (High Atm. Pressure)" address="c7b50" />
  <table name="Injector Latency" address="c8560">
    <table name="Y" address="c854c" />
  </table>
  <table name="Injector Flow Scaling" address="c7834" />
  <table name="Per Injector Pulse Width Compensation A" address="ca40c">
    <table name="X" address="ca384" />
    <table name="Y" address="ca3c8" elements="17" />
  </table>
  <table name="Per Injector Pulse Width Compensation B" address="ca5b8">
    <table name="X" address="ca530" />
    <table name="Y" address="ca574" elements="17" />
  </table>
  <table name="Per Injector Pulse Width Compensation C" address="ca764">
    <table name="X" address="ca6dc" />
    <table name="Y" address="ca720" elements="17" />
  </table>
  <table name="Per Injector Pulse Width Compensation D" address="ca910">
    <table name="X" address="ca888" />
    <table name="Y" address="ca8cc" elements="17" />
  </table>
  <table name="Cranking Fuel Injector Pulse Width A (ECT)" address="c848a">
    <table name="Y" address="c7e38" />
  </table>
  <table name="Cranking Fuel Injector Pulse Width B (ECT)" address="c84aa">
    <table name="Y" address="c7e38" />
  </table>
  <table name="Cranking Fuel Injector Pulse Width C (ECT)" address="c84ca">
    <table name="Y" address="c7e38" />
  </table>
  <table name="Cranking Fuel Injector Pulse Width D (ECT)" address="c84ea">
    <table name="Y" address="c7e38" />
  </table>
  <table name="Cranking Fuel Injector Pulse Width E (ECT)" address="c850a">
    <table name="Y" address="c7e38" />
  </table>
  <table name="Cranking Fuel Injector Pulse Width F (ECT)" address="c852a">
    <table name="Y" address="c7e38" />
  </table>
  <table name="Cranking Fuel IPW Compensation Imm. Cruise (RPM)" address="c962c">
    <table name="X" address="c95fc" />
    <table name="Y" address="c9610" />
  </table>
  <table name="Cranking Fuel IPW Compensation Imm. Non-Cruise (RPM)" address="c96d4">
    <table name="X" address="c96a4" />
    <table name="Y" address="c96b8" />
  </table>
  <table name="Cranking Fuel IPW Compensation (Accelerator)" address="c7f6c">
    <table name="Y" address="c7f54" />
  </table>
  <table name="Throttle Tip-in Enrichment" address="c939c">
    <table name="Y" address="c9354" />
  </table>
  <table name="Minimum Tip-in Enrichment Activation" address="c7d10" />
  <table name="Minimum Tip-in Enrichment Activation (Throttle)" address="c7d08" />
  <table name="Tip-in Enrichment Compensation (Boost Error)" address="c83e0">
    <table name="Y" address="c83bc" />
  </table>
  <table name="Tip-in Enrichment Compensation (ECT)" address="c93c0">
    <table name="Y" address="c7e38" />
  </table>
  <table name="Tip-in Enrichment Disable Applied Counter Threshold" address="c765e" />
  <table name="Tip-in Enrichment Applied Counter Reset" address="c765f" />
  <table name="Tip-in Enrichment Disable Throttle Cumulative Threshold" address="c7d0c" />
  <table name="Tip-in Throttle Cumulative Reset" address="c7660" />
  <table name="Min Primary Base Enrichment 1 Cruise" address="c9880">
    <table name="X" address="c7e38" />
    <table name="Y" address="c985c" elements="9" />
  </table>
  <table name="Min Primary Base Enrichment 1 Non-Cruise" address="c97dc">
    <table name="X" address="c7e38" />
    <table name="Y" address="c97bc" />
  </table>
  <table name="Min Primary Base Enrichment 1 (Non-Primary OL)" address="c9944">
    <table name="X" address="c9910" />
    <table name="Y" address="c9938" />
  </table>
  <table name="Min Primary Base Enrich 2 Initial Start 1A" address="c85ea">
    <table name="Y" address="c7e38" />
  </table>
  <table name="Min Primary Base Enrich 2 Initial Start 1B" address="c860a">
    <table name="Y" address="c7e38" />
  </table>
  <table name="Min Primary Base Enrich 2 Initial Start 2A" address="c862a">
    <table name="Y" address="c7e38" />
  </table>
  <table name="Min Primary Base Enrich 2 Initial Start 2B" address="c864a">
    <table name="Y" address="c7e38" />
  </table>
  <table name="Min Primary Base Enrich 2 Decay Step 1" address="c866a">
    <table name="Y" address="c7e38" />
  </table>
  <table name="Min Primary Base Enrich 2 Decay Step 2" address="c868a">
    <table name="Y" address="c7e38" />
  </table>
  <table name="Min Primary Base Enrich 3 Initial Start 1A" address="c856a">
    <table name="Y" address="c7e38" />
  </table>
  <table name="Min Primary Base Enrich 3 Initial Start 1B" address="c858a">
    <table name="Y" address="c7e38" />
  </table>
  <table name="Min Primary Base Enrich 3 Initial Start 2A" address="c85aa">
    <table name="Y" address="c7e38" />
  </table>
  <table name="Min Primary Base Enrich 3 Initial Start 2B" address="c85ca">
    <table name="Y" address="c7e38" />
  </table>
  <table name="Min Primary Base Enrich 3 Decay Delay A" address="c7f82">
    <table name="Y" address="c7e38" />
  </table>
  <table name="Min Primary Base Enrich 3 Decay Delay B" address="c7f92">
    <table name="Y" address="c7e38" />
  </table>
  <table name="Min Primary Base Enrich 3 Decay Multiplier" address="c7838" />
  <table name="A/F Learning #1 Limits" address="c79ec" />
  <table name="A/F Learning #1 Airflow Ranges" address="c79fc" />
  <table name="MAF Limit (Maximum)" address="c2db4" />
  <table name="MAF Sensor Scaling" address="d0664">
    <table name="Y" address="d058c" />
  </table>
  <table name="MAF Compensation (IAT)" address="c3560">
    <table name="X" address="c352c" />
    <table name="Y" address="c3540" />
  </table>
  <table name="Engine Load Limit (Maximum)" address="258d0" />
  <table name="Engine Load Compensation (MP)" address="c35ec">
    <table name="X" address="c3588" />
    <table name="Y" address="c35b4" elements="14" />
  </table>
  <table name="Base Timing Primary Cruise" address="ccfb4">
    <table name="X" address="ccf30" />
    <table name="Y" address="ccf6c" />
  </table>
  <table name="Base Timing Reference Cruise (AVCS related)" address="cd2dc">
    <table name="X" address="cd258" />
    <table name="Y" address="cd294" />
  </table>
  <table name="Base Timing Primary Non-Cruise" address="cd148">
    <table name="X" address="cd0c4" />
    <table name="Y" address="cd100" />
  </table>
  <table name="Base Timing Reference Non-Cruise (AVCS related)" address="cd470">
    <table name="X" address="cd3ec" />
    <table name="Y" address="cd428" />
  </table>
  <table name="Base Timing Idle A (In-Gear)" address="cc475">
    <table name="Y" address="cc2b4" />
  </table>
  <table name="Base Timing Idle B (In-Gear)" address="cc485">
    <table name="Y" address="cc2b4" />
  </table>
  <table name="Base Timing Idle A (Neutral)" address="cc495">
    <table name="Y" address="cc2b4" />
  </table>
  <table name="Base Timing Idle B (Neutral)" address="cc4a5">
    <table name="Y" address="cc2b4" />
  </table>
  <table name="Base Timing Idle Minimum" address="cc46c">
    <table name="Y" address="cc448" />
  </table>
  <table name="Base Timing Idle Minimum Vehicle Speed Enable" address="cbf68" />
  <table name="Knock Correction Advance Max Cruise" address="cde68">
    <table name="X" address="cdde4" elements="15" />
    <table name="Y" address="cde20" />
  </table>
  <table name="Knock Correction Advance Max Non-Cruise" address="cdcd4">
    <table name="X" address="cdc50" elements="15" />
    <table name="Y" address="cdc8c" />
  </table>
  <table name="Timing Compensation A (IAT)" address="cc528">
    <table name="Y" address="cc4e8" />
  </table>
  <table name="Timing Compensation A (IAT) Activation" address="cd5c0">
    <table name="X" address="cd580" />
    <table name="Y" address="cd5a0" />
  </table>
  <table name="Timing Compensation B (IAT)" address="cc864">
    <table name="Y" address="cc824" />
  </table>
  <table name="Timing Compensation B (IAT) IAM Activation" address="cc0cc" />
  <table name="Timing Compensation B (IAT) Max Additive" address="cc0b0" />
  <table name="Timing Compensation (ECT)" address="cc4d5">
    <table name="Y" address="cc2b4" />
  </table>
  <table name="Timing Compensation (MRP)" address="cd818">
    <table name="X" address="cd7f8" />
    <table name="Y" address="cd80c" />
  </table>
  <table name="Timing Compensation Per Cylinder A" address="cd874">
    <table name="X" address="cd828" />
    <table name="Y" address="cd860" elements="5" />
  </table>
  <table name="Timing Compensation Per Cylinder B" address="cd908">
    <table name="X" address="cd8bc" />
    <table name="Y" address="cd8f4" elements="5" />
  </table>
  <table name="Timing Compensation Per Cylinder C" address="cd99c">
    <table name="X" address="cd950" />
    <table name="Y" address="cd988" elements="5" />
  </table>
  <table name="Timing Compensation Per Cylinder D" address="cda34">
    <table name="X" address="cd9e4" />
    <table name="Y" address="cda1c" elements="6" />
  </table>
  <table name="Timing Comp Minimum Load (Per Cylinder)" address="cc0d4" />
  <table name="Timing Comp Maximum RPM (Per Cylinder)" address="cc0d0" />
  <table name="Timing Comp Minimum Coolant Temp (Per Cylinder)" address="cc0d8" />
  <table name="Feedback Correction Range (RPM)" address="cc0e4" />
  <table name="Feedback Correction Minimum Load" address="cc0dc" />
  <table name="Feedback Correction Retard Value" address="cc104" />
  <table name="Feedback Correction Retard Limit" address="cc100" />
  <table name="Feedback Correction Negative Advance Value" address="cc108" />
  <table name="Feedback Correction Negative Advance Delay" address="cbe70" />
  <table name="Extended Feedback Correction High RPM Compensation" address="cc110" />
  <table name="Fine Correction Minimum (RPM)" address="cc120" />
  <table name="Fine Correction Maximum (RPM)" address="cc270" />
  <table name="Fine Correction Range (Load)" address="cc278" />
  <table name="Fine Correction Rows (RPM)" address="cc23c" />
  <table name="Fine Correction Columns (Load)" address="cc22c" />
  <table name="Fine Correction Retard Value" address="cc26c" />
  <table name="Fine Correction Retard Limit" address="cc268" />
  <table name="Fine Correction Advance Value" address="cc264" />
  <table name="Fine Correction Advance Limit" address="cc260" />
  <table name="Fine Correction Advance Delay" address="cbe80" />
  <table name="Rough Correction Range (RPM)" address="cc1dc" />
  <table name="Rough Correction Range (Load)" address="cc1ec" />
  <table name="Rough Correction Minimum KC Advance Map Value" address="cc1fc" />
  <table name="Rough Correction Learning Delay (Increasing)" address="cc89c">
    <table name="Y" address="cc874" />
  </table>
  <table name="Advance Multiplier (Initial)" address="cc200" />
  <table name="Advance Multiplier Step Value" address="cc204" />
  <table name="Intake Cam Advance Angle Cruise (AVCS)" address="d2254">
    <table name="X" address="d21d8" elements="15" />
    <table name="Y" address="d2214" elements="16" />
  </table>
  <table name="Intake Cam Advance Angle Non-Cruise (AVCS)" address="d24b0">
    <table name="X" address="d2434" elements="15" />
    <table name="Y" address="d2470" elements="16" />
  </table>
  <table name="Requested Torque (Accelerator Pedal) SI-DRIVE Sport" address="dc644">
    <table name="X" address="dc5c4" />
    <table name="Y" address="dc600" />
  </table>
  <table name="Requested Torque (Accelerator Pedal) SI-DRIVE Sport Sharp" address="dc8c4">
    <table name="X" address="dc844" />
    <table name="Y" address="dc880" />
  </table>
  <table name="Requested Torque (Accelerator Pedal) SI-DRIVE Intelligent" address="dcb44">
    <table name="X" address="dcac4" />
    <table name="Y" address="dcb00" />
  </table>
  <table name="Target Throttle Plate Position Cruise (Requested Torque)" address="dbec4">
    <table name="X" address="dbe44" elements="16" />
    <table name="Y" address="dbe84" />
  </table>
  <table name="Target Throttle Plate Position Non-Cruise (Requested Torque)" address="dc144">
    <table name="X" address="dc0c4" elements="16" />
    <table name="Y" address="dc104" />
  </table>
  <table name="Target Throttle Plate Position Maximum (Requested Torque)" address="dc3c4">
    <table name="X" address="dc344" elements="16" />
    <table name="Y" address="dc384" />
  </table>
  <table name="Rev Limit (Fuel Cut)" address="c7d64" />
  <table name="Rev Limit Fuel Resume (Boost)" address="c7d6c" />
  <table name="Speed Limiting Enable (Fuel Cut)" address="c7db0" />
  <table name="Speed Limiting Disable (Fuel Cut)" address="c7dbc" />
  <table name="Speed Limiting A (Throttle) SI-DRIVE Sport/Sport Sharp" address="db844" />
  <table name="Speed Limiting B (Throttle) SI-DRIVE Sport/Sport Sharp" address="db85c" />
  <table name="Speed Limiting (Throttle) SI-DRIVE Intelligent" address="db850" />
  <table name="Intake Temp Sensor Scaling" address="8e7e0">
    <table name="Y" address="8e768" />
  </table>
  <table name="Coolant Temp Sensor Scaling" address="8e6f8">
    <table name="Y" address="8e688" />
  </table>
  <table name="Radiator Fan Modes A (ECT)" address="d0ef4" />
  <table name="Radiator Fan Modes B (ECT)" address="d0f04" />
  <table name="Radiator Fan Modes (Veh. Speed)" address="d0f14" />
  <table name="Idle Speed Target A" address="ceb44">
    <table name="Y" address="ce650" />
  </table>
  <table name="Idle Speed Target B" address="ceb84">
    <table name="Y" address="ce650" />
  </table>
  <table name="Idle Speed Target C" address="cebc4">
    <table name="Y" address="ce650" />
  </table>
  <table name="Force Pass Readiness Monitors" address="8726e" />
  <table name="(P0000) PASS CODE (NO DTC DETECTED)" address="7b405" />
  <table name="(P0000) PASS CODE (NO DTC DETECTED)_" address="7b406" />
  <table name="(P0011) CAMSHAFT POS. - TIMING OVER-ADVANCED 1" address="7b3e9" />
  <table name="(P0016) CRANKSHAFT/CAMSHAFT CORRELATION 1A" address="7b485" />
  <table name="(P0018) CRANKSHAFT/CAMSHAFT CORRELATION 2A" address="7b484" />
  <table name="(P0021) CAMSHAFT POS. - TIMING OVER-ADVANCED 2" address="7b3ea" />
  <table name="(P0030) FRONT O2 SENSOR RANGE/PERF" address="7b433" />
  <table name="(P0031) FRONT O2 SENSOR LOW INPUT" address="7b414" />
  <table name="(P0032) FRONT O2 SENSOR HIGH INPUT" address="7b412" />
  <table name="(P0037) REAR O2 SENSOR LOW INPUT" address="7b413" />
  <table name="(P0038) REAR O2 SENSOR HIGH INPUT" address="7b411" />
  <table name="(P0102) MAF SENSOR LOW INPUT" address="7b3c1" />
  <table name="(P0103) MAF SENSOR HIGH INPUT" address="7b3c2" />
  <table name="(P0107) MAP SENSOR LOW INPUT" address="7b415" />
  <table name="(P0108) MAP SENSOR HIGH INPUT" address="7b416" />
  <table name="(P0112) IAT SENSOR LOW INPUT" address="7b40e" />
  <table name="(P0113) IAT SENSOR HIGH INPUT" address="7b40f" />
  <table name="(P0117) COOLANT TEMP SENSOR LOW INPUT" address="7b3ca" />
  <table name="(P0118) COOLANT TEMP SENSOR HIGH INPUT" address="7b3cb" />
  <table name="(P0122) TPS A LOW INPUT" address="7b3c8" />
  <table name="(P0123) TPS A HIGH INPUT" address="7b3c9" />
  <table name="(P0125) INSUFFICIENT COOLANT TEMP (FUELING)" address="7b3cd" />
  <table name="(P0131) FRONT O2 SENSOR LOW INPUT" address="7b408" />
  <table name="(P0132) FRONT O2 SENSOR HIGH INPUT" address="7b40a" />
  <table name="(P0133) FRONT O2 SENSOR SLOW RESPONSE" address="7b3f2" />
  <table name="(P0134) FRONT O2 SENSOR NO ACTIVITY" address="7b431" />
  <table name="(P0140) REAR O2 SENSOR NO ACTIVITY" address="7b47f" />
  <table name="(P0171) SYSTEM TOO LEAN" address="7b3fc" />
  <table name="(P0172) SYSTEM TOO RICH" address="7b3fd" />
  <table name="(P0222) TPS B LOW INPUT" address="7b43b" />
  <table name="(P0223) TPS B HIGH INPUT" address="7b43c" />
  <table name="(P0230) FUEL PUMP PRIMARY CIRCUIT" address="7b42c" />
  <table name="(P0244) WASTEGATE SOLENOID A RANGE/PERF" address="7b422" />
  <table name="(P0245) WASTEGATE SOLENOID A LOW" address="7b420" />
  <table name="(P0246) WASTEGATE SOLENOID A HIGH" address="7b421" />
  <table name="(P0301) MISFIRE CYLINDER 1" address="7b3fe" />
  <table name="(P0302) MISFIRE CYLINDER 2" address="7b3ff" />
  <table name="(P0303) MISFIRE CYLINDER 3" address="7b400" />
  <table name="(P0304) MISFIRE CYLINDER 4" address="7b401" />
  <table name="(P0327) KNOCK SENSOR 1 LOW INPUT" address="7b3c6" />
  <table name="(P0328) KNOCK SENSOR 1 HIGH INPUT" address="7b3c7" />
  <table name="(P0335) CRANKSHAFT POS. SENSOR A MALFUNCTION" address="7b3bc" />
  <table name="(P0340) CAMSHAFT POS. SENSOR A MALFUNCTION" address="7b44f" />
  <table name="(P0345) CAMSHAFT POS. SENSOR A BANK 2" address="7b44e" />
  <table name="(P0410) SECONDARY AIR PUMP SYSTEM" address="7b479" />
  <table name="(P0413) SECONDARY AIR PUMP A OPEN" address="7b47d" />
  <table name="(P0414) SECONDARY AIR PUMP A SHORTED" address="7b482" />
  <table name="(P0418) SECONDARY AIR PUMP RELAY A" address="7b47e" />
  <table name="(P0420) CAT EFFICIENCY BELOW THRESHOLD" address="7b3f8" />
  <table name="(P0458) EVAP PURGE VALVE CIRCUIT LOW" address="7b3ed" />
  <table name="(P0459) EVAP PURGE VALVE CIRCUIT HIGH" address="7b3ee" />
  <table name="(P0462) FUEL LEVEL SENSOR LOW INPUT" address="7b3ce" />
  <table name="(P0463) FUEL LEVEL SENSOR HIGH INPUT" address="7b3cf" />
  <table name="(P0500) VEHICLE SPEED SENSOR A" address="7b3c3" />
  <table name="(P0512) STARTER REQUEST CIRCUIT" address="7b3d3" />
  <table name="(P0519) IDLE CONTROL MALFUNCTION (FAIL-SAFE)" address="7b42e" />
  <table name="(P0600) SERIAL COMMUNICATION LINK" address="7b44b" />
  <table name="(P0604) CONTROL MODULE RAM ERROR" address="7b3c0" />
  <table name="(P0605) CONTROL MODULE ROM ERROR" address="7b450" />
  <table name="(P0607) CONTROL MODULE PERFORMANCE" address="7b443" />
  <table name="(P0638) THROTTLE ACTUATOR RANGE/PERF" address="7b442" />
  <table name="(P0691) RADIATOR FAN CIRCUIT LOW" address="7b3e6" />
  <table name="(P0692) RADIATOR FAN CIRCUIT HIGH" address="7b3e7" />
  <table name="(P0700) TRANSMISSION CONTROL SYSTEM" address="7b45c" />
  <table name="(P0851) NEUTRAL SWITCH INPUT LOW" address="7b3d7" />
  <table name="(P0852) NEUTRAL SWITCH INPUT HIGH" address="7b3db" />
  <table name="(P1160) ABNORMAL RETURN SPRING" address="7b43d" />
  <table name="(P1410) SECONDARY AIR PUMP VALVE STUCK OPEN" address="7b486" />
  <table name="(P1418) SECONDARY AIR PUMP CIRCUIT SHORTED" address="7b483" />
  <table name="(P1518) STARTER SWITCH LOW INPUT" address="7b3d2" />
  <table name="(P1560) BACK-UP VOLTAGE MALFUNCTION" address="7b41d" />
  <table name="(P2004) TGV - INTAKE MANIFOLD RUNNER 1 STUCK OPEN" address="7b467" />
  <table name="(P2005) TGV - INTAKE MANIFOLD RUNNER 2 STUCK OPEN" address="7b469" />
  <table name="(P2006) TGV - INTAKE MANIFOLD RUNNER 1 STUCK CLOSED" address="7b468" />
  <table name="(P2007) TGV - INTAKE MANIFOLD RUNNER 2 STUCK CLOSED" address="7b46a" />
  <table name="(P2008) TGV - INTAKE MANIFOLD RUNNER 1 CIRCUIT OPEN" address="7b475" />
  <table name="(P2009) TGV - INTAKE MANIFOLD RUNNER 1 CIRCUIT LOW" address="7b473" />
  <table name="(P2011) TGV - INTAKE MANIFOLD RUNNER 2 CIRCUIT OPEN" address="7b476" />
  <table name="(P2012) TGV - INTAKE MANIFOLD RUNNER 2 CIRCUIT LOW" address="7b474" />
  <table name="(P2016) TGV - INTAKE MANIFOLD RUNNER 1 POS. SENSOR LOW" address="7b46f" />
  <table name="(P2017) TGV - INTAKE MANIFOLD RUNNER 1 POS. SENSOR HIGH" address="7b470" />
  <table name="(P2021) TGV - INTAKE MANIFOLD RUNNER 2 POS. SENSOR LOW" address="7b471" />
  <table name="(P2022) TGV - INTAKE MANIFOLD RUNNER 2 POS. SENSOR HIGH" address="7b472" />
  <table name="(P2088) OCV SOLENOID A1 CIRCUIT OPEN" address="7b458" />
  <table name="(P2089) OCV SOLENOID A1 CIRCUIT SHORT" address="7b457" />
  <table name="(P2092) OCV SOLENOID A2 CIRCUIT OPEN" address="7b456" />
  <table name="(P2093) OCV SOLENOID A2 CIRCUIT SHORT" address="7b455" />
  <table name="(P2101) THROTTLE ACTUATOR CIRCUIT RANGE/PERF" address="7b440" />
  <table name="(P2102) THROTTLE ACTUATOR CIRCUIT LOW" address="7b43e" />
  <table name="(P2103) THROTTLE ACTUATOR CIRCUIT HIGH" address="7b43f" />
  <table name="(P2109) TPS A MINIMUM STOP PERF" address="7b43a" />
  <table name="(P2122) TPS D CIRCUIT LOW INPUT" address="7b447" />
  <table name="(P2123) TPS D CIRCUIT HIGH INPUT" address="7b448" />
  <table name="(P2127) TPS E CIRCUIT LOW INPUT" address="7b445" />
  <table name="(P2128) TPS E CIRCUIT HIGH INPUT" address="7b446" />
  <table name="(P2135) TPS A/B VOLTAGE" address="7b449" />
  <table name="(P2138) TPS D/E VOLTAGE" address="7b444" />
  <table name="(P2419) EVAP SWITCHING VALVE LOW" address="7b48e" />
  <table name="(P2420) EVAP SWITCHING VALVE HIGH" address="7b48f" />
  <table name="(P2432) SECONDARY AIR PUMP CIRCUIT LOW" address="7b47c" />
  <table name="(P2433) SECONDARY AIR PUMP CIRCUIT HIGH" address="7b47b" />
  <table name="(P2440) SECONDARY AIR PUMP VALVE 1 STUCK OPEN" address="7b48a" />
  <table name="(P2441) SECONDARY AIR PUMP VALVE 1 STUCK CLOSED" address="7b489" />
  <table name="(P2444) SECONDARY AIR PUMP 1 STUCK ON B1" address="7b477" />
  <table name="(P2503) CHARGING SYSTEM VOLTAGE LOW" address="7b466" />
  <table name="(P2504) CHARGING SYSTEM VOLTAGE HIGH" address="7b465" />
</rom>