<rom>
  <romid>
    <xmlid>A2WD001G</xmlid>
    <internalidaddress>2000</internalidaddress>
    <internalidstring>A2WD001G</internalidstring>
    <ecuid>3C54504106</ecuid>
    <year>04</year>
    <market>ADM</market>
    <make>Subaru</make>
    <model>Liberty</model>
    <submodel>GT</submodel>
    <transmission>AT</transmission>
    <memmodel>SH7055</memmodel>
    <flashmethod>sti04</flashmethod>
    <checksummodule>subarudbw</checksummodule>
  </romid>
  <include>32BITBASE</include>
  <table name="Target Boost A" address="623c4">
    <table name="X" address="62374" />
    <table name="Y" address="62394" />
  </table>
  <table name="Target Boost B" address="624d4">
    <table name="X" address="62484" />
    <table name="Y" address="624a4" />
  </table>
  <table name="Target Boost Compensation (ECT)" address="61b9c">
    <table name="Y" address="61a9c" />
  </table>
  <table name="Target Boost Compensation (1st Gear)" address="61a98" />
  <table name="Target Boost Compensation (1st Gear) Speed Disable" address="61a90" />
  <table name="Target Boost Compensation (Atm. Pressure) Multiplier" address="61c9c">
    <table name="Y" address="61c8c" />
  </table>
  <table name="Target Boost Compensation (Atm. Pressure) Multiplier Offset" address="61bcc">
    <table name="Y" address="61bbc" />
  </table>
  <table name="Boost Limit (Fuel Cut)" address="66cd4">
    <table name="Y" address="66cbc" />
  </table>
  <table name="Boost Control Disable (IAM)" address="61a78" />
  <table name="Boost Control Disable (Fine Correction)" address="61a74" />
  <table name="Boost Control Disable Delay (Fine Correction)" address="61a21" />
  <table name="Initial Wastegate Duty A" address="61e04">
    <table name="X" address="61db4" />
    <table name="Y" address="61dd4" />
  </table>
  <table name="Initial Wastegate Duty B" address="61f14">
    <table name="X" address="61ec4" />
    <table name="Y" address="61ee4" />
  </table>
  <table name="Max Wastegate Duty" address="62234">
    <table name="X" address="621f4" />
    <table name="Y" address="62214" />
  </table>
  <table name="Max Wastegate Duty Limit Post-Compensation" address="15028" />
  <table name="Initial/Max Wastegate Duty Compensation (IAT)" address="61b1c">
    <table name="Y" address="61adc" />
  </table>
  <table name="Initial/Max Wastegate Duty Compensation (ECT)" address="61b7c">
    <table name="Y" address="61a9c" />
  </table>
  <table name="Initial/Max Wastegate Duty Compensation (Atm. Pressure)" address="61d5c">
    <table name="X" address="61d34" />
    <table name="Y" address="61d4c" />
  </table>
  <table name="Turbo Dynamics Proportional" address="61c08">
    <table name="Y" address="61be4" />
  </table>
  <table name="Turbo Dynamics Integral Positive" address="61c78">
    <table name="Y" address="61c54" />
  </table>
  <table name="Turbo Dynamics Integral Negative" address="61c40">
    <table name="Y" address="61c1c" />
  </table>
  <table name="TD Activation Thresholds (RPM)" address="61a58" />
  <table name="TD Activation Thresholds (Target Boost)" address="61a2c" />
  <table name="TD Integral Cumulative Range (WGDC Correction)" address="61a68" />
  <table name="TD Integral Negative Activation (Boost Error)" address="61a3c" />
  <table name="TD Integral Positive Activation (Boost Error)" address="61a44" />
  <table name="TD Integral Positive Activation (Wastegate Duty)" address="61a4c" />
  <table name="Manifold Pressure Sensor Scaling" address="61518" />
  <table name="Manifold Pressure Sensor Limits (CEL)" address="6c374" />
  <table name="Manifold Pressure Sensor CEL Delays" address="655fd" />
  <table name="Primary Open Loop Fueling A" address="6719c">
    <table name="X" address="67114" elements="16" />
    <table name="Y" address="67154" />
  </table>
  <table name="Primary Open Loop Fueling B" address="67344">
    <table name="X" address="672bc" elements="16" />
    <table name="Y" address="672fc" />
  </table>
  <table name="Primary Open Loop Fueling A (Failsafe)" address="674ec">
    <table name="X" address="67464" elements="16" />
    <table name="Y" address="674a4" />
  </table>
  <table name="Primary Open Loop Fueling B (Failsafe)" address="67694">
    <table name="X" address="6760c" elements="16" />
    <table name="Y" address="6764c" />
  </table>
  <table name="Primary Open Loop Fuel Map Switch (IAM)" address="65d78" />
  <table name="Minimum Active Primary Open Loop Enrichment" address="65cdc" />
  <table name="Minimum Primary Open Loop Enrichment (Throttle)" address="66380">
    <table name="Y" address="66368" />
  </table>
  <table name="Primary Open Loop Fueling Compensation (ECT)" address="66b74">
    <table name="Y" address="66054" />
  </table>
  <table name="Primary Open Loop Fueling Compensation (Timing Compensation)_" address="663a0">
    <table name="Y" address="66388" />
  </table>
  <table name="Front Oxygen Sensor Scaling" address="6ca00">
    <table name="Y" address="6c9cc" />
  </table>
  <table name="Front Oxygen Sensor Rich Limit" address="21c30" />
  <table name="Front Oxygen Sensor Compensation (Atm. Pressure)" address="64a5c">
    <table name="Y" address="64a4c" />
  </table>
  <table name="CL Fueling Target Compensation (Load)" address="67cf0">
    <table name="X" address="67ca8" elements="8" />
    <table name="Y" address="67cc8" />
  </table>
  <table name="CL Fueling Target Compensation (ECT)_" address="6685a">
    <table name="Y" address="66054" />
  </table>
  <table name="CL to OL Delay" address="659b6" />
  <table name="CL to OL Transition with Delay A (Throttle)" address="662b8">
    <table name="Y" address="66278" />
  </table>
  <table name="CL to OL Transition with Delay B (Throttle)" address="66308">
    <table name="Y" address="662c8" />
  </table>
  <table name="CL to OL Transition with Delay C (Throttle)" address="66358">
    <table name="Y" address="66318" />
  </table>
  <table name="CL to OL Transition with Delay Throttle Hysteresis" address="65ce0" />
  <table name="CL to OL Transition with Delay A (Base Pulse Width)" address="66a94">
    <table name="Y" address="66a54" />
  </table>
  <table name="CL to OL Transition with Delay B (Base Pulse Width)" address="66af4">
    <table name="Y" address="66ab4" />
  </table>
  <table name="CL to OL Transition with Delay C (Base Pulse Width)" address="66b54">
    <table name="Y" address="66b14" />
  </table>
  <table name="CL to OL Transition with Delay BPW Hysteresis" address="65ce4" />
  <table name="CL Delay Maximum (Vehicle Speed)" address="65d58" />
  <table name="CL Delay Minimum (ECT)" address="65ce8" />
  <table name="CL Delay Maximum Engine Speed (Per Gear)" address="65cec" />
  <table name="CL Delay Maximum Engine Speed (Neutral)" address="65d3c" />
  <table name="CL Delay Throttle Atm. Pressure Thresholds" address="65d68" />
  <table name="CL Delay Maximum (Throttle) (Low Atm. Pressure)" address="65d4c" />
  <table name="CL Delay Maximum (Throttle) (High Atm. Pressure)" address="65d44" />
  <table name="Injector Latency" address="6c480">
    <table name="Y" address="6c46c" />
  </table>
  <table name="Injector Flow Scaling" address="65b74" />
  <table name="Per Injector Primary Fuel Offset Compensation A" address="677f0">
    <table name="X" address="677b4" />
    <table name="Y" address="677d4" elements="7" />
  </table>
  <table name="Per Injector Primary Fuel Offset Compensation B" address="67864">
    <table name="X" address="67828" />
    <table name="Y" address="67848" elements="7" />
  </table>
  <table name="Per Injector Primary Fuel Offset Compensation C" address="678d8">
    <table name="X" address="6789c" />
    <table name="Y" address="678bc" elements="7" />
  </table>
  <table name="Per Injector Primary Fuel Offset Compensation D" address="6794c">
    <table name="X" address="67910" />
    <table name="Y" address="67930" elements="7" />
  </table>
  <table name="Cranking Fuel Injector Pulse Width A (ECT)" address="66556">
    <table name="Y" address="66054" />
  </table>
  <table name="Cranking Fuel Injector Pulse Width B (ECT)" address="66576">
    <table name="Y" address="66054" />
  </table>
  <table name="Cranking Fuel Injector Pulse Width C (ECT)" address="66596">
    <table name="Y" address="66054" />
  </table>
  <table name="Cranking Fuel Injector Pulse Width D (ECT)" address="665b6">
    <table name="Y" address="66054" />
  </table>
  <table name="Cranking Fuel IPW Compensation (RPM)" address="66fa0">
    <table name="X" address="66f70" />
    <table name="Y" address="66f84" />
  </table>
  <table name="Cranking Fuel IPW Compensation (Accelerator)" address="660ec">
    <table name="Y" address="660d4" />
  </table>
  <table name="Throttle Tip-in Enrichment" address="66c78">
    <table name="Y" address="66c34" elements="17" />
  </table>
  <table name="Minimum Tip-in Enrichment Activation" address="65e28" />
  <table name="Minimum Tip-in Enrichment Activation (Throttle)" address="65e24" />
  <table name="Tip-in Enrichment Compensation (Boost Error)" address="66414">
    <table name="Y" address="663f0" />
  </table>
  <table name="Tip-in Enrichment Compensation (ECT)" address="66c9a">
    <table name="Y" address="66054" />
  </table>
  <table name="Tip-in Enrichment Disable Applied Counter Threshold" address="65987" />
  <table name="Tip-in Enrichment Applied Counter Reset" address="65988" />
  <table name="Tip-in Enrichment Disable Throttle Cumulative Threshold" address="65e2c" />
  <table name="Tip-in Throttle Cumulative Reset" address="65989" />
  <table name="Min Primary Base Enrichment 1" address="66142">
    <table name="Y" address="66054" />
  </table>
  <table name="Min Primary Base Enrichment 1 (Non-Primary OL)" address="670f4">
    <table name="X" address="670c0" />
    <table name="Y" address="670e8" />
  </table>
  <table name="Min Primary Base Enrich 2 Initial Start 1A" address="66656">
    <table name="Y" address="66054" />
  </table>
  <table name="Min Primary Base Enrich 2 Initial Start 1B" address="66696">
    <table name="Y" address="66054" />
  </table>
  <table name="Min Primary Base Enrich 2 Initial Start 2A" address="66676">
    <table name="Y" address="66054" />
  </table>
  <table name="Min Primary Base Enrich 2 Initial Start 2B" address="666b6">
    <table name="Y" address="66054" />
  </table>
  <table name="Min Primary Base Enrich 2 Decay Step 1" address="666d6">
    <table name="Y" address="66054" />
  </table>
  <table name="Min Primary Base Enrich 2 Decay Step 2" address="666f6">
    <table name="Y" address="66054" />
  </table>
  <table name="Min Primary Base Enrich 3 Initial Start 1A" address="665d6">
    <table name="Y" address="66054" />
  </table>
  <table name="Min Primary Base Enrich 3 Initial Start 1B" address="665f6">
    <table name="Y" address="66054" />
  </table>
  <table name="Min Primary Base Enrich 3 Initial Start 2A" address="66616">
    <table name="Y" address="66054" />
  </table>
  <table name="Min Primary Base Enrich 3 Initial Start 2B" address="66636">
    <table name="Y" address="66054" />
  </table>
  <table name="Min Primary Base Enrich 3 Decay Delay A" address="66102">
    <table name="Y" address="66054" />
  </table>
  <table name="Min Primary Base Enrich 3 Decay Delay B" address="66112">
    <table name="Y" address="66054" />
  </table>
  <table name="Min Primary Base Enrich 3 Decay Multiplier" address="65b78" />
  <table name="A/F Learning #1 Limits" address="65c88" />
  <table name="A/F Learning #1 Airflow Ranges" address="65c94" />
  <table name="MAF Limit (Maximum)" address="647b8" />
  <table name="MAF Sensor Scaling" address="6c804">
    <table name="Y" address="6c72c" />
  </table>
  <table name="MAF Compensation (IAT)" address="650cc">
    <table name="X" address="65098" />
    <table name="Y" address="650ac" />
  </table>
  <table name="Engine Load Limit (Maximum)" address="2014c" />
  <table name="Engine Load Compensation (MP)" address="65014">
    <table name="X" address="64fb8" />
    <table name="Y" address="64fe4" elements="12" />
  </table>
  <table name="Base Timing A" address="68f04">
    <table name="X" address="68e78" elements="17" />
    <table name="Y" address="68ebc" />
  </table>
  <table name="Base Timing B" address="690c4">
    <table name="X" address="69038" elements="17" />
    <table name="Y" address="6907c" />
  </table>
  <table name="Base Timing Idle" address="6867d">
    <table name="Y" address="684f8" />
  </table>
  <table name="Base Timing Idle Minimum" address="68674">
    <table name="Y" address="68650" />
  </table>
  <table name="Base Timing Idle Minimum Vehicle Speed Enable" address="6823c" />
  <table name="Knock Correction Advance Max A" address="693a4">
    <table name="X" address="69318" elements="17" />
    <table name="Y" address="6935c" />
  </table>
  <table name="Knock Correction Advance Max B" address="69564">
    <table name="X" address="694d8" elements="17" />
    <table name="Y" address="6951c" />
  </table>
  <table name="Timing Compensation (IAT)" address="686f0">
    <table name="Y" address="686b0" />
  </table>
  <table name="Timing Compensation (IAT) Activation" address="69238">
    <table name="X" address="691f8" />
    <table name="Y" address="69218" />
  </table>
  <table name="Timing Compensation (ECT)" address="6869d">
    <table name="Y" address="684f8" />
  </table>
  <table name="Timing Compensation (MRP)" address="696cc">
    <table name="X" address="696ac" />
    <table name="Y" address="696c0" />
  </table>
  <table name="Timing Compensation Per Cylinder A__" address="68838">
    <table name="Y" address="68800" />
  </table>
  <table name="Timing Compensation Per Cylinder B__" address="68880">
    <table name="Y" address="68848" />
  </table>
  <table name="Timing Compensation Per Cylinder C__" address="688c8">
    <table name="Y" address="68890" />
  </table>
  <table name="Timing Compensation Per Cylinder D__" address="68910">
    <table name="Y" address="688d8" />
  </table>
  <table name="Timing Comp Minimum Load (Per Cylinder)" address="682d8" />
  <table name="Timing Comp Maximum RPM (Per Cylinder)" address="682d4" />
  <table name="Timing Comp Minimum Coolant Temp (Per Cylinder)" address="682dc" />
  <table name="Feedback Correction Range (RPM)" address="68310" />
  <table name="Feedback Correction Minimum Load" address="68320" />
  <table name="Feedback Correction Retard Value" address="682f0" />
  <table name="Feedback Correction Retard Limit" address="682ec" />
  <table name="Feedback Correction Negative Advance Value" address="682f8" />
  <table name="Feedback Correction Negative Advance Delay" address="68156" />
  <table name="Extended Feedback Correction High RPM Compensation" address="68328" />
  <table name="Fine Correction Range (RPM)" address="68408" />
  <table name="Fine Correction Range (Load)" address="68418" />
  <table name="Fine Correction Rows (RPM)" address="68438" />
  <table name="Fine Correction Columns (Load)" address="68428" />
  <table name="Fine Correction Retard Value" address="68450" />
  <table name="Fine Correction Retard Limit" address="68400" />
  <table name="Fine Correction Advance Value" address="68404" />
  <table name="Fine Correction Advance Limit" address="683fc" />
  <table name="Fine Correction Advance Delay" address="68164" />
  <table name="Rough Correction Range (RPM)" address="683a0" />
  <table name="Rough Correction Range (Load)" address="683b0" />
  <table name="Rough Correction Minimum KC Advance Map Value" address="683c0" />
  <table name="Rough Correction Learning Delay (Increasing)" address="68948">
    <table name="Y" address="68920" />
  </table>
  <table name="Advance Multiplier (Initial)" address="6839c" />
  <table name="Advance Multiplier Step Value" address="683c4" />
  <table name="Intake Cam Advance Angle A (AVCS)" address="6def0">
    <table name="X" address="6de70" />
    <table name="Y" address="6dea8" />
  </table>
  <table name="Intake Cam Advance Angle B (AVCS)" address="6e168">
    <table name="X" address="6e0e8" />
    <table name="Y" address="6e120" />
  </table>
  <table name="Exhaust Cam Retard Angle A (AVCS)" address="6e818">
    <table name="X" address="6e798" />
    <table name="Y" address="6e7d0" />
  </table>
  <table name="Exhaust Cam Retard Angle B (AVCS)" address="6ea90">
    <table name="X" address="6ea10" />
    <table name="Y" address="6ea48" />
  </table>
  <table name="Requested Torque (Accelerator Pedal)" address="6b4c4">
    <table name="X" address="6b430" elements="20" />
    <table name="Y" address="6b480" />
  </table>
  <table name="Target Throttle Plate Position A (Requested Torque)" address="6af6c">
    <table name="X" address="6aee8" />
    <table name="Y" address="6af2c" />
  </table>
  <table name="Target Throttle Plate Position B (Requested Torque)" address="6b210">
    <table name="X" address="6b18c" />
    <table name="Y" address="6b1d0" />
  </table>
  <table name="Rev Limit (Fuel Cut)" address="65ef0" />
  <table name="Rev Limit Fuel Resume (Boost)" address="65ef8" />
  <table name="Speed Limiting Enable (Fuel Cut)" address="65e70" />
  <table name="Speed Limiting Disable (Fuel Cut)" address="65e78" />
  <table name="Speed Limiting (Throttle)" address="64a40" />
  <table name="Intake Temp Sensor Scaling" address="612d4">
    <table name="Y" address="6125c" />
  </table>
  <table name="Coolant Temp Sensor Scaling" address="611ec">
    <table name="Y" address="6117c" />
  </table>
  <table name="Atmospheric Pressure Sensor Scaling" address="614c4" />
  <table name="Radiator Fan Modes (ECT)" address="6d158" />
  <table name="Radiator Fan Modes (Veh. Speed)" address="6d168" />
  <table name="Idle Speed Target A" address="6a35e">
    <table name="Y" address="69dc4" />
  </table>
  <table name="Idle Speed Target B" address="6a39e">
    <table name="Y" address="69dc4" />
  </table>
  <table name="Idle Speed Target C" address="6a3de">
    <table name="Y" address="69dc4" />
  </table>
  <table name="Force Pass Readiness Monitors" address="5462a" />
  <table name="(P0031) FRONT O2 SENSOR LOW INPUT" address="51456" />
  <table name="(P0032) FRONT O2 SENSOR HIGH INPUT" address="51454" />
  <table name="(P0037) REAR O2 SENSOR LOW INPUT" address="51455" />
  <table name="(P0038) REAR O2 SENSOR HIGH INPUT" address="51453" />
  <table name="(P0102) MAF SENSOR LOW INPUT" address="51409" />
  <table name="(P0103) MAF SENSOR HIGH INPUT" address="5140a" />
  <table name="(P0107) MAP SENSOR LOW INPUT" address="51457" />
  <table name="(P0108) MAP SENSOR HIGH INPUT" address="51458" />
  <table name="(P0112) IAT SENSOR LOW INPUT" address="51450" />
  <table name="(P0113) IAT SENSOR HIGH INPUT" address="51451" />
  <table name="(P0117) COOLANT TEMP SENSOR LOW INPUT" address="51411" />
  <table name="(P0118) COOLANT TEMP SENSOR HIGH INPUT" address="51412" />
  <table name="(P0122) TPS A LOW INPUT" address="5140e" />
  <table name="(P0123) TPS A HIGH INPUT" address="5140f" />
  <table name="(P0131) FRONT O2 SENSOR LOW INPUT" address="5144d" />
  <table name="(P0132) FRONT O2 SENSOR HIGH INPUT" address="5144e" />
  <table name="(P0134) FRONT O2 SENSOR NO ACTIVITY" address="5146e" />
  <table name="(P0137) REAR O2 SENSOR LOW VOLTAGE" address="5144c" />
  <table name="(P0138) REAR O2 SENSOR HIGH VOLTAGE" address="5144f" />
  <table name="(P0171) SYSTEM TOO LEAN" address="51442" />
  <table name="(P0172) SYSTEM TOO RICH" address="51443" />
  <table name="(P0222) TPS B LOW INPUT" address="51472" />
  <table name="(P0223) TPS B HIGH INPUT" address="51473" />
  <table name="(P0230) FUEL PUMP PRIMARY CIRCUIT" address="5146a" />
  <table name="(P0245) WASTEGATE SOLENOID A LOW" address="5145e" />
  <table name="(P0246) WASTEGATE SOLENOID A HIGH" address="5145f" />
  <table name="(P0261) FUEL INJECTOR #1 CIRCUIT LOW" address="51461" />
  <table name="(P0264) FUEL INJECTOR #2 CIRCUIT LOW" address="51462" />
  <table name="(P0267) FUEL INJECTOR #3 CIRCUIT LOW" address="51463" />
  <table name="(P0270) FUEL INJECTOR #4 CIRCUIT LOW" address="51464" />
  <table name="(P0327) KNOCK SENSOR 1 LOW INPUT" address="5140c" />
  <table name="(P0328) KNOCK SENSOR 1 HIGH INPUT" address="5140d" />
  <table name="(P0335) CRANKSHAFT POS. SENSOR A MALFUNCTION" address="51404" />
  <table name="(P0340) CAMSHAFT POS. SENSOR A MALFUNCTION_" address="51486" />
  <table name="(P0345) CAMSHAFT POS. SENSOR A BANK 2" address="51485" />
  <table name="(P0350) IGNITION COIL PRIMARY/SECONDARY" address="51418" />
  <table name="(P0365) CAMSHAFT POS. SENSOR B BANK 1_" address="51484" />
  <table name="(P0390) CAMSHAFT POS. SENSOR B BANK 2_" address="51483" />
  <table name="(P0458) EVAP PURGE VALVE CIRCUIT LOW" address="51434" />
  <table name="(P0459) EVAP PURGE VALVE CIRCUIT HIGH" address="51435" />
  <table name="(P0500) VEHICLE SPEED SENSOR A" address="5140b" />
  <table name="(P0512) STARTER REQUEST CIRCUIT" address="5141a" />
  <table name="(P0519) IDLE CONTROL MALFUNCTION (FAIL-SAFE)" address="5146c" />
  <table name="(P0562) SYSTEM VOLTAGE LOW" address="5145c" />
  <table name="(P0563) SYSTEM VOLTAGE HIGH" address="5145d" />
  <table name="(P0600) SERIAL COMMUNICATION LINK" address="51482" />
  <table name="(P0604) CONTROL MODULE RAM ERROR" address="51408" />
  <table name="(P0605) CONTROL MODULE ROM ERROR" address="51487" />
  <table name="(P0607) CONTROL MODULE PERFORMANCE" address="5147a" />
  <table name="(P0638) THROTTLE ACTUATOR RANGE/PERF" address="51479" />
  <table name="(P0700) TRANSMISSION CONTROL SYSTEM" address="51490" />
  <table name="(P0851) NEUTRAL SWITCH INPUT LOW" address="5141e" />
  <table name="(P0852) NEUTRAL SWITCH INPUT HIGH" address="51422" />
  <table name="(P1160) ABNORMAL RETURN SPRING" address="51474" />
  <table name="(P1518) STARTER SWITCH LOW INPUT" address="51419" />
  <table name="(P1560) BACK-UP VOLTAGE MALFUNCTION" address="5145b" />
  <table name="(P2088) OCV SOLENOID A1 CIRCUIT OPEN" address="5148f" />
  <table name="(P2089) OCV SOLENOID A1 CIRCUIT SHORT" address="5148e" />
  <table name="(P2090) OCV SOLENOID B1 CIRCUIT OPEN" address="5148b" />
  <table name="(P2091) OCV SOLENOID B1 CIRCUIT SHORT" address="5148a" />
  <table name="(P2092) OCV SOLENOID A2 CIRCUIT OPEN" address="5148d" />
  <table name="(P2093) OCV SOLENOID A2 CIRCUIT SHORT" address="5148c" />
  <table name="(P2094) OCV SOLENOID B2 CIRCUIT OPEN" address="51489" />
  <table name="(P2095) OCV SOLENOID B2 CIRCUIT SHORT" address="51488" />
  <table name="(P2101) THROTTLE ACTUATOR CIRCUIT RANGE/PERF" address="51477" />
  <table name="(P2102) THROTTLE ACTUATOR CIRCUIT LOW" address="51475" />
  <table name="(P2103) THROTTLE ACTUATOR CIRCUIT HIGH" address="51476" />
  <table name="(P2109) TPS A MINIMUM STOP PERF" address="51471" />
  <table name="(P2122) TPS D CIRCUIT LOW INPUT" address="5147e" />
  <table name="(P2123) TPS D CIRCUIT HIGH INPUT" address="5147f" />
  <table name="(P2127) TPS E CIRCUIT LOW INPUT" address="5147c" />
  <table name="(P2128) TPS E CIRCUIT HIGH INPUT" address="5147d" />
  <table name="(P2135) TPS A/B VOLTAGE" address="51480" />
  <table name="(P2138) TPS D/E VOLTAGE" address="5147b" />
  <table name="(P2228) BARO. PRESSURE CIRCUIT LOW INPUT" address="5149a" />
  <table name="(P2229) BARO. PRESSURE CIRCUIT HIGH INPUT" address="51499" />
</rom>