<rom>
  <romid>
    <xmlid>A2WD010Z</xmlid>
    <internalidaddress>2000</internalidaddress>
    <internalidstring>A2WD010Z</internalidstring>
    <ecuid>4F54787016</ecuid>
    <year>06</year>
    <market>ADM</market>
    <make>Subaru</make>
    <model>Liberty</model>
    <submodel>GT</submodel>
    <transmission>MT</transmission>
    <memmodel>SH7055</memmodel>
    <flashmethod>sti04</flashmethod>
    <checksummodule>subarudbw</checksummodule>
  </romid>
  <include>A2WD010T</include>
  <table name="Manifold Pressure Sensor Limits (CEL)" address="6c4f4" />
  <table name="Front Oxygen Sensor Scaling" address="6cb80">
    <table name="Y" address="6cb4c" />
  </table>
  <table name="Injector Latency" address="6c600">
    <table name="Y" address="6c5ec" />
  </table>
  <table name="MAF Sensor Scaling" address="6c984">
    <table name="Y" address="6c8ac" />
  </table>
  <table name="Base Timing A" address="69084">
    <table name="X" address="68ff8" elements="17" />
    <table name="Y" address="6903c" />
  </table>
  <table name="Base Timing B" address="69244">
    <table name="X" address="691b8" elements="17" />
    <table name="Y" address="691fc" />
  </table>
  <table name="Base Timing Idle" address="687fd">
    <table name="Y" address="68678" />
  </table>
  <table name="Base Timing Idle Minimum" address="687f4">
    <table name="Y" address="687d0" />
  </table>
  <table name="Knock Correction Advance Max A" address="69524">
    <table name="X" address="69498" elements="17" />
    <table name="Y" address="694dc" />
  </table>
  <table name="Knock Correction Advance Max B" address="696e4">
    <table name="X" address="69658" elements="17" />
    <table name="Y" address="6969c" />
  </table>
  <table name="Timing Compensation (IAT)" address="68870">
    <table name="Y" address="68830" />
  </table>
  <table name="Timing Compensation (IAT) Activation" address="693b8">
    <table name="X" address="69378" />
    <table name="Y" address="69398" />
  </table>
  <table name="Timing Compensation (ECT)" address="6881d">
    <table name="Y" address="68678" />
  </table>
  <table name="Timing Compensation (MRP)" address="6984c">
    <table name="X" address="6982c" />
    <table name="Y" address="69840" />
  </table>
  <table name="Timing Compensation Per Cylinder A__" address="689b8">
    <table name="Y" address="68980" />
  </table>
  <table name="Timing Compensation Per Cylinder B__" address="68a00">
    <table name="Y" address="689c8" />
  </table>
  <table name="Timing Compensation Per Cylinder C__" address="68a48">
    <table name="Y" address="68a10" />
  </table>
  <table name="Timing Compensation Per Cylinder D__" address="68a90">
    <table name="Y" address="68a58" />
  </table>
  <table name="Timing Comp Minimum Load (Per Cylinder)" address="68458" />
  <table name="Timing Comp Maximum RPM (Per Cylinder)" address="68454" />
  <table name="Timing Comp Minimum Coolant Temp (Per Cylinder)" address="6845c" />
  <table name="Feedback Correction Range (RPM)" address="68490" />
  <table name="Feedback Correction Minimum Load" address="684a0" />
  <table name="Feedback Correction Retard Value" address="68470" />
  <table name="Feedback Correction Retard Limit" address="6846c" />
  <table name="Feedback Correction Negative Advance Value" address="68478" />
  <table name="Extended Feedback Correction High RPM Compensation" address="684a8" />
  <table name="Fine Correction Range (RPM)" address="68588" />
  <table name="Fine Correction Range (Load)" address="68598" />
  <table name="Fine Correction Rows (RPM)" address="685b8" />
  <table name="Fine Correction Columns (Load)" address="685a8" />
  <table name="Fine Correction Retard Value" address="685d0" />
  <table name="Fine Correction Retard Limit" address="68580" />
  <table name="Fine Correction Advance Value" address="68584" />
  <table name="Fine Correction Advance Limit" address="6857c" />
  <table name="Rough Correction Range (RPM)" address="68520" />
  <table name="Rough Correction Range (Load)" address="68530" />
  <table name="Rough Correction Minimum KC Advance Map Value" address="68540" />
  <table name="Rough Correction Learning Delay (Increasing)" address="68ac8">
    <table name="Y" address="68aa0" />
  </table>
  <table name="Advance Multiplier (Initial)" address="6851c" />
  <table name="Advance Multiplier Step Value" address="68544" />
  <table name="Intake Cam Advance Angle A (AVCS)" address="6e070">
    <table name="X" address="6dff0" />
    <table name="Y" address="6e028" />
  </table>
  <table name="Intake Cam Advance Angle B (AVCS)" address="6e2e8">
    <table name="X" address="6e268" />
    <table name="Y" address="6e2a0" />
  </table>
  <table name="Exhaust Cam Retard Angle A (AVCS)" address="6e998">
    <table name="X" address="6e918" />
    <table name="Y" address="6e950" />
  </table>
  <table name="Exhaust Cam Retard Angle B (AVCS)" address="6ec10">
    <table name="X" address="6eb90" />
    <table name="Y" address="6ebc8" />
  </table>
  <table name="Requested Torque (Accelerator Pedal)" address="6b644">
    <table name="X" address="6b5b0" elements="20" />
    <table name="Y" address="6b600" />
  </table>
  <table name="Target Throttle Plate Position A (Requested Torque)" address="6b0ec">
    <table name="X" address="6b068" />
    <table name="Y" address="6b0ac" />
  </table>
  <table name="Target Throttle Plate Position B (Requested Torque)" address="6b390">
    <table name="X" address="6b30c" />
    <table name="Y" address="6b350" />
  </table>
  <table name="Radiator Fan Modes (ECT)" address="6d2d8" />
  <table name="Radiator Fan Modes (Veh. Speed)" address="6d2e8" />
  <table name="Idle Speed Target A" address="6a4be">
    <table name="Y" address="69f44" />
  </table>
  <table name="Idle Speed Target B" address="6a4fe">
    <table name="Y" address="69f44" />
  </table>
  <table name="Idle Speed Target C" address="6a53e">
    <table name="Y" address="69f44" />
  </table>
</rom>