<rom>
  <romid>
    <xmlid>A2WD002T</xmlid>
    <internalidaddress>2000</internalidaddress>
    <internalidstring>A2WD002T</internalidstring>
    <ecuid>3C54784206</ecuid>
    <year>05</year>
    <market>ADM</market>
    <make>Subaru</make>
    <model>Liberty</model>
    <submodel>GT</submodel>
    <transmission>MT</transmission>
    <memmodel>SH7055</memmodel>
    <flashmethod>sti04</flashmethod>
    <checksummodule>subarudbw</checksummodule>
  </romid>
  <include>32BITBASE</include>
  <table name="Target Boost A" address="625e4">
    <table name="X" address="62594" />
    <table name="Y" address="625b4" />
  </table>
  <table name="Target Boost B" address="626f4">
    <table name="X" address="626a4" />
    <table name="Y" address="626c4" />
  </table>
  <table name="Target Boost Compensation (ECT)" address="61bac">
    <table name="Y" address="61a9c" />
  </table>
  <table name="Target Boost Compensation (1st Gear)" address="61a98" />
  <table name="Target Boost Compensation (1st Gear) Speed Disable" address="61a90" />
  <table name="Target Boost Compensation (Atm. Pressure) Multiplier" address="61cb4">
    <table name="Y" address="61ca4" />
  </table>
  <table name="Target Boost Compensation (Atm. Pressure) Multiplier Offset" address="61be0">
    <table name="Y" address="61bd0" />
  </table>
  <table name="Boost Limit (Fuel Cut)" address="66e8c">
    <table name="Y" address="66e74" />
  </table>
  <table name="Boost Control Disable (IAM)" address="61a78" />
  <table name="Boost Control Disable (Fine Correction)" address="61a74" />
  <table name="Boost Control Disable Delay (Fine Correction)" address="61a21" />
  <table name="Initial Wastegate Duty A" address="62024">
    <table name="X" address="61fd4" />
    <table name="Y" address="61ff4" />
  </table>
  <table name="Initial Wastegate Duty B" address="62134">
    <table name="X" address="620e4" />
    <table name="Y" address="62104" />
  </table>
  <table name="Max Wastegate Duty" address="622f4">
    <table name="X" address="622b4" />
    <table name="Y" address="622d4" />
  </table>
  <table name="Max Wastegate Duty Limit Post-Compensation" address="15028" />
  <table name="Initial/Max Wastegate Duty Compensation (IAT)" address="61b6c">
    <table name="Y" address="61b2c" />
  </table>
  <table name="Initial/Max Wastegate Duty Compensation (ECT)" address="61b8c">
    <table name="Y" address="61a9c" />
  </table>
  <table name="Initial/Max Wastegate Duty Compensation (Atm. Pressure)" address="61d9c">
    <table name="X" address="61d74" />
    <table name="Y" address="61d8c" />
  </table>
  <table name="Turbo Dynamics Proportional" address="61c08">
    <table name="Y" address="61be4" />
  </table>
  <table name="Turbo Dynamics Integral Positive" address="61c78">
    <table name="Y" address="61c54" />
  </table>
  <table name="Turbo Dynamics Integral Negative" address="61c40">
    <table name="Y" address="61c1c" />
  </table>
  <table name="TD Activation Thresholds (RPM)" address="61a60" />
  <table name="TD Activation Thresholds (Target Boost)" address="61a34" />
  <table name="TD Integral Cumulative Range (WGDC Correction)" address="61a68" />
  <table name="TD Integral Negative Activation (Boost Error)" address="61a40" />
  <table name="TD Integral Positive Activation (Boost Error)" address="61a48" />
  <table name="TD Integral Positive Activation (Wastegate Duty)" address="61a4c" />
  <table name="Manifold Pressure Sensor Scaling" address="61518" />
  <table name="Manifold Pressure Sensor Limits (CEL)" address="6c4e0" />
  <table name="Manifold Pressure Sensor CEL Delays" address="65765" />
  <table name="Primary Open Loop Fueling A" address="67304">
    <table name="X" address="6727c" elements="16" />
    <table name="Y" address="672bc" />
  </table>
  <table name="Primary Open Loop Fueling B" address="674ac">
    <table name="X" address="67424" elements="16" />
    <table name="Y" address="67464" />
  </table>
  <table name="Primary Open Loop Fueling A (Failsafe)" address="67654">
    <table name="X" address="675cc" elements="16" />
    <table name="Y" address="6760c" />
  </table>
  <table name="Primary Open Loop Fueling B (Failsafe)" address="677fc">
    <table name="X" address="67774" elements="16" />
    <table name="Y" address="677b4" />
  </table>
  <table name="Primary Open Loop Fuel Map Switch (IAM)" address="65ee0" />
  <table name="Minimum Active Primary Open Loop Enrichment" address="65e44" />
  <table name="Minimum Primary Open Loop Enrichment (Throttle)" address="664e8">
    <table name="Y" address="664d0" />
  </table>
  <table name="Primary Open Loop Fueling Compensation (ECT)" address="66cdc">
    <table name="Y" address="661bc" />
  </table>
  <table name="Primary Open Loop Fueling Compensation (Timing Compensation)_" address="66508">
    <table name="Y" address="664f0" />
  </table>
  <table name="Front Oxygen Sensor Scaling" address="6cb6c">
    <table name="Y" address="6cb38" />
  </table>
  <table name="Front Oxygen Sensor Rich Limit" address="21c30" />
  <table name="Front Oxygen Sensor Compensation (Atm. Pressure)" address="64bc4">
    <table name="Y" address="64bb4" />
  </table>
  <table name="CL Fueling Target Compensation (Load)" address="67f40">
    <table name="X" address="67ef8" elements="8" />
    <table name="Y" address="67f18" />
  </table>
  <table name="CL Fueling Target Compensation (ECT)_" address="669c2">
    <table name="Y" address="661bc" />
  </table>
  <table name="CL to OL Delay" address="65b1e" />
  <table name="CL to OL Transition with Delay A (Throttle)" address="66420">
    <table name="Y" address="663e0" />
  </table>
  <table name="CL to OL Transition with Delay B (Throttle)" address="66470">
    <table name="Y" address="66430" />
  </table>
  <table name="CL to OL Transition with Delay C (Throttle)" address="664c0">
    <table name="Y" address="66480" />
  </table>
  <table name="CL to OL Transition with Delay Throttle Hysteresis" address="65e48" />
  <table name="CL to OL Transition with Delay A (Base Pulse Width)" address="66bfc">
    <table name="Y" address="66bbc" />
  </table>
  <table name="CL to OL Transition with Delay B (Base Pulse Width)" address="66c5c">
    <table name="Y" address="66c1c" />
  </table>
  <table name="CL to OL Transition with Delay C (Base Pulse Width)" address="66cbc">
    <table name="Y" address="66c7c" />
  </table>
  <table name="CL to OL Transition with Delay BPW Hysteresis" address="65e4c" />
  <table name="CL Delay Maximum (Throttle)" address="65ebc" />
  <table name="CL Delay Maximum (Vehicle Speed)" address="65ec0" />
  <table name="CL Delay Minimum (ECT)" address="65e50" />
  <table name="CL Delay Maximum Engine Speed (Per Gear)" address="65e7c" />
  <table name="CL Delay Maximum Engine Speed (Neutral)" address="65ea4" />
  <table name="Injector Latency" address="6c5ec">
    <table name="Y" address="6c5d8" />
  </table>
  <table name="Injector Flow Scaling" address="65cdc" />
  <table name="Per Injector Primary Fuel Offset Compensation A" address="67958">
    <table name="X" address="6791c" />
    <table name="Y" address="6793c" elements="7" />
  </table>
  <table name="Per Injector Primary Fuel Offset Compensation B" address="679cc">
    <table name="X" address="67990" />
    <table name="Y" address="679b0" elements="7" />
  </table>
  <table name="Per Injector Primary Fuel Offset Compensation C" address="67a40">
    <table name="X" address="67a04" />
    <table name="Y" address="67a24" elements="7" />
  </table>
  <table name="Per Injector Primary Fuel Offset Compensation D" address="67ab4">
    <table name="X" address="67a78" />
    <table name="Y" address="67a98" elements="7" />
  </table>
  <table name="Cranking Fuel Injector Pulse Width A (ECT)" address="666be">
    <table name="Y" address="661bc" />
  </table>
  <table name="Cranking Fuel Injector Pulse Width B (ECT)" address="666de">
    <table name="Y" address="661bc" />
  </table>
  <table name="Cranking Fuel Injector Pulse Width C (ECT)" address="666fe">
    <table name="Y" address="661bc" />
  </table>
  <table name="Cranking Fuel Injector Pulse Width D (ECT)" address="6671e">
    <table name="Y" address="661bc" />
  </table>
  <table name="Cranking Fuel IPW Compensation (RPM)" address="6715c">
    <table name="X" address="6712c" />
    <table name="Y" address="67140" />
  </table>
  <table name="Cranking Fuel IPW Compensation (Accelerator)" address="66254">
    <table name="Y" address="6623c" />
  </table>
  <table name="Throttle Tip-in Enrichment" address="66de0">
    <table name="Y" address="66d9c" elements="17" />
  </table>
  <table name="Minimum Tip-in Enrichment Activation" address="65fc4" />
  <table name="Minimum Tip-in Enrichment Activation (Throttle)" address="65fc0" />
  <table name="Tip-in Enrichment Compensation (Boost Error)" address="665cc">
    <table name="Y" address="665a8" />
  </table>
  <table name="Tip-in Enrichment Compensation (ECT)" address="66e02">
    <table name="Y" address="661bc" />
  </table>
  <table name="Tip-in Enrichment Disable Applied Counter Threshold" address="65aef" />
  <table name="Tip-in Enrichment Applied Counter Reset" address="65af0" />
  <table name="Tip-in Enrichment Disable Throttle Cumulative Threshold" address="65fc8" />
  <table name="Tip-in Throttle Cumulative Reset" address="65af1" />
  <table name="Min Primary Base Enrichment 1" address="662aa">
    <table name="Y" address="661bc" />
  </table>
  <table name="Min Primary Base Enrichment 1 (Non-Primary OL)" address="6725c">
    <table name="X" address="67228" />
    <table name="Y" address="67250" />
  </table>
  <table name="Min Primary Base Enrich 2 Initial Start 1A" address="667be">
    <table name="Y" address="661bc" />
  </table>
  <table name="Min Primary Base Enrich 2 Initial Start 1B" address="667fe">
    <table name="Y" address="661bc" />
  </table>
  <table name="Min Primary Base Enrich 2 Initial Start 2A" address="667de">
    <table name="Y" address="661bc" />
  </table>
  <table name="Min Primary Base Enrich 2 Initial Start 2B" address="6681e">
    <table name="Y" address="661bc" />
  </table>
  <table name="Min Primary Base Enrich 2 Decay Step 1" address="6683e">
    <table name="Y" address="661bc" />
  </table>
  <table name="Min Primary Base Enrich 2 Decay Step 2" address="6685e">
    <table name="Y" address="661bc" />
  </table>
  <table name="Min Primary Base Enrich 3 Initial Start 1A" address="6673e">
    <table name="Y" address="661bc" />
  </table>
  <table name="Min Primary Base Enrich 3 Initial Start 1B" address="6675e">
    <table name="Y" address="661bc" />
  </table>
  <table name="Min Primary Base Enrich 3 Initial Start 2A" address="6677e">
    <table name="Y" address="661bc" />
  </table>
  <table name="Min Primary Base Enrich 3 Initial Start 2B" address="6679e">
    <table name="Y" address="661bc" />
  </table>
  <table name="Min Primary Base Enrich 3 Decay Delay A" address="6626a">
    <table name="Y" address="661bc" />
  </table>
  <table name="Min Primary Base Enrich 3 Decay Delay B" address="6627a">
    <table name="Y" address="661bc" />
  </table>
  <table name="Min Primary Base Enrich 3 Decay Multiplier" address="65ce0" />
  <table name="A/F Learning #1 Limits" address="65df0" />
  <table name="A/F Learning #1 Airflow Ranges" address="65dfc" />
  <table name="MAF Limit (Maximum)" address="64920" />
  <table name="MAF Sensor Scaling" address="6c970">
    <table name="Y" address="6c898" />
  </table>
  <table name="MAF Compensation (IAT)" address="65234">
    <table name="X" address="65200" />
    <table name="Y" address="65214" />
  </table>
  <table name="Engine Load Limit (Maximum)" address="2014c" />
  <table name="Engine Load Compensation (MP)" address="6517c">
    <table name="X" address="65120" />
    <table name="Y" address="6514c" elements="12" />
  </table>
  <table name="Base Timing A" address="69070">
    <table name="X" address="68fe4" elements="17" />
    <table name="Y" address="69028" />
  </table>
  <table name="Base Timing B" address="69230">
    <table name="X" address="691a4" elements="17" />
    <table name="Y" address="691e8" />
  </table>
  <table name="Base Timing Idle" address="687e9">
    <table name="Y" address="68664" />
  </table>
  <table name="Base Timing Idle Minimum" address="687e0">
    <table name="Y" address="687bc" />
  </table>
  <table name="Base Timing Idle Minimum Vehicle Speed Enable" address="683a4" />
  <table name="Knock Correction Advance Max A" address="69510">
    <table name="X" address="69484" elements="17" />
    <table name="Y" address="694c8" />
  </table>
  <table name="Knock Correction Advance Max B" address="696d0">
    <table name="X" address="69644" elements="17" />
    <table name="Y" address="69688" />
  </table>
  <table name="Timing Compensation (IAT)" address="6885c">
    <table name="Y" address="6881c" />
  </table>
  <table name="Timing Compensation (IAT) Activation" address="693a4">
    <table name="X" address="69364" />
    <table name="Y" address="69384" />
  </table>
  <table name="Timing Compensation (ECT)" address="68809">
    <table name="Y" address="68664" />
  </table>
  <table name="Timing Compensation (MRP)" address="69838">
    <table name="X" address="69818" />
    <table name="Y" address="6982c" />
  </table>
  <table name="Timing Compensation Per Cylinder A__" address="689a4">
    <table name="Y" address="6896c" />
  </table>
  <table name="Timing Compensation Per Cylinder B__" address="689ec">
    <table name="Y" address="689b4" />
  </table>
  <table name="Timing Compensation Per Cylinder C__" address="68a34">
    <table name="Y" address="689fc" />
  </table>
  <table name="Timing Compensation Per Cylinder D__" address="68a7c">
    <table name="Y" address="68a44" />
  </table>
  <table name="Timing Comp Minimum Load (Per Cylinder)" address="68444" />
  <table name="Timing Comp Maximum RPM (Per Cylinder)" address="68440" />
  <table name="Timing Comp Minimum Coolant Temp (Per Cylinder)" address="68448" />
  <table name="Feedback Correction Range (RPM)" address="6847c" />
  <table name="Feedback Correction Minimum Load" address="6848c" />
  <table name="Feedback Correction Retard Value" address="6845c" />
  <table name="Feedback Correction Retard Limit" address="68458" />
  <table name="Feedback Correction Negative Advance Value" address="68464" />
  <table name="Feedback Correction Negative Advance Delay" address="682be" />
  <table name="Extended Feedback Correction High RPM Compensation" address="68494" />
  <table name="Fine Correction Range (RPM)" address="68574" />
  <table name="Fine Correction Range (Load)" address="68584" />
  <table name="Fine Correction Rows (RPM)" address="685a4" />
  <table name="Fine Correction Columns (Load)" address="68594" />
  <table name="Fine Correction Retard Value" address="685bc" />
  <table name="Fine Correction Retard Limit" address="6856c" />
  <table name="Fine Correction Advance Value" address="68570" />
  <table name="Fine Correction Advance Limit" address="68568" />
  <table name="Fine Correction Advance Delay" address="682cc" />
  <table name="Rough Correction Range (RPM)" address="6850c" />
  <table name="Rough Correction Range (Load)" address="6851c" />
  <table name="Rough Correction Minimum KC Advance Map Value" address="6852c" />
  <table name="Rough Correction Learning Delay (Increasing)" address="68ab4">
    <table name="Y" address="68a8c" />
  </table>
  <table name="Advance Multiplier (Initial)" address="68508" />
  <table name="Advance Multiplier Step Value" address="68530" />
  <table name="Intake Cam Advance Angle A (AVCS)" address="6e05c">
    <table name="X" address="6dfdc" />
    <table name="Y" address="6e014" />
  </table>
  <table name="Intake Cam Advance Angle B (AVCS)" address="6e2d4">
    <table name="X" address="6e254" />
    <table name="Y" address="6e28c" />
  </table>
  <table name="Exhaust Cam Retard Angle A (AVCS)" address="6e984">
    <table name="X" address="6e904" />
    <table name="Y" address="6e93c" />
  </table>
  <table name="Exhaust Cam Retard Angle B (AVCS)" address="6ebfc">
    <table name="X" address="6eb7c" />
    <table name="Y" address="6ebb4" />
  </table>
  <table name="Requested Torque (Accelerator Pedal)" address="6b630">
    <table name="X" address="6b59c" elements="20" />
    <table name="Y" address="6b5ec" />
  </table>
  <table name="Target Throttle Plate Position A (Requested Torque)" address="6b0d8">
    <table name="X" address="6b054" />
    <table name="Y" address="6b098" />
  </table>
  <table name="Target Throttle Plate Position B (Requested Torque)" address="6b37c">
    <table name="X" address="6b2f8" />
    <table name="Y" address="6b33c" />
  </table>
  <table name="Rev Limit (Fuel Cut)" address="6601c" />
  <table name="Rev Limit Fuel Resume (Boost)" address="66024" />
  <table name="Speed Limiting Enable (Fuel Cut)" address="6606c" />
  <table name="Speed Limiting Disable (Fuel Cut)" address="66074" />
  <table name="Speed Limiting (Throttle)" address="64ba8" />
  <table name="Intake Temp Sensor Scaling" address="612d4">
    <table name="Y" address="6125c" />
  </table>
  <table name="Coolant Temp Sensor Scaling" address="611ec">
    <table name="Y" address="6117c" />
  </table>
  <table name="Atmospheric Pressure Sensor Scaling" address="614c4" />
  <table name="Radiator Fan Modes (ECT)" address="6d2c4" />
  <table name="Radiator Fan Modes (Veh. Speed)" address="6d2d4" />
  <table name="Gear Determination Thresholds A" address="648cc" />
  <table name="Gear Determination Thresholds B" address="648e0" />
  <table name="Idle Speed Target A" address="6a4aa">
    <table name="Y" address="69f30" />
  </table>
  <table name="Idle Speed Target B" address="6a4ea">
    <table name="Y" address="69f30" />
  </table>
  <table name="Idle Speed Target C" address="6a52a">
    <table name="Y" address="69f30" />
  </table>
  <table name="Force Pass Readiness Monitors" address="5462a" />
  <table name="(P0031) FRONT O2 SENSOR LOW INPUT" address="51456" />
  <table name="(P0032) FRONT O2 SENSOR HIGH INPUT" address="51454" />
  <table name="(P0037) REAR O2 SENSOR LOW INPUT" address="51455" />
  <table name="(P0038) REAR O2 SENSOR HIGH INPUT" address="51453" />
  <table name="(P0102) MAF SENSOR LOW INPUT" address="51409" />
  <table name="(P0103) MAF SENSOR HIGH INPUT" address="5140a" />
  <table name="(P0107) MAP SENSOR LOW INPUT" address="51457" />
  <table name="(P0108) MAP SENSOR HIGH INPUT" address="51458" />
  <table name="(P0112) IAT SENSOR LOW INPUT" address="51450" />
  <table name="(P0113) IAT SENSOR HIGH INPUT" address="51451" />
  <table name="(P0117) COOLANT TEMP SENSOR LOW INPUT" address="51411" />
  <table name="(P0118) COOLANT TEMP SENSOR HIGH INPUT" address="51412" />
  <table name="(P0122) TPS A LOW INPUT" address="5140e" />
  <table name="(P0123) TPS A HIGH INPUT" address="5140f" />
  <table name="(P0131) FRONT O2 SENSOR LOW INPUT" address="5144d" />
  <table name="(P0132) FRONT O2 SENSOR HIGH INPUT" address="5144e" />
  <table name="(P0134) FRONT O2 SENSOR NO ACTIVITY" address="5146e" />
  <table name="(P0137) REAR O2 SENSOR LOW VOLTAGE" address="5144c" />
  <table name="(P0138) REAR O2 SENSOR HIGH VOLTAGE" address="5144f" />
  <table name="(P0171) SYSTEM TOO LEAN" address="51442" />
  <table name="(P0172) SYSTEM TOO RICH" address="51443" />
  <table name="(P0222) TPS B LOW INPUT" address="51472" />
  <table name="(P0223) TPS B HIGH INPUT" address="51473" />
  <table name="(P0230) FUEL PUMP PRIMARY CIRCUIT" address="5146a" />
  <table name="(P0245) WASTEGATE SOLENOID A LOW" address="5145e" />
  <table name="(P0246) WASTEGATE SOLENOID A HIGH" address="5145f" />
  <table name="(P0261) FUEL INJECTOR #1 CIRCUIT LOW" address="51461" />
  <table name="(P0264) FUEL INJECTOR #2 CIRCUIT LOW" address="51462" />
  <table name="(P0267) FUEL INJECTOR #3 CIRCUIT LOW" address="51463" />
  <table name="(P0270) FUEL INJECTOR #4 CIRCUIT LOW" address="51464" />
  <table name="(P0327) KNOCK SENSOR 1 LOW INPUT" address="5140c" />
  <table name="(P0328) KNOCK SENSOR 1 HIGH INPUT" address="5140d" />
  <table name="(P0335) CRANKSHAFT POS. SENSOR A MALFUNCTION" address="51404" />
  <table name="(P0340) CAMSHAFT POS. SENSOR A MALFUNCTION_" address="51486" />
  <table name="(P0345) CAMSHAFT POS. SENSOR A BANK 2" address="51485" />
  <table name="(P0350) IGNITION COIL PRIMARY/SECONDARY" address="51418" />
  <table name="(P0365) CAMSHAFT POS. SENSOR B BANK 1_" address="51484" />
  <table name="(P0390) CAMSHAFT POS. SENSOR B BANK 2_" address="51483" />
  <table name="(P0458) EVAP PURGE VALVE CIRCUIT LOW" address="51434" />
  <table name="(P0459) EVAP PURGE VALVE CIRCUIT HIGH" address="51435" />
  <table name="(P0500) VEHICLE SPEED SENSOR A" address="5140b" />
  <table name="(P0512) STARTER REQUEST CIRCUIT" address="5141a" />
  <table name="(P0519) IDLE CONTROL MALFUNCTION (FAIL-SAFE)" address="5146c" />
  <table name="(P0562) SYSTEM VOLTAGE LOW" address="5145c" />
  <table name="(P0563) SYSTEM VOLTAGE HIGH" address="5145d" />
  <table name="(P0600) SERIAL COMMUNICATION LINK" address="51482" />
  <table name="(P0604) CONTROL MODULE RAM ERROR" address="51408" />
  <table name="(P0605) CONTROL MODULE ROM ERROR" address="51487" />
  <table name="(P0607) CONTROL MODULE PERFORMANCE" address="5147a" />
  <table name="(P0638) THROTTLE ACTUATOR RANGE/PERF" address="51479" />
  <table name="(P0700) TRANSMISSION CONTROL SYSTEM" address="51490" />
  <table name="(P0851) NEUTRAL SWITCH INPUT LOW" address="5141e" />
  <table name="(P0852) NEUTRAL SWITCH INPUT HIGH" address="51422" />
  <table name="(P1160) ABNORMAL RETURN SPRING" address="51474" />
  <table name="(P1518) STARTER SWITCH LOW INPUT" address="51419" />
  <table name="(P1560) BACK-UP VOLTAGE MALFUNCTION" address="5145b" />
  <table name="(P2088) OCV SOLENOID A1 CIRCUIT OPEN" address="5148f" />
  <table name="(P2089) OCV SOLENOID A1 CIRCUIT SHORT" address="5148e" />
  <table name="(P2090) OCV SOLENOID B1 CIRCUIT OPEN" address="5148b" />
  <table name="(P2091) OCV SOLENOID B1 CIRCUIT SHORT" address="5148a" />
  <table name="(P2092) OCV SOLENOID A2 CIRCUIT OPEN" address="5148d" />
  <table name="(P2093) OCV SOLENOID A2 CIRCUIT SHORT" address="5148c" />
  <table name="(P2094) OCV SOLENOID B2 CIRCUIT OPEN" address="51489" />
  <table name="(P2095) OCV SOLENOID B2 CIRCUIT SHORT" address="51488" />
  <table name="(P2101) THROTTLE ACTUATOR CIRCUIT RANGE/PERF" address="51477" />
  <table name="(P2102) THROTTLE ACTUATOR CIRCUIT LOW" address="51475" />
  <table name="(P2103) THROTTLE ACTUATOR CIRCUIT HIGH" address="51476" />
  <table name="(P2109) TPS A MINIMUM STOP PERF" address="51471" />
  <table name="(P2122) TPS D CIRCUIT LOW INPUT" address="5147e" />
  <table name="(P2123) TPS D CIRCUIT HIGH INPUT" address="5147f" />
  <table name="(P2127) TPS E CIRCUIT LOW INPUT" address="5147c" />
  <table name="(P2128) TPS E CIRCUIT HIGH INPUT" address="5147d" />
  <table name="(P2135) TPS A/B VOLTAGE" address="51480" />
  <table name="(P2138) TPS D/E VOLTAGE" address="5147b" />
  <table name="(P2228) BARO. PRESSURE CIRCUIT LOW INPUT" address="5149a" />
  <table name="(P2229) BARO. PRESSURE CIRCUIT HIGH INPUT" address="51499" />
</rom>