<rom>
  <romid>
    <xmlid>A2WD012T</xmlid>
    <internalidaddress>2000</internalidaddress>
    <internalidstring>A2WD012T</internalidstring>
    <ecuid>3C54784316</ecuid>
    <year>05</year>
    <market>ADM</market>
    <make>Subaru</make>
    <model>Liberty</model>
    <submodel>GT</submodel>
    <transmission>MT</transmission>
    <memmodel>SH7055</memmodel>
    <flashmethod>sti04</flashmethod>
    <checksummodule>subarudbw</checksummodule>
  </romid>
  <include>A2WD010T</include>
</rom>