<rom>
  <romid>
    <xmlid>A2WD010T</xmlid>
    <internalidaddress>2000</internalidaddress>
    <internalidstring>A2WD010T</internalidstring>
    <ecuid>3C54784216</ecuid>
    <year>05</year>
    <market>ADM</market>
    <make>Subaru</make>
    <model>Liberty</model>
    <submodel>GT</submodel>
    <transmission>MT</transmission>
    <memmodel>SH7055</memmodel>
    <flashmethod>sti04</flashmethod>
    <checksummodule>subarudbw</checksummodule>
  </romid>
  <include>32BITBASE</include>
  <table name="Target Boost A" address="625fc">
    <table name="X" address="625ac" />
    <table name="Y" address="625cc" />
  </table>
  <table name="Target Boost B" address="6270c">
    <table name="X" address="626bc" />
    <table name="Y" address="626dc" />
  </table>
  <table name="Target Boost Compensation (ECT)" address="61bc4">
    <table name="Y" address="61ab4" />
  </table>
  <table name="Target Boost Compensation (1st Gear)" address="61ab0" />
  <table name="Target Boost Compensation (1st Gear) Speed Disable" address="61aa8" />
  <table name="Target Boost Compensation (Atm. Pressure) Multiplier" address="61ccc">
    <table name="Y" address="61cbc" />
  </table>
  <table name="Target Boost Compensation (Atm. Pressure) Multiplier Offset" address="61bf8">
    <table name="Y" address="61be8" />
  </table>
  <table name="Boost Limit (Fuel Cut)" address="66ea4">
    <table name="Y" address="66e8c" />
  </table>
  <table name="Boost Control Disable (IAM)" address="61a90" />
  <table name="Boost Control Disable (Fine Correction)" address="61a8c" />
  <table name="Boost Control Disable Delay (Fine Correction)" address="61a39" />
  <table name="Initial Wastegate Duty A" address="6203c">
    <table name="X" address="61fec" />
    <table name="Y" address="6200c" />
  </table>
  <table name="Initial Wastegate Duty B" address="6214c">
    <table name="X" address="620fc" />
    <table name="Y" address="6211c" />
  </table>
  <table name="Max Wastegate Duty" address="6230c">
    <table name="X" address="622cc" />
    <table name="Y" address="622ec" />
  </table>
  <table name="Max Wastegate Duty Limit Post-Compensation" address="15034" />
  <table name="Initial/Max Wastegate Duty Compensation (IAT)" address="61b84">
    <table name="Y" address="61b44" />
  </table>
  <table name="Initial/Max Wastegate Duty Compensation (ECT)" address="61ba4">
    <table name="Y" address="61ab4" />
  </table>
  <table name="Initial/Max Wastegate Duty Compensation (Atm. Pressure)" address="61db4">
    <table name="X" address="61d8c" />
    <table name="Y" address="61da4" />
  </table>
  <table name="Turbo Dynamics Proportional" address="61c20">
    <table name="Y" address="61bfc" />
  </table>
  <table name="Turbo Dynamics Integral Positive" address="61c90">
    <table name="Y" address="61c6c" />
  </table>
  <table name="Turbo Dynamics Integral Negative" address="61c58">
    <table name="Y" address="61c34" />
  </table>
  <table name="TD Activation Thresholds (RPM)" address="61a78" />
  <table name="TD Activation Thresholds (Target Boost)" address="61a4c" />
  <table name="TD Integral Cumulative Range (WGDC Correction)" address="61a80" />
  <table name="TD Integral Negative Activation (Boost Error)" address="61a58" />
  <table name="TD Integral Positive Activation (Boost Error)" address="61a60" />
  <table name="TD Integral Positive Activation (Wastegate Duty)" address="61a64" />
  <table name="Manifold Pressure Sensor Scaling" address="61530" />
  <table name="Manifold Pressure Sensor Limits (CEL)" address="6c4f8" />
  <table name="Manifold Pressure Sensor CEL Delays" address="6577d" />
  <table name="Primary Open Loop Fueling A" address="6731c">
    <table name="X" address="67294" elements="16" />
    <table name="Y" address="672d4" />
  </table>
  <table name="Primary Open Loop Fueling B" address="674c4">
    <table name="X" address="6743c" elements="16" />
    <table name="Y" address="6747c" />
  </table>
  <table name="Primary Open Loop Fueling A (Failsafe)" address="6766c">
    <table name="X" address="675e4" elements="16" />
    <table name="Y" address="67624" />
  </table>
  <table name="Primary Open Loop Fueling B (Failsafe)" address="67814">
    <table name="X" address="6778c" elements="16" />
    <table name="Y" address="677cc" />
  </table>
  <table name="Primary Open Loop Fuel Map Switch (IAM)" address="65ef8" />
  <table name="Minimum Active Primary Open Loop Enrichment" address="65e5c" />
  <table name="Minimum Primary Open Loop Enrichment (Throttle)" address="66500">
    <table name="Y" address="664e8" />
  </table>
  <table name="Primary Open Loop Fueling Compensation (ECT)" address="66cf4">
    <table name="Y" address="661d4" />
  </table>
  <table name="Primary Open Loop Fueling Compensation (Timing Compensation)_" address="66520">
    <table name="Y" address="66508" />
  </table>
  <table name="Front Oxygen Sensor Scaling" address="6cb84">
    <table name="Y" address="6cb50" />
  </table>
  <table name="Front Oxygen Sensor Rich Limit" address="21c3c" />
  <table name="Front Oxygen Sensor Compensation (Atm. Pressure)" address="64bdc">
    <table name="Y" address="64bcc" />
  </table>
  <table name="CL Fueling Target Compensation (Load)" address="67f58">
    <table name="X" address="67f10" elements="8" />
    <table name="Y" address="67f30" />
  </table>
  <table name="CL Fueling Target Compensation (ECT)_" address="669da">
    <table name="Y" address="661d4" />
  </table>
  <table name="CL to OL Delay" address="65b36" />
  <table name="CL to OL Transition with Delay A (Throttle)" address="66438">
    <table name="Y" address="663f8" />
  </table>
  <table name="CL to OL Transition with Delay B (Throttle)" address="66488">
    <table name="Y" address="66448" />
  </table>
  <table name="CL to OL Transition with Delay C (Throttle)" address="664d8">
    <table name="Y" address="66498" />
  </table>
  <table name="CL to OL Transition with Delay Throttle Hysteresis" address="65e60" />
  <table name="CL to OL Transition with Delay A (Base Pulse Width)" address="66c14">
    <table name="Y" address="66bd4" />
  </table>
  <table name="CL to OL Transition with Delay B (Base Pulse Width)" address="66c74">
    <table name="Y" address="66c34" />
  </table>
  <table name="CL to OL Transition with Delay C (Base Pulse Width)" address="66cd4">
    <table name="Y" address="66c94" />
  </table>
  <table name="CL to OL Transition with Delay BPW Hysteresis" address="65e64" />
  <table name="CL Delay Maximum (Throttle)" address="65ed4" />
  <table name="CL Delay Maximum (Vehicle Speed)" address="65ed8" />
  <table name="CL Delay Minimum (ECT)" address="65e68" />
  <table name="CL Delay Maximum Engine Speed (Per Gear)" address="65e94" />
  <table name="CL Delay Maximum Engine Speed (Neutral)" address="65ebc" />
  <table name="Injector Latency" address="6c604">
    <table name="Y" address="6c5f0" />
  </table>
  <table name="Injector Flow Scaling" address="65cf4" />
  <table name="Per Injector Primary Fuel Offset Compensation A" address="67970">
    <table name="X" address="67934" />
    <table name="Y" address="67954" elements="7" />
  </table>
  <table name="Per Injector Primary Fuel Offset Compensation B" address="679e4">
    <table name="X" address="679a8" />
    <table name="Y" address="679c8" elements="7" />
  </table>
  <table name="Per Injector Primary Fuel Offset Compensation C" address="67a58">
    <table name="X" address="67a1c" />
    <table name="Y" address="67a3c" elements="7" />
  </table>
  <table name="Per Injector Primary Fuel Offset Compensation D" address="67acc">
    <table name="X" address="67a90" />
    <table name="Y" address="67ab0" elements="7" />
  </table>
  <table name="Cranking Fuel Injector Pulse Width A (ECT)" address="666d6">
    <table name="Y" address="661d4" />
  </table>
  <table name="Cranking Fuel Injector Pulse Width B (ECT)" address="666f6">
    <table name="Y" address="661d4" />
  </table>
  <table name="Cranking Fuel Injector Pulse Width C (ECT)" address="66716">
    <table name="Y" address="661d4" />
  </table>
  <table name="Cranking Fuel Injector Pulse Width D (ECT)" address="66736">
    <table name="Y" address="661d4" />
  </table>
  <table name="Cranking Fuel IPW Compensation (RPM)" address="67174">
    <table name="X" address="67144" />
    <table name="Y" address="67158" />
  </table>
  <table name="Cranking Fuel IPW Compensation (Accelerator)" address="6626c">
    <table name="Y" address="66254" />
  </table>
  <table name="Throttle Tip-in Enrichment" address="66df8">
    <table name="Y" address="66db4" elements="17" />
  </table>
  <table name="Minimum Tip-in Enrichment Activation" address="65fdc" />
  <table name="Minimum Tip-in Enrichment Activation (Throttle)" address="65fd8" />
  <table name="Tip-in Enrichment Compensation (Boost Error)" address="665e4">
    <table name="Y" address="665c0" />
  </table>
  <table name="Tip-in Enrichment Compensation (ECT)" address="66e1a">
    <table name="Y" address="661d4" />
  </table>
  <table name="Tip-in Enrichment Disable Applied Counter Threshold" address="65b07" />
  <table name="Tip-in Enrichment Applied Counter Reset" address="65b08" />
  <table name="Tip-in Enrichment Disable Throttle Cumulative Threshold" address="65fe0" />
  <table name="Tip-in Throttle Cumulative Reset" address="65b09" />
  <table name="Min Primary Base Enrichment 1" address="662c2">
    <table name="Y" address="661d4" />
  </table>
  <table name="Min Primary Base Enrichment 1 (Non-Primary OL)" address="67274">
    <table name="X" address="67240" />
    <table name="Y" address="67268" />
  </table>
  <table name="Min Primary Base Enrich 2 Initial Start 1A" address="667d6">
    <table name="Y" address="661d4" />
  </table>
  <table name="Min Primary Base Enrich 2 Initial Start 1B" address="66816">
    <table name="Y" address="661d4" />
  </table>
  <table name="Min Primary Base Enrich 2 Initial Start 2A" address="667f6">
    <table name="Y" address="661d4" />
  </table>
  <table name="Min Primary Base Enrich 2 Initial Start 2B" address="66836">
    <table name="Y" address="661d4" />
  </table>
  <table name="Min Primary Base Enrich 2 Decay Step 1" address="66856">
    <table name="Y" address="661d4" />
  </table>
  <table name="Min Primary Base Enrich 2 Decay Step 2" address="66876">
    <table name="Y" address="661d4" />
  </table>
  <table name="Min Primary Base Enrich 3 Initial Start 1A" address="66756">
    <table name="Y" address="661d4" />
  </table>
  <table name="Min Primary Base Enrich 3 Initial Start 1B" address="66776">
    <table name="Y" address="661d4" />
  </table>
  <table name="Min Primary Base Enrich 3 Initial Start 2A" address="66796">
    <table name="Y" address="661d4" />
  </table>
  <table name="Min Primary Base Enrich 3 Initial Start 2B" address="667b6">
    <table name="Y" address="661d4" />
  </table>
  <table name="Min Primary Base Enrich 3 Decay Delay A" address="66282">
    <table name="Y" address="661d4" />
  </table>
  <table name="Min Primary Base Enrich 3 Decay Delay B" address="66292">
    <table name="Y" address="661d4" />
  </table>
  <table name="Min Primary Base Enrich 3 Decay Multiplier" address="65cf8" />
  <table name="A/F Learning #1 Limits" address="65e08" />
  <table name="A/F Learning #1 Airflow Ranges" address="65e14" />
  <table name="MAF Limit (Maximum)" address="64938" />
  <table name="MAF Sensor Scaling" address="6c988">
    <table name="Y" address="6c8b0" />
  </table>
  <table name="MAF Compensation (IAT)" address="6524c">
    <table name="X" address="65218" />
    <table name="Y" address="6522c" />
  </table>
  <table name="Engine Load Limit (Maximum)" address="20158" />
  <table name="Engine Load Compensation (MP)" address="65194">
    <table name="X" address="65138" />
    <table name="Y" address="65164" elements="12" />
  </table>
  <table name="Base Timing A" address="69088">
    <table name="X" address="68ffc" elements="17" />
    <table name="Y" address="69040" />
  </table>
  <table name="Base Timing B" address="69248">
    <table name="X" address="691bc" elements="17" />
    <table name="Y" address="69200" />
  </table>
  <table name="Base Timing Idle" address="68801">
    <table name="Y" address="6867c" />
  </table>
  <table name="Base Timing Idle Minimum" address="687f8">
    <table name="Y" address="687d4" />
  </table>
  <table name="Base Timing Idle Minimum Vehicle Speed Enable" address="683bc" />
  <table name="Knock Correction Advance Max A" address="69528">
    <table name="X" address="6949c" elements="17" />
    <table name="Y" address="694e0" />
  </table>
  <table name="Knock Correction Advance Max B" address="696e8">
    <table name="X" address="6965c" elements="17" />
    <table name="Y" address="696a0" />
  </table>
  <table name="Timing Compensation (IAT)" address="68874">
    <table name="Y" address="68834" />
  </table>
  <table name="Timing Compensation (IAT) Activation" address="693bc">
    <table name="X" address="6937c" />
    <table name="Y" address="6939c" />
  </table>
  <table name="Timing Compensation (ECT)" address="68821">
    <table name="Y" address="6867c" />
  </table>
  <table name="Timing Compensation (MRP)" address="69850">
    <table name="X" address="69830" />
    <table name="Y" address="69844" />
  </table>
  <table name="Timing Compensation Per Cylinder A__" address="689bc">
    <table name="Y" address="68984" />
  </table>
  <table name="Timing Compensation Per Cylinder B__" address="68a04">
    <table name="Y" address="689cc" />
  </table>
  <table name="Timing Compensation Per Cylinder C__" address="68a4c">
    <table name="Y" address="68a14" />
  </table>
  <table name="Timing Compensation Per Cylinder D__" address="68a94">
    <table name="Y" address="68a5c" />
  </table>
  <table name="Timing Comp Minimum Load (Per Cylinder)" address="6845c" />
  <table name="Timing Comp Maximum RPM (Per Cylinder)" address="68458" />
  <table name="Timing Comp Minimum Coolant Temp (Per Cylinder)" address="68460" />
  <table name="Feedback Correction Range (RPM)" address="68494" />
  <table name="Feedback Correction Minimum Load" address="684a4" />
  <table name="Feedback Correction Retard Value" address="68474" />
  <table name="Feedback Correction Retard Limit" address="68470" />
  <table name="Feedback Correction Negative Advance Value" address="6847c" />
  <table name="Feedback Correction Negative Advance Delay" address="682d6" />
  <table name="Extended Feedback Correction High RPM Compensation" address="684ac" />
  <table name="Fine Correction Range (RPM)" address="6858c" />
  <table name="Fine Correction Range (Load)" address="6859c" />
  <table name="Fine Correction Rows (RPM)" address="685bc" />
  <table name="Fine Correction Columns (Load)" address="685ac" />
  <table name="Fine Correction Retard Value" address="685d4" />
  <table name="Fine Correction Retard Limit" address="68584" />
  <table name="Fine Correction Advance Value" address="68588" />
  <table name="Fine Correction Advance Limit" address="68580" />
  <table name="Fine Correction Advance Delay" address="682e4" />
  <table name="Rough Correction Range (RPM)" address="68524" />
  <table name="Rough Correction Range (Load)" address="68534" />
  <table name="Rough Correction Minimum KC Advance Map Value" address="68544" />
  <table name="Rough Correction Learning Delay (Increasing)" address="68acc">
    <table name="Y" address="68aa4" />
  </table>
  <table name="Advance Multiplier (Initial)" address="68520" />
  <table name="Advance Multiplier Step Value" address="68548" />
  <table name="Intake Cam Advance Angle A (AVCS)" address="6e074">
    <table name="X" address="6dff4" />
    <table name="Y" address="6e02c" />
  </table>
  <table name="Intake Cam Advance Angle B (AVCS)" address="6e2ec">
    <table name="X" address="6e26c" />
    <table name="Y" address="6e2a4" />
  </table>
  <table name="Exhaust Cam Retard Angle A (AVCS)" address="6e99c">
    <table name="X" address="6e91c" />
    <table name="Y" address="6e954" />
  </table>
  <table name="Exhaust Cam Retard Angle B (AVCS)" address="6ec14">
    <table name="X" address="6eb94" />
    <table name="Y" address="6ebcc" />
  </table>
  <table name="Requested Torque (Accelerator Pedal)" address="6b648">
    <table name="X" address="6b5b4" elements="20" />
    <table name="Y" address="6b604" />
  </table>
  <table name="Target Throttle Plate Position A (Requested Torque)" address="6b0f0">
    <table name="X" address="6b06c" />
    <table name="Y" address="6b0b0" />
  </table>
  <table name="Target Throttle Plate Position B (Requested Torque)" address="6b394">
    <table name="X" address="6b310" />
    <table name="Y" address="6b354" />
  </table>
  <table name="Rev Limit (Fuel Cut)" address="66034" />
  <table name="Rev Limit Fuel Resume (Boost)" address="6603c" />
  <table name="Speed Limiting Enable (Fuel Cut)" address="66084" />
  <table name="Speed Limiting Disable (Fuel Cut)" address="6608c" />
  <table name="Speed Limiting (Throttle)" address="64bc0" />
  <table name="Intake Temp Sensor Scaling" address="612ec">
    <table name="Y" address="61274" />
  </table>
  <table name="Coolant Temp Sensor Scaling" address="61204">
    <table name="Y" address="61194" />
  </table>
  <table name="Atmospheric Pressure Sensor Scaling" address="614dc" />
  <table name="Radiator Fan Modes (ECT)" address="6d2dc" />
  <table name="Radiator Fan Modes (Veh. Speed)" address="6d2ec" />
  <table name="Gear Determination Thresholds A" address="648e4" />
  <table name="Gear Determination Thresholds B" address="648f8" />
  <table name="Idle Speed Target A" address="6a4c2">
    <table name="Y" address="69f48" />
  </table>
  <table name="Idle Speed Target B" address="6a502">
    <table name="Y" address="69f48" />
  </table>
  <table name="Idle Speed Target C" address="6a542">
    <table name="Y" address="69f48" />
  </table>
  <table name="Force Pass Readiness Monitors" address="54642" />
  <table name="(P0031) FRONT O2 SENSOR LOW INPUT" address="5146e" />
  <table name="(P0032) FRONT O2 SENSOR HIGH INPUT" address="5146c" />
  <table name="(P0037) REAR O2 SENSOR LOW INPUT" address="5146d" />
  <table name="(P0038) REAR O2 SENSOR HIGH INPUT" address="5146b" />
  <table name="(P0102) MAF SENSOR LOW INPUT" address="51421" />
  <table name="(P0103) MAF SENSOR HIGH INPUT" address="51422" />
  <table name="(P0107) MAP SENSOR LOW INPUT" address="5146f" />
  <table name="(P0108) MAP SENSOR HIGH INPUT" address="51470" />
  <table name="(P0112) IAT SENSOR LOW INPUT" address="51468" />
  <table name="(P0113) IAT SENSOR HIGH INPUT" address="51469" />
  <table name="(P0117) COOLANT TEMP SENSOR LOW INPUT" address="51429" />
  <table name="(P0118) COOLANT TEMP SENSOR HIGH INPUT" address="5142a" />
  <table name="(P0122) TPS A LOW INPUT" address="51426" />
  <table name="(P0123) TPS A HIGH INPUT" address="51427" />
  <table name="(P0131) FRONT O2 SENSOR LOW INPUT" address="51465" />
  <table name="(P0132) FRONT O2 SENSOR HIGH INPUT" address="51466" />
  <table name="(P0134) FRONT O2 SENSOR NO ACTIVITY" address="51486" />
  <table name="(P0137) REAR O2 SENSOR LOW VOLTAGE" address="51464" />
  <table name="(P0138) REAR O2 SENSOR HIGH VOLTAGE" address="51467" />
  <table name="(P0171) SYSTEM TOO LEAN" address="5145a" />
  <table name="(P0172) SYSTEM TOO RICH" address="5145b" />
  <table name="(P0222) TPS B LOW INPUT" address="5148a" />
  <table name="(P0223) TPS B HIGH INPUT" address="5148b" />
  <table name="(P0230) FUEL PUMP PRIMARY CIRCUIT" address="51482" />
  <table name="(P0245) WASTEGATE SOLENOID A LOW" address="51476" />
  <table name="(P0246) WASTEGATE SOLENOID A HIGH" address="51477" />
  <table name="(P0261) FUEL INJECTOR #1 CIRCUIT LOW" address="51479" />
  <table name="(P0264) FUEL INJECTOR #2 CIRCUIT LOW" address="5147a" />
  <table name="(P0267) FUEL INJECTOR #3 CIRCUIT LOW" address="5147b" />
  <table name="(P0270) FUEL INJECTOR #4 CIRCUIT LOW" address="5147c" />
  <table name="(P0327) KNOCK SENSOR 1 LOW INPUT" address="51424" />
  <table name="(P0328) KNOCK SENSOR 1 HIGH INPUT" address="51425" />
  <table name="(P0335) CRANKSHAFT POS. SENSOR A MALFUNCTION" address="5141c" />
  <table name="(P0340) CAMSHAFT POS. SENSOR A MALFUNCTION_" address="5149e" />
  <table name="(P0345) CAMSHAFT POS. SENSOR A BANK 2" address="5149d" />
  <table name="(P0350) IGNITION COIL PRIMARY/SECONDARY" address="51430" />
  <table name="(P0365) CAMSHAFT POS. SENSOR B BANK 1_" address="5149c" />
  <table name="(P0390) CAMSHAFT POS. SENSOR B BANK 2_" address="5149b" />
  <table name="(P0458) EVAP PURGE VALVE CIRCUIT LOW" address="5144c" />
  <table name="(P0459) EVAP PURGE VALVE CIRCUIT HIGH" address="5144d" />
  <table name="(P0500) VEHICLE SPEED SENSOR A" address="51423" />
  <table name="(P0512) STARTER REQUEST CIRCUIT" address="51432" />
  <table name="(P0519) IDLE CONTROL MALFUNCTION (FAIL-SAFE)" address="51484" />
  <table name="(P0562) SYSTEM VOLTAGE LOW" address="51474" />
  <table name="(P0563) SYSTEM VOLTAGE HIGH" address="51475" />
  <table name="(P0600) SERIAL COMMUNICATION LINK" address="5149a" />
  <table name="(P0604) CONTROL MODULE RAM ERROR" address="51420" />
  <table name="(P0605) CONTROL MODULE ROM ERROR" address="5149f" />
  <table name="(P0607) CONTROL MODULE PERFORMANCE" address="51492" />
  <table name="(P0638) THROTTLE ACTUATOR RANGE/PERF" address="51491" />
  <table name="(P0700) TRANSMISSION CONTROL SYSTEM" address="514a8" />
  <table name="(P0851) NEUTRAL SWITCH INPUT LOW" address="51436" />
  <table name="(P0852) NEUTRAL SWITCH INPUT HIGH" address="5143a" />
  <table name="(P1160) ABNORMAL RETURN SPRING" address="5148c" />
  <table name="(P1518) STARTER SWITCH LOW INPUT" address="51431" />
  <table name="(P1560) BACK-UP VOLTAGE MALFUNCTION" address="51473" />
  <table name="(P2088) OCV SOLENOID A1 CIRCUIT OPEN" address="514a7" />
  <table name="(P2089) OCV SOLENOID A1 CIRCUIT SHORT" address="514a6" />
  <table name="(P2090) OCV SOLENOID B1 CIRCUIT OPEN" address="514a3" />
  <table name="(P2091) OCV SOLENOID B1 CIRCUIT SHORT" address="514a2" />
  <table name="(P2092) OCV SOLENOID A2 CIRCUIT OPEN" address="514a5" />
  <table name="(P2093) OCV SOLENOID A2 CIRCUIT SHORT" address="514a4" />
  <table name="(P2094) OCV SOLENOID B2 CIRCUIT OPEN" address="514a1" />
  <table name="(P2095) OCV SOLENOID B2 CIRCUIT SHORT" address="514a0" />
  <table name="(P2101) THROTTLE ACTUATOR CIRCUIT RANGE/PERF" address="5148f" />
  <table name="(P2102) THROTTLE ACTUATOR CIRCUIT LOW" address="5148d" />
  <table name="(P2103) THROTTLE ACTUATOR CIRCUIT HIGH" address="5148e" />
  <table name="(P2109) TPS A MINIMUM STOP PERF" address="51489" />
  <table name="(P2122) TPS D CIRCUIT LOW INPUT" address="51496" />
  <table name="(P2123) TPS D CIRCUIT HIGH INPUT" address="51497" />
  <table name="(P2127) TPS E CIRCUIT LOW INPUT" address="51494" />
  <table name="(P2128) TPS E CIRCUIT HIGH INPUT" address="51495" />
  <table name="(P2135) TPS A/B VOLTAGE" address="51498" />
  <table name="(P2138) TPS D/E VOLTAGE" address="51493" />
  <table name="(P2228) BARO. PRESSURE CIRCUIT LOW INPUT" address="514b2" />
  <table name="(P2229) BARO. PRESSURE CIRCUIT HIGH INPUT" address="514b1" />
</rom>