<rom>
  <romid>
    <xmlid>A2ZJD00G</xmlid>
    <internalidaddress>2000</internalidaddress>
    <internalidstring>A2ZJD00G</internalidstring>
    <ecuid>2F54505206</ecuid>
    <year>04</year>
    <market>ADM</market>
    <make>Subaru</make>
    <model>Liberty</model>
    <submodel>GT</submodel>
    <transmission>AT</transmission>
    <memmodel>SH7055</memmodel>
    <flashmethod>sti04</flashmethod>
    <checksummodule>subarudbw</checksummodule>
  </romid>
  <include>A2ZJD02G</include>
</rom>