<rom>
  <romid>
    <xmlid>AE5F301D</xmlid>
    <internalidaddress>2004</internalidaddress>
    <internalidstring>AE5F301D</internalidstring>
    <ecuid>5B525A4107</ecuid>
    <year>10</year>
    <market>ADM</market>
    <make>Subaru</make>
    <model>Liberty</model>
    <submodel>GT</submodel>
    <transmission>MT</transmission>
    <memmodel>SH7058</memmodel>
    <flashmethod>subarucan</flashmethod>
    <checksummodule>subarudbw</checksummodule>
  </romid>
  <include>32BITBASE</include>
  <table name="Target Boost_" address="c10e8">
    <table name="X" address="c1074" elements="14" />
    <table name="Y" address="c10ac" />
  </table>
  <table name="Target Boost Compensation (ECT)" address="c0a9c">
    <table name="Y" address="c09bc" />
  </table>
  <table name="Target Boost Compensation (1st Gear)" address="c09b4" />
  <table name="Target Boost Compensation (1st Gear) Speed Disable" address="c09b0" />
  <table name="Target Boost Compensation (IAT)_" address="c0be4">
    <table name="Y" address="c0bcc" />
  </table>
  <table name="Target Boost Compensation (Atm. Pressure)_" address="c0c94">
    <table name="X" address="c0c5c" elements="8" />
    <table name="Y" address="c0c7c" />
  </table>
  <table name="Boost Limit (Fuel Cut)_" address="ce610">
    <table name="X" address="ce5c0" elements="8" />
    <table name="Y" address="ce5e0" elements="12" />
  </table>
  <table name="Boost Control Disable (IAM)" address="c09a4" />
  <table name="Boost Control Disable (Fine Correction)" address="c09a0" />
  <table name="Boost Control Disable Delay (Fine Correction)" address="c0955" />
  <table name="Initial Wastegate Duty_" address="c0f08">
    <table name="X" address="c0e9c" elements="14" />
    <table name="Y" address="c0ed4" elements="13" />
  </table>
  <table name="Max Wastegate Duty_" address="c0d30">
    <table name="X" address="c0cc4" elements="14" />
    <table name="Y" address="c0cfc" elements="13" />
  </table>
  <table name="Max Wastegate Duty Limit Post-Compensation" address="13904" />
  <table name="Initial/Max Wastegate Duty Compensation (IAT)" address="c0a3c">
    <table name="Y" address="c09fc" />
  </table>
  <table name="Initial/Max Wastegate Duty Compensation (ECT)" address="c0a5c">
    <table name="Y" address="c09bc" />
  </table>
  <table name="Initial/Max Wastegate Duty Compensation (Atm. Pressure)" address="c0c34">
    <table name="X" address="c0bfc" elements="10" />
    <table name="Y" address="c0c24" />
  </table>
  <table name="Turbo Dynamics Proportional" address="c0ad0">
    <table name="Y" address="c0aac" />
  </table>
  <table name="Turbo Dynamics Integral Positive" address="c0b40">
    <table name="Y" address="c0b1c" />
  </table>
  <table name="Turbo Dynamics Integral Negative" address="c0b08">
    <table name="Y" address="c0ae4" />
  </table>
  <table name="TD Proportional Compensation (IAT)" address="c0a6c">
    <table name="Y" address="c09fc" elements="16" />
  </table>
  <table name="TD Integral Positive Compensation (IAT)" address="c0a8c">
    <table name="Y" address="c09fc" elements="16" />
  </table>
  <table name="TD Integral Negative Compensation (IAT)" address="c0a7c">
    <table name="Y" address="c09fc" elements="16" />
  </table>
  <table name="TD Activation Thresholds (RPM)" address="c0990" />
  <table name="TD Activation Thresholds (Target Boost)_" address="c097c" />
  <table name="TD Integral Cumulative Range (WGDC Correction)" address="c0998" />
  <table name="TD Integral Negative Activation (Boost Error)" address="c0984" />
  <table name="TD Integral Positive Activation (Boost Error)" address="c0988" />
  <table name="TD Integral Negative Activation (Wastegate Duty)" address="c098c" />
  <table name="Manifold Pressure Sensor Scaling_" address="d5e70" />
  <table name="Manifold Pressure Sensor Limits (CEL)" address="d5e22" />
  <table name="Manifold Pressure Sensor CEL Delays" address="d5dd7" />
  <table name="Primary Open Loop Fueling Base" address="cc6a8">
    <table name="X" address="cc620" elements="18" />
    <table name="Y" address="cc668" elements="16" />
  </table>
  <table name="Primary Open Loop Fueling Additive" address="cc9f8">
    <table name="X" address="cc970" elements="18" />
    <table name="Y" address="cc9b8" elements="16" />
  </table>
  <table name="Minimum Active Primary Open Loop Enrichment" address="c8a0c" />
  <table name="Minimum Primary Open Loop Enrichment (Throttle)" address="c95b4">
    <table name="Y" address="c959c" />
  </table>
  <table name="Minimum Primary Open Loop Enrichment (Accelerator)" address="c95d4">
    <table name="Y" address="c95bc" />
  </table>
  <table name="Primary Open Loop Fueling Compensation (ECT)" address="cacd0">
    <table name="Y" address="c8ea8" />
  </table>
  <table name="Front Oxygen Sensor Scaling" address="d6150">
    <table name="Y" address="d611c" />
  </table>
  <table name="Front Oxygen Sensor Rich Limit" address="23f94" />
  <table name="Front Oxygen Sensor Compensation (Atm. Pressure)" address="c48c4">
    <table name="Y" address="c48b4" />
  </table>
  <table name="CL Fueling Target Compensation A (Load)" address="cd844">
    <table name="X" address="cd7ec" />
    <table name="Y" address="cd818" elements="11" />
  </table>
  <table name="CL Fueling Target Compensation B (Load)" address="cd990">
    <table name="X" address="cd938" />
    <table name="Y" address="cd964" />
  </table>
  <table name="CL Fueling Target Compensation Imm. Cruise (ECT)" address="cd720">
    <table name="X" address="c8ea8" />
    <table name="Y" address="cd714" />
  </table>
  <table name="CL Fueling Target Compensation Imm. Non-Cruise (ECT)" address="cd78c">
    <table name="X" address="c8ea8" />
    <table name="Y" address="cd780" />
  </table>
  <table name="CL to OL Delay_" address="c865c" />
  <table name="CL to OL Delay/Switch SI-DRIVE Intelligent" address="c8656" />
  <table name="CL to OL Transition with Delay (Throttle)" address="c958c">
    <table name="Y" address="c954c" />
  </table>
  <table name="CL to OL Transition with Delay Throttle Hysteresis" address="c8a14" />
  <table name="CL to OL Transition with Delay (Base Pulse Width)" address="cabfc">
    <table name="Y" address="cabbc" />
  </table>
  <table name="CL to OL Transition with Delay BPW Hysteresis" address="c8a10" />
  <table name="CL to OL Transition Counter Step Value (MAF)" address="cac44">
    <table name="Y" address="cac1c" />
  </table>
  <table name="CL Delay Maximum (Throttle)" address="c8a74" />
  <table name="CL Delay Maximum (Vehicle Speed)" address="c8a90" />
  <table name="CL Delay Minimum (ECT)" address="c8a18" />
  <table name="CL Delay Maximum (Engine Load)" address="c8aa0" />
  <table name="CL Delay Engine Load Counter Threshold" address="c8654" />
  <table name="CL Delay Maximum Engine Speed (Per Gear)" address="c8a1c" />
  <table name="CL Delay Maximum Engine Speed (Neutral)" address="c8a44" />
  <table name="Injector Latency" address="c9b0c">
    <table name="Y" address="c9af8" />
  </table>
  <table name="Injector Flow Scaling" address="c875c" />
  <table name="Per Injector Pulse Width Compensation A" address="ccc10">
    <table name="X" address="ccbbc" elements="9" />
    <table name="Y" address="ccbe0" elements="12" />
  </table>
  <table name="Per Injector Pulse Width Compensation B" address="cccd0">
    <table name="X" address="ccc7c" elements="9" />
    <table name="Y" address="ccca0" elements="12" />
  </table>
  <table name="Per Injector Pulse Width Compensation C" address="ccd90">
    <table name="X" address="ccd3c" elements="9" />
    <table name="Y" address="ccd60" elements="12" />
  </table>
  <table name="Per Injector Pulse Width Compensation D" address="cce50">
    <table name="X" address="ccdfc" elements="9" />
    <table name="Y" address="cce20" elements="12" />
  </table>
  <table name="Cranking Fuel Injector Pulse Width A (ECT)" address="c9a36">
    <table name="Y" address="c8ea8" />
  </table>
  <table name="Cranking Fuel Injector Pulse Width B (ECT)" address="c9a56">
    <table name="Y" address="c8ea8" />
  </table>
  <table name="Cranking Fuel Injector Pulse Width C (ECT)" address="c9a76">
    <table name="Y" address="c8ea8" />
  </table>
  <table name="Cranking Fuel Injector Pulse Width D (ECT)" address="c9a96">
    <table name="Y" address="c8ea8" />
  </table>
  <table name="Cranking Fuel Injector Pulse Width E (ECT)" address="c9ab6">
    <table name="Y" address="c8ea8" />
  </table>
  <table name="Cranking Fuel Injector Pulse Width F (ECT)" address="c9ad6">
    <table name="Y" address="c8ea8" />
  </table>
  <table name="Cranking Fuel IPW Compensation Imm. Cruise (RPM)" address="cbde0">
    <table name="X" address="cbdb0" />
    <table name="Y" address="cbdc4" />
  </table>
  <table name="Cranking Fuel IPW Compensation Imm. Non-Cruise (RPM)" address="cbd8c">
    <table name="X" address="cbd5c" />
    <table name="Y" address="cbd70" />
  </table>
  <table name="Cranking Fuel IPW Compensation (MAP)" address="c90ec">
    <table name="Y" address="c90c4" />
  </table>
  <table name="Cranking Fuel IPW Compensation (Accelerator)" address="c9120">
    <table name="Y" address="c90f8" elements="10" />
  </table>
  <table name="Cranking Fuel IPW Compensation (IAT)" address="c9140">
    <table name="Y" address="c912c" />
  </table>
  <table name="Throttle Tip-in Enrichment A" address="cb384">
    <table name="Y" address="cb33c" />
  </table>
  <table name="Throttle Tip-in Enrichment B" address="cb3f0">
    <table name="Y" address="cb3a8" />
  </table>
  <table name="Minimum Tip-in Enrichment Activation" address="c8d74" />
  <table name="Minimum Tip-in Enrichment Activation (Throttle)" address="c8d70" />
  <table name="Tip-in Enrichment Compensation (Boost Error)" address="c9880">
    <table name="Y" address="c985c" />
  </table>
  <table name="Tip-in Enrichment Compensation (RPM)" address="c984c">
    <table name="Y" address="c980c" elements="16" />
  </table>
  <table name="Tip-in Enrichment Compensation A (ECT)" address="c9889">
    <table name="Y" address="c8ea8" />
  </table>
  <table name="Tip-in Enrichment Compensation B (ECT)" address="cb414">
    <table name="Y" address="c8ea8" />
  </table>
  <table name="Tip-in Enrichment Compensation C (ECT)" address="cb434">
    <table name="Y" address="c8ea8" />
  </table>
  <table name="Tip-in Enrichment Compensation D (ECT)" address="cb474">
    <table name="Y" address="c8ee8" />
  </table>
  <table name="Tip-in Enrichment Compensation D (ECT) Activation" address="c8d78" />
  <table name="Tip-in Enrichment Disable Applied Counter Threshold A (ECT)" address="c9899">
    <table name="Y" address="c8ea8" />
  </table>
  <table name="Tip-in Enrichment Disable Applied Counter Threshold B (ECT)" address="c98a9">
    <table name="Y" address="c8ea8" />
  </table>
  <table name="Tip-in Enrichment Applied Counter Reset" address="c8618" />
  <table name="Tip-in Enrichment Disable Throttle Cumulative Threshold A (ECT)" address="cb494">
    <table name="Y" address="c8ea8" />
  </table>
  <table name="Tip-in Enrichment Disable Throttle Cumulative Threshold B (ECT)" address="cb4b4">
    <table name="Y" address="c8ea8" />
  </table>
  <table name="Tip-in Throttle Cumulative Reset" address="c8619" />
  <table name="A/F Learning #1 Limits" address="c8954" />
  <table name="A/F Learning #1 Airflow Ranges" address="c8964" />
  <table name="MAF Limit (Maximum)" address="c43ac" />
  <table name="MAF Sensor Scaling" address="d6044">
    <table name="Y" address="d5f6c" />
  </table>
  <table name="MAF Compensation (IAT)" address="c4a68">
    <table name="X" address="c4a28" elements="6" />
    <table name="Y" address="c4a40" elements="10" />
  </table>
  <table name="Engine Load Limit A (Maximum)" address="22460" />
  <table name="Engine Load Limit B Maximum (RPM)" address="c47c4">
    <table name="Y" address="c47bc" />
  </table>
  <table name="Engine Load Compensation Cruise (MP)" address="c4b18">
    <table name="X" address="c4aa4" elements="13" />
    <table name="Y" address="c4ad8" elements="16" />
  </table>
  <table name="Engine Load Compensation Non-Cruise (MP)" address="c4c5c">
    <table name="X" address="c4be8" elements="13" />
    <table name="Y" address="c4c1c" elements="16" />
  </table>
  <table name="Base Timing Primary Cruise" address="d083c">
    <table name="X" address="d07e8" elements="12" />
    <table name="Y" address="d0818" elements="9" />
  </table>
  <table name="Base Timing Reference Cruise (AVCS related)" address="d0aa4">
    <table name="X" address="d0a50" elements="12" />
    <table name="Y" address="d0a80" elements="9" />
  </table>
  <table name="Base Timing Primary Non-Cruise" address="d0930">
    <table name="X" address="d08a8" elements="18" />
    <table name="Y" address="d08f0" elements="16" />
  </table>
  <table name="Base Timing Reference Non-Cruise (AVCS related)" address="d0b98">
    <table name="X" address="d0b10" elements="18" />
    <table name="Y" address="d0b58" elements="16" />
  </table>
  <table name="Base Timing Idle A (In-Gear)" address="cef36">
    <table name="Y" address="cece0" />
  </table>
  <table name="Base Timing Idle B (In-Gear)" address="cef46">
    <table name="Y" address="cece0" />
  </table>
  <table name="Base Timing Idle A (Neutral)" address="cef56">
    <table name="Y" address="cece0" />
  </table>
  <table name="Base Timing Idle B (Neutral)" address="cef66">
    <table name="Y" address="cece0" />
  </table>
  <table name="Base Timing Idle Minimum" address="cef2d">
    <table name="Y" address="ced60" />
  </table>
  <table name="Base Timing Idle Minimum Vehicle Speed Enable" address="ceaa4" />
  <table name="Knock Correction Advance Max Cruise" address="d04d4">
    <table name="X" address="d0480" elements="12" />
    <table name="Y" address="d04b0" elements="9" />
  </table>
  <table name="Knock Correction Advance Max Non-Cruise" address="d05c8">
    <table name="X" address="d0540" elements="18" />
    <table name="Y" address="d0588" elements="16" />
  </table>
  <table name="Timing Compensation A (IAT)" address="cf018">
    <table name="Y" address="cefd8" />
  </table>
  <table name="Timing Compensation A (IAT) Activation" address="d0ce4">
    <table name="X" address="d0cb8" elements="6" />
    <table name="Y" address="d0cd0" elements="5" />
  </table>
  <table name="Timing Compensation B (IAT)" address="cf5a8">
    <table name="Y" address="cf568" />
  </table>
  <table name="Timing Compensation B (IAT) IAM Activation" address="cec88" />
  <table name="Timing Compensation B (IAT) Max Additive" address="cec6c" />
  <table name="Timing Compensation Imm. Cruise A (ECT)" address="cefb6">
    <table name="Y" address="cece0" />
  </table>
  <table name="Timing Compensation Imm. Cruise B (ECT)" address="cefc6">
    <table name="Y" address="cece0" />
  </table>
  <table name="Timing Compensation Imm. Non-Cruise A (ECT)" address="cef96">
    <table name="Y" address="cece0" />
  </table>
  <table name="Timing Compensation Imm. Non-Cruise B (ECT)" address="cefa6">
    <table name="Y" address="cece0" />
  </table>
  <table name="Timing Compensation Per Cylinder A" address="d0238">
    <table name="X" address="d01ec" />
    <table name="Y" address="d0224" elements="5" />
  </table>
  <table name="Timing Compensation Per Cylinder B" address="d02cc">
    <table name="X" address="d0280" />
    <table name="Y" address="d02b8" elements="5" />
  </table>
  <table name="Timing Compensation Per Cylinder C" address="d0360">
    <table name="X" address="d0314" />
    <table name="Y" address="d034c" elements="5" />
  </table>
  <table name="Timing Compensation Per Cylinder D" address="d03f8">
    <table name="X" address="d03a8" />
    <table name="Y" address="d03e0" elements="6" />
  </table>
  <table name="Timing Comp Minimum Load (Per Cylinder)" address="ce7c0" />
  <table name="Timing Comp Maximum RPM (Per Cylinder)" address="ce7bc" />
  <table name="Timing Comp Minimum Coolant Temp (Per Cylinder)" address="ce7c4" />
  <table name="Feedback Correction Range (RPM)" address="ce7d0" />
  <table name="Feedback Correction Minimum Load" address="ce7c8" />
  <table name="Feedback Correction Retard Value" address="ce7f0" />
  <table name="Feedback Correction Retard Limit" address="ce7ec" />
  <table name="Feedback Correction Negative Advance Value" address="ce7f4" />
  <table name="Feedback Correction Negative Advance Delay" address="ce70e" />
  <table name="Extended Feedback Correction High RPM Compensation" address="ce7fc" />
  <table name="Fine Correction Range (RPM)" address="ce998" />
  <table name="Fine Correction Range (Load)" address="ce9a8" />
  <table name="Fine Correction Rows (RPM)" address="ce938" />
  <table name="Fine Correction Columns (Load)" address="ce954" />
  <table name="Fine Correction Retard Value A" address="ce97c" />
  <table name="Fine Correction Retard Value B" address="ce990" />
  <table name="Fine Correction Retard Limit" address="ce978" />
  <table name="Fine Correction Advance Value" address="ce974" />
  <table name="Fine Correction Advance Limit" address="ce970" />
  <table name="Fine Correction Advance Delay" address="ce71e" />
  <table name="Rough Correction Range (RPM)" address="ce8e0" />
  <table name="Rough Correction Range (Load)" address="ce8f0" />
  <table name="Rough Correction Minimum KC Advance Map Value" address="ce900" />
  <table name="Rough Correction Learning Delay (Increasing)_" address="cf798">
    <table name="Y" address="cf770" />
  </table>
  <table name="Advance Multiplier (Initial)" address="ce904" />
  <table name="Advance Multiplier Step Value" address="ce908" />
  <table name="Intake Cam Advance Angle Cruise (AVCS)_" address="d83fc">
    <table name="X" address="d83ac" elements="11" />
    <table name="Y" address="d83d8" elements="9" />
  </table>
  <table name="Intake Cam Advance Angle Non-Cruise (AVCS)_" address="d854c">
    <table name="X" address="d84c4" elements="18" />
    <table name="Y" address="d850c" elements="16" />
  </table>
  <table name="Exhaust Cam Retard Angle Cruise (AVCS)_" address="d8ba4">
    <table name="X" address="d8b54" elements="11" />
    <table name="Y" address="d8b80" elements="9" />
  </table>
  <table name="Exhaust Cam Retard Angle Non-Cruise (AVCS)_" address="d8cf4">
    <table name="X" address="d8c6c" elements="18" />
    <table name="Y" address="d8cb4" elements="16" />
  </table>
  <table name="Requested Torque (Accelerator Pedal) SI-DRIVE Sport" address="dd3cc">
    <table name="X" address="dd348" elements="16" />
    <table name="Y" address="dd388" />
  </table>
  <table name="Requested Torque (Accelerator Pedal) SI-DRIVE Sport Sharp" address="dd670">
    <table name="X" address="dd5ec" elements="16" />
    <table name="Y" address="dd62c" />
  </table>
  <table name="Requested Torque (Accelerator Pedal) SI-DRIVE Intelligent" address="dd914">
    <table name="X" address="dd890" elements="16" />
    <table name="Y" address="dd8d0" />
  </table>
  <table name="Requested Torque Base (RPM)" address="dc7d0">
    <table name="Y" address="dc790" />
  </table>
  <table name="Target Throttle Plate Position Cruise (Requested Torque Ratio)" address="dcc84">
    <table name="X" address="dcc20" elements="16" />
    <table name="Y" address="dcc60" elements="9" />
  </table>
  <table name="Target Throttle Plate Position Non-Cruise (Requested Torque Ratio)" address="dce24">
    <table name="X" address="dcda4" elements="16" />
    <table name="Y" address="dcde4" />
  </table>
  <table name="Target Throttle Plate Position Maximum (Requested Torque Ratio)" address="dde7c">
    <table name="X" address="dddfc" elements="16" />
    <table name="Y" address="dde3c" />
  </table>
  <table name="Rev Limit (Fuel Cut)" address="c8df0" />
  <table name="Rev Limit Fuel Resume (Boost)" address="c8e00" />
  <table name="Speed Limiting Enable (Fuel Cut)" address="c8e08" />
  <table name="Speed Limiting Disable (Fuel Cut)" address="c8e10" />
  <table name="Speed Limiting A (Throttle) SI-DRIVE Sport/Sport Sharp" address="dc640" />
  <table name="Speed Limiting B (Throttle) SI-DRIVE Sport/Sport Sharp" address="dc658" />
  <table name="Speed Limiting A (Throttle) SI-DRIVE Intelligent" address="dc64c" />
  <table name="Speed Limiting B (Throttle) SI-DRIVE Intelligent" address="dc664" />
  <table name="Intake Temp Sensor Scaling" address="d64bc">
    <table name="Y" address="d6444" />
  </table>
  <table name="Coolant Temp Sensor Scaling" address="d63d4">
    <table name="Y" address="d6364" />
  </table>
  <table name="Radiator Fan Modes A (ECT)" address="d67bc" />
  <table name="Radiator Fan Modes B (ECT)" address="d67cc" />
  <table name="Radiator Fan Modes (Veh. Speed)" address="d67dc" />
  <table name="Gear Determination Thresholds A" address="c467c" />
  <table name="Gear Determination Thresholds B" address="c4690" />
  <table name="Idle Speed Target A" address="d26ec">
    <table name="Y" address="d21f0" />
  </table>
  <table name="Idle Speed Target B" address="d270c">
    <table name="Y" address="d21f0" />
  </table>
  <table name="Idle Speed Target C" address="d272c">
    <table name="Y" address="d21f0" />
  </table>
  <table name="Idle Speed Target D" address="d274c">
    <table name="Y" address="d21f0" />
  </table>
  <table name="Idle Speed Target E" address="d276c">
    <table name="Y" address="d21f0" />
  </table>
  <table name="Idle Speed Target F" address="d278c">
    <table name="Y" address="d21f0" />
  </table>
  <table name="Force Pass Readiness Monitors_" address="867a8" />
  <table name="(P0000) PASS CODE (NO DTC DETECTED)" address="7b7be" />
  <table name="(P0000) PASS CODE (NO DTC DETECTED)_" address="7b7bf" />
  <table name="(P0011) CAMSHAFT POS. - TIMING OVER-ADVANCED 1" address="7b7a1" />
  <table name="(P0014) EXHAUST AVCS SYSTEM 1 RANGE/PERF" address="7b83c" />
  <table name="(P0016) CRANKSHAFT/CAMSHAFT CORRELATION 1A" address="7b833" />
  <table name="(P0017) CRANK/CAM TIMING B FAILURE 1" address="7b846" />
  <table name="(P0018) CRANKSHAFT/CAMSHAFT CORRELATION 2A" address="7b832" />
  <table name="(P0019) CRANK/CAM TIMING B FAILURE 2" address="7b845" />
  <table name="(P0021) CAMSHAFT POS. - TIMING OVER-ADVANCED 2" address="7b7a2" />
  <table name="(P0024) EXHAUST AVCS SYSTEM 2 RANGE/PERF" address="7b83b" />
  <table name="(P0030) FRONT O2 SENSOR RANGE/PERF" address="7b7e3" />
  <table name="(P0031) FRONT O2 SENSOR LOW INPUT" address="7b7cd" />
  <table name="(P0032) FRONT O2 SENSOR HIGH INPUT" address="7b7cb" />
  <table name="(P0037) REAR O2 SENSOR LOW INPUT" address="7b7cc" />
  <table name="(P0038) REAR O2 SENSOR HIGH INPUT" address="7b7ca" />
  <table name="(P0102) MAF SENSOR LOW INPUT" address="7b77d" />
  <table name="(P0103) MAF SENSOR HIGH INPUT" address="7b77e" />
  <table name="(P0107) MAP SENSOR LOW INPUT" address="7b7ce" />
  <table name="(P0108) MAP SENSOR HIGH INPUT" address="7b7cf" />
  <table name="(P0112) IAT SENSOR LOW INPUT" address="7b7c7" />
  <table name="(P0113) IAT SENSOR HIGH INPUT" address="7b7c8" />
  <table name="(P0117) COOLANT TEMP SENSOR LOW INPUT" address="7b786" />
  <table name="(P0118) COOLANT TEMP SENSOR HIGH INPUT" address="7b787" />
  <table name="(P0122) TPS A LOW INPUT" address="7b784" />
  <table name="(P0123) TPS A HIGH INPUT" address="7b785" />
  <table name="(P0125) INSUFFICIENT COOLANT TEMP (FUELING)" address="7b789" />
  <table name="(P0131) FRONT O2 SENSOR LOW INPUT" address="7b7c1" />
  <table name="(P0132) FRONT O2 SENSOR HIGH INPUT" address="7b7c3" />
  <table name="(P0133) FRONT O2 SENSOR SLOW RESPONSE" address="7b7ab" />
  <table name="(P0134) FRONT O2 SENSOR NO ACTIVITY" address="7b7e1" />
  <table name="(P0139) REAR O2 SENSOR SLOW RESPONSE" address="7b7ac" />
  <table name="(P0140) REAR O2 SENSOR NO ACTIVITY" address="7b82d" />
  <table name="(P0171) SYSTEM TOO LEAN" address="7b7b5" />
  <table name="(P0172) SYSTEM TOO RICH" address="7b7b6" />
  <table name="(P0222) TPS B LOW INPUT" address="7b7eb" />
  <table name="(P0223) TPS B HIGH INPUT" address="7b7ec" />
  <table name="(P0230) FUEL PUMP PRIMARY CIRCUIT" address="7b7dd" />
  <table name="(P0245) WASTEGATE SOLENOID A LOW" address="7b7d9" />
  <table name="(P0246) WASTEGATE SOLENOID A HIGH" address="7b7da" />
  <table name="(P0301) MISFIRE CYLINDER 1" address="7b7b7" />
  <table name="(P0302) MISFIRE CYLINDER 2" address="7b7b8" />
  <table name="(P0303) MISFIRE CYLINDER 3" address="7b7b9" />
  <table name="(P0304) MISFIRE CYLINDER 4" address="7b7ba" />
  <table name="(P0327) KNOCK SENSOR 1 LOW INPUT" address="7b782" />
  <table name="(P0328) KNOCK SENSOR 1 HIGH INPUT" address="7b783" />
  <table name="(P0335) CRANKSHAFT POS. SENSOR A MALFUNCTION" address="7b778" />
  <table name="(P0340) CAMSHAFT POS. SENSOR A MALFUNCTION" address="7b7ff" />
  <table name="(P0345) CAMSHAFT POS. SENSOR A BANK 2" address="7b7fe" />
  <table name="(P0365) CAMSHAFT POS. SENSOR B BANK 1" address="7b7fd" />
  <table name="(P0390) CAMSHAFT POS. SENSOR B BANK 2" address="7b7fc" />
  <table name="(P0420) CAT EFFICIENCY BELOW THRESHOLD" address="7b7b1" />
  <table name="(P0458) EVAP PURGE VALVE CIRCUIT LOW" address="7b7a5" />
  <table name="(P0459) EVAP PURGE VALVE CIRCUIT HIGH" address="7b7a6" />
  <table name="(P0462) FUEL LEVEL SENSOR LOW INPUT" address="7b78a" />
  <table name="(P0463) FUEL LEVEL SENSOR HIGH INPUT" address="7b78b" />
  <table name="(P0500) VEHICLE SPEED SENSOR A" address="7b77f" />
  <table name="(P0512) STARTER REQUEST CIRCUIT" address="7b78e" />
  <table name="(P0604) CONTROL MODULE RAM ERROR" address="7b77c" />
  <table name="(P0605) CONTROL MODULE ROM ERROR" address="7b800" />
  <table name="(P0607) CONTROL MODULE PERFORMANCE" address="7b7f3" />
  <table name="(P0638) THROTTLE ACTUATOR RANGE/PERF" address="7b7f2" />
  <table name="(P0700) TRANSMISSION CONTROL SYSTEM" address="7b80c" />
  <table name="(P0851) NEUTRAL SWITCH INPUT LOW" address="7b792" />
  <table name="(P0852) NEUTRAL SWITCH INPUT HIGH" address="7b796" />
  <table name="(P1160) ABNORMAL RETURN SPRING" address="7b7ed" />
  <table name="(P1518) STARTER SWITCH LOW INPUT" address="7b78d" />
  <table name="(P1519) IMRC STUCK CLOSED" address="7b83f" />
  <table name="(P1520) IMRC CIRCUIT MALFUNCTION" address="7b83e" />
  <table name="(P1560) BACK-UP VOLTAGE MALFUNCTION" address="7b7d6" />
  <table name="(P1616) SBDS INTERACTIVE CODES" address="7b83d" />
  <table name="(P2004) TGV - INTAKE MANIFOLD RUNNER 1 STUCK OPEN" address="7b815" />
  <table name="(P2005) TGV - INTAKE MANIFOLD RUNNER 2 STUCK OPEN" address="7b817" />
  <table name="(P2006) TGV - INTAKE MANIFOLD RUNNER 1 STUCK CLOSED" address="7b816" />
  <table name="(P2007) TGV - INTAKE MANIFOLD RUNNER 2 STUCK CLOSED" address="7b818" />
  <table name="(P2008) TGV - INTAKE MANIFOLD RUNNER 1 CIRCUIT OPEN" address="7b823" />
  <table name="(P2009) TGV - INTAKE MANIFOLD RUNNER 1 CIRCUIT LOW" address="7b821" />
  <table name="(P2011) TGV - INTAKE MANIFOLD RUNNER 2 CIRCUIT OPEN" address="7b824" />
  <table name="(P2012) TGV - INTAKE MANIFOLD RUNNER 2 CIRCUIT LOW" address="7b822" />
  <table name="(P2016) TGV - INTAKE MANIFOLD RUNNER 1 POS. SENSOR LOW" address="7b81d" />
  <table name="(P2017) TGV - INTAKE MANIFOLD RUNNER 1 POS. SENSOR HIGH" address="7b81e" />
  <table name="(P2021) TGV - INTAKE MANIFOLD RUNNER 2 POS. SENSOR LOW" address="7b81f" />
  <table name="(P2022) TGV - INTAKE MANIFOLD RUNNER 2 POS. SENSOR HIGH" address="7b820" />
  <table name="(P2088) OCV SOLENOID A1 CIRCUIT OPEN" address="7b808" />
  <table name="(P2089) OCV SOLENOID A1 CIRCUIT SHORT" address="7b807" />
  <table name="(P2090) OCV SOLENOID B1 CIRCUIT OPEN" address="7b804" />
  <table name="(P2091) OCV SOLENOID B1 CIRCUIT SHORT" address="7b803" />
  <table name="(P2092) OCV SOLENOID A2 CIRCUIT OPEN" address="7b806" />
  <table name="(P2093) OCV SOLENOID A2 CIRCUIT SHORT" address="7b805" />
  <table name="(P2094) OCV SOLENOID B2 CIRCUIT OPEN" address="7b802" />
  <table name="(P2095) OCV SOLENOID B2 CIRCUIT SHORT" address="7b801" />
  <table name="(P2101) THROTTLE ACTUATOR CIRCUIT RANGE/PERF" address="7b7f0" />
  <table name="(P2102) THROTTLE ACTUATOR CIRCUIT LOW" address="7b7ee" />
  <table name="(P2103) THROTTLE ACTUATOR CIRCUIT HIGH" address="7b7ef" />
  <table name="(P2109) TPS A MINIMUM STOP PERF" address="7b7ea" />
  <table name="(P2122) TPS D CIRCUIT LOW INPUT" address="7b7f7" />
  <table name="(P2123) TPS D CIRCUIT HIGH INPUT" address="7b7f8" />
  <table name="(P2127) TPS E CIRCUIT LOW INPUT" address="7b7f5" />
  <table name="(P2128) TPS E CIRCUIT HIGH INPUT" address="7b7f6" />
  <table name="(P2135) TPS A/B VOLTAGE" address="7b7f9" />
  <table name="(P2138) TPS D/E VOLTAGE" address="7b7f4" />
  <table name="(P2228) BARO. PRESSURE CIRCUIT LOW INPUT" address="7b81c" />
  <table name="(P2229) BARO. PRESSURE CIRCUIT HIGH INPUT" address="7b81b" />
  <table name="(P2419) EVAP SWITCHING VALVE LOW" address="7b841" />
  <table name="(P2420) EVAP SWITCHING VALVE HIGH" address="7b842" />
</rom>