<rom>
  <romid>
    <xmlid>E2ZD308E</xmlid>
    <internalidaddress>2000</internalidaddress>
    <internalidstring>E2ZD308E</internalidstring>
    <ecuid>2F04015206</ecuid>
    <year>04</year>
    <market>JDM</market>
    <make>Subaru</make>
    <model>Legacy</model>
    <submodel>2.0</submodel>
    <transmission>MT/AT</transmission>
    <memmodel>SH7055</memmodel>
    <flashmethod>sti04</flashmethod>
    <checksummodule>subarudbw</checksummodule>
  </romid>
  <include>32BITBASE</include>
  <table name="Manifold Pressure Sensor Scaling" address="62bc8" />
  <table name="Manifold Pressure Sensor Limits (CEL)" address="62c4c" />
  <table name="Manifold Pressure Sensor CEL Delays" address="66a0c" />
  <table name="Primary Open Loop Fueling A_" address="68fa0">
    <table name="X" address="68f14" />
    <table name="Y" address="68f40" elements="24" />
  </table>
  <table name="Primary Open Loop Fueling B_" address="69134">
    <table name="X" address="690a8" />
    <table name="Y" address="690d4" elements="24" />
  </table>
  <table name="Front Oxygen Sensor Scaling" address="63120">
    <table name="Y" address="630ec" />
  </table>
  <table name="Front Oxygen Sensor Rich Limit" address="3329c" />
  <table name="Front Oxygen Sensor Compensation (Atm. Pressure)" address="64d08">
    <table name="Y" address="64cf8" />
  </table>
  <table name="CL Fueling Target Compensation (Load)(MT)" address="6951c">
    <table name="X" address="694a4" elements="11" />
    <table name="Y" address="694d0" elements="19" />
  </table>
  <table name="CL Fueling Target Compensation (Load)(AT)" address="69300">
    <table name="X" address="69288" elements="11" />
    <table name="Y" address="692b4" elements="19" />
  </table>
  <table name="CL Fueling Target Compensation (ECT)_" address="68494">
    <table name="Y" address="6759c" />
  </table>
  <table name="CL Fueling Target Compensation (ECT) Disable" address="67150" />
  <table name="CL to OL Delay A (Atm. Pressure)" address="68748">
    <table name="Y" address="6872c" />
  </table>
  <table name="CL to OL Delay B (Atm. Pressure)" address="68774">
    <table name="Y" address="68758" />
  </table>
  <table name="CL to OL Transition with Delay (Accelerator)" address="67b14">
    <table name="Y" address="67ad4" />
  </table>
  <table name="CL to OL Transition with Delay Throttle Hysteresis" address="672d8" />
  <table name="CL to OL Transition with Delay (Base Pulse Width)" address="687c4">
    <table name="Y" address="68784" />
  </table>
  <table name="CL to OL Transition with Delay BPW Hysteresis" address="672dc" />
  <table name="CL Delay Minimum (ECT)" address="672e0" />
  <table name="CL Delay Maximum Engine Speed A" address="672e4" />
  <table name="CL Delay Maximum Engine Speed B" address="672f0" />
  <table name="CL Delay Engine Speed B Counter Threshold" address="66f52" />
  <table name="CL Delay Maximum (Throttle) A" address="672ec" />
  <table name="CL Delay Throttle A Counter Threshold" address="66f50" />
  <table name="Injector Latency" address="62d68">
    <table name="Y" address="62d54" />
  </table>
  <table name="Injector Flow Scaling" address="67060" />
  <table name="Cranking Fuel Injector Pulse Width A (ECT)" address="67df2">
    <table name="Y" address="6759c" />
  </table>
  <table name="Cranking Fuel Injector Pulse Width B (ECT)" address="67e12">
    <table name="Y" address="6759c" />
  </table>
  <table name="Cranking Fuel Injector Pulse Width C (ECT)" address="67e32">
    <table name="Y" address="6759c" />
  </table>
  <table name="Cranking Fuel Injector Pulse Width D (ECT)" address="67e52">
    <table name="Y" address="6759c" />
  </table>
  <table name="Cranking Fuel Injector Pulse Width E (ECT)" address="67e72">
    <table name="Y" address="6759c" />
  </table>
  <table name="Cranking Fuel Injector Pulse Width F (ECT)" address="67e92">
    <table name="Y" address="6759c" />
  </table>
  <table name="Cranking Fuel Injector Pulse Width G (ECT)" address="67eb2">
    <table name="Y" address="6759c" />
  </table>
  <table name="Cranking Fuel Injector Pulse Width H (ECT)" address="67ed2">
    <table name="Y" address="6759c" />
  </table>
  <table name="Cranking Fuel IPW Compensation A (RPM)(MT)" address="68e58">
    <table name="X" address="68e28" />
    <table name="Y" address="68e3c" />
  </table>
  <table name="Cranking Fuel IPW Compensation B (RPM)(MT)" address="68eb4">
    <table name="X" address="68e7c" />
    <table name="Y" address="68e90" elements="9" />
  </table>
  <table name="Cranking Fuel IPW Compensation A (RPM)(AT)" address="68d9c">
    <table name="X" address="68d6c" />
    <table name="Y" address="68d80" />
  </table>
  <table name="Cranking Fuel IPW Compensation B (RPM)(AT)" address="68df8">
    <table name="X" address="68dc0" />
    <table name="Y" address="68dd4" elements="9" />
  </table>
  <table name="Cranking Fuel IPW Compensation (MAP)" address="677a4">
    <table name="Y" address="6777c" />
  </table>
  <table name="Cranking Fuel IPW Compensation (Accelerator)" address="677c8">
    <table name="Y" address="677b0" />
  </table>
  <table name="Throttle Tip-in Enrichment A" address="68a04">
    <table name="Y" address="689bc" />
  </table>
  <table name="Throttle Tip-in Enrichment B" address="68a70">
    <table name="Y" address="68a28" />
  </table>
  <table name="Minimum Tip-in Enrichment Activation" address="6744c" />
  <table name="Minimum Tip-in Enrichment Activation (Throttle)" address="67448" />
  <table name="Tip-in Enrichment Compensation (RPM)" address="67ca8">
    <table name="Y" address="67c84" />
  </table>
  <table name="Tip-in Enrichment Compensation (MRP)" address="67cd8">
    <table name="Y" address="67cb4" />
  </table>
  <table name="Tip-in Enrichment Compensation A (ECT)" address="67ce1">
    <table name="Y" address="6759c" />
  </table>
  <table name="Tip-in Enrichment Compensation B (ECT)" address="68a94">
    <table name="Y" address="6759c" />
  </table>
  <table name="Tip-in Enrichment Compensation D (ECT)" address="68ab4">
    <table name="Y" address="67634" />
  </table>
  <table name="Tip-in Enrichment Compensation D (ECT) Activation" address="67454" />
  <table name="Tip-in Enrichment Disable Applied Counter Threshold" address="66f02" />
  <table name="Tip-in Enrichment Applied Counter Reset" address="66f03" />
  <table name="Tip-in Enrichment Disable Throttle Cumulative Threshold" address="67450" />
  <table name="Tip-in Throttle Cumulative Reset" address="66f04" />
  <table name="A/F Learning #1 Limits" address="67204" />
  <table name="A/F Learning #1 Airflow Ranges" address="67210" />
  <table name="MAF Sensor Scaling" address="62ffc">
    <table name="Y" address="62f3c" elements="48" />
  </table>
  <table name="MAF Compensation A (IAT)" address="658c4">
    <table name="X" address="65890" />
    <table name="Y" address="658a4" />
  </table>
  <table name="MAF Compensation B (IAT)" address="65920">
    <table name="X" address="658ec" />
    <table name="Y" address="65900" />
  </table>
  <table name="Engine Load Limit (Maximum)" address="285ac" />
  <table name="Engine Load Compensation A (MP)" address="6556c">
    <table name="X" address="65510" />
    <table name="Y" address="6553c" />
  </table>
  <table name="Engine Load Compensation B (MP)" address="6564c">
    <table name="X" address="655f0" />
    <table name="Y" address="6561c" />
  </table>
  <table name="Engine Load Compensation A (Throttle)" address="6572c">
    <table name="X" address="656d0" />
    <table name="Y" address="656fc" />
  </table>
  <table name="Engine Load Compensation B (Throttle)" address="6580c">
    <table name="X" address="657b0" />
    <table name="Y" address="657dc" />
  </table>
  <table name="Base Timing A" address="6ab50">
    <table name="X" address="6aacc" elements="14" />
    <table name="Y" address="6ab04" elements="19" />
  </table>
  <table name="Base Timing B" address="6ac5a">
    <table name="X" address="69fd8" elements="14" />
    <table name="Y" address="6a010" elements="19" />
  </table>
  <table name="Base Timing C" address="6ad64">
    <table name="X" address="69fd8" elements="14" />
    <table name="Y" address="6a010" elements="19" />
  </table>
  <table name="Base Timing Idle A (In-Gear)(Above Speed Threshold)(MT)" address="6a105">
    <table name="Y" address="69fb4" />
  </table>
  <table name="Base Timing Idle A (In-Gear)(Above Speed Threshold)(AT)" address="6a0fc">
    <table name="Y" address="69fb4" />
  </table>
  <table name="Base Timing Idle B (In-Gear)(Above Speed Threshold)(MT)" address="6a117">
    <table name="Y" address="69fb4" />
  </table>
  <table name="Base Timing Idle B (In-Gear)(Above Speed Threshold)(AT)" address="6a10e">
    <table name="Y" address="69fb4" />
  </table>
  <table name="Base Timing Idle A (In-Gear)(Below Speed Threshold)(MT)" address="6a129">
    <table name="Y" address="69fb4" />
  </table>
  <table name="Base Timing Idle A (In-Gear)(Below Speed Threshold)(AT)" address="6a120">
    <table name="Y" address="69fb4" />
  </table>
  <table name="Base Timing Idle B (In-Gear)(Below Speed Threshold)(MT)" address="6a13b">
    <table name="Y" address="69fb4" />
  </table>
  <table name="Base Timing Idle B (In-Gear)(Below Speed Threshold)(AT)" address="6a132">
    <table name="Y" address="69fb4" />
  </table>
  <table name="Base Timing Idle A (Neutral)(MT)" address="6a14d">
    <table name="Y" address="69fb4" />
  </table>
  <table name="Base Timing Idle A (Neutral)(AT)" address="6a144">
    <table name="Y" address="69fb4" />
  </table>
  <table name="Base Timing Idle B (Neutral)(MT)" address="6a15f">
    <table name="Y" address="69fb4" />
  </table>
  <table name="Base Timing Idle B (Neutral)(AT)" address="6a156">
    <table name="Y" address="69fb4" />
  </table>
  <table name="Base Timing Idle Vehicle Speed Threshold" address="69c84" />
  <table name="Knock Correction Advance Max" address="6af04">
    <table name="X" address="6ae70" elements="14" />
    <table name="Y" address="6aea8" elements="23" />
  </table>
  <table name="Timing Compensation (IAT)" address="6a3a4">
    <table name="Y" address="6a364" />
  </table>
  <table name="Timing Comp Min Load (IAT)" address="69d70" />
  <table name="Timing Compensation A (ECT)" address="6a331">
    <table name="Y" address="6a07c" />
  </table>
  <table name="Timing Compensation B (ECT)" address="6a341">
    <table name="Y" address="6a07c" />
  </table>
  <table name="Timing Compensation C (ECT)" address="6a351">
    <table name="Y" address="6a07c" />
  </table>
  <table name="Requested Torque (Accelerator Pedal)" address="6cdf8">
    <table name="X" address="6cd80" elements="10" />
    <table name="Y" address="6cda8" elements="20" />
  </table>
  <table name="Target Throttle Plate Position A (Requested Torque)" address="6c4e0">
    <table name="X" address="6c450" elements="16" />
    <table name="Y" address="6c490" elements="20" />
  </table>
  <table name="Target Throttle Plate Position B (Requested Torque)" address="6c7f0">
    <table name="X" address="6c760" elements="16" />
    <table name="Y" address="6c7a0" elements="20" />
  </table>
  <table name="Target Throttle Plate Position C (Requested Torque)" address="6cb00">
    <table name="X" address="6ca70" elements="16" />
    <table name="Y" address="6cab0" elements="20" />
  </table>
  <table name="Rev Limit (Fuel Cut)" address="674b8" />
  <table name="Speed Limiting (Fuel Cut)" address="67500" />
  <table name="Intake Temp Sensor Scaling" address="628dc">
    <table name="Y" address="62864" />
  </table>
  <table name="Coolant Temp Sensor Scaling" address="627f4">
    <table name="Y" address="62784" />
  </table>
  <table name="Radiator Fan Modes (ECT)" address="6dd30" />
  <table name="Radiator Fan Modes (Veh. Speed)" address="6dd40" />
  <table name="Atmospheric Pressure Sensor Scaling_" address="62a94" />
  <table name="Idle Speed Target A (MT)" address="6b938">
    <table name="Y" address="6b514" />
  </table>
  <table name="Idle Speed Target B (MT)" address="6b978">
    <table name="Y" address="6b514" />
  </table>
  <table name="Idle Speed Target C (MT)" address="6b9b8">
    <table name="Y" address="6b514" />
  </table>
  <table name="Idle Speed Target D (MT)" address="6b9f8">
    <table name="Y" address="6b514" />
  </table>
  <table name="Idle Speed Target A (AT)" address="6b958">
    <table name="Y" address="6b514" />
  </table>
  <table name="Idle Speed Target B (AT)" address="6b998">
    <table name="Y" address="6b514" />
  </table>
  <table name="Idle Speed Target C (AT)" address="6b9d8">
    <table name="Y" address="6b514" />
  </table>
  <table name="Idle Speed Target D (AT)" address="6ba18">
    <table name="Y" address="6b514" />
  </table>
  <table name="Force Pass Readiness Monitors" address="4ecce" />
  <table name="(P0031) FRONT O2 SENSOR LOW INPUT" address="5d5da" />
  <table name="(P0032) FRONT O2 SENSOR HIGH INPUT" address="5d5d8" />
  <table name="(P0037) REAR O2 SENSOR LOW INPUT" address="5d5d9" />
  <table name="(P0038) REAR O2 SENSOR HIGH INPUT" address="5d5d7" />
  <table name="(P0102) MAF SENSOR LOW INPUT" address="5d575" />
  <table name="(P0103) MAF SENSOR HIGH INPUT" address="5d576" />
  <table name="(P0107) MAP SENSOR LOW INPUT" address="5d5dd" />
  <table name="(P0108) MAP SENSOR HIGH INPUT" address="5d5de" />
  <table name="(P0112) IAT SENSOR LOW INPUT" address="5d5d4" />
  <table name="(P0113) IAT SENSOR HIGH INPUT" address="5d5d5" />
  <table name="(P0117) COOLANT TEMP SENSOR LOW INPUT" address="5d57c" />
  <table name="(P0118) COOLANT TEMP SENSOR HIGH INPUT" address="5d57d" />
  <table name="(P0122) TPS A LOW INPUT" address="5d57a" />
  <table name="(P0123) TPS A HIGH INPUT" address="5d57b" />
  <table name="(P0131) FRONT O2 SENSOR LOW INPUT" address="5d5ce" />
  <table name="(P0132) FRONT O2 SENSOR HIGH INPUT" address="5d5d0" />
  <table name="(P0134) FRONT O2 SENSOR NO ACTIVITY" address="5d601" />
  <table name="(P0137) REAR O2 SENSOR LOW VOLTAGE" address="5d5cd" />
  <table name="(P0138) REAR O2 SENSOR HIGH VOLTAGE" address="5d5d2" />
  <table name="(P0171) SYSTEM TOO LEAN" address="5d5c4" />
  <table name="(P0172) SYSTEM TOO RICH" address="5d5c5" />
  <table name="(P0222) TPS B LOW INPUT" address="5d610" />
  <table name="(P0223) TPS B HIGH INPUT" address="5d611" />
  <table name="(P0261) FUEL INJECTOR #1 CIRCUIT LOW" address="5d5ed" />
  <table name="(P0264) FUEL INJECTOR #2 CIRCUIT LOW" address="5d5ee" />
  <table name="(P0267) FUEL INJECTOR #3 CIRCUIT LOW" address="5d5ef" />
  <table name="(P0270) FUEL INJECTOR #4 CIRCUIT LOW" address="5d5f0" />
  <table name="(P0327) KNOCK SENSOR 1 LOW INPUT" address="5d578" />
  <table name="(P0328) KNOCK SENSOR 1 HIGH INPUT" address="5d579" />
  <table name="(P0335) CRANKSHAFT POS. SENSOR A MALFUNCTION" address="5d570" />
  <table name="(P0340) CAMSHAFT POS. SENSOR A MALFUNCTION" address="5d573" />
  <table name="(P0350) IGNITION COIL PRIMARY/SECONDARY" address="5d583" />
  <table name="(P0400) EGR FLOW" address="5d5c3" />
  <table name="(P0458) EVAP PURGE VALVE CIRCUIT LOW" address="5d5a5" />
  <table name="(P0459) EVAP PURGE VALVE CIRCUIT HIGH" address="5d5a6" />
  <table name="(P0500) VEHICLE SPEED SENSOR A" address="5d577" />
  <table name="(P0512) STARTER REQUEST CIRCUIT" address="5d585" />
  <table name="(P0519) IDLE CONTROL MALFUNCTION (FAIL-SAFE)" address="5d5fe" />
  <table name="(P0562) SYSTEM VOLTAGE LOW" address="5d5e7" />
  <table name="(P0563) SYSTEM VOLTAGE HIGH" address="5d5e8" />
  <table name="(P0600) SERIAL COMMUNICATION LINK" address="5d620" />
  <table name="(P0604) CONTROL MODULE RAM ERROR" address="5d574" />
  <table name="(P0605) CONTROL MODULE ROM ERROR" address="5d621" />
  <table name="(P0607) CONTROL MODULE PERFORMANCE" address="5d618" />
  <table name="(P0638) THROTTLE ACTUATOR RANGE/PERF" address="5d617" />
  <table name="(P0700) TRANSMISSION CONTROL SYSTEM" address="5d624" />
  <table name="(P0851) NEUTRAL SWITCH INPUT LOW" address="5d589" />
  <table name="(P0852) NEUTRAL SWITCH INPUT HIGH" address="5d58d" />
  <table name="(P1094) TGV SIGNAL 1 (OPEN)" address="5d5eb" />
  <table name="(P1095) TGV SIGNAL 1 (SHORT)" address="5d5e9" />
  <table name="(P1096) TGV SIGNAL 2 (OPEN)" address="5d5ec" />
  <table name="(P1097) TGV SIGNAL 2 (SHORT)" address="5d5ea" />
  <table name="(P1110) ATMOS. PRESSURE SENSOR LOW INPUT" address="5d5db" />
  <table name="(P1111) ATMOS. PRESSURE SENSOR HIGH INPUT" address="5d5dc" />
  <table name="(P1160) ABNORMAL RETURN SPRING" address="5d612" />
  <table name="(P1492) EGR SOLENOID SIGNAL 1 MALFUNCTION (LOW)" address="5d58e" />
  <table name="(P1493) EGR SOLENOID SIGNAL 1 MALFUNCTION (HIGH)" address="5d58f" />
  <table name="(P1494) EGR SOLENOID SIGNAL 2 MALFUNCTION (LOW)" address="5d590" />
  <table name="(P1495) EGR SOLENOID SIGNAL 2 MALFUNCTION (HIGH)" address="5d591" />
  <table name="(P1496) EGR SIGNAL 3 CIRCUIT LOW" address="5d592" />
  <table name="(P1497) EGR SOLENOID SIGNAL 3 MALFUNCTION (HIGH)" address="5d593" />
  <table name="(P1498) EGR SIGNAL 4 CIRCUIT LOW" address="5d594" />
  <table name="(P1499) EGR SIGNAL 4 CIRCUIT HIGH" address="5d595" />
  <table name="(P1518) STARTER SWITCH LOW INPUT" address="5d584" />
  <table name="(P1560) BACK-UP VOLTAGE MALFUNCTION" address="5d5e6" />
  <table name="(P2101) THROTTLE ACTUATOR CIRCUIT RANGE/PERF" address="5d615" />
  <table name="(P2102) THROTTLE ACTUATOR CIRCUIT LOW" address="5d613" />
  <table name="(P2103) THROTTLE ACTUATOR CIRCUIT HIGH" address="5d614" />
  <table name="(P2109) TPS A MINIMUM STOP PERF" address="5d60f" />
  <table name="(P2122) TPS D CIRCUIT LOW INPUT" address="5d61c" />
  <table name="(P2123) TPS D CIRCUIT HIGH INPUT" address="5d61d" />
  <table name="(P2127) TPS E CIRCUIT LOW INPUT" address="5d61a" />
  <table name="(P2128) TPS E CIRCUIT HIGH INPUT" address="5d61b" />
  <table name="(P2135) TPS A/B VOLTAGE" address="5d61e" />
  <table name="(P2138) TPS D/E VOLTAGE" address="5d619" />
</rom>