<rom>
  <romid>
    <xmlid>D0XJ001R</xmlid>
    <internalidaddress>2000</internalidaddress>
    <internalidstring>D0XJ001R</internalidstring>
    <ecuid>454A344006</ecuid>
    <year>06</year>
    <market>EDM</market>
    <make>Subaru</make>
    <model>Legacy</model>
    <submodel>3.0R</submodel>
    <transmission>AT</transmission>
    <memmodel>SH7058</memmodel>
    <flashmethod>sti05</flashmethod>
    <checksummodule>subarudbw</checksummodule>
  </romid>
  <include>32BITBASE</include>
  <table name="Manifold Pressure Sensor Scaling" address="c0274" />
  <table name="Manifold Pressure Sensor Limits (CEL)" address="ca2c4" />
  <table name="Manifold Pressure Sensor CEL Delays" address="c289b" />
  <table name="Primary Open Loop Fueling A_" address="c5f98">
    <table name="X" address="c5f38" elements="14" />
    <table name="Y" address="c5f70" elements="10" />
  </table>
  <table name="Primary Open Loop Fueling B_" address="c6084">
    <table name="X" address="c6024" elements="14" />
    <table name="Y" address="c605c" elements="10" />
  </table>
  <table name="Front Oxygen Sensor #1 Scaling" address="ca6cc">
    <table name="Y" address="ca698" />
  </table>
  <table name="Front Oxygen Sensor #2 Scaling" address="ca734">
    <table name="Y" address="ca700" />
  </table>
  <table name="Front Oxygen Sensor Rich Limit" address="1d79c" />
  <table name="Front Oxygen Sensor Compensation (Atm. Pressure)" address="c190c">
    <table name="Y" address="c18fc" />
  </table>
  <table name="CL Fueling Target Compensation A (Load)" address="c61ec">
    <table name="X" address="c6194" elements="9" />
    <table name="Y" address="c61b8" elements="13" />
  </table>
  <table name="CL Fueling Target Compensation B (Load)" address="c6330">
    <table name="X" address="c62d8" elements="9" />
    <table name="Y" address="c62fc" elements="13" />
  </table>
  <table name="CL Fueling Target Compensation (ECT)_" address="c5426">
    <table name="Y" address="c49d0" />
  </table>
  <table name="CL Fueling Target Compensation (ECT) Disable" address="c4558" />
  <table name="CL to OL Delay (Atm. Pressure)" address="c5784">
    <table name="Y" address="c577c" elements="2" />
  </table>
  <table name="CL to OL Transition with Delay A (Throttle)" address="c4e78">
    <table name="Y" address="c4e70" elements="2" />
  </table>
  <table name="CL to OL Transition with Delay B (Throttle)" address="c4e84">
    <table name="Y" address="c4e7c" elements="2" />
  </table>
  <table name="CL to OL Transition with Delay Throttle Hysteresis" address="c46e8" />
  <table name="CL to OL Transition with Delay (Base Pulse Width)" address="c5798">
    <table name="Y" address="c5788" elements="4" />
  </table>
  <table name="CL to OL Transition with Delay BPW Hysteresis" address="c46ec" />
  <table name="CL Delay Minimum (ECT)" address="c46f0" />
  <table name="CL Delay Maximum Engine Speed A" address="c46f4" />
  <table name="CL Delay Maximum Engine Speed B" address="c4700" />
  <table name="CL Delay Engine Speed B Counter Threshold" address="c42dc" />
  <table name="CL Delay Maximum (Throttle) A" address="c46fc" />
  <table name="CL Delay Throttle A Counter Threshold" address="c42da" />
  <table name="Injector Latency_" address="cac20">
    <table name="X" address="cac00" />
    <table name="Y" address="cac14" />
  </table>
  <table name="Injector Flow Scaling_" address="c447c" />
  <table name="Cranking Fuel Injector Pulse Width A (ECT)" address="c4fbe">
    <table name="Y" address="c49d0" />
  </table>
  <table name="Cranking Fuel Injector Pulse Width B (ECT)" address="c4fde">
    <table name="Y" address="c49d0" />
  </table>
  <table name="Cranking Fuel Injector Pulse Width C (ECT)" address="c4ffe">
    <table name="Y" address="c49d0" />
  </table>
  <table name="Cranking Fuel Injector Pulse Width D (ECT)" address="c501e">
    <table name="Y" address="c49d0" />
  </table>
  <table name="Cranking Fuel IPW Compensation (RPM)" address="c5d54">
    <table name="X" address="c5d10" />
    <table name="Y" address="c5d24" elements="12" />
  </table>
  <table name="Cranking Fuel IPW Compensation (MAP)" address="c4bd0">
    <table name="Y" address="c4ba8" />
  </table>
  <table name="Cranking Fuel IPW Compensation (Accelerator)" address="c4bf4">
    <table name="Y" address="c4bdc" />
  </table>
  <table name="Throttle Tip-in Enrichment A" address="c5914">
    <table name="Y" address="c5900" elements="5" />
  </table>
  <table name="Throttle Tip-in Enrichment B" address="c5934">
    <table name="Y" address="c5920" elements="5" />
  </table>
  <table name="Minimum Tip-in Enrichment Activation" address="c489c" />
  <table name="Minimum Tip-in Enrichment Activation (Throttle)" address="c4898" />
  <table name="Tip-in Enrichment Compensation (RPM)" address="c4ee4">
    <table name="Y" address="c4ec0" />
  </table>
  <table name="Tip-in Enrichment Compensation (MRP)" address="c4f10">
    <table name="Y" address="c4ef0" elements="8" />
  </table>
  <table name="Tip-in Enrichment Compensation A (ECT)" address="c4f18">
    <table name="Y" address="c49d0" />
  </table>
  <table name="Tip-in Enrichment Compensation B (ECT)" address="c593e">
    <table name="Y" address="c49d0" />
  </table>
  <table name="Tip-in Enrichment Compensation D (ECT)" address="c595e">
    <table name="Y" address="c4a10" />
  </table>
  <table name="Tip-in Enrichment Compensation D (ECT) Activation" address="c48a4" />
  <table name="Tip-in Enrichment Disable Applied Counter Threshold" address="c4280" />
  <table name="Tip-in Enrichment Applied Counter Reset" address="c4281" />
  <table name="Tip-in Enrichment Disable Throttle Cumulative Threshold" address="c48a0" />
  <table name="Tip-in Throttle Cumulative Reset" address="c4282" />
  <table name="A/F Learning Max Limit (ECT)" address="c5670">
    <table name="Y" address="c49d0" />
  </table>
  <table name="A/F Learning Min Limit (ECT)" address="c5650">
    <table name="Y" address="c49d0" />
  </table>
  <table name="A/F Learning Airflow Ranges" address="c45e0" />
  <table name="MAF Limit (Maximum)_" address="c182c">
    <table name="Y" address="c1824" />
  </table>
  <table name="MAF Sensor Scaling" address="ca588">
    <table name="Y" address="ca4d8" elements="44" />
  </table>
  <table name="MAF Compensation (IAT)" address="c2180">
    <table name="X" address="c214c" />
    <table name="Y" address="c2160" />
  </table>
  <table name="Engine Load Limit (Maximum)" address="1bc30" />
  <table name="Engine Load Compensation (MP)" address="c20e0">
    <table name="X" address="c208c" elements="9" />
    <table name="Y" address="c20b0" elements="12" />
  </table>
  <table name="Base Timing A" address="c821c">
    <table name="X" address="c7054" />
    <table name="Y" address="c81e4" elements="14" />
  </table>
  <table name="Base Timing B" address="c8328">
    <table name="X" address="c7054" />
    <table name="Y" address="c82f0" elements="14" />
  </table>
  <table name="Base Timing C" address="c844c">
    <table name="X" address="c7054" />
    <table name="Y" address="c83fc" elements="20" />
  </table>
  <table name="Base Timing D" address="c85c8">
    <table name="X" address="c7054" />
    <table name="Y" address="c8578" elements="20" />
  </table>
  <table name="Base Timing E" address="c872c">
    <table name="X" address="c7054" />
    <table name="Y" address="c86f4" elements="14" />
  </table>
  <table name="Base Timing F" address="c8838">
    <table name="X" address="c7054" />
    <table name="Y" address="c8800" elements="14" />
  </table>
  <table name="Base Timing G" address="c895c">
    <table name="X" address="c7054" />
    <table name="Y" address="c890c" elements="20" />
  </table>
  <table name="Base Timing H" address="c8ad8">
    <table name="X" address="c7054" />
    <table name="Y" address="c8a88" elements="20" />
  </table>
  <table name="Base Timing Idle" address="c7414">
    <table name="Y" address="c7030" elements="9" />
  </table>
  <table name="Base Timing Idle (Below Speed Threshold)_" address="c740b">
    <table name="Y" address="c7030" />
  </table>
  <table name="Base Timing Idle (Above Speed Threshold)" address="c7402">
    <table name="Y" address="c7030" />
  </table>
  <table name="Base Timing Idle Vehicle Speed Threshold" address="c6eac" />
  <table name="Knock Correction Advance Max A" address="c7f44">
    <table name="X" address="c7ed0" elements="15" />
    <table name="Y" address="c7f0c" elements="14" />
  </table>
  <table name="Knock Correction Advance Max B" address="c80a8">
    <table name="X" address="c8018" elements="15" />
    <table name="Y" address="c8054" elements="21" />
  </table>
  <table name="Timing Compensation (IAT)" address="c74cc">
    <table name="Y" address="c74b0" elements="7" />
  </table>
  <table name="Timing Comp Min Load (IAT)" address="c6eec" />
  <table name="Timing Compensation A (ECT)" address="c746f">
    <table name="Y" address="c70e4" />
  </table>
  <table name="Timing Compensation B (ECT)" address="c747f">
    <table name="Y" address="c70e4" />
  </table>
  <table name="Timing Compensation C (ECT)" address="c748f">
    <table name="Y" address="c70e4" />
  </table>
  <table name="Timing Compensation D (ECT)" address="c749f">
    <table name="Y" address="c70e4" />
  </table>
  <table name="Feedback Correction Range (RPM)" address="c6d10" />
  <table name="Feedback Correction Minimum Load_" address="c7b5c">
    <table name="Y" address="c7b54" elements="2" />
  </table>
  <table name="Feedback Correction Retard Value" address="c6cfc" />
  <table name="Feedback Correction Retard Limit" address="c6cf8" />
  <table name="Feedback Correction Negative Advance Value" address="c6d00" />
  <table name="Feedback Correction Negative Advance Delay" address="c6cb0" />
  <table name="Fine Correction Range (RPM)" address="c6d84" />
  <table name="Fine Correction Range (Load)" address="c6d94" />
  <table name="Fine Correction Rows (RPM)_" address="c6dc0" />
  <table name="Fine Correction Columns (Load)_" address="c6da4" />
  <table name="Fine Correction Retard Value_" address="c7c1c">
    <table name="Y" address="c7be8" />
  </table>
  <table name="Fine Correction Retard Limit" address="c6d7c" />
  <table name="Fine Correction Advance Value" address="c6d80" />
  <table name="Fine Correction Advance Limit" address="c6d78" />
  <table name="Fine Correction Advance Delay" address="c6cb8" />
  <table name="Rough Correction Range (RPM)" address="c6d30" />
  <table name="Rough Correction Range (Load)" address="c6d40" />
  <table name="Rough Correction Minimum KC Advance Map Value" address="c6d50" />
  <table name="Rough Correction Learning Delay (Increasing)" address="c733c">
    <table name="Y" address="c7314" />
  </table>
  <table name="Advance Multiplier (Initial)" address="c6d2c" />
  <table name="Advance Multiplier Step Value" address="c6d54" />
  <table name="Requested Torque A (Accelerator Pedal)" address="dd23c">
    <table name="X" address="dd1a8" elements="17" />
    <table name="Y" address="dd1ec" elements="20" />
  </table>
  <table name="Requested Torque B (Accelerator Pedal)" address="dd578">
    <table name="X" address="dd4e4" elements="17" />
    <table name="Y" address="dd528" elements="20" />
  </table>
  <table name="Target Throttle Plate Position A (Requested Torque)" address="dbe64">
    <table name="X" address="dbda8" elements="26" />
    <table name="Y" address="dbe10" elements="21" />
  </table>
  <table name="Target Throttle Plate Position B (Requested Torque)" address="dc364">
    <table name="X" address="dc2a8" elements="26" />
    <table name="Y" address="dc310" elements="21" />
  </table>
  <table name="Target Throttle Plate Position C (Requested Torque)" address="dc864">
    <table name="X" address="dc7a8" elements="26" />
    <table name="Y" address="dc810" elements="21" />
  </table>
  <table name="Target Throttle Plate Position D (Requested Torque)" address="dcd64">
    <table name="X" address="dcca8" elements="26" />
    <table name="Y" address="dcd10" elements="21" />
  </table>
  <table name="Rev Limit A" address="c4908" />
  <table name="Rev Limit B" address="c4910" />
  <table name="Fuel Temp Sensor Scaling" address="ca3e0">
    <table name="Y" address="ca368" />
  </table>
  <table name="Intake Temp Sensor Scaling" address="c04a8">
    <table name="Y" address="c0430" />
  </table>
  <table name="Coolant Temp Sensor Scaling" address="c03c0">
    <table name="Y" address="c0350" />
  </table>
  <table name="Radiator Fan Modes A (ECT)" address="cadd8" />
  <table name="Radiator Fan Modes B (ECT)" address="cade8" />
  <table name="Radiator Fan Modes C (ECT)" address="cadf8" />
  <table name="Radiator Fan Modes (Veh. Speed)" address="cad94" />
  <table name="Idle Speed Target A" address="c942c">
    <table name="Y" address="c917c" />
  </table>
  <table name="Idle Speed Target B" address="c944c">
    <table name="Y" address="c917c" />
  </table>
  <table name="Idle Speed Target C" address="c946c">
    <table name="Y" address="c917c" />
  </table>
  <table name="Idle Speed Target D" address="c948c">
    <table name="Y" address="c917c" />
  </table>
  <table name="Idle Speed Target E" address="c94ac">
    <table name="Y" address="c917c" />
  </table>
  <table name="Idle Speed Target F" address="c94cc">
    <table name="Y" address="c917c" />
  </table>
  <table name="Force Pass Readiness Monitors" address="747c6" />
  <table name="(P0000) PASS CODE (NO DTC DETECTED)" address="8370e" />
  <table name="(P0000) PASS CODE (NO DTC DETECTED)_" address="8370f" />
  <table name="(P0011) CAMSHAFT POS. - TIMING OVER-ADVANCED 1" address="836f2" />
  <table name="(P0021) CAMSHAFT POS. - TIMING OVER-ADVANCED 2" address="836f3" />
  <table name="(P0026) OSV SOLENOID VALVE CIRCUIT RANGE/PERF B1" address="83753" />
  <table name="(P0028) OSV SOLENOID VALVE CIRCUIT RANGE/PERF B2" address="83750" />
  <table name="(P0030) FRONT O2 SENSOR RANGE/PERF" address="8372d" />
  <table name="(P0031) FRONT O2 SENSOR LOW INPUT" address="8371d" />
  <table name="(P0032) FRONT O2 SENSOR HIGH INPUT" address="8371b" />
  <table name="(P0037) REAR O2 SENSOR LOW INPUT" address="8371c" />
  <table name="(P0038) REAR O2 SENSOR HIGH INPUT" address="8371a" />
  <table name="(P0050) HO2S CIRCUIT RANGE/PERF B2 S1" address="8372c" />
  <table name="(P0051) HO2S CIRCUIT LOW B2 S1" address="83723" />
  <table name="(P0052) HO2S CIRCUIT HIGH B2 S1" address="83722" />
  <table name="(P0057) HO2S CIRCUIT LOW B2 S2" address="8372f" />
  <table name="(P0058) HO2S CIRCUIT HIGH B2 S2" address="83730" />
  <table name="(P0076) INTAKE VALVE CIRCUIT LOW (BANK 1)" address="83755" />
  <table name="(P0077) INTAKE VALVE CONTROL HIGH (BANK 1)" address="83754" />
  <table name="(P0082) INTAKE VALVE CONTROL LOW (BANK 2)" address="83752" />
  <table name="(P0083) INTAKE VALVE CONTROL HIGH (BANK 2)" address="83751" />
  <table name="(P0102) MAF SENSOR LOW INPUT" address="836cb" />
  <table name="(P0103) MAF SENSOR HIGH INPUT" address="836cc" />
  <table name="(P0107) MAP SENSOR LOW INPUT" address="8371e" />
  <table name="(P0108) MAP SENSOR HIGH INPUT" address="8371f" />
  <table name="(P0112) IAT SENSOR LOW INPUT" address="83717" />
  <table name="(P0113) IAT SENSOR HIGH INPUT" address="83718" />
  <table name="(P0117) COOLANT TEMP SENSOR LOW INPUT" address="836d4" />
  <table name="(P0118) COOLANT TEMP SENSOR HIGH INPUT" address="836d5" />
  <table name="(P0122) TPS A LOW INPUT" address="836d2" />
  <table name="(P0123) TPS A HIGH INPUT" address="836d3" />
  <table name="(P0125) INSUFFICIENT COOLANT TEMP (FUELING)" address="836d7" />
  <table name="(P0131) FRONT O2 SENSOR LOW INPUT" address="83711" />
  <table name="(P0132) FRONT O2 SENSOR HIGH INPUT" address="83713" />
  <table name="(P0133) FRONT O2 SENSOR SLOW RESPONSE" address="836fb" />
  <table name="(P0134) FRONT O2 SENSOR NO ACTIVITY" address="8372b" />
  <table name="(P0140) REAR O2 SENSOR NO ACTIVITY" address="8375e" />
  <table name="(P0151) O2 SENSOR CIRCUIT LOW B2 S1" address="83712" />
  <table name="(P0152) O2 SENSOR CIRCUIT HIGH B2 S1" address="83714" />
  <table name="(P0153) O2 SENSOR CIRCUIT SLOW RESPONSE B2 S1" address="83716" />
  <table name="(P0154) O2 SENSOR CIRCUIT OPEN B2 S1" address="8372a" />
  <table name="(P0160) O2 SENSOR NO ACTIVITY B2 S2" address="8375f" />
  <table name="(P0171) SYSTEM TOO LEAN" address="83705" />
  <table name="(P0172) SYSTEM TOO RICH" address="83706" />
  <table name="(P0174) SYSTEM TOO LEAN B2" address="836ff" />
  <table name="(P0175) SYSTEM TOO RICH B2" address="83700" />
  <table name="(P0197) OIL TEMP SENSOR LOW" address="8374c" />
  <table name="(P0198) OIL TEMP SENSOR HIGH" address="83757" />
  <table name="(P0222) TPS B LOW INPUT" address="83734" />
  <table name="(P0223) TPS B HIGH INPUT" address="83735" />
  <table name="(P0230) FUEL PUMP PRIMARY CIRCUIT" address="83726" />
  <table name="(P0301) MISFIRE CYLINDER 1" address="83707" />
  <table name="(P0302) MISFIRE CYLINDER 2" address="83708" />
  <table name="(P0303) MISFIRE CYLINDER 3" address="83709" />
  <table name="(P0304) MISFIRE CYLINDER 4" address="8370a" />
  <table name="(P0305) MISFIRE CYLINDER 5" address="8370b" />
  <table name="(P0306) MISFIRE CYLINDER 6" address="8370c" />
  <table name="(P0327) KNOCK SENSOR 1 LOW INPUT" address="836d0" />
  <table name="(P0328) KNOCK SENSOR 1 HIGH INPUT" address="836d1" />
  <table name="(P0332) KNOCK SENSOR 2 LOW INPUT" address="836ce" />
  <table name="(P0333) KNOCK SENSOR 2 HIGH INPUT" address="836cf" />
  <table name="(P0335) CRANKSHAFT POS. SENSOR A MALFUNCTION" address="836c8" />
  <table name="(P0340) CAMSHAFT POS. SENSOR A MALFUNCTION" address="83746" />
  <table name="(P0345) CAMSHAFT POS. SENSOR A BANK 2" address="83745" />
  <table name="(P0400) EGR FLOW" address="83704" />
  <table name="(P0420) CAT EFFICIENCY BELOW THRESHOLD" address="83701" />
  <table name="(P0458) EVAP PURGE VALVE CIRCUIT LOW" address="836f6" />
  <table name="(P0459) EVAP PURGE VALVE CIRCUIT HIGH" address="836f7" />
  <table name="(P0462) FUEL LEVEL SENSOR LOW INPUT" address="836d8" />
  <table name="(P0463) FUEL LEVEL SENSOR HIGH INPUT" address="836d9" />
  <table name="(P0500) VEHICLE SPEED SENSOR A" address="836cd" />
  <table name="(P0512) STARTER REQUEST CIRCUIT" address="836dc" />
  <table name="(P0519) IDLE CONTROL MALFUNCTION (FAIL-SAFE)" address="83728" />
  <table name="(P0600) SERIAL COMMUNICATION LINK" address="83744" />
  <table name="(P0604) CONTROL MODULE RAM ERROR" address="836ca" />
  <table name="(P0605) CONTROL MODULE ROM ERROR" address="83747" />
  <table name="(P0607) CONTROL MODULE PERFORMANCE" address="8373c" />
  <table name="(P0638) THROTTLE ACTUATOR RANGE/PERF" address="8373b" />
  <table name="(P0691) RADIATOR FAN CIRCUIT LOW" address="836ef" />
  <table name="(P0692) RADIATOR FAN CIRCUIT HIGH" address="836f0" />
  <table name="(P0700) TRANSMISSION CONTROL SYSTEM" address="8374f" />
  <table name="(P1160) ABNORMAL RETURN SPRING" address="83736" />
  <table name="(P1492) EGR SOLENOID SIGNAL 1 MALFUNCTION (LOW)" address="836e5" />
  <table name="(P1493) EGR SOLENOID SIGNAL 1 MALFUNCTION (HIGH)" address="836e6" />
  <table name="(P1494) EGR SOLENOID SIGNAL 2 MALFUNCTION (LOW)" address="836e7" />
  <table name="(P1495) EGR SOLENOID SIGNAL 2 MALFUNCTION (HIGH)" address="836e8" />
  <table name="(P1496) EGR SIGNAL 3 CIRCUIT LOW" address="836e9" />
  <table name="(P1497) EGR SOLENOID SIGNAL 3 MALFUNCTION (HIGH)" address="836ea" />
  <table name="(P1498) EGR SIGNAL 4 CIRCUIT LOW" address="836eb" />
  <table name="(P1499) EGR SIGNAL 4 CIRCUIT HIGH" address="836ec" />
  <table name="(P1518) STARTER SWITCH LOW INPUT" address="836db" />
  <table name="(P1560) BACK-UP VOLTAGE MALFUNCTION" address="83725" />
  <table name="(P2088) OCV SOLENOID A1 CIRCUIT OPEN" address="8374b" />
  <table name="(P2089) OCV SOLENOID A1 CIRCUIT SHORT" address="8374a" />
  <table name="(P2092) OCV SOLENOID A2 CIRCUIT OPEN" address="83749" />
  <table name="(P2093) OCV SOLENOID A2 CIRCUIT SHORT" address="83748" />
  <table name="(P2101) THROTTLE ACTUATOR CIRCUIT RANGE/PERF" address="83739" />
  <table name="(P2102) THROTTLE ACTUATOR CIRCUIT LOW" address="83737" />
  <table name="(P2103) THROTTLE ACTUATOR CIRCUIT HIGH" address="83738" />
  <table name="(P2109) TPS A MINIMUM STOP PERF" address="83733" />
  <table name="(P2122) TPS D CIRCUIT LOW INPUT" address="83740" />
  <table name="(P2123) TPS D CIRCUIT HIGH INPUT" address="83741" />
  <table name="(P2127) TPS E CIRCUIT LOW INPUT" address="8373e" />
  <table name="(P2128) TPS E CIRCUIT HIGH INPUT" address="8373f" />
  <table name="(P2135) TPS A/B VOLTAGE" address="83742" />
  <table name="(P2138) TPS D/E VOLTAGE" address="8373d" />
  <table name="(P2503) CHARGING SYSTEM VOLTAGE LOW" address="83759" />
  <table name="(P2504) CHARGING SYSTEM VOLTAGE HIGH" address="83758" />
</rom>