<rom>
  <romid>
    <xmlid>D2UK001Q</xmlid>
    <internalidaddress>2000</internalidaddress>
    <internalidstring>D2UK001Q</internalidstring>
    <ecuid>4B0A368007</ecuid>
    <year>07</year>
    <market>JDM</market>
    <make>Subaru</make>
    <model>Legacy</model>
    <submodel>3.0R</submodel>
    <transmission>AT</transmission>
    <memmodel>SH7058</memmodel>
    <flashmethod>subarucan</flashmethod>
    <checksummodule>subarudbw</checksummodule>
  </romid>
  <include>32BITBASE</include>
  <table name="Manifold Pressure Sensor Scaling" address="c026c" />
  <table name="Manifold Pressure Sensor Limits (CEL)" address="cbd2c" />
  <table name="Manifold Pressure Sensor CEL Delays" address="c330d" />
  <table name="Primary Open Loop Fueling A_" address="c6880">
    <table name="X" address="c6820" elements="14" />
    <table name="Y" address="c6858" elements="10" />
  </table>
  <table name="Primary Open Loop Fueling B_" address="c696c">
    <table name="X" address="c690c" elements="14" />
    <table name="Y" address="c6944" elements="10" />
  </table>
  <table name="Front Oxygen Sensor #1 Scaling" address="cc1b4">
    <table name="Y" address="cc180" />
  </table>
  <table name="Front Oxygen Sensor #2 Scaling" address="cc21c">
    <table name="Y" address="cc1e8" />
  </table>
  <table name="Front Oxygen Sensor Rich Limit" address="2690c" />
  <table name="Front Oxygen Sensor Compensation (Atm. Pressure)" address="c2710">
    <table name="Y" address="c2700" />
  </table>
  <table name="CL Fueling Target Compensation A (Load)" address="c6ad4">
    <table name="X" address="c6a7c" elements="9" />
    <table name="Y" address="c6aa0" elements="13" />
  </table>
  <table name="CL Fueling Target Compensation B (Load)" address="c6c18">
    <table name="X" address="c6bc0" elements="9" />
    <table name="Y" address="c6be4" elements="13" />
  </table>
  <table name="CL Fueling Target Compensation C (Load)" address="c6d5c">
    <table name="X" address="c6d04" elements="9" />
    <table name="Y" address="c6d28" elements="13" />
  </table>
  <table name="CL Fueling Target Compensation D (Load)" address="c6ea0">
    <table name="X" address="c6e48" elements="9" />
    <table name="Y" address="c6e6c" elements="13" />
  </table>
  <table name="CL Fueling Target Compensation (ECT)_" address="c5aea">
    <table name="Y" address="c534c" />
  </table>
  <table name="CL Fueling Target Compensation (ECT) Disable" address="c4e58" />
  <table name="CL to OL Delay (Atm. Pressure)" address="c5de4">
    <table name="Y" address="c5ddc" elements="2" />
  </table>
  <table name="CL to OL Transition with Delay (Throttle)" address="c57b4">
    <table name="Y" address="c57ac" elements="2" />
  </table>
  <table name="CL to OL Transition with Delay Throttle Hysteresis" address="c4f90" />
  <table name="CL to OL Transition with Delay (Base Pulse Width)" address="c5df8">
    <table name="Y" address="c5de8" elements="4" />
  </table>
  <table name="CL to OL Transition with Delay BPW Hysteresis" address="c4f94" />
  <table name="CL Delay Minimum (ECT)" address="c4f98" />
  <table name="CL Delay Maximum Engine Speed A" address="c4f9c" />
  <table name="CL Delay Maximum Engine Speed B" address="c4fa8" />
  <table name="CL Delay Engine Speed B Counter Threshold" address="c4be8" />
  <table name="CL Delay Maximum (Throttle) A" address="c4fa4" />
  <table name="CL Delay Throttle A Counter Threshold" address="c4be6" />
  <table name="Injector Latency_" address="cc708">
    <table name="X" address="cc6e8" />
    <table name="Y" address="cc6fc" />
  </table>
  <table name="Injector Flow Scaling_" address="c4db4" />
  <table name="Cranking Fuel Injector Pulse Width A (ECT)" address="c5922">
    <table name="Y" address="c534c" />
  </table>
  <table name="Cranking Fuel Injector Pulse Width B (ECT)" address="c5942">
    <table name="Y" address="c534c" />
  </table>
  <table name="Cranking Fuel Injector Pulse Width C (ECT)" address="c5962">
    <table name="Y" address="c534c" />
  </table>
  <table name="Cranking Fuel Injector Pulse Width D (ECT)" address="c5982">
    <table name="Y" address="c534c" />
  </table>
  <table name="Cranking Fuel IPW Compensation (RPM)" address="c663c">
    <table name="X" address="c65f8" />
    <table name="Y" address="c660c" elements="12" />
  </table>
  <table name="Cranking Fuel IPW Compensation (MAP)" address="c554c">
    <table name="Y" address="c5524" />
  </table>
  <table name="Cranking Fuel IPW Compensation (Accelerator)" address="c5570">
    <table name="Y" address="c5558" />
  </table>
  <table name="Throttle Tip-in Enrichment A" address="c5efc">
    <table name="Y" address="c5ee8" elements="5" />
  </table>
  <table name="Throttle Tip-in Enrichment B" address="c5f1c">
    <table name="Y" address="c5f08" elements="5" />
  </table>
  <table name="Minimum Tip-in Enrichment Activation" address="c5140" />
  <table name="Minimum Tip-in Enrichment Activation (Throttle)" address="c513c" />
  <table name="Tip-in Enrichment Compensation (RPM)" address="c5808">
    <table name="Y" address="c57e4" />
  </table>
  <table name="Tip-in Enrichment Compensation (MRP)" address="c5834">
    <table name="Y" address="c5814" elements="8" />
  </table>
  <table name="Tip-in Enrichment Compensation A (ECT)" address="c583c">
    <table name="Y" address="c534c" />
  </table>
  <table name="Tip-in Enrichment Compensation B (ECT)" address="c5f26">
    <table name="Y" address="c534c" />
  </table>
  <table name="Tip-in Enrichment Compensation D (ECT)" address="c5f46">
    <table name="Y" address="c538c" />
  </table>
  <table name="Tip-in Enrichment Compensation D (ECT) Activation" address="c5148" />
  <table name="Tip-in Enrichment Disable Applied Counter Threshold" address="c4b8f" />
  <table name="Tip-in Enrichment Applied Counter Reset" address="c4b90" />
  <table name="Tip-in Enrichment Disable Throttle Cumulative Threshold" address="c5144" />
  <table name="Tip-in Throttle Cumulative Reset" address="c4b91" />
  <table name="A/F Learning Max Limit (ECT)" address="c6418">
    <table name="Y" address="c534c" />
  </table>
  <table name="A/F Learning Min Limit (ECT)" address="c63f8">
    <table name="Y" address="c534c" />
  </table>
  <table name="A/F Learning Airflow Ranges" address="c530c" />
  <table name="MAF Limit (Maximum)_" address="c2630">
    <table name="Y" address="c2628" />
  </table>
  <table name="MAF Sensor Scaling" address="cc070">
    <table name="Y" address="cbfc0" elements="44" />
  </table>
  <table name="MAF Compensation (IAT)" address="c2920">
    <table name="X" address="c28ec" />
    <table name="Y" address="c2900" />
  </table>
  <table name="Engine Load Limit (Maximum)" address="258c0" />
  <table name="Engine Load Compensation (MP)" address="c2880">
    <table name="X" address="c282c" elements="9" />
    <table name="Y" address="c2850" elements="12" />
  </table>
  <table name="Base Timing A" address="c8cd4">
    <table name="X" address="c7d90" />
    <table name="Y" address="c8c9c" elements="14" />
  </table>
  <table name="Base Timing B" address="c8de0">
    <table name="X" address="c7d90" />
    <table name="Y" address="c8da8" elements="14" />
  </table>
  <table name="Base Timing C" address="c8f04">
    <table name="X" address="c7d90" />
    <table name="Y" address="c8eb4" elements="20" />
  </table>
  <table name="Base Timing D" address="c9080">
    <table name="X" address="c7d90" />
    <table name="Y" address="c9030" elements="20" />
  </table>
  <table name="Base Timing E" address="c91e4">
    <table name="X" address="c7d90" />
    <table name="Y" address="c91ac" elements="14" />
  </table>
  <table name="Base Timing F" address="c92f0">
    <table name="X" address="c7d90" />
    <table name="Y" address="c92b8" elements="14" />
  </table>
  <table name="Base Timing G" address="c9414">
    <table name="X" address="c7d90" />
    <table name="Y" address="c93c4" elements="20" />
  </table>
  <table name="Base Timing H" address="c9590">
    <table name="X" address="c7d90" />
    <table name="Y" address="c9540" elements="20" />
  </table>
  <table name="Base Timing Idle" address="c7f78">
    <table name="Y" address="c7d6c" elements="9" />
  </table>
  <table name="Base Timing Idle (Below Speed Threshold)_" address="c7f6f">
    <table name="Y" address="c7d6c" />
  </table>
  <table name="Base Timing Idle (Above Speed Threshold)" address="c7f66">
    <table name="Y" address="c7d6c" />
  </table>
  <table name="Base Timing Idle Vehicle Speed Threshold" address="c7ac8" />
  <table name="Knock Correction Advance Max A" address="c9778">
    <table name="X" address="c9704" elements="15" />
    <table name="Y" address="c9740" elements="14" />
  </table>
  <table name="Knock Correction Advance Max B" address="c98d8">
    <table name="X" address="c984c" elements="15" />
    <table name="Y" address="c9888" elements="20" />
  </table>
  <table name="Timing Compensation (IAT)" address="c8054">
    <table name="Y" address="c8038" elements="7" />
  </table>
  <table name="Timing Comp Min Load (IAT)" address="c7b14" />
  <table name="Timing Compensation A (ECT)" address="c7ff6">
    <table name="Y" address="c7e20" />
  </table>
  <table name="Timing Compensation B (ECT)" address="c8006">
    <table name="Y" address="c7e20" />
  </table>
  <table name="Timing Compensation C (ECT)" address="c8016">
    <table name="Y" address="c7e20" />
  </table>
  <table name="Timing Compensation D (ECT)" address="c8026">
    <table name="Y" address="c7e20" />
  </table>
  <table name="Feedback Correction Range (RPM)" address="c7c90" />
  <table name="Feedback Correction Minimum Load_" address="c89b0">
    <table name="Y" address="c89a8" elements="2" />
  </table>
  <table name="Feedback Correction Retard Value" address="c7c7c" />
  <table name="Feedback Correction Retard Limit" address="c7c78" />
  <table name="Feedback Correction Negative Advance Value" address="c7c80" />
  <table name="Feedback Correction Negative Advance Delay" address="c79fc" />
  <table name="Fine Correction Range (RPM)" address="c7d04" />
  <table name="Fine Correction Range (Load)" address="c7d14" />
  <table name="Fine Correction Rows (RPM)_" address="c7d40" />
  <table name="Fine Correction Columns (Load)_" address="c7d24" />
  <table name="Fine Correction Retard Value_" address="c8c68">
    <table name="Y" address="c8c34" />
  </table>
  <table name="Fine Correction Retard Limit" address="c7cfc" />
  <table name="Fine Correction Advance Value" address="c7d00" />
  <table name="Fine Correction Advance Limit" address="c7cf8" />
  <table name="Fine Correction Advance Delay" address="c7a04" />
  <table name="Rough Correction Range (RPM)" address="c7cb0" />
  <table name="Rough Correction Range (Load)" address="c7cc0" />
  <table name="Rough Correction Minimum KC Advance Map Value" address="c7cd0" />
  <table name="Rough Correction Learning Delay (Increasing)" address="c8914">
    <table name="Y" address="c88ec" />
  </table>
  <table name="Advance Multiplier (Initial)" address="c7cac" />
  <table name="Advance Multiplier Step Value" address="c7cd4" />
  <table name="Requested Torque A (Accelerator Pedal)" address="dc644">
    <table name="X" address="dc5a4" elements="20" />
    <table name="Y" address="dc5f4" elements="20" />
  </table>
  <table name="Requested Torque B (Accelerator Pedal)" address="dca04">
    <table name="X" address="dc964" elements="20" />
    <table name="Y" address="dc9b4" elements="20" />
  </table>
  <table name="Requested Torque C (Accelerator Pedal)" address="dcdc4">
    <table name="X" address="dcd24" elements="20" />
    <table name="Y" address="dcd74" elements="20" />
  </table>
  <table name="Target Throttle Plate Position A (Requested Torque)" address="dbc60">
    <table name="X" address="dbba4" elements="26" />
    <table name="Y" address="dbc0c" elements="21" />
  </table>
  <table name="Target Throttle Plate Position B (Requested Torque)" address="dc160">
    <table name="X" address="dc0a4" elements="26" />
    <table name="Y" address="dc10c" elements="21" />
  </table>
  <table name="Rev Limit A" address="c51b0" />
  <table name="Rev Limit B" address="c51b8" />
  <table name="Intake Temp Sensor Scaling" address="c03c0">
    <table name="Y" address="c0348" />
  </table>
  <table name="Coolant Temp Sensor Scaling" address="cbe10">
    <table name="Y" address="cbdd0" elements="16" />
  </table>
  <table name="Radiator Fan Modes A (ECT)" address="cc9bc" />
  <table name="Radiator Fan Modes B (ECT)" address="cc9cc" />
  <table name="Radiator Fan Modes C (ECT)" address="cc9dc" />
  <table name="Radiator Fan Modes D (ECT)" address="cc9ec" />
  <table name="Radiator Fan Modes (Veh. Speed)" address="cc978" />
  <table name="Idle Speed Target A" address="ca6b8">
    <table name="Y" address="ca220" />
  </table>
  <table name="Idle Speed Target B" address="ca6d8">
    <table name="Y" address="ca220" />
  </table>
  <table name="Idle Speed Target C" address="ca6f8">
    <table name="Y" address="ca220" />
  </table>
  <table name="Idle Speed Target D" address="ca718">
    <table name="Y" address="ca220" />
  </table>
  <table name="Idle Speed Target E" address="ca738">
    <table name="Y" address="ca220" />
  </table>
  <table name="Idle Speed Target F" address="ca758">
    <table name="Y" address="ca220" />
  </table>
  <table name="Force Pass Readiness Monitors" address="77a66" />
  <table name="(P0000) PASS CODE (NO DTC DETECTED)" address="868a5" />
  <table name="(P0000) PASS CODE (NO DTC DETECTED)_" address="868a6" />
  <table name="(P0011) CAMSHAFT POS. - TIMING OVER-ADVANCED 1" address="86889" />
  <table name="(P0021) CAMSHAFT POS. - TIMING OVER-ADVANCED 2" address="8688a" />
  <table name="(P0026) OSV SOLENOID VALVE CIRCUIT RANGE/PERF B1" address="86900" />
  <table name="(P0028) OSV SOLENOID VALVE CIRCUIT RANGE/PERF B2" address="868fd" />
  <table name="(P0031) FRONT O2 SENSOR LOW INPUT" address="868b4" />
  <table name="(P0032) FRONT O2 SENSOR HIGH INPUT" address="868b2" />
  <table name="(P0037) REAR O2 SENSOR LOW INPUT" address="868b3" />
  <table name="(P0038) REAR O2 SENSOR HIGH INPUT" address="868b1" />
  <table name="(P0051) HO2S CIRCUIT LOW B2 S1" address="868ba" />
  <table name="(P0052) HO2S CIRCUIT HIGH B2 S1" address="868b9" />
  <table name="(P0057) HO2S CIRCUIT LOW B2 S2" address="868d6" />
  <table name="(P0058) HO2S CIRCUIT HIGH B2 S2" address="868d7" />
  <table name="(P0076) INTAKE VALVE CIRCUIT LOW (BANK 1)" address="86902" />
  <table name="(P0077) INTAKE VALVE CONTROL HIGH (BANK 1)" address="86901" />
  <table name="(P0082) INTAKE VALVE CONTROL LOW (BANK 2)" address="868ff" />
  <table name="(P0083) INTAKE VALVE CONTROL HIGH (BANK 2)" address="868fe" />
  <table name="(P0102) MAF SENSOR LOW INPUT" address="86861" />
  <table name="(P0103) MAF SENSOR HIGH INPUT" address="86862" />
  <table name="(P0107) MAP SENSOR LOW INPUT" address="868b5" />
  <table name="(P0108) MAP SENSOR HIGH INPUT" address="868b6" />
  <table name="(P0112) IAT SENSOR LOW INPUT" address="868ae" />
  <table name="(P0113) IAT SENSOR HIGH INPUT" address="868af" />
  <table name="(P0117) COOLANT TEMP SENSOR LOW INPUT" address="8686a" />
  <table name="(P0118) COOLANT TEMP SENSOR HIGH INPUT" address="8686b" />
  <table name="(P0122) TPS A LOW INPUT" address="86868" />
  <table name="(P0123) TPS A HIGH INPUT" address="86869" />
  <table name="(P0131) FRONT O2 SENSOR LOW INPUT" address="868a8" />
  <table name="(P0132) FRONT O2 SENSOR HIGH INPUT" address="868aa" />
  <table name="(P0134) FRONT O2 SENSOR NO ACTIVITY" address="868d1" />
  <table name="(P0140) REAR O2 SENSOR NO ACTIVITY" address="8691f" />
  <table name="(P0151) O2 SENSOR CIRCUIT LOW B2 S1" address="868a9" />
  <table name="(P0152) O2 SENSOR CIRCUIT HIGH B2 S1" address="868ab" />
  <table name="(P0154) O2 SENSOR CIRCUIT OPEN B2 S1" address="868d0" />
  <table name="(P0160) O2 SENSOR NO ACTIVITY B2 S2" address="86920" />
  <table name="(P0171) SYSTEM TOO LEAN" address="8689c" />
  <table name="(P0172) SYSTEM TOO RICH" address="8689d" />
  <table name="(P0174) SYSTEM TOO LEAN B2" address="86896" />
  <table name="(P0175) SYSTEM TOO RICH B2" address="86897" />
  <table name="(P0197) OIL TEMP SENSOR LOW" address="868f9" />
  <table name="(P0198) OIL TEMP SENSOR HIGH" address="86904" />
  <table name="(P0222) TPS B LOW INPUT" address="868db" />
  <table name="(P0223) TPS B HIGH INPUT" address="868dc" />
  <table name="(P0230) FUEL PUMP PRIMARY CIRCUIT" address="868cc" />
  <table name="(P0301) MISFIRE CYLINDER 1" address="8689e" />
  <table name="(P0302) MISFIRE CYLINDER 2" address="8689f" />
  <table name="(P0303) MISFIRE CYLINDER 3" address="868a0" />
  <table name="(P0304) MISFIRE CYLINDER 4" address="868a1" />
  <table name="(P0305) MISFIRE CYLINDER 5" address="868a2" />
  <table name="(P0306) MISFIRE CYLINDER 6" address="868a3" />
  <table name="(P0327) KNOCK SENSOR 1 LOW INPUT" address="86866" />
  <table name="(P0328) KNOCK SENSOR 1 HIGH INPUT" address="86867" />
  <table name="(P0332) KNOCK SENSOR 2 LOW INPUT" address="86864" />
  <table name="(P0333) KNOCK SENSOR 2 HIGH INPUT" address="86865" />
  <table name="(P0335) CRANKSHAFT POS. SENSOR A MALFUNCTION" address="8685c" />
  <table name="(P0340) CAMSHAFT POS. SENSOR A MALFUNCTION" address="868ef" />
  <table name="(P0345) CAMSHAFT POS. SENSOR A BANK 2" address="868ee" />
  <table name="(P0400) EGR FLOW" address="8689b" />
  <table name="(P0458) EVAP PURGE VALVE CIRCUIT LOW" address="8688d" />
  <table name="(P0459) EVAP PURGE VALVE CIRCUIT HIGH" address="8688e" />
  <table name="(P0462) FUEL LEVEL SENSOR LOW INPUT" address="8686e" />
  <table name="(P0463) FUEL LEVEL SENSOR HIGH INPUT" address="8686f" />
  <table name="(P0500) VEHICLE SPEED SENSOR A" address="86863" />
  <table name="(P0512) STARTER REQUEST CIRCUIT" address="86873" />
  <table name="(P0519) IDLE CONTROL MALFUNCTION (FAIL-SAFE)" address="868ce" />
  <table name="(P0562) SYSTEM VOLTAGE LOW" address="868be" />
  <table name="(P0563) SYSTEM VOLTAGE HIGH" address="868bf" />
  <table name="(P0600) SERIAL COMMUNICATION LINK" address="868eb" />
  <table name="(P0604) CONTROL MODULE RAM ERROR" address="86860" />
  <table name="(P0605) CONTROL MODULE ROM ERROR" address="868f0" />
  <table name="(P0607) CONTROL MODULE PERFORMANCE" address="868e3" />
  <table name="(P0638) THROTTLE ACTUATOR RANGE/PERF" address="868e2" />
  <table name="(P0700) TRANSMISSION CONTROL SYSTEM" address="868fc" />
  <table name="(P1160) ABNORMAL RETURN SPRING" address="868dd" />
  <table name="(P1492) EGR SOLENOID SIGNAL 1 MALFUNCTION (LOW)" address="8687c" />
  <table name="(P1493) EGR SOLENOID SIGNAL 1 MALFUNCTION (HIGH)" address="8687d" />
  <table name="(P1494) EGR SOLENOID SIGNAL 2 MALFUNCTION (LOW)" address="8687e" />
  <table name="(P1495) EGR SOLENOID SIGNAL 2 MALFUNCTION (HIGH)" address="8687f" />
  <table name="(P1496) EGR SIGNAL 3 CIRCUIT LOW" address="86880" />
  <table name="(P1497) EGR SOLENOID SIGNAL 3 MALFUNCTION (HIGH)" address="86881" />
  <table name="(P1498) EGR SIGNAL 4 CIRCUIT LOW" address="86882" />
  <table name="(P1499) EGR SIGNAL 4 CIRCUIT HIGH" address="86883" />
  <table name="(P1518) STARTER SWITCH LOW INPUT" address="86872" />
  <table name="(P1560) BACK-UP VOLTAGE MALFUNCTION" address="868bd" />
  <table name="(P2088) OCV SOLENOID A1 CIRCUIT OPEN" address="868f8" />
  <table name="(P2089) OCV SOLENOID A1 CIRCUIT SHORT" address="868f7" />
  <table name="(P2092) OCV SOLENOID A2 CIRCUIT OPEN" address="868f6" />
  <table name="(P2093) OCV SOLENOID A2 CIRCUIT SHORT" address="868f5" />
  <table name="(P2101) THROTTLE ACTUATOR CIRCUIT RANGE/PERF" address="868e0" />
  <table name="(P2102) THROTTLE ACTUATOR CIRCUIT LOW" address="868de" />
  <table name="(P2103) THROTTLE ACTUATOR CIRCUIT HIGH" address="868df" />
  <table name="(P2109) TPS A MINIMUM STOP PERF" address="868da" />
  <table name="(P2122) TPS D CIRCUIT LOW INPUT" address="868e7" />
  <table name="(P2123) TPS D CIRCUIT HIGH INPUT" address="868e8" />
  <table name="(P2127) TPS E CIRCUIT LOW INPUT" address="868e5" />
  <table name="(P2128) TPS E CIRCUIT HIGH INPUT" address="868e6" />
  <table name="(P2135) TPS A/B VOLTAGE" address="868e9" />
  <table name="(P2138) TPS D/E VOLTAGE" address="868e4" />
  <table name="(P2228) BARO. PRESSURE CIRCUIT LOW INPUT" address="8690e" />
  <table name="(P2229) BARO. PRESSURE CIRCUIT HIGH INPUT" address="8690d" />
</rom>