<rom>
  <romid>
    <xmlid>D2ZU200A</xmlid>
    <internalidaddress>2000</internalidaddress>
    <internalidstring>D2ZU200A</internalidstring>
    <ecuid>2F0A367306</ecuid>
    <year>04</year>
    <market>JDM</market>
    <make>Subaru</make>
    <model>Legacy</model>
    <submodel>3.0R</submodel>
    <transmission />
    <memmodel>SH7055</memmodel>
    <flashmethod>sti04</flashmethod>
    <checksummodule>subarudbw</checksummodule>
  </romid>
  <include>32BITBASE</include>
  <table name="Manifold Pressure Sensor Scaling" address="6f58c" />
  <table name="Manifold Pressure Sensor Limits (CEL)" address="777bc" />
  <table name="Manifold Pressure Sensor CEL Delays" address="71814" />
  <table name="Primary Open Loop Fueling A_" address="742e4">
    <table name="X" address="74280" elements="14" />
    <table name="Y" address="742b8" elements="11" />
  </table>
  <table name="Primary Open Loop Fueling B_" address="743e4">
    <table name="X" address="74380" elements="14" />
    <table name="Y" address="743b8" elements="11" />
  </table>
  <table name="Front Oxygen Sensor #1 Scaling" address="77be4">
    <table name="Y" address="77bb0" />
  </table>
  <table name="Front Oxygen Sensor #2 Scaling" address="77c4c">
    <table name="Y" address="77c18" />
  </table>
  <table name="Front Oxygen Sensor Rich Limit" address="189e4" />
  <table name="Front Oxygen Sensor Compensation (Atm. Pressure)" address="70a1c">
    <table name="Y" address="70a0c" />
  </table>
  <table name="CL Fueling Target Compensation (Load)" address="7455c">
    <table name="X" address="74504" elements="9" />
    <table name="Y" address="74528" elements="13" />
  </table>
  <table name="CL Fueling Target Compensation (ECT)_" address="73920">
    <table name="Y" address="72f3c" />
  </table>
  <table name="CL Fueling Target Compensation (ECT) Disable" address="72b14" />
  <table name="CL to OL Delay (Atm. Pressure)" address="73ca8">
    <table name="Y" address="73c8c" />
  </table>
  <table name="CL to OL Transition with Delay (Throttle)" address="733d0">
    <table name="Y" address="73390" />
  </table>
  <table name="CL to OL Transition with Delay Throttle Hysteresis" address="72c7c" />
  <table name="CL to OL Transition with Delay (Base Pulse Width)" address="73cf8">
    <table name="Y" address="73cb8" />
  </table>
  <table name="CL to OL Transition with Delay BPW Hysteresis" address="72c80" />
  <table name="CL Delay Minimum (ECT)" address="72c84" />
  <table name="CL Delay Maximum Engine Speed A" address="72c88" />
  <table name="CL Delay Maximum Engine Speed B" address="72c94" />
  <table name="CL Delay Engine Speed B Counter Threshold" address="7298e" />
  <table name="CL Delay Maximum (Throttle) A" address="72c90" />
  <table name="CL Delay Throttle A Counter Threshold" address="7298c" />
  <table name="Injector Latency" address="77850">
    <table name="Y" address="7783c" />
  </table>
  <table name="Injector Flow Scaling_" address="72a3c" />
  <table name="Cranking Fuel Injector Pulse Width A (ECT)" address="7352e">
    <table name="Y" address="72f3c" />
  </table>
  <table name="Cranking Fuel Injector Pulse Width B (ECT)" address="7354e">
    <table name="Y" address="72f3c" />
  </table>
  <table name="Cranking Fuel Injector Pulse Width C (ECT)" address="7356e">
    <table name="Y" address="72f3c" />
  </table>
  <table name="Cranking Fuel Injector Pulse Width D (ECT)" address="7358e">
    <table name="Y" address="72f3c" />
  </table>
  <table name="Cranking Fuel IPW Compensation (RPM)" address="74144">
    <table name="X" address="74100" />
    <table name="Y" address="74114" elements="12" />
  </table>
  <table name="Cranking Fuel IPW Compensation (MAP)" address="73064">
    <table name="Y" address="7303c" />
  </table>
  <table name="Cranking Fuel IPW Compensation (Accelerator)" address="73088">
    <table name="Y" address="73070" />
  </table>
  <table name="Throttle Tip-in Enrichment A" address="73d70">
    <table name="Y" address="73d5c" elements="5" />
  </table>
  <table name="Throttle Tip-in Enrichment B" address="73d90">
    <table name="Y" address="73d7c" elements="5" />
  </table>
  <table name="Minimum Tip-in Enrichment Activation" address="72db0" />
  <table name="Minimum Tip-in Enrichment Activation (Throttle)" address="72dac" />
  <table name="Tip-in Enrichment Compensation (RPM)" address="73444">
    <table name="Y" address="73420" />
  </table>
  <table name="Tip-in Enrichment Compensation (MRP)" address="73470">
    <table name="Y" address="73450" elements="8" />
  </table>
  <table name="Tip-in Enrichment Compensation A (ECT)" address="73478">
    <table name="Y" address="72f3c" />
  </table>
  <table name="Tip-in Enrichment Compensation B (ECT)" address="73d9a">
    <table name="Y" address="72f3c" />
  </table>
  <table name="Tip-in Enrichment Compensation D (ECT)" address="73dba">
    <table name="Y" address="72f7c" />
  </table>
  <table name="Tip-in Enrichment Compensation D (ECT) Activation" address="72db8" />
  <table name="Tip-in Enrichment Disable Applied Counter Threshold" address="72933" />
  <table name="Tip-in Enrichment Applied Counter Reset" address="72934" />
  <table name="Tip-in Enrichment Disable Throttle Cumulative Threshold" address="72db4" />
  <table name="Tip-in Throttle Cumulative Reset" address="72935" />
  <table name="A/F Learning Max Limit (ECT)" address="73b80">
    <table name="Y" address="72f3c" />
  </table>
  <table name="A/F Learning Min Limit (ECT)" address="73b60">
    <table name="Y" address="72f3c" />
  </table>
  <table name="A/F Learning Airflow Ranges" address="72b94" />
  <table name="MAF Limit (Maximum)_" address="7093c">
    <table name="Y" address="70934" />
  </table>
  <table name="MAF Sensor Scaling" address="77aa0">
    <table name="Y" address="779f0" elements="44" />
  </table>
  <table name="MAF Compensation (IAT)" address="70e6c">
    <table name="X" address="70e38" />
    <table name="Y" address="70e4c" />
  </table>
  <table name="Engine Load Limit (Maximum)" address="171a4" />
  <table name="Engine Load Compensation (MP)" address="70dcc">
    <table name="X" address="70d78" elements="9" />
    <table name="Y" address="70d9c" elements="12" />
  </table>
  <table name="Base Timing A" address="756fc">
    <table name="X" address="74c44" />
    <table name="Y" address="756c4" elements="14" />
  </table>
  <table name="Base Timing B" address="75808">
    <table name="X" address="74c44" />
    <table name="Y" address="757d0" elements="14" />
  </table>
  <table name="Base Timing C" address="758da">
    <table name="X" address="74c44" />
    <table name="Y" address="74c80" elements="21" />
  </table>
  <table name="Base Timing Idle" address="74dcc">
    <table name="Y" address="74c20" elements="9" />
  </table>
  <table name="Base Timing Idle (Below Speed Threshold)_" address="74dc3">
    <table name="Y" address="74c20" />
  </table>
  <table name="Base Timing Idle (Above Speed Threshold)" address="74dba">
    <table name="Y" address="74c20" />
  </table>
  <table name="Base Timing Idle Vehicle Speed Threshold" address="749dc" />
  <table name="Knock Correction Advance Max A" address="75ad4">
    <table name="X" address="75a60" elements="15" />
    <table name="Y" address="75a9c" elements="14" />
  </table>
  <table name="Knock Correction Advance Max B" address="75c38">
    <table name="X" address="75ba8" elements="15" />
    <table name="Y" address="75be4" elements="21" />
  </table>
  <table name="Timing Compensation (IAT)" address="74ea8">
    <table name="Y" address="74e68" />
  </table>
  <table name="Timing Comp Min Load (IAT)" address="74a18" />
  <table name="Timing Compensation A (ECT)" address="74e27">
    <table name="Y" address="74cd4" />
  </table>
  <table name="Timing Compensation B (ECT)" address="74e37">
    <table name="Y" address="74cd4" />
  </table>
  <table name="Timing Compensation C (ECT)" address="74e47">
    <table name="Y" address="74cd4" />
  </table>
  <table name="Timing Compensation D (ECT)" address="74e57">
    <table name="Y" address="74cd4" />
  </table>
  <table name="Feedback Correction Range (RPM)" address="74b18" />
  <table name="Feedback Correction Minimum Load_" address="75658">
    <table name="Y" address="75650" elements="2" />
  </table>
  <table name="Feedback Correction Retard Value" address="74b04" />
  <table name="Feedback Correction Retard Limit" address="74b00" />
  <table name="Feedback Correction Negative Advance Value" address="74b08" />
  <table name="Feedback Correction Negative Advance Delay" address="74956" />
  <table name="Fine Correction Range (RPM)" address="74b8c" />
  <table name="Fine Correction Range (Load)" address="74b9c" />
  <table name="Fine Correction Rows (RPM)_" address="74bc8" />
  <table name="Fine Correction Columns (Load)_" address="74bac" />
  <table name="Fine Correction Retard Value_" address="75690">
    <table name="Y" address="7565c" />
  </table>
  <table name="Fine Correction Retard Limit" address="74b84" />
  <table name="Fine Correction Advance Value" address="74b88" />
  <table name="Fine Correction Advance Limit" address="74b80" />
  <table name="Fine Correction Advance Delay" address="7495e" />
  <table name="Rough Correction Range (RPM)" address="74b38" />
  <table name="Rough Correction Range (Load)" address="74b48" />
  <table name="Rough Correction Minimum KC Advance Map Value" address="74b58" />
  <table name="Rough Correction Learning Delay (Increasing)" address="75524">
    <table name="Y" address="754fc" />
  </table>
  <table name="Advance Multiplier (Initial)" address="74b34" />
  <table name="Advance Multiplier Step Value" address="74b5c" />
  <table name="Intake Cam Advance Angle A (AVCS)" address="78b08">
    <table name="X" address="78aa4" />
    <table name="Y" address="78adc" elements="11" />
  </table>
  <table name="Intake Cam Advance Angle B (AVCS)" address="78cbc">
    <table name="X" address="78c3c" />
    <table name="Y" address="78c74" />
  </table>
  <table name="Requested Torque (Accelerator Pedal)" address="76f64">
    <table name="X" address="76ec8" elements="19" />
    <table name="Y" address="76f14" elements="20" />
  </table>
  <table name="Target Throttle Plate Position (Requested Torque)" address="76c70">
    <table name="X" address="76be4" elements="15" />
    <table name="Y" address="76c20" elements="20" />
  </table>
  <table name="Rev Limit (Fuel Cut)" address="72e0c" />
  <table name="Fuel Temp Sensor Scaling" address="778f8">
    <table name="Y" address="77880" />
  </table>
  <table name="Intake Temp Sensor Scaling" address="6f760">
    <table name="Y" address="6f6e8" />
  </table>
  <table name="Coolant Temp Sensor Scaling" address="6f678">
    <table name="Y" address="6f608" />
  </table>
  <table name="Radiator Fan Modes A (ECT)" address="78274" />
  <table name="Radiator Fan Modes B (ECT)" address="78284" />
  <table name="Radiator Fan Modes C (ECT)" address="78294" />
  <table name="Radiator Fan Modes (Veh. Speed)" address="78230" />
  <table name="Idle Speed Target A" address="76460">
    <table name="Y" address="761b0" />
  </table>
  <table name="Idle Speed Target B" address="76480">
    <table name="Y" address="761b0" />
  </table>
  <table name="Idle Speed Target C" address="764a0">
    <table name="Y" address="761b0" />
  </table>
  <table name="Idle Speed Target D" address="764c0">
    <table name="Y" address="761b0" />
  </table>
  <table name="Idle Speed Target E" address="764e0">
    <table name="Y" address="761b0" />
  </table>
  <table name="Idle Speed Target F" address="76500">
    <table name="Y" address="761b0" />
  </table>
  <table name="Force Pass Readiness Monitors" address="4b46e" />
  <table name="(P0000) PASS CODE (NO DTC DETECTED)" address="59dd3" />
  <table name="(P0000) PASS CODE (NO DTC DETECTED)_" address="59dd4" />
  <table name="(P0011) CAMSHAFT POS. - TIMING OVER-ADVANCED 1" address="59db7" />
  <table name="(P0021) CAMSHAFT POS. - TIMING OVER-ADVANCED 2" address="59db8" />
  <table name="(P0031) FRONT O2 SENSOR LOW INPUT" address="59de2" />
  <table name="(P0032) FRONT O2 SENSOR HIGH INPUT" address="59de0" />
  <table name="(P0037) REAR O2 SENSOR LOW INPUT" address="59de1" />
  <table name="(P0038) REAR O2 SENSOR HIGH INPUT" address="59ddf" />
  <table name="(P0051) HO2S CIRCUIT LOW B2 S1" address="59dea" />
  <table name="(P0052) HO2S CIRCUIT HIGH B2 S1" address="59de9" />
  <table name="(P0057) HO2S CIRCUIT LOW B2 S2" address="59df9" />
  <table name="(P0058) HO2S CIRCUIT HIGH B2 S2" address="59dfa" />
  <table name="(P0076) INTAKE VALVE CIRCUIT LOW (BANK 1)" address="59e1d" />
  <table name="(P0077) INTAKE VALVE CONTROL HIGH (BANK 1)" address="59e1c" />
  <table name="(P0082) INTAKE VALVE CONTROL LOW (BANK 2)" address="59e1b" />
  <table name="(P0083) INTAKE VALVE CONTROL HIGH (BANK 2)" address="59e1a" />
  <table name="(P0102) MAF SENSOR LOW INPUT" address="59d8f" />
  <table name="(P0103) MAF SENSOR HIGH INPUT" address="59d90" />
  <table name="(P0107) MAP SENSOR LOW INPUT" address="59de5" />
  <table name="(P0108) MAP SENSOR HIGH INPUT" address="59de6" />
  <table name="(P0112) IAT SENSOR LOW INPUT" address="59ddc" />
  <table name="(P0113) IAT SENSOR HIGH INPUT" address="59ddd" />
  <table name="(P0117) COOLANT TEMP SENSOR LOW INPUT" address="59d98" />
  <table name="(P0118) COOLANT TEMP SENSOR HIGH INPUT" address="59d99" />
  <table name="(P0122) TPS A LOW INPUT" address="59d96" />
  <table name="(P0123) TPS A HIGH INPUT" address="59d97" />
  <table name="(P0131) FRONT O2 SENSOR LOW INPUT" address="59dd6" />
  <table name="(P0132) FRONT O2 SENSOR HIGH INPUT" address="59dd8" />
  <table name="(P0134) FRONT O2 SENSOR NO ACTIVITY" address="59df5" />
  <table name="(P0137) REAR O2 SENSOR LOW VOLTAGE" address="59dd5" />
  <table name="(P0138) REAR O2 SENSOR HIGH VOLTAGE" address="59dda" />
  <table name="(P0151) O2 SENSOR CIRCUIT LOW B2 S1" address="59dd7" />
  <table name="(P0152) O2 SENSOR CIRCUIT HIGH B2 S1" address="59dd9" />
  <table name="(P0154) O2 SENSOR CIRCUIT OPEN B2 S1" address="59df4" />
  <table name="(P0157) O2 SENSOR CIRCUIT LOW B2 S2" address="59dfb" />
  <table name="(P0158) O2 SENSOR CIRCUIT HIGH B2 S2" address="59dfc" />
  <table name="(P0171) SYSTEM TOO LEAN" address="59dca" />
  <table name="(P0172) SYSTEM TOO RICH" address="59dcb" />
  <table name="(P0174) SYSTEM TOO LEAN B2" address="59dc4" />
  <table name="(P0175) SYSTEM TOO RICH B2" address="59dc5" />
  <table name="(P0197) OIL TEMP SENSOR LOW" address="59e16" />
  <table name="(P0198) OIL TEMP SENSOR HIGH" address="59e1f" />
  <table name="(P0222) TPS B LOW INPUT" address="59dfe" />
  <table name="(P0223) TPS B HIGH INPUT" address="59dff" />
  <table name="(P0230) FUEL PUMP PRIMARY CIRCUIT" address="59def" />
  <table name="(P0301) MISFIRE CYLINDER 1" address="59dcc" />
  <table name="(P0302) MISFIRE CYLINDER 2" address="59dcd" />
  <table name="(P0303) MISFIRE CYLINDER 3" address="59dce" />
  <table name="(P0304) MISFIRE CYLINDER 4" address="59dcf" />
  <table name="(P0305) MISFIRE CYLINDER 5" address="59dd0" />
  <table name="(P0306) MISFIRE CYLINDER 6" address="59dd1" />
  <table name="(P0327) KNOCK SENSOR 1 LOW INPUT" address="59d94" />
  <table name="(P0328) KNOCK SENSOR 1 HIGH INPUT" address="59d95" />
  <table name="(P0332) KNOCK SENSOR 2 LOW INPUT" address="59d92" />
  <table name="(P0333) KNOCK SENSOR 2 HIGH INPUT" address="59d93" />
  <table name="(P0335) CRANKSHAFT POS. SENSOR A MALFUNCTION" address="59d8c" />
  <table name="(P0340) CAMSHAFT POS. SENSOR A MALFUNCTION" address="59e10" />
  <table name="(P0345) CAMSHAFT POS. SENSOR A BANK 2" address="59e0f" />
  <table name="(P0458) EVAP PURGE VALVE CIRCUIT LOW" address="59dbb" />
  <table name="(P0459) EVAP PURGE VALVE CIRCUIT HIGH" address="59dbc" />
  <table name="(P0462) FUEL LEVEL SENSOR LOW INPUT" address="59d9c" />
  <table name="(P0463) FUEL LEVEL SENSOR HIGH INPUT" address="59d9d" />
  <table name="(P0500) VEHICLE SPEED SENSOR A" address="59d91" />
  <table name="(P0512) STARTER REQUEST CIRCUIT" address="59da0" />
  <table name="(P0519) IDLE CONTROL MALFUNCTION (FAIL-SAFE)" address="59df2" />
  <table name="(P0600) SERIAL COMMUNICATION LINK" address="59e0e" />
  <table name="(P0604) CONTROL MODULE RAM ERROR" address="59d8e" />
  <table name="(P0605) CONTROL MODULE ROM ERROR" address="59e11" />
  <table name="(P0607) CONTROL MODULE PERFORMANCE" address="59e06" />
  <table name="(P0638) THROTTLE ACTUATOR RANGE/PERF" address="59e05" />
  <table name="(P0700) TRANSMISSION CONTROL SYSTEM" address="59e19" />
  <table name="(P1026) VVL SYSTEMS 1 PERFORMANCE" address="59e21" />
  <table name="(P1028) VVL SYSTEMS 2 PERFORMANCE" address="59e20" />
  <table name="(P1160) ABNORMAL RETURN SPRING" address="59e00" />
  <table name="(P1518) STARTER SWITCH LOW INPUT" address="59d9f" />
  <table name="(P1560) BACK-UP VOLTAGE MALFUNCTION" address="59dec" />
  <table name="(P2088) OCV SOLENOID A1 CIRCUIT OPEN" address="59e15" />
  <table name="(P2089) OCV SOLENOID A1 CIRCUIT SHORT" address="59e14" />
  <table name="(P2092) OCV SOLENOID A2 CIRCUIT OPEN" address="59e13" />
  <table name="(P2093) OCV SOLENOID A2 CIRCUIT SHORT" address="59e12" />
  <table name="(P2101) THROTTLE ACTUATOR CIRCUIT RANGE/PERF" address="59e03" />
  <table name="(P2102) THROTTLE ACTUATOR CIRCUIT LOW" address="59e01" />
  <table name="(P2103) THROTTLE ACTUATOR CIRCUIT HIGH" address="59e02" />
  <table name="(P2109) TPS A MINIMUM STOP PERF" address="59dfd" />
  <table name="(P2122) TPS D CIRCUIT LOW INPUT" address="59e0a" />
  <table name="(P2123) TPS D CIRCUIT HIGH INPUT" address="59e0b" />
  <table name="(P2127) TPS E CIRCUIT LOW INPUT" address="59e08" />
  <table name="(P2128) TPS E CIRCUIT HIGH INPUT" address="59e09" />
  <table name="(P2135) TPS A/B VOLTAGE" address="59e0c" />
  <table name="(P2138) TPS D/E VOLTAGE" address="59e07" />
</rom>