<rom>
  <romid>
    <xmlid>A2PG420A</xmlid>
    <internalidaddress>2000</internalidaddress>
    <internalidstring>A2PG420A</internalidstring>
    <ecuid>4B04535107</ecuid>
    <year>07</year>
    <market>JDM</market>
    <make>Subaru</make>
    <model>Legacy</model>
    <submodel>GT</submodel>
    <transmission>AT</transmission>
    <memmodel>SH7058</memmodel>
    <flashmethod>subarucan</flashmethod>
    <checksummodule>subarudbw</checksummodule>
  </romid>
  <include>32BITBASE</include>
  <table name="Target Boost_" address="c14fc">
    <table name="X" address="c147c" elements="16" />
    <table name="Y" address="c14bc" elements="16" />
  </table>
  <table name="Target Boost Compensation (ECT)" address="c0970">
    <table name="Y" address="c06e0" />
  </table>
  <table name="Target Boost Compensation (1st Gear)" address="c06d8" />
  <table name="Target Boost Compensation (1st Gear) Speed Disable" address="c06d4" />
  <table name="Target Boost Compensation (IAT)" address="c09d0">
    <table name="Y" address="c0990" />
  </table>
  <table name="Target Boost Compensation (Atm. Pressure)" address="c09f4">
    <table name="Y" address="c09e0" />
  </table>
  <table name="Boost Limit (Fuel Cut)" address="c75e0">
    <table name="Y" address="c75c8" />
  </table>
  <table name="Boost Control Disable (IAM)" address="c06c8" />
  <table name="Boost Control Disable (Fine Correction)" address="c06c4" />
  <table name="Boost Control Disable Delay (Fine Correction)" address="c0661" />
  <table name="Initial Wastegate Duty_" address="c1084">
    <table name="X" address="c100c" elements="14" />
    <table name="Y" address="c1044" elements="16" />
  </table>
  <table name="Max Wastegate Duty_" address="c0c14">
    <table name="X" address="c0b9c" elements="14" />
    <table name="Y" address="c0bd4" elements="16" />
  </table>
  <table name="Max Wastegate Duty Limit Post-Compensation" address="18ac8" />
  <table name="Initial/Max Wastegate Duty Compensation (IAT)" address="c0760">
    <table name="Y" address="c0720" />
  </table>
  <table name="Initial/Max Wastegate Duty Compensation (ECT)" address="c0860">
    <table name="Y" address="c06e0" />
  </table>
  <table name="Initial/Max Wastegate Duty Compensation (Atm. Pressure)" address="c0b44">
    <table name="X" address="c0b1c" />
    <table name="Y" address="c0b34" />
  </table>
  <table name="Turbo Dynamics Proportional" address="c0a20">
    <table name="Y" address="c09fc" />
  </table>
  <table name="Turbo Dynamics Integral Positive" address="c0a90">
    <table name="Y" address="c0a6c" />
  </table>
  <table name="Turbo Dynamics Integral Negative" address="c0a58">
    <table name="Y" address="c0a34" />
  </table>
  <table name="TD Proportional Compensation (IAT)" address="c08c0">
    <table name="Y" address="c0880" elements="16" />
  </table>
  <table name="TD Integral Positive Compensation (IAT)" address="c0960">
    <table name="Y" address="c0920" elements="16" />
  </table>
  <table name="TD Integral Negative Compensation (IAT)" address="c0910">
    <table name="Y" address="c08d0" elements="16" />
  </table>
  <table name="TD Activation Thresholds (RPM)" address="c06ac" />
  <table name="TD Activation Thresholds (Target Boost)_" address="c0688" />
  <table name="TD Integral Cumulative Range (WGDC Correction)" address="c06bc" />
  <table name="TD Integral Negative Activation (Boost Error)" address="c0698" />
  <table name="TD Integral Positive Activation (Boost Error)" address="c06a0" />
  <table name="TD Integral Positive Activation (Wastegate Duty)" address="c06a8" />
  <table name="Manifold Pressure Sensor Scaling" address="c028c" />
  <table name="Manifold Pressure Sensor Limits (CEL)" address="cd5fa" />
  <table name="Manifold Pressure Sensor CEL Delays" address="c48a1" />
  <table name="Primary Open Loop Fueling" address="c7d28">
    <table name="X" address="c7c88" elements="22" />
    <table name="Y" address="c7ce0" />
  </table>
  <table name="Primary Open Loop Fueling (Failsafe)" address="c7f54">
    <table name="X" address="c7eb4" elements="22" />
    <table name="Y" address="c7f0c" />
  </table>
  <table name="Primary Open Loop Fuel Map Switch (IAM)" address="c5bb8" />
  <table name="Minimum Active Primary Open Loop Enrichment" address="c5bbc" />
  <table name="Minimum Primary Open Loop Enrichment (Throttle)" address="c638c">
    <table name="Y" address="c6374" />
  </table>
  <table name="Minimum Primary Open Loop Enrichment (Accelerator)" address="c63ac">
    <table name="Y" address="c6394" />
  </table>
  <table name="Primary Open Loop Fueling Compensation (ECT)" address="c6eec">
    <table name="Y" address="c5fb4" />
  </table>
  <table name="Primary Open Loop Fueling Compensation (Timing Compensation)" address="c631c">
    <table name="Y" address="c6304" />
  </table>
  <table name="Front Oxygen Sensor Scaling" address="cdb64">
    <table name="Y" address="cdb30" />
  </table>
  <table name="Front Oxygen Sensor Rich Limit" address="2a34c" />
  <table name="Front Oxygen Sensor Compensation (Atm. Pressure)" address="c3f74">
    <table name="Y" address="c3f64" />
  </table>
  <table name="CL Fueling Target Compensation (Load)" address="c8814">
    <table name="X" address="c87e4" elements="6" />
    <table name="Y" address="c87fc" elements="6" />
  </table>
  <table name="CL Fueling Target Compensation Imm. Cruise (ECT)" address="c8688">
    <table name="X" address="c5fb4" />
    <table name="Y" address="c867c" />
  </table>
  <table name="CL Fueling Target Compensation Imm. Non-Cruise (ECT)" address="c873c">
    <table name="X" address="c5fb4" />
    <table name="Y" address="c8730" />
  </table>
  <table name="CL to OL Delay" address="c57f6">
    <table name="Y" elements="2" />
  </table>
  <table name="CL to OL Delay/Switch SI-DRIVE Intelligent" address="c57f4" />
  <table name="CL to OL Transition with Delay (Throttle)" address="c6364">
    <table name="Y" address="c6324" />
  </table>
  <table name="CL to OL Transition with Delay Throttle Hysteresis" address="c5bc0" />
  <table name="CL to OL Transition with Delay (Base Pulse Width)" address="c6e18">
    <table name="Y" address="c6dd8" />
  </table>
  <table name="CL to OL Transition with Delay BPW Hysteresis" address="c5bc4" />
  <table name="CL to OL Transition Counter Step Value (MAF)" address="c6e60">
    <table name="Y" address="c6e38" />
  </table>
  <table name="CL Delay Maximum (Vehicle Speed)" address="c5c40" />
  <table name="CL Delay Minimum (ECT)" address="c5bc8" />
  <table name="CL Delay Maximum (Engine Load)" address="c5c50" />
  <table name="CL Delay Engine Load Counter Threshold" address="c57f2" />
  <table name="CL Delay Maximum Engine Speed (Per Gear)" address="c5bf4" />
  <table name="CL Delay Maximum Engine Speed (Neutral)" address="c5c1c" />
  <table name="CL Delay Throttle Atm. Pressure Thresholds" address="c5c24" />
  <table name="CL Delay Maximum (Throttle) (Low Atm. Pressure)" address="c5c2c" />
  <table name="CL Delay Maximum (Throttle) (High Atm. Pressure)" address="c5c34" />
  <table name="Injector Latency" address="c66fc">
    <table name="Y" address="c66e8" />
  </table>
  <table name="Injector Flow Scaling" address="c5978" />
  <table name="Per Injector Pulse Width Compensation A" address="c8130">
    <table name="X" address="c80e0" elements="8" />
    <table name="Y" address="c8100" elements="12" />
  </table>
  <table name="Per Injector Pulse Width Compensation B" address="c81e0">
    <table name="X" address="c8190" elements="8" />
    <table name="Y" address="c81b0" elements="12" />
  </table>
  <table name="Per Injector Pulse Width Compensation C" address="c8290">
    <table name="X" address="c8240" elements="8" />
    <table name="Y" address="c8260" elements="12" />
  </table>
  <table name="Per Injector Pulse Width Compensation D" address="c8340">
    <table name="X" address="c82f0" elements="8" />
    <table name="Y" address="c8310" elements="12" />
  </table>
  <table name="Cranking Fuel Injector Pulse Width A (ECT)" address="c6626">
    <table name="Y" address="c5fb4" />
  </table>
  <table name="Cranking Fuel Injector Pulse Width B (ECT)" address="c6646">
    <table name="Y" address="c5fb4" />
  </table>
  <table name="Cranking Fuel Injector Pulse Width C (ECT)" address="c6666">
    <table name="Y" address="c5fb4" />
  </table>
  <table name="Cranking Fuel Injector Pulse Width D (ECT)" address="c6686">
    <table name="Y" address="c5fb4" />
  </table>
  <table name="Cranking Fuel Injector Pulse Width E (ECT)" address="c66a6">
    <table name="Y" address="c5fb4" />
  </table>
  <table name="Cranking Fuel Injector Pulse Width F (ECT)" address="c66c6">
    <table name="Y" address="c5fb4" />
  </table>
  <table name="Cranking Fuel IPW Compensation Imm. Cruise (RPM)" address="c788c">
    <table name="X" address="c785c" />
    <table name="Y" address="c7870" />
  </table>
  <table name="Cranking Fuel IPW Compensation Imm. Non-Cruise (RPM)" address="c7934">
    <table name="X" address="c7904" />
    <table name="Y" address="c7918" />
  </table>
  <table name="Cranking Fuel IPW Compensation (Accelerator)" address="c60e8">
    <table name="Y" address="c60d0" />
  </table>
  <table name="Throttle Tip-in Enrichment" address="c7534">
    <table name="Y" address="c74f0" elements="17" />
  </table>
  <table name="Minimum Tip-in Enrichment Activation" address="c5e6c" />
  <table name="Minimum Tip-in Enrichment Activation (Throttle)" address="c5e64" />
  <table name="Tip-in Enrichment Compensation (Boost Error)" address="c659c">
    <table name="Y" address="c6578" />
  </table>
  <table name="Tip-in Enrichment Compensation (ECT)" address="c7556">
    <table name="Y" address="c5fb4" />
  </table>
  <table name="Tip-in Enrichment Disable Applied Counter Threshold" address="c57a7" />
  <table name="Tip-in Enrichment Applied Counter Reset" address="c57a8" />
  <table name="Tip-in Enrichment Disable Throttle Cumulative Threshold" address="c5e68" />
  <table name="Tip-in Throttle Cumulative Reset" address="c57a9" />
  <table name="Min Primary Base Enrichment 1 Cruise" address="c7abc">
    <table name="X" address="c5fb4" />
    <table name="Y" address="c7a9c" />
  </table>
  <table name="Min Primary Base Enrichment 1 Non-Cruise" address="c7a1c">
    <table name="X" address="c5fb4" />
    <table name="Y" address="c79fc" />
  </table>
  <table name="Min Primary Base Enrichment 1 (Non-Primary OL)" address="c7b70">
    <table name="X" address="c7b3c" />
    <table name="Y" address="c7b64" />
  </table>
  <table name="Min Primary Base Enrich 2 Initial Start 1A" address="c6786">
    <table name="Y" address="c5fb4" />
  </table>
  <table name="Min Primary Base Enrich 2 Initial Start 1B" address="c67a6">
    <table name="Y" address="c5fb4" />
  </table>
  <table name="Min Primary Base Enrich 2 Initial Start 2A" address="c67c6">
    <table name="Y" address="c5fb4" />
  </table>
  <table name="Min Primary Base Enrich 2 Initial Start 2B" address="c67e6">
    <table name="Y" address="c5fb4" />
  </table>
  <table name="Min Primary Base Enrich 2 Decay Step 1" address="c6806">
    <table name="Y" address="c5fb4" />
  </table>
  <table name="Min Primary Base Enrich 2 Decay Step 2" address="c6826">
    <table name="Y" address="c5fb4" />
  </table>
  <table name="Min Primary Base Enrich 3 Initial Start 1A" address="c6706">
    <table name="Y" address="c5fb4" />
  </table>
  <table name="Min Primary Base Enrich 3 Initial Start 1B" address="c6726">
    <table name="Y" address="c5fb4" />
  </table>
  <table name="Min Primary Base Enrich 3 Initial Start 2A" address="c6746">
    <table name="Y" address="c5fb4" />
  </table>
  <table name="Min Primary Base Enrich 3 Initial Start 2B" address="c6766">
    <table name="Y" address="c5fb4" />
  </table>
  <table name="Min Primary Base Enrich 3 Decay Delay A" address="c60fe">
    <table name="Y" address="c5fb4" />
  </table>
  <table name="Min Primary Base Enrich 3 Decay Delay B" address="c610e">
    <table name="Y" address="c5fb4" />
  </table>
  <table name="Min Primary Base Enrich 3 Decay Multiplier" address="c597c" />
  <table name="A/F Learning #1 Limits" address="c5b40" />
  <table name="A/F Learning #1 Airflow Ranges" address="c5b50" />
  <table name="MAF Limit (Maximum)" address="c3a90" />
  <table name="MAF Sensor Scaling" address="cda58">
    <table name="Y" address="cd980" />
  </table>
  <table name="MAF Compensation (IAT)" address="c422c">
    <table name="X" address="c41f8" />
    <table name="Y" address="c420c" />
  </table>
  <table name="Engine Load Limit (Maximum)" address="28ae4" />
  <table name="Engine Load Compensation (MP)" address="c42b4">
    <table name="X" address="c4254" />
    <table name="Y" address="c4280" elements="13" />
  </table>
  <table name="Base Timing Primary Cruise" address="ca2f0">
    <table name="X" address="ca260" elements="18" />
    <table name="Y" address="ca2a8" />
  </table>
  <table name="Base Timing Reference Cruise (AVCS related)" address="ca6f0">
    <table name="X" address="ca660" elements="18" />
    <table name="Y" address="ca6a8" />
  </table>
  <table name="Base Timing Primary Non-Cruise" address="ca4d4">
    <table name="X" address="ca434" elements="22" />
    <table name="Y" address="ca48c" />
  </table>
  <table name="Base Timing Reference Non-Cruise (AVCS related)" address="ca8d4">
    <table name="X" address="ca834" elements="22" />
    <table name="Y" address="ca88c" />
  </table>
  <table name="Base Timing Idle A (In-Gear)" address="c9805">
    <table name="Y" address="c9644" />
  </table>
  <table name="Base Timing Idle B (In-Gear)" address="c9815">
    <table name="Y" address="c9644" />
  </table>
  <table name="Base Timing Idle A (Neutral)" address="c9825">
    <table name="Y" address="c9644" />
  </table>
  <table name="Base Timing Idle B (Neutral)" address="c9835">
    <table name="Y" address="c9644" />
  </table>
  <table name="Base Timing Idle Minimum" address="c97fc">
    <table name="Y" address="c97d8" />
  </table>
  <table name="Base Timing Idle Minimum Vehicle Speed Enable" address="c9308" />
  <table name="Knock Correction Advance Max Cruise" address="cb25c">
    <table name="X" address="cb1cc" elements="18" />
    <table name="Y" address="cb214" />
  </table>
  <table name="Knock Correction Advance Max Non-Cruise" address="cb040">
    <table name="X" address="cafa0" elements="22" />
    <table name="Y" address="caff8" />
  </table>
  <table name="Timing Compensation A (IAT)" address="c98b8">
    <table name="Y" address="c9878" />
  </table>
  <table name="Timing Compensation A (IAT) Activation" address="caaa0">
    <table name="X" address="caa60" />
    <table name="Y" address="caa80" />
  </table>
  <table name="Timing Compensation B (IAT)" address="c9c3c">
    <table name="Y" address="c9bfc" />
  </table>
  <table name="Timing Compensation B (IAT) IAM Activation" address="c9460" />
  <table name="Timing Compensation B (IAT) Max Additive" address="c9444" />
  <table name="Timing Compensation (ECT)" address="c9865">
    <table name="Y" address="c9644" />
  </table>
  <table name="Timing Compensation (MRP)" address="cad48">
    <table name="X" address="cad28" />
    <table name="Y" address="cad3c" />
  </table>
  <table name="Timing Compensation Per Cylinder A" address="cada0">
    <table name="X" address="cad58" />
    <table name="Y" address="cad90" />
  </table>
  <table name="Timing Compensation Per Cylinder B" address="cae20">
    <table name="X" address="cadd8" />
    <table name="Y" address="cae10" />
  </table>
  <table name="Timing Compensation Per Cylinder C" address="caea0">
    <table name="X" address="cae58" />
    <table name="Y" address="cae90" />
  </table>
  <table name="Timing Compensation Per Cylinder D" address="caf20">
    <table name="X" address="caed8" />
    <table name="Y" address="caf10" />
  </table>
  <table name="Timing Comp Minimum Load (Per Cylinder)" address="c9468" />
  <table name="Timing Comp Maximum RPM (Per Cylinder)" address="c9464" />
  <table name="Timing Comp Minimum Coolant Temp (Per Cylinder)" address="c946c" />
  <table name="Feedback Correction Range (RPM)" address="c9478" />
  <table name="Feedback Correction Minimum Load" address="c9470" />
  <table name="Feedback Correction Retard Value" address="c9498" />
  <table name="Feedback Correction Retard Limit" address="c9494" />
  <table name="Feedback Correction Negative Advance Value" address="c949c" />
  <table name="Feedback Correction Negative Advance Delay" address="c9210" />
  <table name="Extended Feedback Correction High RPM Compensation" address="c94a4" />
  <table name="Fine Correction Minimum (RPM)" address="c94b4" />
  <table name="Fine Correction Maximum (RPM)" address="c9600" />
  <table name="Fine Correction Range (Load)" address="c9608" />
  <table name="Fine Correction Rows (RPM)" address="c95cc" />
  <table name="Fine Correction Columns (Load)" address="c95bc" />
  <table name="Fine Correction Retard Value" address="c95fc" />
  <table name="Fine Correction Retard Limit" address="c95f8" />
  <table name="Fine Correction Advance Value" address="c95f4" />
  <table name="Fine Correction Advance Limit" address="c95f0" />
  <table name="Fine Correction Advance Delay" address="c9220" />
  <table name="Rough Correction Range (RPM)" address="c956c" />
  <table name="Rough Correction Range (Load)" address="c957c" />
  <table name="Rough Correction Minimum KC Advance Map Value" address="c958c" />
  <table name="Rough Correction Learning Delay (Increasing)" address="c9c74">
    <table name="Y" address="c9c4c" />
  </table>
  <table name="Advance Multiplier (Initial)" address="c9590" />
  <table name="Advance Multiplier Step Value" address="c9594" />
  <table name="Intake Cam Advance Angle Cruise (AVCS)" address="cfca4">
    <table name="X" address="cfc24" />
    <table name="Y" address="cfc5c" />
  </table>
  <table name="Intake Cam Advance Angle Non-Cruise (AVCS)" address="cff1c">
    <table name="X" address="cfe9c" />
    <table name="Y" address="cfed4" />
  </table>
  <table name="Exhaust Cam Retard Angle Cruise (AVCS)" address="d05cc">
    <table name="X" address="d054c" />
    <table name="Y" address="d0584" />
  </table>
  <table name="Exhaust Cam Retard Angle Non-Cruise (AVCS)" address="d0844">
    <table name="X" address="d07c4" />
    <table name="Y" address="d07fc" />
  </table>
  <table name="Requested Torque A (Accelerator Pedal) SI-DRIVE Sport" address="dc910">
    <table name="X" address="dc870" elements="20" />
    <table name="Y" address="dc8c0" elements="20" />
  </table>
  <table name="Requested Torque B (Accelerator Pedal) SI-DRIVE Sport" address="dd450">
    <table name="X" address="dd3b0" elements="20" />
    <table name="Y" address="dd400" elements="20" />
  </table>
  <table name="Requested Torque A (Accelerator Pedal) SI-DRIVE Sport Sharp" address="dccd0">
    <table name="X" address="dcc30" elements="20" />
    <table name="Y" address="dcc80" elements="20" />
  </table>
  <table name="Requested Torque B (Accelerator Pedal) SI-DRIVE Sport Sharp" address="dd810">
    <table name="X" address="dd770" elements="20" />
    <table name="Y" address="dd7c0" elements="20" />
  </table>
  <table name="Requested Torque A (Accelerator Pedal) SI-DRIVE Intelligent" address="dd090">
    <table name="X" address="dcff0" elements="20" />
    <table name="Y" address="dd040" elements="20" />
  </table>
  <table name="Requested Torque B (Accelerator Pedal) SI-DRIVE Intelligent" address="ddbd0">
    <table name="X" address="ddb30" elements="20" />
    <table name="Y" address="ddb80" elements="20" />
  </table>
  <table name="Target Throttle Plate Position Cruise (Requested Torque)" address="dbf68">
    <table name="X" address="dbed4" elements="21" />
    <table name="Y" address="dbf28" />
  </table>
  <table name="Target Throttle Plate Position Non-Cruise (Requested Torque)" address="dc29c">
    <table name="X" address="dc208" elements="21" />
    <table name="Y" address="dc25c" />
  </table>
  <table name="Target Throttle Plate Position Maximum (Requested Torque)" address="dc5d0">
    <table name="X" address="dc53c" elements="21" />
    <table name="Y" address="dc590" />
  </table>
  <table name="Rev Limit (Fuel Cut)" address="c5ec0" />
  <table name="Rev Limit Fuel Resume (Boost)" address="c5ec8" />
  <table name="Speed Limiting Enable (Fuel Cut)" address="c5f0c" />
  <table name="Speed Limiting Disable (Fuel Cut)" address="c5f18" />
  <table name="Speed Limiting A (Throttle) SI-DRIVE Sport/Sport Sharp" address="db844" />
  <table name="Speed Limiting B (Throttle) SI-DRIVE Sport/Sport Sharp" address="db85c" />
  <table name="Speed Limiting (Throttle) SI-DRIVE Intelligent" address="db850" />
  <table name="Intake Temp Sensor Scaling" address="8bb04">
    <table name="Y" address="8ba8c" />
  </table>
  <table name="Coolant Temp Sensor Scaling" address="8ba1c">
    <table name="Y" address="8b9ac" />
  </table>
  <table name="Radiator Fan Modes A (ECT)" address="ce2c4" />
  <table name="Radiator Fan Modes B (ECT)" address="ce2d4" />
  <table name="Radiator Fan Modes (Veh. Speed)" address="ce2e4" />
  <table name="Idle Speed Target A" address="cbf0a">
    <table name="Y" address="cb9fc" />
  </table>
  <table name="Idle Speed Target B" address="cbf4a">
    <table name="Y" address="cb9fc" />
  </table>
  <table name="Idle Speed Target C" address="cbf8a">
    <table name="Y" address="cb9fc" />
  </table>
  <table name="Force Pass Readiness Monitors" address="844aa" />
  <table name="(P0000) PASS CODE (NO DTC DETECTED)" address="78a25" />
  <table name="(P0000) PASS CODE (NO DTC DETECTED)_" address="78a26" />
  <table name="(P0031) FRONT O2 SENSOR LOW INPUT" address="78a34" />
  <table name="(P0032) FRONT O2 SENSOR HIGH INPUT" address="78a32" />
  <table name="(P0037) REAR O2 SENSOR LOW INPUT" address="78a33" />
  <table name="(P0038) REAR O2 SENSOR HIGH INPUT" address="78a31" />
  <table name="(P0102) MAF SENSOR LOW INPUT" address="789e1" />
  <table name="(P0103) MAF SENSOR HIGH INPUT" address="789e2" />
  <table name="(P0107) MAP SENSOR LOW INPUT" address="78a35" />
  <table name="(P0108) MAP SENSOR HIGH INPUT" address="78a36" />
  <table name="(P0112) IAT SENSOR LOW INPUT" address="78a2e" />
  <table name="(P0113) IAT SENSOR HIGH INPUT" address="78a2f" />
  <table name="(P0117) COOLANT TEMP SENSOR LOW INPUT" address="789ea" />
  <table name="(P0118) COOLANT TEMP SENSOR HIGH INPUT" address="789eb" />
  <table name="(P0122) TPS A LOW INPUT" address="789e8" />
  <table name="(P0123) TPS A HIGH INPUT" address="789e9" />
  <table name="(P0131) FRONT O2 SENSOR LOW INPUT" address="78a28" />
  <table name="(P0132) FRONT O2 SENSOR HIGH INPUT" address="78a2a" />
  <table name="(P0134) FRONT O2 SENSOR NO ACTIVITY" address="78a51" />
  <table name="(P0140) REAR O2 SENSOR NO ACTIVITY" address="78a9f" />
  <table name="(P0171) SYSTEM TOO LEAN" address="78a1c" />
  <table name="(P0172) SYSTEM TOO RICH" address="78a1d" />
  <table name="(P0222) TPS B LOW INPUT" address="78a5b" />
  <table name="(P0223) TPS B HIGH INPUT" address="78a5c" />
  <table name="(P0230) FUEL PUMP PRIMARY CIRCUIT" address="78a4c" />
  <table name="(P0245) WASTEGATE SOLENOID A LOW" address="78a40" />
  <table name="(P0246) WASTEGATE SOLENOID A HIGH" address="78a41" />
  <table name="(P0301) MISFIRE CYLINDER 1" address="78a1e" />
  <table name="(P0302) MISFIRE CYLINDER 2" address="78a1f" />
  <table name="(P0303) MISFIRE CYLINDER 3" address="78a20" />
  <table name="(P0304) MISFIRE CYLINDER 4" address="78a21" />
  <table name="(P0327) KNOCK SENSOR 1 LOW INPUT" address="789e6" />
  <table name="(P0328) KNOCK SENSOR 1 HIGH INPUT" address="789e7" />
  <table name="(P0335) CRANKSHAFT POS. SENSOR A MALFUNCTION" address="789dc" />
  <table name="(P0340) CAMSHAFT POS. SENSOR A MALFUNCTION" address="78a6f" />
  <table name="(P0345) CAMSHAFT POS. SENSOR A BANK 2" address="78a6e" />
  <table name="(P0365) CAMSHAFT POS. SENSOR B BANK 1" address="78a6d" />
  <table name="(P0390) CAMSHAFT POS. SENSOR B BANK 2" address="78a6c" />
  <table name="(P0410) SECONDARY AIR PUMP SYSTEM" address="78a99" />
  <table name="(P0413) SECONDARY AIR PUMP A OPEN" address="78a9d" />
  <table name="(P0414) SECONDARY AIR PUMP A SHORTED" address="78aa2" />
  <table name="(P0418) SECONDARY AIR PUMP RELAY A" address="78a9e" />
  <table name="(P0458) EVAP PURGE VALVE CIRCUIT LOW" address="78a0d" />
  <table name="(P0459) EVAP PURGE VALVE CIRCUIT HIGH" address="78a0e" />
  <table name="(P0462) FUEL LEVEL SENSOR LOW INPUT" address="789ee" />
  <table name="(P0463) FUEL LEVEL SENSOR HIGH INPUT" address="789ef" />
  <table name="(P0500) VEHICLE SPEED SENSOR A" address="789e3" />
  <table name="(P0512) STARTER REQUEST CIRCUIT" address="789f3" />
  <table name="(P0519) IDLE CONTROL MALFUNCTION (FAIL-SAFE)" address="78a4e" />
  <table name="(P0562) SYSTEM VOLTAGE LOW" address="78a3e" />
  <table name="(P0563) SYSTEM VOLTAGE HIGH" address="78a3f" />
  <table name="(P0600) SERIAL COMMUNICATION LINK" address="78a6b" />
  <table name="(P0604) CONTROL MODULE RAM ERROR" address="789e0" />
  <table name="(P0605) CONTROL MODULE ROM ERROR" address="78a70" />
  <table name="(P0607) CONTROL MODULE PERFORMANCE" address="78a63" />
  <table name="(P0638) THROTTLE ACTUATOR RANGE/PERF" address="78a62" />
  <table name="(P0700) TRANSMISSION CONTROL SYSTEM" address="78a7c" />
  <table name="(P0851) NEUTRAL SWITCH INPUT LOW" address="789f7" />
  <table name="(P0852) NEUTRAL SWITCH INPUT HIGH" address="789fb" />
  <table name="(P1160) ABNORMAL RETURN SPRING" address="78a5d" />
  <table name="(P1410) SECONDARY AIR PUMP VALVE STUCK OPEN" address="78aa6" />
  <table name="(P1418) SECONDARY AIR PUMP CIRCUIT SHORTED" address="78aa3" />
  <table name="(P1519) IMRC STUCK CLOSED" address="78aaf" />
  <table name="(P1520) IMRC CIRCUIT MALFUNCTION" address="78aae" />
  <table name="(P1560) BACK-UP VOLTAGE MALFUNCTION" address="78a3d" />
  <table name="(P1616) SBDS INTERACTIVE CODES" address="78aad" />
  <table name="(P2004) TGV - INTAKE MANIFOLD RUNNER 1 STUCK OPEN" address="78a87" />
  <table name="(P2005) TGV - INTAKE MANIFOLD RUNNER 2 STUCK OPEN" address="78a89" />
  <table name="(P2006) TGV - INTAKE MANIFOLD RUNNER 1 STUCK CLOSED" address="78a88" />
  <table name="(P2007) TGV - INTAKE MANIFOLD RUNNER 2 STUCK CLOSED" address="78a8a" />
  <table name="(P2008) TGV - INTAKE MANIFOLD RUNNER 1 CIRCUIT OPEN" address="78a95" />
  <table name="(P2009) TGV - INTAKE MANIFOLD RUNNER 1 CIRCUIT LOW" address="78a93" />
  <table name="(P2011) TGV - INTAKE MANIFOLD RUNNER 2 CIRCUIT OPEN" address="78a96" />
  <table name="(P2012) TGV - INTAKE MANIFOLD RUNNER 2 CIRCUIT LOW" address="78a94" />
  <table name="(P2016) TGV - INTAKE MANIFOLD RUNNER 1 POS. SENSOR LOW" address="78a8f" />
  <table name="(P2017) TGV - INTAKE MANIFOLD RUNNER 1 POS. SENSOR HIGH" address="78a90" />
  <table name="(P2021) TGV - INTAKE MANIFOLD RUNNER 2 POS. SENSOR LOW" address="78a91" />
  <table name="(P2022) TGV - INTAKE MANIFOLD RUNNER 2 POS. SENSOR HIGH" address="78a92" />
  <table name="(P2088) OCV SOLENOID A1 CIRCUIT OPEN" address="78a78" />
  <table name="(P2089) OCV SOLENOID A1 CIRCUIT SHORT" address="78a77" />
  <table name="(P2090) OCV SOLENOID B1 CIRCUIT OPEN" address="78a74" />
  <table name="(P2091) OCV SOLENOID B1 CIRCUIT SHORT" address="78a73" />
  <table name="(P2092) OCV SOLENOID A2 CIRCUIT OPEN" address="78a76" />
  <table name="(P2093) OCV SOLENOID A2 CIRCUIT SHORT" address="78a75" />
  <table name="(P2094) OCV SOLENOID B2 CIRCUIT OPEN" address="78a72" />
  <table name="(P2095) OCV SOLENOID B2 CIRCUIT SHORT" address="78a71" />
  <table name="(P2101) THROTTLE ACTUATOR CIRCUIT RANGE/PERF" address="78a60" />
  <table name="(P2102) THROTTLE ACTUATOR CIRCUIT LOW" address="78a5e" />
  <table name="(P2103) THROTTLE ACTUATOR CIRCUIT HIGH" address="78a5f" />
  <table name="(P2109) TPS A MINIMUM STOP PERF" address="78a5a" />
  <table name="(P2122) TPS D CIRCUIT LOW INPUT" address="78a67" />
  <table name="(P2123) TPS D CIRCUIT HIGH INPUT" address="78a68" />
  <table name="(P2127) TPS E CIRCUIT LOW INPUT" address="78a65" />
  <table name="(P2128) TPS E CIRCUIT HIGH INPUT" address="78a66" />
  <table name="(P2135) TPS A/B VOLTAGE" address="78a69" />
  <table name="(P2138) TPS D/E VOLTAGE" address="78a64" />
  <table name="(P2432) SECONDARY AIR PUMP CIRCUIT LOW" address="78a9c" />
  <table name="(P2433) SECONDARY AIR PUMP CIRCUIT HIGH" address="78a9b" />
  <table name="(P2440) SECONDARY AIR PUMP VALVE 1 STUCK OPEN" address="78aaa" />
  <table name="(P2441) SECONDARY AIR PUMP VALVE 1 STUCK CLOSED" address="78aa9" />
  <table name="(P2444) SECONDARY AIR PUMP 1 STUCK ON B1" address="78a97" />
</rom>