<rom>
  <romid>
    <xmlid>A2UG000C</xmlid>
    <internalidaddress>2000</internalidaddress>
    <internalidstring>A2UG000C</internalidstring>
    <ecuid>4B12525007</ecuid>
    <year>07</year>
    <market>USDM</market>
    <make>Subaru</make>
    <model>Legacy</model>
    <submodel>GT</submodel>
    <transmission>AT</transmission>
    <memmodel>SH7058</memmodel>
    <flashmethod>subarucan</flashmethod>
    <checksummodule>subarudbw</checksummodule>
  </romid>
  <include>32BITBASE</include>
  <table name="Target Boost_" address="c13e4">
    <table name="X" address="c137c" />
    <table name="Y" address="c13a8" />
  </table>
  <table name="Target Boost Compensation (ECT)" address="c0a1c">
    <table name="Y" address="c078c" />
  </table>
  <table name="Target Boost Compensation (1st Gear)" address="c0784" />
  <table name="Target Boost Compensation (1st Gear) Speed Disable" address="c0780" />
  <table name="Target Boost Compensation (IAT)_" address="c0b94">
    <table name="Y" address="c0b7c" />
  </table>
  <table name="Target Boost Compensation (Atm. Pressure)" address="c0a54">
    <table name="Y" address="c0a3c" elements="6" />
  </table>
  <table name="Boost Limit (Fuel Cut)" address="ca380">
    <table name="Y" address="ca368" />
  </table>
  <table name="Boost Control Disable (IAM)" address="c0774" />
  <table name="Boost Control Disable (Fine Correction)" address="c0770" />
  <table name="Boost Control Disable Delay (Fine Correction)" address="c070d" />
  <table name="Initial Wastegate Duty_" address="c1040">
    <table name="X" address="c0fd4" elements="15" />
    <table name="Y" address="c1010" />
  </table>
  <table name="Max Wastegate Duty_" address="c0c98">
    <table name="X" address="c0c2c" elements="15" />
    <table name="Y" address="c0c68" elements="12" />
  </table>
  <table name="Max Wastegate Duty Limit Post-Compensation" address="17a34" />
  <table name="Initial/Max Wastegate Duty Compensation (IAT)" address="c080c">
    <table name="Y" address="c07cc" />
  </table>
  <table name="Initial/Max Wastegate Duty Compensation (ECT)" address="c090c">
    <table name="Y" address="c078c" />
  </table>
  <table name="Initial/Max Wastegate Duty Compensation (Atm. Pressure)" address="c0bd4">
    <table name="X" address="c0bac" />
    <table name="Y" address="c0bc4" />
  </table>
  <table name="Turbo Dynamics Proportional" address="c0a80">
    <table name="Y" address="c0a5c" />
  </table>
  <table name="Turbo Dynamics Integral Positive" address="c0af0">
    <table name="Y" address="c0acc" />
  </table>
  <table name="Turbo Dynamics Integral Negative" address="c0ab8">
    <table name="Y" address="c0a94" />
  </table>
  <table name="TD Proportional Compensation (IAT)" address="c096c">
    <table name="Y" address="c092c" elements="16" />
  </table>
  <table name="TD Integral Positive Compensation (IAT)" address="c0a0c">
    <table name="Y" address="c09cc" elements="16" />
  </table>
  <table name="TD Integral Negative Compensation (IAT)" address="c09bc">
    <table name="Y" address="c097c" elements="16" />
  </table>
  <table name="TD Activation Thresholds (RPM)" address="c0758" />
  <table name="TD Activation Thresholds (Target Boost)_" address="c0734" />
  <table name="TD Integral Cumulative Range (WGDC Correction)" address="c0768" />
  <table name="TD Integral Negative Activation (Boost Error)" address="c0744" />
  <table name="TD Integral Positive Activation (Boost Error)" address="c074c" />
  <table name="TD Integral Positive Activation (Wastegate Duty)" address="c0754" />
  <table name="Manifold Pressure Sensor Scaling" address="c028c" />
  <table name="Manifold Pressure Sensor Limits (CEL)" address="d0fb2" />
  <table name="Manifold Pressure Sensor CEL Delays" address="c3b79" />
  <table name="Primary Open Loop Fueling" address="cb050">
    <table name="X" address="cafcc" />
    <table name="Y" address="cb008" />
  </table>
  <table name="Primary Open Loop Fueling (Failsafe)" address="cb1e4">
    <table name="X" address="cb160" />
    <table name="Y" address="cb19c" />
  </table>
  <table name="Primary Open Loop Fuel Map Switch (IAM)" address="c89dc" />
  <table name="Minimum Active Primary Open Loop Enrichment" address="c89e0" />
  <table name="Minimum Primary Open Loop Enrichment (Throttle)" address="c91e8">
    <table name="Y" address="c91d0" />
  </table>
  <table name="Minimum Primary Open Loop Enrichment (Accelerator)" address="c9208">
    <table name="Y" address="c91f0" />
  </table>
  <table name="Primary Open Loop Fueling Compensation (ECT)" address="c9d94">
    <table name="Y" address="c8d70" />
  </table>
  <table name="Primary Open Loop Fueling Compensation (Timing Compensation)" address="c9178">
    <table name="Y" address="c9160" />
  </table>
  <table name="Front Oxygen Sensor Scaling" address="d151c">
    <table name="Y" address="d14e8" />
  </table>
  <table name="Front Oxygen Sensor Rich Limit" address="26d7c" />
  <table name="Front Oxygen Sensor Compensation (Atm. Pressure)" address="c31f0">
    <table name="Y" address="c31e0" />
  </table>
  <table name="CL Fueling Target Compensation A (Load)" address="cbf20">
    <table name="X" address="cbec8" />
    <table name="Y" address="cbef4" elements="11" />
  </table>
  <table name="CL Fueling Target Compensation B (Load)" address="cc068">
    <table name="X" address="cc014" />
    <table name="Y" address="cc040" elements="10" />
  </table>
  <table name="CL Fueling Target Compensation Imm. Cruise (ECT)" address="cbd24">
    <table name="X" address="c8d70" />
    <table name="Y" address="cbd18" />
  </table>
  <table name="CL Fueling Target Compensation Imm. Non-Cruise (ECT)" address="cbdfc">
    <table name="X" address="c8d70" />
    <table name="Y" address="cbdf0" />
  </table>
  <table name="CL to OL Delay" address="c85ae">
    <table name="Y" elements="2" />
  </table>
  <table name="CL to OL Delay/Switch SI-DRIVE Intelligent" address="c85ac" />
  <table name="CL to OL Transition with Delay (Throttle)" address="c91c0">
    <table name="Y" address="c9180" />
  </table>
  <table name="CL to OL Transition with Delay Throttle Hysteresis" address="c89e4" />
  <table name="CL to OL Transition with Delay (Base Pulse Width)" address="c9cc0">
    <table name="Y" address="c9c80" />
  </table>
  <table name="CL to OL Transition with Delay BPW Hysteresis" address="c89e8" />
  <table name="CL to OL Transition Counter Step Value (MAF)" address="c9d08">
    <table name="Y" address="c9ce0" />
  </table>
  <table name="CL Delay Maximum (Vehicle Speed)" address="c8a64" />
  <table name="CL Delay Minimum (ECT)" address="c89ec" />
  <table name="CL Delay Maximum (Engine Load)" address="c8a74" />
  <table name="CL Delay Engine Load Counter Threshold" address="c85aa" />
  <table name="CL Delay Maximum Engine Speed (Per Gear)" address="c8a18" />
  <table name="CL Delay Maximum Engine Speed (Neutral)" address="c8a40" />
  <table name="CL Delay Throttle Atm. Pressure Thresholds" address="c8a48" />
  <table name="CL Delay Maximum (Throttle) (Low Atm. Pressure)" address="c8a50" />
  <table name="CL Delay Maximum (Throttle) (High Atm. Pressure)" address="c8a58" />
  <table name="Injector Latency" address="c9498">
    <table name="Y" address="c9484" />
  </table>
  <table name="Injector Flow Scaling" address="c873c" />
  <table name="Per Injector Pulse Width Compensation A" address="cb37c">
    <table name="X" address="cb2f4" />
    <table name="Y" address="cb338" elements="17" />
  </table>
  <table name="Per Injector Pulse Width Compensation B" address="cb528">
    <table name="X" address="cb4a0" />
    <table name="Y" address="cb4e4" elements="17" />
  </table>
  <table name="Per Injector Pulse Width Compensation C" address="cb6d4">
    <table name="X" address="cb64c" />
    <table name="Y" address="cb690" elements="17" />
  </table>
  <table name="Per Injector Pulse Width Compensation D" address="cb880">
    <table name="X" address="cb7f8" />
    <table name="Y" address="cb83c" elements="17" />
  </table>
  <table name="Cranking Fuel Injector Pulse Width A (ECT)" address="c93c2">
    <table name="Y" address="c8d70" />
  </table>
  <table name="Cranking Fuel Injector Pulse Width B (ECT)" address="c93e2">
    <table name="Y" address="c8d70" />
  </table>
  <table name="Cranking Fuel Injector Pulse Width C (ECT)" address="c9402">
    <table name="Y" address="c8d70" />
  </table>
  <table name="Cranking Fuel Injector Pulse Width D (ECT)" address="c9422">
    <table name="Y" address="c8d70" />
  </table>
  <table name="Cranking Fuel Injector Pulse Width E (ECT)" address="c9442">
    <table name="Y" address="c8d70" />
  </table>
  <table name="Cranking Fuel Injector Pulse Width F (ECT)" address="c9462">
    <table name="Y" address="c8d70" />
  </table>
  <table name="Cranking Fuel IPW Compensation Imm. Cruise (RPM)" address="ca59c">
    <table name="X" address="ca56c" />
    <table name="Y" address="ca580" />
  </table>
  <table name="Cranking Fuel IPW Compensation Imm. Non-Cruise (RPM)" address="ca644">
    <table name="X" address="ca614" />
    <table name="Y" address="ca628" />
  </table>
  <table name="Cranking Fuel IPW Compensation (Accelerator)" address="c8ea4">
    <table name="Y" address="c8e8c" />
  </table>
  <table name="Throttle Tip-in Enrichment" address="ca2d4">
    <table name="Y" address="ca28c" />
  </table>
  <table name="Minimum Tip-in Enrichment Activation" address="c8c48" />
  <table name="Minimum Tip-in Enrichment Activation (Throttle)" address="c8c40" />
  <table name="Tip-in Enrichment Compensation (Boost Error)" address="c9318">
    <table name="Y" address="c92f4" />
  </table>
  <table name="Tip-in Enrichment Compensation (ECT)" address="ca2f8">
    <table name="Y" address="c8d70" />
  </table>
  <table name="Tip-in Enrichment Disable Applied Counter Threshold" address="c8562" />
  <table name="Tip-in Enrichment Applied Counter Reset" address="c8563" />
  <table name="Tip-in Enrichment Disable Throttle Cumulative Threshold" address="c8c44" />
  <table name="Tip-in Throttle Cumulative Reset" address="c8564" />
  <table name="Min Primary Base Enrichment 1 Cruise" address="ca7f0">
    <table name="X" address="c8d70" />
    <table name="Y" address="ca7cc" elements="9" />
  </table>
  <table name="Min Primary Base Enrichment 1 Non-Cruise" address="ca74c">
    <table name="X" address="c8d70" />
    <table name="Y" address="ca72c" />
  </table>
  <table name="Min Primary Base Enrichment 1 (Non-Primary OL)" address="ca8b4">
    <table name="X" address="ca880" />
    <table name="Y" address="ca8a8" />
  </table>
  <table name="Min Primary Base Enrich 2 Initial Start 1A" address="c9522">
    <table name="Y" address="c8d70" />
  </table>
  <table name="Min Primary Base Enrich 2 Initial Start 1B" address="c9542">
    <table name="Y" address="c8d70" />
  </table>
  <table name="Min Primary Base Enrich 2 Initial Start 2A" address="c9562">
    <table name="Y" address="c8d70" />
  </table>
  <table name="Min Primary Base Enrich 2 Initial Start 2B" address="c9582">
    <table name="Y" address="c8d70" />
  </table>
  <table name="Min Primary Base Enrich 2 Decay Step 1" address="c95a2">
    <table name="Y" address="c8d70" />
  </table>
  <table name="Min Primary Base Enrich 2 Decay Step 2" address="c95c2">
    <table name="Y" address="c8d70" />
  </table>
  <table name="Min Primary Base Enrich 3 Initial Start 1A" address="c94a2">
    <table name="Y" address="c8d70" />
  </table>
  <table name="Min Primary Base Enrich 3 Initial Start 1B" address="c94c2">
    <table name="Y" address="c8d70" />
  </table>
  <table name="Min Primary Base Enrich 3 Initial Start 2A" address="c94e2">
    <table name="Y" address="c8d70" />
  </table>
  <table name="Min Primary Base Enrich 3 Initial Start 2B" address="c9502">
    <table name="Y" address="c8d70" />
  </table>
  <table name="Min Primary Base Enrich 3 Decay Delay A" address="c8eba">
    <table name="Y" address="c8d70" />
  </table>
  <table name="Min Primary Base Enrich 3 Decay Delay B" address="c8eca">
    <table name="Y" address="c8d70" />
  </table>
  <table name="Min Primary Base Enrich 3 Decay Multiplier" address="c8740" />
  <table name="A/F Learning #1 Limits" address="c88f4" />
  <table name="A/F Learning #1 Airflow Ranges" address="c8904" />
  <table name="MAF Limit (Maximum)" address="c2d0c" />
  <table name="MAF Sensor Scaling" address="d1410">
    <table name="Y" address="d1338" />
  </table>
  <table name="MAF Compensation (IAT)" address="c34b8">
    <table name="X" address="c3484" />
    <table name="Y" address="c3498" />
  </table>
  <table name="Engine Load Limit (Maximum)" address="25514" />
  <table name="Engine Load Compensation (MP)" address="c3544">
    <table name="X" address="c34e0" />
    <table name="Y" address="c350c" elements="14" />
  </table>
  <table name="Base Timing Primary Cruise" address="cdd88">
    <table name="X" address="cdd04" />
    <table name="Y" address="cdd40" />
  </table>
  <table name="Base Timing Reference Cruise (AVCS related)" address="ce0b0">
    <table name="X" address="ce02c" />
    <table name="Y" address="ce068" />
  </table>
  <table name="Base Timing Primary Non-Cruise" address="cdf1c">
    <table name="X" address="cde98" />
    <table name="Y" address="cded4" />
  </table>
  <table name="Base Timing Reference Non-Cruise (AVCS related)" address="ce244">
    <table name="X" address="ce1c0" />
    <table name="Y" address="ce1fc" />
  </table>
  <table name="Base Timing Idle A (In-Gear)" address="cd249">
    <table name="Y" address="cd088" />
  </table>
  <table name="Base Timing Idle B (In-Gear)" address="cd259">
    <table name="Y" address="cd088" />
  </table>
  <table name="Base Timing Idle A (Neutral)" address="cd269">
    <table name="Y" address="cd088" />
  </table>
  <table name="Base Timing Idle B (Neutral)" address="cd279">
    <table name="Y" address="cd088" />
  </table>
  <table name="Base Timing Idle Minimum" address="cd240">
    <table name="Y" address="cd21c" />
  </table>
  <table name="Base Timing Idle Minimum Vehicle Speed Enable" address="ccd3c" />
  <table name="Knock Correction Advance Max Cruise" address="cec14">
    <table name="X" address="ceb90" elements="15" />
    <table name="Y" address="cebcc" />
  </table>
  <table name="Knock Correction Advance Max Non-Cruise" address="cea80">
    <table name="X" address="ce9fc" elements="15" />
    <table name="Y" address="cea38" />
  </table>
  <table name="Timing Compensation A (IAT)" address="cd2fc">
    <table name="Y" address="cd2bc" />
  </table>
  <table name="Timing Compensation A (IAT) Activation" address="ce394">
    <table name="X" address="ce354" />
    <table name="Y" address="ce374" />
  </table>
  <table name="Timing Compensation B (IAT)" address="cd638">
    <table name="Y" address="cd5f8" />
  </table>
  <table name="Timing Compensation B (IAT) IAM Activation" address="ccea0" />
  <table name="Timing Compensation B (IAT) Max Additive" address="cce84" />
  <table name="Timing Compensation (ECT)" address="cd2a9">
    <table name="Y" address="cd088" />
  </table>
  <table name="Timing Compensation (MRP)" address="ce5c4">
    <table name="X" address="ce5a4" />
    <table name="Y" address="ce5b8" />
  </table>
  <table name="Timing Compensation Per Cylinder A" address="ce620">
    <table name="X" address="ce5d4" />
    <table name="Y" address="ce60c" elements="5" />
  </table>
  <table name="Timing Compensation Per Cylinder B" address="ce6b4">
    <table name="X" address="ce668" />
    <table name="Y" address="ce6a0" elements="5" />
  </table>
  <table name="Timing Compensation Per Cylinder C" address="ce748">
    <table name="X" address="ce6fc" />
    <table name="Y" address="ce734" elements="5" />
  </table>
  <table name="Timing Compensation Per Cylinder D" address="ce7e0">
    <table name="X" address="ce790" />
    <table name="Y" address="ce7c8" elements="6" />
  </table>
  <table name="Timing Comp Minimum Load (Per Cylinder)" address="ccea8" />
  <table name="Timing Comp Maximum RPM (Per Cylinder)" address="ccea4" />
  <table name="Timing Comp Minimum Coolant Temp (Per Cylinder)" address="cceac" />
  <table name="Feedback Correction Range (RPM)" address="cceb8" />
  <table name="Feedback Correction Minimum Load" address="cceb0" />
  <table name="Feedback Correction Retard Value" address="cced8" />
  <table name="Feedback Correction Retard Limit" address="cced4" />
  <table name="Feedback Correction Negative Advance Value" address="ccedc" />
  <table name="Feedback Correction Negative Advance Delay" address="ccc44" />
  <table name="Extended Feedback Correction High RPM Compensation" address="ccee4" />
  <table name="Fine Correction Minimum (RPM)" address="ccef4" />
  <table name="Fine Correction Maximum (RPM)" address="cd044" />
  <table name="Fine Correction Range (Load)" address="cd04c" />
  <table name="Fine Correction Rows (RPM)" address="cd010" />
  <table name="Fine Correction Columns (Load)" address="cd000" />
  <table name="Fine Correction Retard Value" address="cd040" />
  <table name="Fine Correction Retard Limit" address="cd03c" />
  <table name="Fine Correction Advance Value" address="cd038" />
  <table name="Fine Correction Advance Limit" address="cd034" />
  <table name="Fine Correction Advance Delay" address="ccc54" />
  <table name="Rough Correction Range (RPM)" address="ccfb0" />
  <table name="Rough Correction Range (Load)" address="ccfc0" />
  <table name="Rough Correction Minimum KC Advance Map Value" address="ccfd0" />
  <table name="Rough Correction Learning Delay (Increasing)" address="cd670">
    <table name="Y" address="cd648" />
  </table>
  <table name="Advance Multiplier (Initial)" address="ccfd4" />
  <table name="Advance Multiplier Step Value" address="ccfd8" />
  <table name="Intake Cam Advance Angle Cruise (AVCS)" address="d2ffc">
    <table name="X" address="d2f80" elements="15" />
    <table name="Y" address="d2fbc" elements="16" />
  </table>
  <table name="Intake Cam Advance Angle Non-Cruise (AVCS)" address="d3258">
    <table name="X" address="d31dc" elements="15" />
    <table name="Y" address="d3218" elements="16" />
  </table>
  <table name="Requested Torque (Accelerator Pedal) SI-DRIVE Sport" address="dc644">
    <table name="X" address="dc5c4" />
    <table name="Y" address="dc600" />
  </table>
  <table name="Requested Torque (Accelerator Pedal) SI-DRIVE Sport Sharp" address="dc8c4">
    <table name="X" address="dc844" />
    <table name="Y" address="dc880" />
  </table>
  <table name="Requested Torque (Accelerator Pedal) SI-DRIVE Intelligent" address="dcb44">
    <table name="X" address="dcac4" />
    <table name="Y" address="dcb00" />
  </table>
  <table name="Target Throttle Plate Position Cruise (Requested Torque)" address="dbec4">
    <table name="X" address="dbe44" elements="16" />
    <table name="Y" address="dbe84" />
  </table>
  <table name="Target Throttle Plate Position Non-Cruise (Requested Torque)" address="dc144">
    <table name="X" address="dc0c4" elements="16" />
    <table name="Y" address="dc104" />
  </table>
  <table name="Target Throttle Plate Position Maximum (Requested Torque)" address="dc3c4">
    <table name="X" address="dc344" elements="16" />
    <table name="Y" address="dc384" />
  </table>
  <table name="Rev Limit (Fuel Cut)" address="c8c9c" />
  <table name="Rev Limit Fuel Resume (Boost)" address="c8ca4" />
  <table name="Speed Limiting Enable (Fuel Cut)" address="c8ce8" />
  <table name="Speed Limiting Disable (Fuel Cut)" address="c8cf4" />
  <table name="Speed Limiting A (Throttle) SI-DRIVE Sport/Sport Sharp" address="db844" />
  <table name="Speed Limiting B (Throttle) SI-DRIVE Sport/Sport Sharp" address="db85c" />
  <table name="Speed Limiting (Throttle) SI-DRIVE Intelligent" address="db850" />
  <table name="Fuel Temp Sensor Scaling" address="d12c0">
    <table name="Y" address="d1248" />
  </table>
  <table name="Intake Temp Sensor Scaling" address="a3028">
    <table name="Y" address="a2fb0" />
  </table>
  <table name="Coolant Temp Sensor Scaling" address="a2f40">
    <table name="Y" address="a2ed0" />
  </table>
  <table name="Radiator Fan Modes A (ECT)" address="d1ca0" />
  <table name="Radiator Fan Modes B (ECT)" address="d1cb0" />
  <table name="Radiator Fan Modes (Veh. Speed)" address="d1cc0" />
  <table name="Idle Speed Target A" address="cf8f0">
    <table name="Y" address="cf3fc" />
  </table>
  <table name="Idle Speed Target B" address="cf930">
    <table name="Y" address="cf3fc" />
  </table>
  <table name="Idle Speed Target C" address="cf970">
    <table name="Y" address="cf3fc" />
  </table>
  <table name="Force Pass Readiness Monitors" address="9b932" />
  <table name="(P0000) PASS CODE (NO DTC DETECTED)" address="8f6c5" />
  <table name="(P0000) PASS CODE (NO DTC DETECTED)_" address="8f6c6" />
  <table name="(P0011) CAMSHAFT POS. - TIMING OVER-ADVANCED 1" address="8f6a9" />
  <table name="(P0016) CRANKSHAFT/CAMSHAFT CORRELATION 1A" address="8f745" />
  <table name="(P0018) CRANKSHAFT/CAMSHAFT CORRELATION 2A" address="8f744" />
  <table name="(P0021) CAMSHAFT POS. - TIMING OVER-ADVANCED 2" address="8f6aa" />
  <table name="(P0030) FRONT O2 SENSOR RANGE/PERF" address="8f6f3" />
  <table name="(P0031) FRONT O2 SENSOR LOW INPUT" address="8f6d4" />
  <table name="(P0032) FRONT O2 SENSOR HIGH INPUT" address="8f6d2" />
  <table name="(P0037) REAR O2 SENSOR LOW INPUT" address="8f6d3" />
  <table name="(P0038) REAR O2 SENSOR HIGH INPUT" address="8f6d1" />
  <table name="(P0068) MAP SENSOR RANGE/PERF" address="8f6ed" />
  <table name="(P0101) MAF SENSOR RANGE/PERF" address="8f6ef" />
  <table name="(P0102) MAF SENSOR LOW INPUT" address="8f681" />
  <table name="(P0103) MAF SENSOR HIGH INPUT" address="8f682" />
  <table name="(P0107) MAP SENSOR LOW INPUT" address="8f6d5" />
  <table name="(P0108) MAP SENSOR HIGH INPUT" address="8f6d6" />
  <table name="(P0111) IAT SENSOR RANGE/PERF" address="8f6d0" />
  <table name="(P0112) IAT SENSOR LOW INPUT" address="8f6ce" />
  <table name="(P0113) IAT SENSOR HIGH INPUT" address="8f6cf" />
  <table name="(P0117) COOLANT TEMP SENSOR LOW INPUT" address="8f68a" />
  <table name="(P0118) COOLANT TEMP SENSOR HIGH INPUT" address="8f68b" />
  <table name="(P0122) TPS A LOW INPUT" address="8f688" />
  <table name="(P0123) TPS A HIGH INPUT" address="8f689" />
  <table name="(P0125) INSUFFICIENT COOLANT TEMP (FUELING)" address="8f68d" />
  <table name="(P0126) INSUFFICIENT COOLANT TEMP (OPERATION)" address="8f72c" />
  <table name="(P0128) THERMOSTAT MALFUNCTION" address="8f6db" />
  <table name="(P0131) FRONT O2 SENSOR LOW INPUT" address="8f6c8" />
  <table name="(P0132) FRONT O2 SENSOR HIGH INPUT" address="8f6ca" />
  <table name="(P0133) FRONT O2 SENSOR SLOW RESPONSE" address="8f6b2" />
  <table name="(P0134) FRONT O2 SENSOR NO ACTIVITY" address="8f6f1" />
  <table name="(P0137) REAR O2 SENSOR LOW VOLTAGE" address="8f6c7" />
  <table name="(P0138) REAR O2 SENSOR HIGH VOLTAGE" address="8f6cc" />
  <table name="(P0139) REAR O2 SENSOR SLOW RESPONSE" address="8f6b3" />
  <table name="(P0140) REAR O2 SENSOR NO ACTIVITY" address="8f73f" />
  <table name="(P0171) SYSTEM TOO LEAN" address="8f6bc" />
  <table name="(P0172) SYSTEM TOO RICH" address="8f6bd" />
  <table name="(P0181) FUEL TEMP SENSOR A RANGE/PERF" address="8f69a" />
  <table name="(P0182) FUEL TEMP SENSOR A LOW INPUT" address="8f698" />
  <table name="(P0183) FUEL TEMP SENSOR A HIGH INPUT" address="8f699" />
  <table name="(P0222) TPS B LOW INPUT" address="8f6fb" />
  <table name="(P0223) TPS B HIGH INPUT" address="8f6fc" />
  <table name="(P0230) FUEL PUMP PRIMARY CIRCUIT" address="8f6ec" />
  <table name="(P0244) WASTEGATE SOLENOID A RANGE/PERF" address="8f6e2" />
  <table name="(P0245) WASTEGATE SOLENOID A LOW" address="8f6e0" />
  <table name="(P0246) WASTEGATE SOLENOID A HIGH" address="8f6e1" />
  <table name="(P0301) MISFIRE CYLINDER 1" address="8f6be" />
  <table name="(P0302) MISFIRE CYLINDER 2" address="8f6bf" />
  <table name="(P0303) MISFIRE CYLINDER 3" address="8f6c0" />
  <table name="(P0304) MISFIRE CYLINDER 4" address="8f6c1" />
  <table name="(P0327) KNOCK SENSOR 1 LOW INPUT" address="8f686" />
  <table name="(P0328) KNOCK SENSOR 1 HIGH INPUT" address="8f687" />
  <table name="(P0335) CRANKSHAFT POS. SENSOR A MALFUNCTION" address="8f67c" />
  <table name="(P0336) CRANKSHAFT POS. SENSOR A RANGE/PERF" address="8f67d" />
  <table name="(P0340) CAMSHAFT POS. SENSOR A MALFUNCTION" address="8f70f" />
  <table name="(P0345) CAMSHAFT POS. SENSOR A BANK 2" address="8f70e" />
  <table name="(P0410) SECONDARY AIR PUMP SYSTEM" address="8f739" />
  <table name="(P0411) SECONDARY AIR PUMP INCORRECT FLOW" address="8f738" />
  <table name="(P0413) SECONDARY AIR PUMP A OPEN" address="8f73d" />
  <table name="(P0414) SECONDARY AIR PUMP A SHORTED" address="8f742" />
  <table name="(P0416) SECONDARY AIR PUMP B OPEN" address="8f74c" />
  <table name="(P0417) SECONDARY AIR PUMP B SHORTED" address="8f74b" />
  <table name="(P0418) SECONDARY AIR PUMP RELAY A" address="8f73e" />
  <table name="(P0420) CAT EFFICIENCY BELOW THRESHOLD" address="8f6b8" />
  <table name="(P0441) EVAP INCORRECT PURGE FLOW" address="8f74d" />
  <table name="(P0442) EVAP LEAK DETECTED (SMALL)" address="8f6b9" />
  <table name="(P0447) EVAP VENT CONTROL CIRCUIT OPEN" address="8f6b0" />
  <table name="(P0448) EVAP VENT CONTROL CIRCUIT SHORTED" address="8f6b1" />
  <table name="(P0451) EVAP PRESSURE SENSOR RANGE/PERF" address="8f696" />
  <table name="(P0452) EVAP PRESSURE SENSOR LOW INPUT" address="8f694" />
  <table name="(P0453) EVAP PRESSURE SENSOR HIGH INPUT" address="8f695" />
  <table name="(P0456) EVAP LEAK DETECTED (VERY SMALL)" address="8f6ba" />
  <table name="(P0457) EVAP LEAK DETECTED (FUEL CAP)" address="8f6c4" />
  <table name="(P0458) EVAP PURGE VALVE CIRCUIT LOW" address="8f6ad" />
  <table name="(P0459) EVAP PURGE VALVE CIRCUIT HIGH" address="8f6ae" />
  <table name="(P0461) FUEL LEVEL SENSOR RANGE/PERF" address="8f690" />
  <table name="(P0462) FUEL LEVEL SENSOR LOW INPUT" address="8f68e" />
  <table name="(P0463) FUEL LEVEL SENSOR HIGH INPUT" address="8f68f" />
  <table name="(P0464) FUEL LEVEL SENSOR INTERMITTENT" address="8f68c" />
  <table name="(P0483) RADIATOR FAN RATIONALITY CHECK" address="8f6a8" />
  <table name="(P0500) VEHICLE SPEED SENSOR A" address="8f683" />
  <table name="(P0506) IDLE CONTROL RPM LOWER THAN EXPECTED" address="8f6a4" />
  <table name="(P0507) IDLE CONTROL RPM HIGH THAN EXPECTED" address="8f6a5" />
  <table name="(P0512) STARTER REQUEST CIRCUIT" address="8f693" />
  <table name="(P0519) IDLE CONTROL MALFUNCTION (FAIL-SAFE)" address="8f6ee" />
  <table name="(P0600) SERIAL COMMUNICATION LINK" address="8f70b" />
  <table name="(P0604) CONTROL MODULE RAM ERROR" address="8f680" />
  <table name="(P0605) CONTROL MODULE ROM ERROR" address="8f710" />
  <table name="(P0607) CONTROL MODULE PERFORMANCE" address="8f703" />
  <table name="(P0638) THROTTLE ACTUATOR RANGE/PERF" address="8f702" />
  <table name="(P0691) RADIATOR FAN CIRCUIT LOW" address="8f6a6" />
  <table name="(P0692) RADIATOR FAN CIRCUIT HIGH" address="8f6a7" />
  <table name="(P0700) TRANSMISSION CONTROL SYSTEM" address="8f71c" />
  <table name="(P0851) NEUTRAL SWITCH INPUT LOW" address="8f697" />
  <table name="(P0852) NEUTRAL SWITCH INPUT HIGH" address="8f69b" />
  <table name="(P1152) FRONT O2 SENSOR RANGE/PERF LOW B1 S1" address="8f6b4" />
  <table name="(P1153) FRONT O2 SENSOR RANGE/PERF HIGH B1 S1" address="8f6b5" />
  <table name="(P1160) ABNORMAL RETURN SPRING" address="8f6fd" />
  <table name="(P1400) FUEL TANK PRESSURE SOL. LOW" address="8f6ab" />
  <table name="(P1410) SECONDARY AIR PUMP VALVE STUCK OPEN" address="8f746" />
  <table name="(P1418) SECONDARY AIR PUMP CIRCUIT SHORTED" address="8f743" />
  <table name="(P1420) FUEL TANK PRESSURE SOL. HIGH INPUT" address="8f6ac" />
  <table name="(P1443) VENT CONTROL SOLENOID FUNCTION PROBLEM" address="8f6af" />
  <table name="(P1491) PCV (BLOWBY) FUNCTION PROBLEM" address="8f6dc" />
  <table name="(P1518) STARTER SWITCH LOW INPUT" address="8f692" />
  <table name="(P1560) BACK-UP VOLTAGE MALFUNCTION" address="8f6dd" />
  <table name="(P1602) CONTROL MODULE PROGRAMMING ERROR" address="8f741" />
  <table name="(P2004) TGV - INTAKE MANIFOLD RUNNER 1 STUCK OPEN" address="8f727" />
  <table name="(P2005) TGV - INTAKE MANIFOLD RUNNER 2 STUCK OPEN" address="8f729" />
  <table name="(P2006) TGV - INTAKE MANIFOLD RUNNER 1 STUCK CLOSED" address="8f728" />
  <table name="(P2007) TGV - INTAKE MANIFOLD RUNNER 2 STUCK CLOSED" address="8f72a" />
  <table name="(P2008) TGV - INTAKE MANIFOLD RUNNER 1 CIRCUIT OPEN" address="8f735" />
  <table name="(P2009) TGV - INTAKE MANIFOLD RUNNER 1 CIRCUIT LOW" address="8f733" />
  <table name="(P2011) TGV - INTAKE MANIFOLD RUNNER 2 CIRCUIT OPEN" address="8f736" />
  <table name="(P2012) TGV - INTAKE MANIFOLD RUNNER 2 CIRCUIT LOW" address="8f734" />
  <table name="(P2016) TGV - INTAKE MANIFOLD RUNNER 1 POS. SENSOR LOW" address="8f72f" />
  <table name="(P2017) TGV - INTAKE MANIFOLD RUNNER 1 POS. SENSOR HIGH" address="8f730" />
  <table name="(P2021) TGV - INTAKE MANIFOLD RUNNER 2 POS. SENSOR LOW" address="8f731" />
  <table name="(P2022) TGV - INTAKE MANIFOLD RUNNER 2 POS. SENSOR HIGH" address="8f732" />
  <table name="(P2088) OCV SOLENOID A1 CIRCUIT OPEN" address="8f718" />
  <table name="(P2089) OCV SOLENOID A1 CIRCUIT SHORT" address="8f717" />
  <table name="(P2092) OCV SOLENOID A2 CIRCUIT OPEN" address="8f716" />
  <table name="(P2093) OCV SOLENOID A2 CIRCUIT SHORT" address="8f715" />
  <table name="(P2096) POST CATALYST TOO LEAN B1" address="8f701" />
  <table name="(P2097) POST CATALYST TOO RICH B1" address="8f70a" />
  <table name="(P2101) THROTTLE ACTUATOR CIRCUIT RANGE/PERF" address="8f700" />
  <table name="(P2102) THROTTLE ACTUATOR CIRCUIT LOW" address="8f6fe" />
  <table name="(P2103) THROTTLE ACTUATOR CIRCUIT HIGH" address="8f6ff" />
  <table name="(P2109) TPS A MINIMUM STOP PERF" address="8f6fa" />
  <table name="(P2122) TPS D CIRCUIT LOW INPUT" address="8f707" />
  <table name="(P2123) TPS D CIRCUIT HIGH INPUT" address="8f708" />
  <table name="(P2127) TPS E CIRCUIT LOW INPUT" address="8f705" />
  <table name="(P2128) TPS E CIRCUIT HIGH INPUT" address="8f706" />
  <table name="(P2135) TPS A/B VOLTAGE" address="8f709" />
  <table name="(P2138) TPS D/E VOLTAGE" address="8f704" />
  <table name="(P2419) EVAP SWITCHING VALVE LOW" address="8f74e" />
  <table name="(P2420) EVAP SWITCHING VALVE HIGH" address="8f74f" />
  <table name="(P2431) SECONDARY AIR PUMP CIRCUIT RANGE/PERF" address="8f73a" />
  <table name="(P2432) SECONDARY AIR PUMP CIRCUIT LOW" address="8f73c" />
  <table name="(P2433) SECONDARY AIR PUMP CIRCUIT HIGH" address="8f73b" />
  <table name="(P2440) SECONDARY AIR PUMP VALVE 1 STUCK OPEN" address="8f74a" />
  <table name="(P2441) SECONDARY AIR PUMP VALVE 1 STUCK CLOSED" address="8f749" />
  <table name="(P2442) SECONDARY AIR PUMP VALVE 2 STUCK OPEN" address="8f748" />
  <table name="(P2443) SECONDARY AIR PUMP 2 STUCK CLOSED" address="8f747" />
  <table name="(P2444) SECONDARY AIR PUMP 1 STUCK ON B1" address="8f737" />
</rom>