<rom>
  <romid>
    <xmlid>A2WC522N</xmlid>
    <internalidaddress>2000</internalidaddress>
    <internalidstring>A2WC522N</internalidstring>
    <ecuid>2F12785606</ecuid>
    <year>05</year>
    <market>USDM</market>
    <make>Subaru</make>
    <model>Legacy</model>
    <submodel>GT</submodel>
    <transmission>MT</transmission>
    <memmodel>SH7058</memmodel>
    <flashmethod>sti05</flashmethod>
    <checksummodule>subarudbw</checksummodule>
  </romid>
  <include>A2WC521N</include>
</rom>