<rom>
  <romid>
    <xmlid>A2WC500N</xmlid>
    <internalidaddress>2000</internalidaddress>
    <internalidstring>A2WC500N</internalidstring>
    <ecuid>2F12785106</ecuid>
    <year>05</year>
    <market>USDM</market>
    <make>Subaru</make>
    <model>Legacy</model>
    <submodel>GT</submodel>
    <transmission>MT</transmission>
    <memmodel>SH7058</memmodel>
    <flashmethod>sti05</flashmethod>
    <checksummodule>subarudbw</checksummodule>
  </romid>
  <include>32BITBASE</include>
  <table name="Target Boost A" address="c11c8">
    <table name="X" address="c1178" />
    <table name="Y" address="c1198" />
  </table>
  <table name="Target Boost B" address="c12d8">
    <table name="X" address="c1288" />
    <table name="Y" address="c12a8" />
  </table>
  <table name="Target Boost Compensation (ECT)" address="c0768">
    <table name="Y" address="c05b8" />
  </table>
  <table name="Target Boost Compensation (1st Gear)" address="c05b4" />
  <table name="Target Boost Compensation (1st Gear) Speed Disable" address="c05ac" />
  <table name="Target Boost Compensation (Atm. Pressure) Multiplier" address="c0870">
    <table name="Y" address="c0860" />
  </table>
  <table name="Target Boost Compensation (Atm. Pressure) Multiplier Offset" address="c079c">
    <table name="Y" address="c078c" />
  </table>
  <table name="Boost Limit (Fuel Cut)" address="c8188">
    <table name="Y" address="c8170" />
  </table>
  <table name="Boost Control Disable (IAM)" address="c058c" />
  <table name="Boost Control Disable (Fine Correction)" address="c0588" />
  <table name="Boost Control Disable Delay (Fine Correction)" address="c0535" />
  <table name="Initial Wastegate Duty A" address="c0bb4">
    <table name="X" address="c0b68" />
    <table name="Y" address="c0b88" elements="11" />
  </table>
  <table name="Initial Wastegate Duty B" address="c0cb0">
    <table name="X" address="c0c64" />
    <table name="Y" address="c0c84" elements="11" />
  </table>
  <table name="Max Wastegate Duty" address="c0ea8">
    <table name="X" address="c0e5c" />
    <table name="Y" address="c0e7c" elements="11" />
  </table>
  <table name="Max Wastegate Duty Alternate (RPM)" address="c088c">
    <table name="Y" address="c0878" />
  </table>
  <table name="Max Wastegate Duty Alternate Fix" address="c0534" />
  <table name="Max Wastegate Duty Limit Post-Compensation" address="1563c" />
  <table name="Initial/Max Wastegate Duty Compensation (IAT)" address="c0688">
    <table name="Y" address="c0648" />
  </table>
  <table name="Initial/Max Wastegate Duty Alternate Compensation (IAT)" address="c0728">
    <table name="Y" address="c06e8" />
  </table>
  <table name="Initial/Max Wastegate Duty Compensation (ECT)" address="c0748">
    <table name="Y" address="c05b8" />
  </table>
  <table name="Initial/Max Wastegate Duty Compensation (Atm. Pressure)" address="c0958">
    <table name="X" address="c0930" />
    <table name="Y" address="c0948" />
  </table>
  <table name="Turbo Dynamics Proportional" address="c07c4">
    <table name="Y" address="c07a0" />
  </table>
  <table name="Turbo Dynamics Integral Positive" address="c0834">
    <table name="Y" address="c0810" />
  </table>
  <table name="Turbo Dynamics Integral Negative" address="c07fc">
    <table name="Y" address="c07d8" />
  </table>
  <table name="TD Activation Thresholds (RPM)" address="c0574" />
  <table name="TD Activation Thresholds (Target Boost)" address="c0548" />
  <table name="TD Integral Cumulative Range (WGDC Correction)" address="c057c" />
  <table name="TD Integral Negative Activation (Boost Error)" address="c0554" />
  <table name="TD Integral Positive Activation (Boost Error)" address="c055c" />
  <table name="TD Integral Positive Activation (Wastegate Duty)" address="c0560" />
  <table name="Manifold Pressure Sensor Scaling" address="c00c0" />
  <table name="Manifold Pressure Sensor Limits (CEL)" address="cc9b2" />
  <table name="Manifold Pressure Sensor CEL Delays" address="c3103" />
  <table name="Primary Open Loop Fueling" address="c8918">
    <table name="X" address="c8890" elements="16" />
    <table name="Y" address="c88d0" />
  </table>
  <table name="Primary Open Loop Fueling (Failsafe)" address="c8ad4">
    <table name="X" address="c8a4c" elements="16" />
    <table name="Y" address="c8a8c" />
  </table>
  <table name="Primary Open Loop Fuel Map Switch (IAM)" address="c716c" />
  <table name="Minimum Active Primary Open Loop Enrichment" address="c70d0" />
  <table name="Minimum Primary Open Loop Enrichment (Throttle)" address="c7808">
    <table name="Y" address="c77f0" />
  </table>
  <table name="Primary Open Loop Fueling Compensation (ECT)" address="c7fd4">
    <table name="Y" address="c7490" />
  </table>
  <table name="Primary Open Loop Fueling Compensation (Timing Compensation)" address="c7828">
    <table name="Y" address="c7810" />
  </table>
  <table name="Front Oxygen Sensor Scaling" address="cd024">
    <table name="Y" address="ccff0" />
  </table>
  <table name="Front Oxygen Sensor Rich Limit" address="22df4" />
  <table name="Front Oxygen Sensor Compensation (Atm. Pressure)" address="c27e8">
    <table name="Y" address="c27d8" />
  </table>
  <table name="CL Fueling Target Compensation (Load)" address="c938c">
    <table name="X" address="c9334" elements="11" />
    <table name="Y" address="c9360" elements="11" />
  </table>
  <table name="CL Fueling Target Compensation A (ECT)" address="c91e4">
    <table name="X" address="c7490" />
    <table name="Y" address="c91d8" />
  </table>
  <table name="CL Fueling Target Compensation B (ECT)" address="c929c">
    <table name="X" address="c7490" />
    <table name="Y" address="c928c" elements="4" />
  </table>
  <table name="CL to OL Delay" address="c6d18" />
  <table name="CL to OL Transition with Delay A (Throttle)" address="c7740">
    <table name="Y" address="c7700" />
  </table>
  <table name="CL to OL Transition with Delay B (Throttle)" address="c7790">
    <table name="Y" address="c7750" />
  </table>
  <table name="CL to OL Transition with Delay C (Throttle)" address="c77e0">
    <table name="Y" address="c77a0" />
  </table>
  <table name="CL to OL Transition with Delay Throttle Hysteresis" address="c70d4" />
  <table name="CL to OL Transition with Delay A (Base Pulse Width)" address="c7ef4">
    <table name="Y" address="c7eb4" />
  </table>
  <table name="CL to OL Transition with Delay B (Base Pulse Width)" address="c7f54">
    <table name="Y" address="c7f14" />
  </table>
  <table name="CL to OL Transition with Delay C (Base Pulse Width)" address="c7fb4">
    <table name="Y" address="c7f74" />
  </table>
  <table name="CL to OL Transition with Delay BPW Hysteresis" address="c70d8" />
  <table name="CL Delay Maximum (EGT)" address="c7154" />
  <table name="CL Delay Maximum (Throttle)" address="c7148" />
  <table name="CL Delay Maximum (Vehicle Speed)" address="c714c" />
  <table name="CL Delay Minimum (ECT)" address="c70dc" />
  <table name="CL Delay Maximum Engine Speed (Per Gear)" address="c7108" />
  <table name="CL Delay Maximum Engine Speed (Neutral)" address="c7130" />
  <table name="Injector Latency" address="ccaa4">
    <table name="Y" address="cca90" />
  </table>
  <table name="Injector Flow Scaling" address="c6e68" />
  <table name="Per Injector Primary Fuel Offset Compensation A" address="c8c4c">
    <table name="X" address="c8bf4" />
    <table name="Y" address="c8c14" />
  </table>
  <table name="Per Injector Primary Fuel Offset Compensation B" address="c8d14">
    <table name="X" address="c8cbc" />
    <table name="Y" address="c8cdc" />
  </table>
  <table name="Per Injector Primary Fuel Offset Compensation C" address="c8ddc">
    <table name="X" address="c8d84" />
    <table name="Y" address="c8da4" />
  </table>
  <table name="Per Injector Primary Fuel Offset Compensation D" address="c8ea4">
    <table name="X" address="c8e4c" />
    <table name="Y" address="c8e6c" />
  </table>
  <table name="Cranking Fuel Injector Pulse Width A (ECT)" address="c79fe">
    <table name="Y" address="c7490" />
  </table>
  <table name="Cranking Fuel Injector Pulse Width B (ECT)" address="c7a1e">
    <table name="Y" address="c7490" />
  </table>
  <table name="Cranking Fuel Injector Pulse Width C (ECT)" address="c7a3e">
    <table name="Y" address="c7490" />
  </table>
  <table name="Cranking Fuel Injector Pulse Width D (ECT)" address="c7a5e">
    <table name="Y" address="c7490" />
  </table>
  <table name="Cranking Fuel IPW Compensation (RPM)" address="c874c">
    <table name="X" address="c871c" />
    <table name="Y" address="c8730" />
  </table>
  <table name="Cranking Fuel IPW Compensation (Accelerator)" address="c758c">
    <table name="Y" address="c7574" />
  </table>
  <table name="Throttle Tip-in Enrichment" address="c80dc">
    <table name="Y" address="c8094" />
  </table>
  <table name="Minimum Tip-in Enrichment Activation" address="c725c" />
  <table name="Minimum Tip-in Enrichment Activation (Throttle)" address="c7258" />
  <table name="Tip-in Enrichment Compensation (Boost Error)" address="c789c">
    <table name="Y" address="c7878" />
  </table>
  <table name="Tip-in Enrichment Compensation (ECT)" address="c8100">
    <table name="Y" address="c7490" />
  </table>
  <table name="Tip-in Enrichment Disable Applied Counter Threshold" address="c6ce1" />
  <table name="Tip-in Enrichment Applied Counter Reset" address="c6ce2" />
  <table name="Tip-in Enrichment Disable Throttle Cumulative Threshold" address="c7260" />
  <table name="Tip-in Throttle Cumulative Reset" address="c6ce3" />
  <table name="Min Primary Base Enrichment 1" address="c75e2">
    <table name="Y" address="c7490" />
  </table>
  <table name="Min Primary Base Enrichment 1 (Non-Primary OL)" address="c8864">
    <table name="X" address="c8838" elements="8" />
    <table name="Y" address="c8858" />
  </table>
  <table name="Min Primary Base Enrich 2 Initial Start 1A" address="c7afe">
    <table name="Y" address="c7490" />
  </table>
  <table name="Min Primary Base Enrich 2 Initial Start 1B" address="c7b3e">
    <table name="Y" address="c7490" />
  </table>
  <table name="Min Primary Base Enrich 2 Initial Start 2A" address="c7b1e">
    <table name="Y" address="c7490" />
  </table>
  <table name="Min Primary Base Enrich 2 Initial Start 2B" address="c7b5e">
    <table name="Y" address="c7490" />
  </table>
  <table name="Min Primary Base Enrich 2 Decay Step 1" address="c7b7e">
    <table name="Y" address="c7490" />
  </table>
  <table name="Min Primary Base Enrich 2 Decay Step 2" address="c7b9e">
    <table name="Y" address="c7490" />
  </table>
  <table name="Min Primary Base Enrich 3 Initial Start 1A" address="c7a7e">
    <table name="Y" address="c7490" />
  </table>
  <table name="Min Primary Base Enrich 3 Initial Start 1B" address="c7a9e">
    <table name="Y" address="c7490" />
  </table>
  <table name="Min Primary Base Enrich 3 Initial Start 2A" address="c7abe">
    <table name="Y" address="c7490" />
  </table>
  <table name="Min Primary Base Enrich 3 Initial Start 2B" address="c7ade">
    <table name="Y" address="c7490" />
  </table>
  <table name="Min Primary Base Enrich 3 Decay Delay A" address="c75a2">
    <table name="Y" address="c7490" />
  </table>
  <table name="Min Primary Base Enrich 3 Decay Delay B" address="c75b2">
    <table name="Y" address="c7490" />
  </table>
  <table name="Min Primary Base Enrich 3 Decay Multiplier" address="c6e6c" />
  <table name="A/F Learning #1 Limits" address="c7098" />
  <table name="A/F Learning #1 Airflow Ranges" address="c70a4" />
  <table name="MAF Limit (Maximum)" address="c2394" />
  <table name="MAF Sensor Scaling" address="cce28">
    <table name="Y" address="ccd50" />
  </table>
  <table name="MAF Compensation (IAT)" address="c2bac">
    <table name="X" address="c2b78" />
    <table name="Y" address="c2b8c" />
  </table>
  <table name="Engine Load Limit (Maximum)" address="20ecc" />
  <table name="Engine Load Compensation (MP)" address="c2b20">
    <table name="X" address="c2ad4" />
    <table name="Y" address="c2b00" elements="8" />
  </table>
  <table name="Base Timing" address="ca2a0">
    <table name="X" address="ca218" elements="16" />
    <table name="Y" address="ca258" />
  </table>
  <table name="Base Timing Idle" address="c99c9">
    <table name="Y" address="c986c" />
  </table>
  <table name="Base Timing Idle Minimum" address="c99c0">
    <table name="Y" address="c999c" />
  </table>
  <table name="Base Timing Idle Minimum Vehicle Speed Enable" address="c95b4" />
  <table name="Knock Correction Advance Max" address="ca604">
    <table name="X" address="ca57c" />
    <table name="Y" address="ca5bc" />
  </table>
  <table name="Timing Compensation A (IAT)" address="c9a3c">
    <table name="Y" address="c99fc" />
  </table>
  <table name="Timing Compensation A (IAT) Activation" address="ca400">
    <table name="X" address="ca3c0" />
    <table name="Y" address="ca3e0" />
  </table>
  <table name="Timing Compensation B (IAT)" address="c9ee4">
    <table name="Y" address="c9ea4" />
  </table>
  <table name="Timing Compensation B (IAT) IAM Activation" address="c9868" />
  <table name="Timing Compensation B (IAT) Max Additive" address="c984c" />
  <table name="Timing Compensation (ECT)" address="c99e9">
    <table name="Y" address="c986c" />
  </table>
  <table name="Timing Compensation (MRP)" address="ca758">
    <table name="X" address="ca738" />
    <table name="Y" address="ca74c" />
  </table>
  <table name="Timing Compensation Per Cylinder A__" address="c9d7c">
    <table name="Y" address="c9d40" elements="15" />
  </table>
  <table name="Timing Compensation Per Cylinder B__" address="c9dc8">
    <table name="Y" address="c9d8c" elements="15" />
  </table>
  <table name="Timing Compensation Per Cylinder C__" address="c9e14">
    <table name="Y" address="c9dd8" elements="15" />
  </table>
  <table name="Timing Compensation Per Cylinder D__" address="c9e60">
    <table name="Y" address="c9e24" elements="15" />
  </table>
  <table name="Timing Comp Minimum Load (Per Cylinder)" address="c96c8" />
  <table name="Timing Comp Maximum RPM (Per Cylinder)" address="c96c4" />
  <table name="Timing Comp Minimum Coolant Temp (Per Cylinder)" address="c96cc" />
  <table name="Feedback Correction Range (RPM)" address="c9700" />
  <table name="Feedback Correction Minimum Load" address="c9710" />
  <table name="Feedback Correction Retard Value" address="c96e0" />
  <table name="Feedback Correction Retard Limit" address="c96dc" />
  <table name="Feedback Correction Negative Advance Value" address="c96e8" />
  <table name="Feedback Correction Negative Advance Delay" address="c94e0" />
  <table name="Extended Feedback Correction High RPM Compensation" address="c9718" />
  <table name="Fine Correction Range (RPM)" address="c97f8" />
  <table name="Fine Correction Range (Load)" address="c9808" />
  <table name="Fine Correction Rows (RPM)" address="c9828" />
  <table name="Fine Correction Columns (Load)" address="c9818" />
  <table name="Fine Correction Retard Value" address="c9840" />
  <table name="Fine Correction Retard Limit" address="c97f0" />
  <table name="Fine Correction Advance Value" address="c97f4" />
  <table name="Fine Correction Advance Limit" address="c97ec" />
  <table name="Fine Correction Advance Delay" address="c94ee" />
  <table name="Rough Correction Range (RPM)" address="c9790" />
  <table name="Rough Correction Range (Load)" address="c97a0" />
  <table name="Rough Correction Minimum KC Advance Map Value" address="c97b0" />
  <table name="Rough Correction Learning Delay (Increasing)" address="c9e98">
    <table name="Y" address="c9e70" />
  </table>
  <table name="Advance Multiplier (Initial)" address="c978c" />
  <table name="Advance Multiplier Step Value" address="c97b4" />
  <table name="Intake Cam Advance Angle (AVCS)" address="ce364">
    <table name="X" address="ce314" elements="10" />
    <table name="Y" address="ce33c" elements="10" />
  </table>
  <table name="Requested Torque (Accelerator Pedal)" address="cc048">
    <table name="X" address="cbfd0" />
    <table name="Y" address="cc00c" elements="15" />
  </table>
  <table name="Target Throttle Plate Position (Requested Torque)" address="cbdb0">
    <table name="X" address="cbd2c" />
    <table name="Y" address="cbd70" />
  </table>
  <table name="Rev Limit (Fuel Cut)" address="c72b0" />
  <table name="Rev Limit Fuel Resume (Boost)" address="c72b8" />
  <table name="Speed Limiting Enable (Fuel Cut)" address="c7300" />
  <table name="Speed Limiting Disable (Fuel Cut)" address="c7308" />
  <table name="Speed Limiting (Throttle)" address="c264c" />
  <table name="EGT Sensor Scaling" address="ccf78">
    <table name="Y" address="ccf00" />
  </table>
  <table name="Fuel Temp Sensor Scaling" address="cccd8">
    <table name="Y" address="ccc60" />
  </table>
  <table name="Intake Temp Sensor Scaling" address="86164">
    <table name="Y" address="860ec" />
  </table>
  <table name="Coolant Temp Sensor Scaling" address="8607c">
    <table name="Y" address="8600c" />
  </table>
  <table name="Atmospheric Pressure Sensor Scaling" address="c0070" />
  <table name="Radiator Fan Modes (ECT)" address="cd780" />
  <table name="Radiator Fan Modes (Veh. Speed)" address="cd790" />
  <table name="Gear Determination Thresholds A" address="c25c8" />
  <table name="Gear Determination Thresholds B" address="c25dc" />
  <table name="Idle Speed Target A" address="cb2f0">
    <table name="Y" address="cad1c" />
  </table>
  <table name="Idle Speed Target B" address="cb330">
    <table name="Y" address="cad1c" />
  </table>
  <table name="Idle Speed Target C" address="cb370">
    <table name="Y" address="cad1c" />
  </table>
  <table name="Force Pass Readiness Monitors" address="78a5e" />
  <table name="(P0000) PASS CODE (NO DTC DETECTED)" address="75776" />
  <table name="(P0000) PASS CODE (NO DTC DETECTED)_" address="75777" />
  <table name="(P0011) CAMSHAFT POS. - TIMING OVER-ADVANCED 1" address="7575c" />
  <table name="(P0021) CAMSHAFT POS. - TIMING OVER-ADVANCED 2" address="7575d" />
  <table name="(P0030) FRONT O2 SENSOR RANGE/PERF" address="7579b" />
  <table name="(P0031) FRONT O2 SENSOR LOW INPUT" address="75782" />
  <table name="(P0032) FRONT O2 SENSOR HIGH INPUT" address="75780" />
  <table name="(P0037) REAR O2 SENSOR LOW INPUT" address="75781" />
  <table name="(P0038) REAR O2 SENSOR HIGH INPUT" address="7577f" />
  <table name="(P0068) MAP SENSOR RANGE/PERF" address="75797" />
  <table name="(P0101) MAF SENSOR RANGE/PERF" address="75799" />
  <table name="(P0102) MAF SENSOR LOW INPUT" address="75735" />
  <table name="(P0103) MAF SENSOR HIGH INPUT" address="75736" />
  <table name="(P0107) MAP SENSOR LOW INPUT" address="75783" />
  <table name="(P0108) MAP SENSOR HIGH INPUT" address="75784" />
  <table name="(P0111) IAT SENSOR RANGE/PERF" address="7577e" />
  <table name="(P0112) IAT SENSOR LOW INPUT" address="7577c" />
  <table name="(P0113) IAT SENSOR HIGH INPUT" address="7577d" />
  <table name="(P0117) COOLANT TEMP SENSOR LOW INPUT" address="7573d" />
  <table name="(P0118) COOLANT TEMP SENSOR HIGH INPUT" address="7573e" />
  <table name="(P0122) TPS A LOW INPUT" address="7573a" />
  <table name="(P0123) TPS A HIGH INPUT" address="7573b" />
  <table name="(P0125) INSUFFICIENT COOLANT TEMP (FUELING)" address="75740" />
  <table name="(P0126) INSUFFICIENT COOLANT TEMP (OPERATION)" address="757c4" />
  <table name="(P0128) THERMOSTAT MALFUNCTION" address="75785" />
  <table name="(P0131) FRONT O2 SENSOR LOW INPUT" address="75779" />
  <table name="(P0132) FRONT O2 SENSOR HIGH INPUT" address="7577a" />
  <table name="(P0133) FRONT O2 SENSOR SLOW RESPONSE" address="75767" />
  <table name="(P0134) FRONT O2 SENSOR NO ACTIVITY" address="7579a" />
  <table name="(P0137) REAR O2 SENSOR LOW VOLTAGE" address="75778" />
  <table name="(P0138) REAR O2 SENSOR HIGH VOLTAGE" address="7577b" />
  <table name="(P0139) REAR O2 SENSOR SLOW RESPONSE" address="75768" />
  <table name="(P0171) SYSTEM TOO LEAN" address="7576e" />
  <table name="(P0172) SYSTEM TOO RICH" address="7576f" />
  <table name="(P0181) FUEL TEMP SENSOR A RANGE/PERF" address="7574d" />
  <table name="(P0182) FUEL TEMP SENSOR A LOW INPUT" address="7574b" />
  <table name="(P0183) FUEL TEMP SENSOR A HIGH INPUT" address="7574c" />
  <table name="(P0222) TPS B LOW INPUT" address="7579e" />
  <table name="(P0223) TPS B HIGH INPUT" address="7579f" />
  <table name="(P0230) FUEL PUMP PRIMARY CIRCUIT" address="75796" />
  <table name="(P0244) WASTEGATE SOLENOID A RANGE/PERF" address="7578c" />
  <table name="(P0245) WASTEGATE SOLENOID A LOW" address="7578a" />
  <table name="(P0246) WASTEGATE SOLENOID A HIGH" address="7578b" />
  <table name="(P0301) MISFIRE CYLINDER 1" address="75770" />
  <table name="(P0302) MISFIRE CYLINDER 2" address="75771" />
  <table name="(P0303) MISFIRE CYLINDER 3" address="75772" />
  <table name="(P0304) MISFIRE CYLINDER 4" address="75773" />
  <table name="(P0327) KNOCK SENSOR 1 LOW INPUT" address="75738" />
  <table name="(P0328) KNOCK SENSOR 1 HIGH INPUT" address="75739" />
  <table name="(P0335) CRANKSHAFT POS. SENSOR A MALFUNCTION" address="75730" />
  <table name="(P0336) CRANKSHAFT POS. SENSOR A RANGE/PERF" address="75731" />
  <table name="(P0340) CAMSHAFT POS. SENSOR A MALFUNCTION_" address="757b2" />
  <table name="(P0345) CAMSHAFT POS. SENSOR A BANK 2" address="757b1" />
  <table name="(P0420) CAT EFFICIENCY BELOW THRESHOLD" address="7576b" />
  <table name="(P0442) EVAP LEAK DETECTED (SMALL)" address="7576c" />
  <table name="(P0447) EVAP VENT CONTROL CIRCUIT OPEN" address="75765" />
  <table name="(P0448) EVAP VENT CONTROL CIRCUIT SHORTED" address="75766" />
  <table name="(P0451) EVAP PRESSURE SENSOR RANGE/PERF" address="75749" />
  <table name="(P0452) EVAP PRESSURE SENSOR LOW INPUT" address="75747" />
  <table name="(P0453) EVAP PRESSURE SENSOR HIGH INPUT" address="75748" />
  <table name="(P0456) EVAP LEAK DETECTED (VERY SMALL)" address="7576d" />
  <table name="(P0457) EVAP LEAK DETECTED (FUEL CAP)" address="75775" />
  <table name="(P0458) EVAP PURGE VALVE CIRCUIT LOW" address="75760" />
  <table name="(P0459) EVAP PURGE VALVE CIRCUIT HIGH" address="75761" />
  <table name="(P0461) FUEL LEVEL SENSOR RANGE/PERF" address="75743" />
  <table name="(P0462) FUEL LEVEL SENSOR LOW INPUT" address="75741" />
  <table name="(P0463) FUEL LEVEL SENSOR HIGH INPUT" address="75742" />
  <table name="(P0464) FUEL LEVEL SENSOR INTERMITTENT" address="7573f" />
  <table name="(P0483) RADIATOR FAN RATIONALITY CHECK" address="75758" />
  <table name="(P0500) VEHICLE SPEED SENSOR A" address="75737" />
  <table name="(P0506) IDLE CONTROL RPM LOWER THAN EXPECTED" address="75753" />
  <table name="(P0507) IDLE CONTROL RPM HIGH THAN EXPECTED" address="75754" />
  <table name="(P0512) STARTER REQUEST CIRCUIT" address="75746" />
  <table name="(P0519) IDLE CONTROL MALFUNCTION (FAIL-SAFE)" address="75798" />
  <table name="(P0545) EGT SENSOR CIRCUIT LOW" address="75791" />
  <table name="(P0546) EGT SENSOR CIRCUIT HIGH" address="75792" />
  <table name="(P0600) SERIAL COMMUNICATION LINK" address="757ae" />
  <table name="(P0604) CONTROL MODULE RAM ERROR" address="75734" />
  <table name="(P0605) CONTROL MODULE ROM ERROR" address="757b3" />
  <table name="(P0607) CONTROL MODULE PERFORMANCE" address="757a6" />
  <table name="(P0638) THROTTLE ACTUATOR RANGE/PERF" address="757a5" />
  <table name="(P0691) RADIATOR FAN CIRCUIT LOW" address="75756" />
  <table name="(P0692) RADIATOR FAN CIRCUIT HIGH" address="75757" />
  <table name="(P0700) TRANSMISSION CONTROL SYSTEM" address="757bc" />
  <table name="(P0851) NEUTRAL SWITCH INPUT LOW" address="7574a" />
  <table name="(P0852) NEUTRAL SWITCH INPUT HIGH" address="7574e" />
  <table name="(P1152) FRONT O2 SENSOR RANGE/PERF LOW B1 S1" address="75769" />
  <table name="(P1153) FRONT O2 SENSOR RANGE/PERF HIGH B1 S1" address="7576a" />
  <table name="(P1160) ABNORMAL RETURN SPRING" address="757a0" />
  <table name="(P1301) MISFIRE (HIGH TEMP EXHAUST GAS)" address="75774" />
  <table name="(P1312) EGT SENSOR MALFUNCTION" address="75793" />
  <table name="(P1400) FUEL TANK PRESSURE SOL. LOW" address="7575e" />
  <table name="(P1420) FUEL TANK PRESSURE SOL. HIGH INPUT" address="7575f" />
  <table name="(P1443) VENT CONTROL SOLENOID FUNCTION PROBLEM" address="75764" />
  <table name="(P1446) FUEL TANK SENSOR CONTROL CIRCUIT LOW" address="7574f" />
  <table name="(P1447) FUEL TANK SENSOR CONTROL CIRCUIT HIGH" address="75750" />
  <table name="(P1448) FUEL TANK SENSOR CONTROL RANGE/PERF" address="75755" />
  <table name="(P1491) PCV (BLOWBY) FUNCTION PROBLEM" address="75786" />
  <table name="(P1518) STARTER SWITCH LOW INPUT" address="75745" />
  <table name="(P1544) EGT TOO HIGH" address="75794" />
  <table name="(P1560) BACK-UP VOLTAGE MALFUNCTION" address="75787" />
  <table name="(P2004) TGV - INTAKE MANIFOLD RUNNER 1 STUCK OPEN" address="757bf" />
  <table name="(P2005) TGV - INTAKE MANIFOLD RUNNER 2 STUCK OPEN" address="757c1" />
  <table name="(P2006) TGV - INTAKE MANIFOLD RUNNER 1 STUCK CLOSED" address="757c0" />
  <table name="(P2007) TGV - INTAKE MANIFOLD RUNNER 2 STUCK CLOSED" address="757c2" />
  <table name="(P2008) TGV - INTAKE MANIFOLD RUNNER 1 CIRCUIT OPEN" address="757cd" />
  <table name="(P2009) TGV - INTAKE MANIFOLD RUNNER 1 CIRCUIT LOW" address="757cb" />
  <table name="(P2011) TGV - INTAKE MANIFOLD RUNNER 2 CIRCUIT OPEN" address="757ce" />
  <table name="(P2012) TGV - INTAKE MANIFOLD RUNNER 2 CIRCUIT LOW" address="757cc" />
  <table name="(P2016) TGV - INTAKE MANIFOLD RUNNER 1 POS. SENSOR LOW" address="757c7" />
  <table name="(P2017) TGV - INTAKE MANIFOLD RUNNER 1 POS. SENSOR HIGH" address="757c8" />
  <table name="(P2021) TGV - INTAKE MANIFOLD RUNNER 2 POS. SENSOR LOW" address="757c9" />
  <table name="(P2022) TGV - INTAKE MANIFOLD RUNNER 2 POS. SENSOR HIGH" address="757ca" />
  <table name="(P2088) OCV SOLENOID A1 CIRCUIT OPEN" address="757bb" />
  <table name="(P2089) OCV SOLENOID A1 CIRCUIT SHORT" address="757ba" />
  <table name="(P2092) OCV SOLENOID A2 CIRCUIT OPEN" address="757b9" />
  <table name="(P2093) OCV SOLENOID A2 CIRCUIT SHORT" address="757b8" />
  <table name="(P2096) POST CATALYST TOO LEAN B1" address="757a4" />
  <table name="(P2097) POST CATALYST TOO RICH B1" address="757ad" />
  <table name="(P2101) THROTTLE ACTUATOR CIRCUIT RANGE/PERF" address="757a3" />
  <table name="(P2102) THROTTLE ACTUATOR CIRCUIT LOW" address="757a1" />
  <table name="(P2103) THROTTLE ACTUATOR CIRCUIT HIGH" address="757a2" />
  <table name="(P2109) TPS A MINIMUM STOP PERF" address="7579d" />
  <table name="(P2122) TPS D CIRCUIT LOW INPUT" address="757aa" />
  <table name="(P2123) TPS D CIRCUIT HIGH INPUT" address="757ab" />
  <table name="(P2127) TPS E CIRCUIT LOW INPUT" address="757a8" />
  <table name="(P2128) TPS E CIRCUIT HIGH INPUT" address="757a9" />
  <table name="(P2135) TPS A/B VOLTAGE" address="757ac" />
  <table name="(P2138) TPS D/E VOLTAGE" address="757a7" />
  <table name="(P2227) BARO. PRESSURE CIRCUIT RANGE/PERF" address="757c3" />
  <table name="(P2228) BARO. PRESSURE CIRCUIT LOW INPUT" address="757c6" />
  <table name="(P2229) BARO. PRESSURE CIRCUIT HIGH INPUT" address="757c5" />
</rom>