<rom>
  <romid>
    <xmlid>A2WC510C</xmlid>
    <internalidaddress>2000</internalidaddress>
    <internalidstring>A2WC510C</internalidstring>
    <ecuid>2F12505206</ecuid>
    <year>05</year>
    <market>USDM</market>
    <make>Subaru</make>
    <model>Legacy</model>
    <submodel>GT</submodel>
    <transmission>AT</transmission>
    <memmodel>SH7058</memmodel>
    <flashmethod>sti05</flashmethod>
    <checksummodule>subarudbw</checksummodule>
  </romid>
  <include>32BITBASE</include>
  <table name="Target Boost A" address="c0fa8">
    <table name="X" address="c0f58" />
    <table name="Y" address="c0f78" />
  </table>
  <table name="Target Boost B" address="c10b8">
    <table name="X" address="c1068" />
    <table name="Y" address="c1088" />
  </table>
  <table name="Target Boost Compensation (ECT)" address="c0758">
    <table name="Y" address="c05b8" />
  </table>
  <table name="Target Boost Compensation (1st Gear)" address="c05b4" />
  <table name="Target Boost Compensation (1st Gear) Speed Disable" address="c05ac" />
  <table name="Target Boost Compensation (Atm. Pressure) Multiplier" address="c0858">
    <table name="Y" address="c0848" />
  </table>
  <table name="Target Boost Compensation (Atm. Pressure) Multiplier Offset" address="c0788">
    <table name="Y" address="c0778" />
  </table>
  <table name="Boost Limit (Fuel Cut)" address="c8030">
    <table name="Y" address="c8018" />
  </table>
  <table name="Boost Control Disable (IAM)" address="c058c" />
  <table name="Boost Control Disable (Fine Correction)" address="c0588" />
  <table name="Boost Control Disable Delay (Fine Correction)" address="c0535" />
  <table name="Initial Wastegate Duty A" address="c09bc">
    <table name="X" address="c0970" />
    <table name="Y" address="c0990" elements="11" />
  </table>
  <table name="Initial Wastegate Duty B" address="c0ab8">
    <table name="X" address="c0a6c" />
    <table name="Y" address="c0a8c" elements="11" />
  </table>
  <table name="Max Wastegate Duty" address="c0dac">
    <table name="X" address="c0d60" />
    <table name="Y" address="c0d80" elements="11" />
  </table>
  <table name="Max Wastegate Duty Alternate A (RPM)" address="c08b4">
    <table name="Y" address="c08a0" />
  </table>
  <table name="Max Wastegate Duty Alternate B (RPM)" address="c08dc">
    <table name="Y" address="c08c8" />
  </table>
  <table name="Max Wastegate Duty Alternate Fix" address="c0534" />
  <table name="Max Wastegate Duty Limit Post-Compensation" address="155fc" />
  <table name="Initial/Max Wastegate Duty Compensation (IAT)" address="c0638">
    <table name="Y" address="c05f8" />
  </table>
  <table name="Initial/Max Wastegate Duty Alternate Compensation (IAT)" address="c06d8">
    <table name="Y" address="c0698" />
  </table>
  <table name="Initial/Max Wastegate Duty Compensation (ECT)" address="c0738">
    <table name="Y" address="c05b8" />
  </table>
  <table name="Initial/Max Wastegate Duty Compensation (Atm. Pressure)" address="c0918">
    <table name="X" address="c08f0" />
    <table name="Y" address="c0908" />
  </table>
  <table name="Turbo Dynamics Proportional" address="c07c4">
    <table name="Y" address="c07a0" />
  </table>
  <table name="Turbo Dynamics Integral Positive" address="c0834">
    <table name="Y" address="c0810" />
  </table>
  <table name="Turbo Dynamics Integral Negative" address="c07fc">
    <table name="Y" address="c07d8" />
  </table>
  <table name="TD Activation Thresholds (RPM)" address="c056c" />
  <table name="TD Activation Thresholds (Target Boost)" address="c0540" />
  <table name="TD Integral Cumulative Range (WGDC Correction)" address="c057c" />
  <table name="TD Integral Negative Activation (Boost Error)" address="c0550" />
  <table name="TD Integral Positive Activation (Boost Error)" address="c0558" />
  <table name="TD Integral Positive Activation (Wastegate Duty)" address="c0560" />
  <table name="Manifold Pressure Sensor Scaling" address="c00c0" />
  <table name="Manifold Pressure Sensor Limits (CEL)" address="cccbe" />
  <table name="Manifold Pressure Sensor CEL Delays" address="c3103" />
  <table name="Primary Open Loop Fueling" address="c87c0">
    <table name="X" address="c8738" elements="16" />
    <table name="Y" address="c8778" />
  </table>
  <table name="Primary Open Loop Fueling (Failsafe)" address="c897c">
    <table name="X" address="c88f4" elements="16" />
    <table name="Y" address="c8934" />
  </table>
  <table name="Primary Open Loop Fuel Map Switch (IAM)" address="c7014" />
  <table name="Minimum Active Primary Open Loop Enrichment" address="c6f78" />
  <table name="Minimum Primary Open Loop Enrichment (Throttle)" address="c76b0">
    <table name="Y" address="c7698" />
  </table>
  <table name="Primary Open Loop Fueling Compensation (ECT)" address="c7e7c">
    <table name="Y" address="c7338" />
  </table>
  <table name="Primary Open Loop Fueling Compensation (Timing Compensation)" address="c76d0">
    <table name="Y" address="c76b8" />
  </table>
  <table name="Front Oxygen Sensor Scaling" address="cd330">
    <table name="Y" address="cd2fc" />
  </table>
  <table name="Front Oxygen Sensor Rich Limit" address="22db4" />
  <table name="Front Oxygen Sensor Compensation (Atm. Pressure)" address="c27e8">
    <table name="Y" address="c27d8" />
  </table>
  <table name="CL Fueling Target Compensation (Load)" address="c91fc">
    <table name="X" address="c91a0" elements="11" />
    <table name="Y" address="c91cc" elements="12" />
  </table>
  <table name="CL Fueling Target Compensation A (ECT)" address="c9044">
    <table name="X" address="c7338" />
    <table name="Y" address="c9038" />
  </table>
  <table name="CL Fueling Target Compensation B (ECT)" address="c90f8">
    <table name="X" address="c7338" />
    <table name="Y" address="c90ec" />
  </table>
  <table name="CL to OL Delay" address="c6bc0" />
  <table name="CL to OL Transition with Delay A (Throttle)" address="c75e8">
    <table name="Y" address="c75a8" />
  </table>
  <table name="CL to OL Transition with Delay B (Throttle)" address="c7638">
    <table name="Y" address="c75f8" />
  </table>
  <table name="CL to OL Transition with Delay C (Throttle)" address="c7688">
    <table name="Y" address="c7648" />
  </table>
  <table name="CL to OL Transition with Delay Throttle Hysteresis" address="c6f7c" />
  <table name="CL to OL Transition with Delay A (Base Pulse Width)" address="c7d9c">
    <table name="Y" address="c7d5c" />
  </table>
  <table name="CL to OL Transition with Delay B (Base Pulse Width)" address="c7dfc">
    <table name="Y" address="c7dbc" />
  </table>
  <table name="CL to OL Transition with Delay C (Base Pulse Width)" address="c7e5c">
    <table name="Y" address="c7e1c" />
  </table>
  <table name="CL to OL Transition with Delay BPW Hysteresis" address="c6f80" />
  <table name="CL Delay Maximum (EGT)" address="c6ffc" />
  <table name="CL Delay Maximum (Vehicle Speed)" address="c6ff4" />
  <table name="CL Delay Minimum (ECT)" address="c6f84" />
  <table name="CL Delay Maximum Engine Speed (Per Gear)" address="c6f88" />
  <table name="CL Delay Maximum Engine Speed (Neutral)" address="c6fd8" />
  <table name="CL Delay Throttle Atm. Pressure Thresholds" address="c7004" />
  <table name="CL Delay Maximum (Throttle) (Low Atm. Pressure)" address="c6fe8" />
  <table name="CL Delay Maximum (Throttle) (High Atm. Pressure)" address="c6fe0" />
  <table name="Injector Latency" address="ccdb0">
    <table name="Y" address="ccd9c" />
  </table>
  <table name="Injector Flow Scaling" address="c6d10" />
  <table name="Per Injector Primary Fuel Offset Compensation A" address="c8af4">
    <table name="X" address="c8a9c" />
    <table name="Y" address="c8abc" />
  </table>
  <table name="Per Injector Primary Fuel Offset Compensation B" address="c8bbc">
    <table name="X" address="c8b64" />
    <table name="Y" address="c8b84" />
  </table>
  <table name="Per Injector Primary Fuel Offset Compensation C" address="c8c84">
    <table name="X" address="c8c2c" />
    <table name="Y" address="c8c4c" />
  </table>
  <table name="Per Injector Primary Fuel Offset Compensation D" address="c8d4c">
    <table name="X" address="c8cf4" />
    <table name="Y" address="c8d14" />
  </table>
  <table name="Cranking Fuel Injector Pulse Width A (ECT)" address="c78a6">
    <table name="Y" address="c7338" />
  </table>
  <table name="Cranking Fuel Injector Pulse Width B (ECT)" address="c78c6">
    <table name="Y" address="c7338" />
  </table>
  <table name="Cranking Fuel Injector Pulse Width C (ECT)" address="c78e6">
    <table name="Y" address="c7338" />
  </table>
  <table name="Cranking Fuel Injector Pulse Width D (ECT)" address="c7906">
    <table name="Y" address="c7338" />
  </table>
  <table name="Cranking Fuel IPW Compensation (RPM)" address="c85e0">
    <table name="X" address="c85b0" />
    <table name="Y" address="c85c4" />
  </table>
  <table name="Cranking Fuel IPW Compensation (Accelerator)" address="c7434">
    <table name="Y" address="c741c" />
  </table>
  <table name="Throttle Tip-in Enrichment" address="c7f84">
    <table name="Y" address="c7f3c" />
  </table>
  <table name="Minimum Tip-in Enrichment Activation" address="c7104" />
  <table name="Minimum Tip-in Enrichment Activation (Throttle)" address="c7100" />
  <table name="Tip-in Enrichment Compensation (Boost Error)" address="c7744">
    <table name="Y" address="c7720" />
  </table>
  <table name="Tip-in Enrichment Compensation (ECT)" address="c7fa8">
    <table name="Y" address="c7338" />
  </table>
  <table name="Tip-in Enrichment Disable Applied Counter Threshold" address="c6b89" />
  <table name="Tip-in Enrichment Applied Counter Reset" address="c6b8a" />
  <table name="Tip-in Enrichment Disable Throttle Cumulative Threshold" address="c7108" />
  <table name="Tip-in Throttle Cumulative Reset" address="c6b8b" />
  <table name="Min Primary Base Enrichment 1" address="c748a">
    <table name="Y" address="c7338" />
  </table>
  <table name="Min Primary Base Enrichment 1 (Non-Primary OL)" address="c870c">
    <table name="X" address="c86e0" elements="8" />
    <table name="Y" address="c8700" />
  </table>
  <table name="Min Primary Base Enrich 2 Initial Start 1A" address="c79a6">
    <table name="Y" address="c7338" />
  </table>
  <table name="Min Primary Base Enrich 2 Initial Start 1B" address="c79e6">
    <table name="Y" address="c7338" />
  </table>
  <table name="Min Primary Base Enrich 2 Initial Start 2A" address="c79c6">
    <table name="Y" address="c7338" />
  </table>
  <table name="Min Primary Base Enrich 2 Initial Start 2B" address="c7a06">
    <table name="Y" address="c7338" />
  </table>
  <table name="Min Primary Base Enrich 2 Decay Step 1" address="c7a26">
    <table name="Y" address="c7338" />
  </table>
  <table name="Min Primary Base Enrich 2 Decay Step 2" address="c7a46">
    <table name="Y" address="c7338" />
  </table>
  <table name="Min Primary Base Enrich 3 Initial Start 1A" address="c7926">
    <table name="Y" address="c7338" />
  </table>
  <table name="Min Primary Base Enrich 3 Initial Start 1B" address="c7946">
    <table name="Y" address="c7338" />
  </table>
  <table name="Min Primary Base Enrich 3 Initial Start 2A" address="c7966">
    <table name="Y" address="c7338" />
  </table>
  <table name="Min Primary Base Enrich 3 Initial Start 2B" address="c7986">
    <table name="Y" address="c7338" />
  </table>
  <table name="Min Primary Base Enrich 3 Decay Delay A" address="c744a">
    <table name="Y" address="c7338" />
  </table>
  <table name="Min Primary Base Enrich 3 Decay Delay B" address="c745a">
    <table name="Y" address="c7338" />
  </table>
  <table name="Min Primary Base Enrich 3 Decay Multiplier" address="c6d14" />
  <table name="A/F Learning #1 Limits" address="c6f40" />
  <table name="A/F Learning #1 Airflow Ranges" address="c6f4c" />
  <table name="MAF Limit (Maximum)" address="c2394" />
  <table name="MAF Sensor Scaling" address="cd134">
    <table name="Y" address="cd05c" />
  </table>
  <table name="MAF Compensation (IAT)" address="c2bac">
    <table name="X" address="c2b78" />
    <table name="Y" address="c2b8c" />
  </table>
  <table name="Engine Load Limit (Maximum)" address="20e8c" />
  <table name="Engine Load Compensation (MP)" address="c2b20">
    <table name="X" address="c2ad4" />
    <table name="Y" address="c2b00" elements="8" />
  </table>
  <table name="Base Timing" address="ca13c">
    <table name="X" address="ca0b4" elements="16" />
    <table name="Y" address="ca0f4" />
  </table>
  <table name="Base Timing Idle" address="c9865">
    <table name="Y" address="c9708" />
  </table>
  <table name="Base Timing Idle Minimum" address="c985c">
    <table name="Y" address="c9838" />
  </table>
  <table name="Base Timing Idle Minimum Vehicle Speed Enable" address="c9450" />
  <table name="Knock Correction Advance Max" address="ca4a0">
    <table name="X" address="ca418" />
    <table name="Y" address="ca458" />
  </table>
  <table name="Timing Compensation A (IAT)" address="c98d8">
    <table name="Y" address="c9898" />
  </table>
  <table name="Timing Compensation A (IAT) Activation" address="ca29c">
    <table name="X" address="ca25c" />
    <table name="Y" address="ca27c" />
  </table>
  <table name="Timing Compensation B (IAT)" address="c9d80">
    <table name="Y" address="c9d40" />
  </table>
  <table name="Timing Compensation B (IAT) IAM Activation" address="c9704" />
  <table name="Timing Compensation B (IAT) Max Additive" address="c96e8" />
  <table name="Timing Compensation (ECT)" address="c9885">
    <table name="Y" address="c9708" />
  </table>
  <table name="Timing Compensation (MRP)" address="ca5f4">
    <table name="X" address="ca5d4" />
    <table name="Y" address="ca5e8" />
  </table>
  <table name="Timing Compensation Per Cylinder A__" address="c9c18">
    <table name="Y" address="c9bdc" elements="15" />
  </table>
  <table name="Timing Compensation Per Cylinder B__" address="c9c64">
    <table name="Y" address="c9c28" elements="15" />
  </table>
  <table name="Timing Compensation Per Cylinder C__" address="c9cb0">
    <table name="Y" address="c9c74" elements="15" />
  </table>
  <table name="Timing Compensation Per Cylinder D__" address="c9cfc">
    <table name="Y" address="c9cc0" elements="15" />
  </table>
  <table name="Timing Comp Minimum Load (Per Cylinder)" address="c9564" />
  <table name="Timing Comp Maximum RPM (Per Cylinder)" address="c9560" />
  <table name="Timing Comp Minimum Coolant Temp (Per Cylinder)" address="c9568" />
  <table name="Feedback Correction Range (RPM)" address="c959c" />
  <table name="Feedback Correction Minimum Load" address="c95ac" />
  <table name="Feedback Correction Retard Value" address="c957c" />
  <table name="Feedback Correction Retard Limit" address="c9578" />
  <table name="Feedback Correction Negative Advance Value" address="c9584" />
  <table name="Feedback Correction Negative Advance Delay" address="c937c" />
  <table name="Extended Feedback Correction High RPM Compensation" address="c95b4" />
  <table name="Fine Correction Range (RPM)" address="c9694" />
  <table name="Fine Correction Range (Load)" address="c96a4" />
  <table name="Fine Correction Rows (RPM)" address="c96c4" />
  <table name="Fine Correction Columns (Load)" address="c96b4" />
  <table name="Fine Correction Retard Value" address="c96dc" />
  <table name="Fine Correction Retard Limit" address="c968c" />
  <table name="Fine Correction Advance Value" address="c9690" />
  <table name="Fine Correction Advance Limit" address="c9688" />
  <table name="Fine Correction Advance Delay" address="c938a" />
  <table name="Rough Correction Range (RPM)" address="c962c" />
  <table name="Rough Correction Range (Load)" address="c963c" />
  <table name="Rough Correction Minimum KC Advance Map Value" address="c964c" />
  <table name="Rough Correction Learning Delay (Increasing)" address="c9d34">
    <table name="Y" address="c9d0c" />
  </table>
  <table name="Advance Multiplier (Initial)" address="c9628" />
  <table name="Advance Multiplier Step Value" address="c9650" />
  <table name="Intake Cam Advance Angle (AVCS)" address="ce670">
    <table name="X" address="ce620" elements="10" />
    <table name="Y" address="ce648" elements="10" />
  </table>
  <table name="Requested Torque (Accelerator Pedal)" address="cbf38">
    <table name="X" address="cbec0" />
    <table name="Y" address="cbefc" elements="15" />
  </table>
  <table name="Target Throttle Plate Position (Requested Torque)" address="cbca0">
    <table name="X" address="cbc1c" />
    <table name="Y" address="cbc60" />
  </table>
  <table name="Rev Limit (Fuel Cut)" address="c7158" />
  <table name="Rev Limit Fuel Resume (Boost)" address="c7160" />
  <table name="Speed Limiting Enable (Fuel Cut)" address="c71a4" />
  <table name="Speed Limiting Disable (Fuel Cut)" address="c71ac" />
  <table name="Speed Limiting (Throttle)" address="c264c" />
  <table name="EGT Sensor Scaling" address="cd284">
    <table name="Y" address="cd20c" />
  </table>
  <table name="Fuel Temp Sensor Scaling" address="ccfe4">
    <table name="Y" address="ccf6c" />
  </table>
  <table name="Intake Temp Sensor Scaling" address="85838">
    <table name="Y" address="857c0" />
  </table>
  <table name="Coolant Temp Sensor Scaling" address="85750">
    <table name="Y" address="856e0" />
  </table>
  <table name="Atmospheric Pressure Sensor Scaling" address="c0070" />
  <table name="Radiator Fan Modes (ECT)" address="cda8c" />
  <table name="Radiator Fan Modes (Veh. Speed)" address="cda9c" />
  <table name="Idle Speed Target A" address="cb200">
    <table name="Y" address="cabb8" />
  </table>
  <table name="Idle Speed Target B" address="cb240">
    <table name="Y" address="cabb8" />
  </table>
  <table name="Idle Speed Target C" address="cb280">
    <table name="Y" address="cabb8" />
  </table>
  <table name="Force Pass Readiness Monitors" address="78146" />
  <table name="(P0000) PASS CODE (NO DTC DETECTED)" address="74e97" />
  <table name="(P0000) PASS CODE (NO DTC DETECTED)_" address="74e98" />
  <table name="(P0011) CAMSHAFT POS. - TIMING OVER-ADVANCED 1" address="74e7d" />
  <table name="(P0021) CAMSHAFT POS. - TIMING OVER-ADVANCED 2" address="74e7e" />
  <table name="(P0030) FRONT O2 SENSOR RANGE/PERF" address="74ebc" />
  <table name="(P0031) FRONT O2 SENSOR LOW INPUT" address="74ea3" />
  <table name="(P0032) FRONT O2 SENSOR HIGH INPUT" address="74ea1" />
  <table name="(P0037) REAR O2 SENSOR LOW INPUT" address="74ea2" />
  <table name="(P0038) REAR O2 SENSOR HIGH INPUT" address="74ea0" />
  <table name="(P0068) MAP SENSOR RANGE/PERF" address="74eb8" />
  <table name="(P0101) MAF SENSOR RANGE/PERF" address="74eba" />
  <table name="(P0102) MAF SENSOR LOW INPUT" address="74e59" />
  <table name="(P0103) MAF SENSOR HIGH INPUT" address="74e5a" />
  <table name="(P0107) MAP SENSOR LOW INPUT" address="74ea4" />
  <table name="(P0108) MAP SENSOR HIGH INPUT" address="74ea5" />
  <table name="(P0111) IAT SENSOR RANGE/PERF" address="74e9f" />
  <table name="(P0112) IAT SENSOR LOW INPUT" address="74e9d" />
  <table name="(P0113) IAT SENSOR HIGH INPUT" address="74e9e" />
  <table name="(P0117) COOLANT TEMP SENSOR LOW INPUT" address="74e61" />
  <table name="(P0118) COOLANT TEMP SENSOR HIGH INPUT" address="74e62" />
  <table name="(P0122) TPS A LOW INPUT" address="74e5e" />
  <table name="(P0123) TPS A HIGH INPUT" address="74e5f" />
  <table name="(P0125) INSUFFICIENT COOLANT TEMP (FUELING)" address="74e64" />
  <table name="(P0126) INSUFFICIENT COOLANT TEMP (OPERATION)" address="74ee5" />
  <table name="(P0128) THERMOSTAT MALFUNCTION" address="74ea6" />
  <table name="(P0131) FRONT O2 SENSOR LOW INPUT" address="74e9a" />
  <table name="(P0132) FRONT O2 SENSOR HIGH INPUT" address="74e9b" />
  <table name="(P0133) FRONT O2 SENSOR SLOW RESPONSE" address="74e88" />
  <table name="(P0134) FRONT O2 SENSOR NO ACTIVITY" address="74ebb" />
  <table name="(P0137) REAR O2 SENSOR LOW VOLTAGE" address="74e99" />
  <table name="(P0138) REAR O2 SENSOR HIGH VOLTAGE" address="74e9c" />
  <table name="(P0139) REAR O2 SENSOR SLOW RESPONSE" address="74e89" />
  <table name="(P0171) SYSTEM TOO LEAN" address="74e8f" />
  <table name="(P0172) SYSTEM TOO RICH" address="74e90" />
  <table name="(P0181) FUEL TEMP SENSOR A RANGE/PERF" address="74e71" />
  <table name="(P0182) FUEL TEMP SENSOR A LOW INPUT" address="74e6f" />
  <table name="(P0183) FUEL TEMP SENSOR A HIGH INPUT" address="74e70" />
  <table name="(P0222) TPS B LOW INPUT" address="74ebf" />
  <table name="(P0223) TPS B HIGH INPUT" address="74ec0" />
  <table name="(P0230) FUEL PUMP PRIMARY CIRCUIT" address="74eb7" />
  <table name="(P0244) WASTEGATE SOLENOID A RANGE/PERF" address="74ead" />
  <table name="(P0245) WASTEGATE SOLENOID A LOW" address="74eab" />
  <table name="(P0246) WASTEGATE SOLENOID A HIGH" address="74eac" />
  <table name="(P0301) MISFIRE CYLINDER 1" address="74e91" />
  <table name="(P0302) MISFIRE CYLINDER 2" address="74e92" />
  <table name="(P0303) MISFIRE CYLINDER 3" address="74e93" />
  <table name="(P0304) MISFIRE CYLINDER 4" address="74e94" />
  <table name="(P0327) KNOCK SENSOR 1 LOW INPUT" address="74e5c" />
  <table name="(P0328) KNOCK SENSOR 1 HIGH INPUT" address="74e5d" />
  <table name="(P0335) CRANKSHAFT POS. SENSOR A MALFUNCTION" address="74e54" />
  <table name="(P0336) CRANKSHAFT POS. SENSOR A RANGE/PERF" address="74e55" />
  <table name="(P0340) CAMSHAFT POS. SENSOR A MALFUNCTION_" address="74ed3" />
  <table name="(P0345) CAMSHAFT POS. SENSOR A BANK 2" address="74ed2" />
  <table name="(P0420) CAT EFFICIENCY BELOW THRESHOLD" address="74e8c" />
  <table name="(P0442) EVAP LEAK DETECTED (SMALL)" address="74e8d" />
  <table name="(P0447) EVAP VENT CONTROL CIRCUIT OPEN" address="74e86" />
  <table name="(P0448) EVAP VENT CONTROL CIRCUIT SHORTED" address="74e87" />
  <table name="(P0451) EVAP PRESSURE SENSOR RANGE/PERF" address="74e6d" />
  <table name="(P0452) EVAP PRESSURE SENSOR LOW INPUT" address="74e6b" />
  <table name="(P0453) EVAP PRESSURE SENSOR HIGH INPUT" address="74e6c" />
  <table name="(P0456) EVAP LEAK DETECTED (VERY SMALL)" address="74e8e" />
  <table name="(P0457) EVAP LEAK DETECTED (FUEL CAP)" address="74e96" />
  <table name="(P0458) EVAP PURGE VALVE CIRCUIT LOW" address="74e81" />
  <table name="(P0459) EVAP PURGE VALVE CIRCUIT HIGH" address="74e82" />
  <table name="(P0461) FUEL LEVEL SENSOR RANGE/PERF" address="74e67" />
  <table name="(P0462) FUEL LEVEL SENSOR LOW INPUT" address="74e65" />
  <table name="(P0463) FUEL LEVEL SENSOR HIGH INPUT" address="74e66" />
  <table name="(P0464) FUEL LEVEL SENSOR INTERMITTENT" address="74e63" />
  <table name="(P0483) RADIATOR FAN RATIONALITY CHECK" address="74e79" />
  <table name="(P0500) VEHICLE SPEED SENSOR A" address="74e5b" />
  <table name="(P0506) IDLE CONTROL RPM LOWER THAN EXPECTED" address="74e75" />
  <table name="(P0507) IDLE CONTROL RPM HIGH THAN EXPECTED" address="74e76" />
  <table name="(P0512) STARTER REQUEST CIRCUIT" address="74e6a" />
  <table name="(P0519) IDLE CONTROL MALFUNCTION (FAIL-SAFE)" address="74eb9" />
  <table name="(P0545) EGT SENSOR CIRCUIT LOW" address="74eb2" />
  <table name="(P0546) EGT SENSOR CIRCUIT HIGH" address="74eb3" />
  <table name="(P0600) SERIAL COMMUNICATION LINK" address="74ecf" />
  <table name="(P0604) CONTROL MODULE RAM ERROR" address="74e58" />
  <table name="(P0605) CONTROL MODULE ROM ERROR" address="74ed4" />
  <table name="(P0607) CONTROL MODULE PERFORMANCE" address="74ec7" />
  <table name="(P0638) THROTTLE ACTUATOR RANGE/PERF" address="74ec6" />
  <table name="(P0691) RADIATOR FAN CIRCUIT LOW" address="74e77" />
  <table name="(P0692) RADIATOR FAN CIRCUIT HIGH" address="74e78" />
  <table name="(P0700) TRANSMISSION CONTROL SYSTEM" address="74edd" />
  <table name="(P0851) NEUTRAL SWITCH INPUT LOW" address="74e6e" />
  <table name="(P0852) NEUTRAL SWITCH INPUT HIGH" address="74e72" />
  <table name="(P1152) FRONT O2 SENSOR RANGE/PERF LOW B1 S1" address="74e8a" />
  <table name="(P1153) FRONT O2 SENSOR RANGE/PERF HIGH B1 S1" address="74e8b" />
  <table name="(P1160) ABNORMAL RETURN SPRING" address="74ec1" />
  <table name="(P1301) MISFIRE (HIGH TEMP EXHAUST GAS)" address="74e95" />
  <table name="(P1312) EGT SENSOR MALFUNCTION" address="74eb4" />
  <table name="(P1400) FUEL TANK PRESSURE SOL. LOW" address="74e7f" />
  <table name="(P1420) FUEL TANK PRESSURE SOL. HIGH INPUT" address="74e80" />
  <table name="(P1443) VENT CONTROL SOLENOID FUNCTION PROBLEM" address="74e85" />
  <table name="(P1491) PCV (BLOWBY) FUNCTION PROBLEM" address="74ea7" />
  <table name="(P1518) STARTER SWITCH LOW INPUT" address="74e69" />
  <table name="(P1544) EGT TOO HIGH" address="74eb5" />
  <table name="(P1560) BACK-UP VOLTAGE MALFUNCTION" address="74ea8" />
  <table name="(P2004) TGV - INTAKE MANIFOLD RUNNER 1 STUCK OPEN" address="74ee0" />
  <table name="(P2005) TGV - INTAKE MANIFOLD RUNNER 2 STUCK OPEN" address="74ee2" />
  <table name="(P2006) TGV - INTAKE MANIFOLD RUNNER 1 STUCK CLOSED" address="74ee1" />
  <table name="(P2007) TGV - INTAKE MANIFOLD RUNNER 2 STUCK CLOSED" address="74ee3" />
  <table name="(P2008) TGV - INTAKE MANIFOLD RUNNER 1 CIRCUIT OPEN" address="74eee" />
  <table name="(P2009) TGV - INTAKE MANIFOLD RUNNER 1 CIRCUIT LOW" address="74eec" />
  <table name="(P2011) TGV - INTAKE MANIFOLD RUNNER 2 CIRCUIT OPEN" address="74eef" />
  <table name="(P2012) TGV - INTAKE MANIFOLD RUNNER 2 CIRCUIT LOW" address="74eed" />
  <table name="(P2016) TGV - INTAKE MANIFOLD RUNNER 1 POS. SENSOR LOW" address="74ee8" />
  <table name="(P2017) TGV - INTAKE MANIFOLD RUNNER 1 POS. SENSOR HIGH" address="74ee9" />
  <table name="(P2021) TGV - INTAKE MANIFOLD RUNNER 2 POS. SENSOR LOW" address="74eea" />
  <table name="(P2022) TGV - INTAKE MANIFOLD RUNNER 2 POS. SENSOR HIGH" address="74eeb" />
  <table name="(P2088) OCV SOLENOID A1 CIRCUIT OPEN" address="74edc" />
  <table name="(P2089) OCV SOLENOID A1 CIRCUIT SHORT" address="74edb" />
  <table name="(P2092) OCV SOLENOID A2 CIRCUIT OPEN" address="74eda" />
  <table name="(P2093) OCV SOLENOID A2 CIRCUIT SHORT" address="74ed9" />
  <table name="(P2096) POST CATALYST TOO LEAN B1" address="74ec5" />
  <table name="(P2097) POST CATALYST TOO RICH B1" address="74ece" />
  <table name="(P2101) THROTTLE ACTUATOR CIRCUIT RANGE/PERF" address="74ec4" />
  <table name="(P2102) THROTTLE ACTUATOR CIRCUIT LOW" address="74ec2" />
  <table name="(P2103) THROTTLE ACTUATOR CIRCUIT HIGH" address="74ec3" />
  <table name="(P2109) TPS A MINIMUM STOP PERF" address="74ebe" />
  <table name="(P2122) TPS D CIRCUIT LOW INPUT" address="74ecb" />
  <table name="(P2123) TPS D CIRCUIT HIGH INPUT" address="74ecc" />
  <table name="(P2127) TPS E CIRCUIT LOW INPUT" address="74ec9" />
  <table name="(P2128) TPS E CIRCUIT HIGH INPUT" address="74eca" />
  <table name="(P2135) TPS A/B VOLTAGE" address="74ecd" />
  <table name="(P2138) TPS D/E VOLTAGE" address="74ec8" />
  <table name="(P2227) BARO. PRESSURE CIRCUIT RANGE/PERF" address="74ee4" />
  <table name="(P2228) BARO. PRESSURE CIRCUIT LOW INPUT" address="74ee7" />
  <table name="(P2229) BARO. PRESSURE CIRCUIT HIGH INPUT" address="74ee6" />
</rom>