<rom>
  <romid>
    <xmlid>A2WD000A</xmlid>
    <internalidaddress>2000</internalidaddress>
    <internalidstring>A2WD000A</internalidstring>
    <ecuid>3C04504006</ecuid>
    <year>04</year>
    <market>JDM</market>
    <make>Subaru</make>
    <model>Legacy</model>
    <submodel>GT</submodel>
    <transmission>AT</transmission>
    <memmodel>SH7055</memmodel>
    <flashmethod>sti04</flashmethod>
    <checksummodule>subarudbw</checksummodule>
  </romid>
  <include>A2WD001A</include>
</rom>