<rom>
  <romid>
    <xmlid>A2WD010B</xmlid>
    <internalidaddress>2000</internalidaddress>
    <internalidstring>A2WD010B</internalidstring>
    <ecuid>3C04784216</ecuid>
    <year>04</year>
    <market>JDM</market>
    <make>Subaru</make>
    <model>Legacy</model>
    <submodel>GT</submodel>
    <transmission>MT</transmission>
    <memmodel>SH7055</memmodel>
    <flashmethod>sti04</flashmethod>
    <checksummodule>subarudbw</checksummodule>
  </romid>
  <include>32BITBASE</include>
  <table name="Target Boost A" address="6205c">
    <table name="X" address="6200c" />
    <table name="Y" address="6202c" />
  </table>
  <table name="Target Boost B" address="6216c">
    <table name="X" address="6211c" />
    <table name="Y" address="6213c" />
  </table>
  <table name="Target Boost Compensation (ECT)" address="61624">
    <table name="Y" address="61514" />
  </table>
  <table name="Target Boost Compensation (1st Gear)" address="61510" />
  <table name="Target Boost Compensation (1st Gear) Speed Disable" address="61508" />
  <table name="Target Boost Compensation (Atm. Pressure) Multiplier" address="6172c">
    <table name="Y" address="6171c" />
  </table>
  <table name="Target Boost Compensation (Atm. Pressure) Multiplier Offset" address="61658">
    <table name="Y" address="61648" />
  </table>
  <table name="Boost Limit (Fuel Cut)" address="6679c">
    <table name="Y" address="66784" />
  </table>
  <table name="Boost Control Disable (IAM)" address="614f0" />
  <table name="Boost Control Disable (Fine Correction)" address="614ec" />
  <table name="Boost Control Disable Delay (Fine Correction)" address="61499" />
  <table name="Initial Wastegate Duty A" address="61a9c">
    <table name="X" address="61a4c" />
    <table name="Y" address="61a6c" />
  </table>
  <table name="Initial Wastegate Duty B" address="61bac">
    <table name="X" address="61b5c" />
    <table name="Y" address="61b7c" />
  </table>
  <table name="Max Wastegate Duty" address="61d6c">
    <table name="X" address="61d2c" />
    <table name="Y" address="61d4c" />
  </table>
  <table name="Max Wastegate Duty Limit Post-Compensation" address="1502c" />
  <table name="Initial/Max Wastegate Duty Compensation (IAT)" address="615e4">
    <table name="Y" address="615a4" />
  </table>
  <table name="Initial/Max Wastegate Duty Compensation (ECT)" address="61604">
    <table name="Y" address="61514" />
  </table>
  <table name="Initial/Max Wastegate Duty Compensation (Atm. Pressure)" address="61814">
    <table name="X" address="617ec" />
    <table name="Y" address="61804" />
  </table>
  <table name="Turbo Dynamics Proportional" address="61680">
    <table name="Y" address="6165c" />
  </table>
  <table name="Turbo Dynamics Integral Positive" address="616f0">
    <table name="Y" address="616cc" />
  </table>
  <table name="Turbo Dynamics Integral Negative" address="616b8">
    <table name="Y" address="61694" />
  </table>
  <table name="TD Activation Thresholds (RPM)" address="614d8" />
  <table name="TD Activation Thresholds (Target Boost)" address="614ac" />
  <table name="TD Integral Cumulative Range (WGDC Correction)" address="614e0" />
  <table name="TD Integral Negative Activation (Boost Error)" address="614b8" />
  <table name="TD Integral Positive Activation (Boost Error)" address="614c0" />
  <table name="TD Integral Positive Activation (Wastegate Duty)" address="614c4" />
  <table name="Manifold Pressure Sensor Scaling" address="60f90" />
  <table name="Manifold Pressure Sensor Limits (CEL)" address="6bdec" />
  <table name="Manifold Pressure Sensor CEL Delays" address="65075" />
  <table name="Primary Open Loop Fueling A" address="66c14">
    <table name="X" address="66b8c" elements="16" />
    <table name="Y" address="66bcc" />
  </table>
  <table name="Primary Open Loop Fueling B" address="66dbc">
    <table name="X" address="66d34" elements="16" />
    <table name="Y" address="66d74" />
  </table>
  <table name="Primary Open Loop Fueling A (Failsafe)" address="66f64">
    <table name="X" address="66edc" elements="16" />
    <table name="Y" address="66f1c" />
  </table>
  <table name="Primary Open Loop Fueling B (Failsafe)" address="6710c">
    <table name="X" address="67084" elements="16" />
    <table name="Y" address="670c4" />
  </table>
  <table name="Primary Open Loop Fuel Map Switch (IAM)" address="657f0" />
  <table name="Minimum Active Primary Open Loop Enrichment" address="65754" />
  <table name="Minimum Primary Open Loop Enrichment (Throttle)" address="65df8">
    <table name="Y" address="65de0" />
  </table>
  <table name="Primary Open Loop Fueling Compensation (ECT)" address="665ec">
    <table name="Y" address="65acc" />
  </table>
  <table name="Primary Open Loop Fueling Compensation (Timing Compensation)_" address="65e18">
    <table name="Y" address="65e00" />
  </table>
  <table name="Front Oxygen Sensor Scaling" address="6c478">
    <table name="Y" address="6c444" />
  </table>
  <table name="Front Oxygen Sensor Rich Limit" address="21c34" />
  <table name="Front Oxygen Sensor Compensation (Atm. Pressure)" address="644d4">
    <table name="Y" address="644c4" />
  </table>
  <table name="CL Fueling Target Compensation (Load)" address="67850">
    <table name="X" address="67808" elements="8" />
    <table name="Y" address="67828" />
  </table>
  <table name="CL Fueling Target Compensation (ECT)_" address="662d2">
    <table name="Y" address="65acc" />
  </table>
  <table name="CL to OL Delay" address="6542e" />
  <table name="CL to OL Transition with Delay (Throttle)" address="65dd0">
    <table name="Y" address="65d90" />
  </table>
  <table name="CL to OL Transition with Delay Throttle Hysteresis" address="65758" />
  <table name="CL to OL Transition with Delay A (Base Pulse Width)" address="6650c">
    <table name="Y" address="664cc" />
  </table>
  <table name="CL to OL Transition with Delay B (Base Pulse Width)" address="6656c">
    <table name="Y" address="6652c" />
  </table>
  <table name="CL to OL Transition with Delay C (Base Pulse Width)" address="665cc">
    <table name="Y" address="6658c" />
  </table>
  <table name="CL to OL Transition with Delay BPW Hysteresis" address="6575c" />
  <table name="CL Delay Maximum (Throttle)" address="657cc" />
  <table name="CL Delay Maximum (Vehicle Speed)" address="657d0" />
  <table name="CL Delay Minimum (ECT)" address="65760" />
  <table name="CL Delay Maximum Engine Speed (Per Gear)" address="6578c" />
  <table name="CL Delay Maximum Engine Speed (Neutral)" address="657b4" />
  <table name="Injector Latency" address="6bef8">
    <table name="Y" address="6bee4" />
  </table>
  <table name="Injector Flow Scaling" address="655ec" />
  <table name="Per Injector Primary Fuel Offset Compensation A" address="67268">
    <table name="X" address="6722c" />
    <table name="Y" address="6724c" elements="7" />
  </table>
  <table name="Per Injector Primary Fuel Offset Compensation B" address="672dc">
    <table name="X" address="672a0" />
    <table name="Y" address="672c0" elements="7" />
  </table>
  <table name="Per Injector Primary Fuel Offset Compensation C" address="67350">
    <table name="X" address="67314" />
    <table name="Y" address="67334" elements="7" />
  </table>
  <table name="Per Injector Primary Fuel Offset Compensation D" address="673c4">
    <table name="X" address="67388" />
    <table name="Y" address="673a8" elements="7" />
  </table>
  <table name="Cranking Fuel Injector Pulse Width A (ECT)" address="65fce">
    <table name="Y" address="65acc" />
  </table>
  <table name="Cranking Fuel Injector Pulse Width B (ECT)" address="65fee">
    <table name="Y" address="65acc" />
  </table>
  <table name="Cranking Fuel Injector Pulse Width C (ECT)" address="6600e">
    <table name="Y" address="65acc" />
  </table>
  <table name="Cranking Fuel Injector Pulse Width D (ECT)" address="6602e">
    <table name="Y" address="65acc" />
  </table>
  <table name="Cranking Fuel IPW Compensation (RPM)" address="66a6c">
    <table name="X" address="66a3c" />
    <table name="Y" address="66a50" />
  </table>
  <table name="Cranking Fuel IPW Compensation (Accelerator)" address="65b64">
    <table name="Y" address="65b4c" />
  </table>
  <table name="Throttle Tip-in Enrichment" address="666f0">
    <table name="Y" address="666ac" elements="17" />
  </table>
  <table name="Minimum Tip-in Enrichment Activation" address="658d4" />
  <table name="Minimum Tip-in Enrichment Activation (Throttle)" address="658d0" />
  <table name="Tip-in Enrichment Compensation (Boost Error)" address="65edc">
    <table name="Y" address="65eb8" />
  </table>
  <table name="Tip-in Enrichment Compensation (ECT)" address="66712">
    <table name="Y" address="65acc" />
  </table>
  <table name="Tip-in Enrichment Disable Applied Counter Threshold" address="653ff" />
  <table name="Tip-in Enrichment Applied Counter Reset" address="65400" />
  <table name="Tip-in Enrichment Disable Throttle Cumulative Threshold" address="658d8" />
  <table name="Tip-in Throttle Cumulative Reset" address="65401" />
  <table name="Min Primary Base Enrichment 1" address="65bba">
    <table name="Y" address="65acc" />
  </table>
  <table name="Min Primary Base Enrichment 1 (Non-Primary OL)" address="66b6c">
    <table name="X" address="66b38" />
    <table name="Y" address="66b60" />
  </table>
  <table name="Min Primary Base Enrich 2 Initial Start 1A" address="660ce">
    <table name="Y" address="65acc" />
  </table>
  <table name="Min Primary Base Enrich 2 Initial Start 1B" address="6610e">
    <table name="Y" address="65acc" />
  </table>
  <table name="Min Primary Base Enrich 2 Initial Start 2A" address="660ee">
    <table name="Y" address="65acc" />
  </table>
  <table name="Min Primary Base Enrich 2 Initial Start 2B" address="6612e">
    <table name="Y" address="65acc" />
  </table>
  <table name="Min Primary Base Enrich 2 Decay Step 1" address="6614e">
    <table name="Y" address="65acc" />
  </table>
  <table name="Min Primary Base Enrich 2 Decay Step 2" address="6616e">
    <table name="Y" address="65acc" />
  </table>
  <table name="Min Primary Base Enrich 3 Initial Start 1A" address="6604e">
    <table name="Y" address="65acc" />
  </table>
  <table name="Min Primary Base Enrich 3 Initial Start 1B" address="6606e">
    <table name="Y" address="65acc" />
  </table>
  <table name="Min Primary Base Enrich 3 Initial Start 2A" address="6608e">
    <table name="Y" address="65acc" />
  </table>
  <table name="Min Primary Base Enrich 3 Initial Start 2B" address="660ae">
    <table name="Y" address="65acc" />
  </table>
  <table name="Min Primary Base Enrich 3 Decay Delay A" address="65b7a">
    <table name="Y" address="65acc" />
  </table>
  <table name="Min Primary Base Enrich 3 Decay Delay B" address="65b8a">
    <table name="Y" address="65acc" />
  </table>
  <table name="Min Primary Base Enrich 3 Decay Multiplier" address="655f0" />
  <table name="A/F Learning #1 Limits" address="65700" />
  <table name="A/F Learning #1 Airflow Ranges" address="6570c" />
  <table name="MAF Limit (Maximum)" address="64220" />
  <table name="MAF Sensor Scaling" address="6c27c">
    <table name="Y" address="6c1a4" />
  </table>
  <table name="MAF Compensation (IAT)" address="64b44">
    <table name="X" address="64b10" />
    <table name="Y" address="64b24" />
  </table>
  <table name="Engine Load Limit (Maximum)" address="20150" />
  <table name="Engine Load Compensation (MP)" address="64a8c">
    <table name="X" address="64a30" />
    <table name="Y" address="64a5c" elements="12" />
  </table>
  <table name="Base Timing A" address="6897c">
    <table name="X" address="688f0" elements="17" />
    <table name="Y" address="68934" />
  </table>
  <table name="Base Timing B" address="68b3c">
    <table name="X" address="68ab0" elements="17" />
    <table name="Y" address="68af4" />
  </table>
  <table name="Base Timing Idle" address="680f5">
    <table name="Y" address="67f70" />
  </table>
  <table name="Base Timing Idle Minimum" address="680ec">
    <table name="Y" address="680c8" />
  </table>
  <table name="Base Timing Idle Minimum Vehicle Speed Enable" address="67cb4" />
  <table name="Knock Correction Advance Max A" address="68e1c">
    <table name="X" address="68d90" elements="17" />
    <table name="Y" address="68dd4" />
  </table>
  <table name="Knock Correction Advance Max B" address="68fdc">
    <table name="X" address="68f50" elements="17" />
    <table name="Y" address="68f94" />
  </table>
  <table name="Timing Compensation (IAT)" address="68168">
    <table name="Y" address="68128" />
  </table>
  <table name="Timing Compensation (IAT) Activation" address="68cb0">
    <table name="X" address="68c70" />
    <table name="Y" address="68c90" />
  </table>
  <table name="Timing Compensation (ECT)" address="68115">
    <table name="Y" address="67f70" />
  </table>
  <table name="Timing Compensation (MRP)" address="69144">
    <table name="X" address="69124" />
    <table name="Y" address="69138" />
  </table>
  <table name="Timing Compensation Per Cylinder A__" address="682b0">
    <table name="Y" address="68278" />
  </table>
  <table name="Timing Compensation Per Cylinder B__" address="682f8">
    <table name="Y" address="682c0" />
  </table>
  <table name="Timing Compensation Per Cylinder C__" address="68340">
    <table name="Y" address="68308" />
  </table>
  <table name="Timing Compensation Per Cylinder D__" address="68388">
    <table name="Y" address="68350" />
  </table>
  <table name="Timing Comp Minimum Load (Per Cylinder)" address="67d50" />
  <table name="Timing Comp Maximum RPM (Per Cylinder)" address="67d4c" />
  <table name="Timing Comp Minimum Coolant Temp (Per Cylinder)" address="67d54" />
  <table name="Feedback Correction Range (RPM)" address="67d88" />
  <table name="Feedback Correction Minimum Load" address="67d98" />
  <table name="Feedback Correction Retard Value" address="67d68" />
  <table name="Feedback Correction Retard Limit" address="67d64" />
  <table name="Feedback Correction Negative Advance Value" address="67d70" />
  <table name="Feedback Correction Negative Advance Delay" address="67bce" />
  <table name="Extended Feedback Correction High RPM Compensation" address="67da0" />
  <table name="Fine Correction Range (RPM)" address="67e80" />
  <table name="Fine Correction Range (Load)" address="67e90" />
  <table name="Fine Correction Rows (RPM)" address="67eb0" />
  <table name="Fine Correction Columns (Load)" address="67ea0" />
  <table name="Fine Correction Retard Value" address="67ec8" />
  <table name="Fine Correction Retard Limit" address="67e78" />
  <table name="Fine Correction Advance Value" address="67e7c" />
  <table name="Fine Correction Advance Limit" address="67e74" />
  <table name="Fine Correction Advance Delay" address="67bdc" />
  <table name="Rough Correction Range (RPM)" address="67e18" />
  <table name="Rough Correction Range (Load)" address="67e28" />
  <table name="Rough Correction Minimum KC Advance Map Value" address="67e38" />
  <table name="Rough Correction Learning Delay (Increasing)" address="683c0">
    <table name="Y" address="68398" />
  </table>
  <table name="Advance Multiplier (Initial)" address="67e14" />
  <table name="Advance Multiplier Step Value" address="67e3c" />
  <table name="Intake Cam Advance Angle A (AVCS)" address="6d968">
    <table name="X" address="6d8e8" />
    <table name="Y" address="6d920" />
  </table>
  <table name="Intake Cam Advance Angle B (AVCS)" address="6dbe0">
    <table name="X" address="6db60" />
    <table name="Y" address="6db98" />
  </table>
  <table name="Exhaust Cam Retard Angle A (AVCS)" address="6e290">
    <table name="X" address="6e210" />
    <table name="Y" address="6e248" />
  </table>
  <table name="Exhaust Cam Retard Angle B (AVCS)" address="6e508">
    <table name="X" address="6e488" />
    <table name="Y" address="6e4c0" />
  </table>
  <table name="Requested Torque (Accelerator Pedal)" address="6af3c">
    <table name="X" address="6aea8" elements="20" />
    <table name="Y" address="6aef8" />
  </table>
  <table name="Target Throttle Plate Position A (Requested Torque)" address="6a9e4">
    <table name="X" address="6a960" />
    <table name="Y" address="6a9a4" />
  </table>
  <table name="Target Throttle Plate Position B (Requested Torque)" address="6ac88">
    <table name="X" address="6ac04" />
    <table name="Y" address="6ac48" />
  </table>
  <table name="Rev Limit (Fuel Cut)" address="6592c" />
  <table name="Rev Limit Fuel Resume (Boost)" address="65934" />
  <table name="Speed Limiting Enable (Fuel Cut)" address="6597c" />
  <table name="Speed Limiting Disable (Fuel Cut)" address="65984" />
  <table name="Speed Limiting (Throttle)" address="644b8" />
  <table name="Intake Temp Sensor Scaling" address="60d4c">
    <table name="Y" address="60cd4" />
  </table>
  <table name="Coolant Temp Sensor Scaling" address="60c64">
    <table name="Y" address="60bf4" />
  </table>
  <table name="Atmospheric Pressure Sensor Scaling" address="60f3c" />
  <table name="Radiator Fan Modes (ECT)" address="6cbd0" />
  <table name="Radiator Fan Modes (Veh. Speed)" address="6cbe0" />
  <table name="Gear Determination Thresholds A" address="641dc" />
  <table name="Gear Determination Thresholds B" address="641f0" />
  <table name="Idle Speed Target A" address="69db6">
    <table name="Y" address="6983c" />
  </table>
  <table name="Idle Speed Target B" address="69df6">
    <table name="Y" address="6983c" />
  </table>
  <table name="Idle Speed Target C" address="69e36">
    <table name="Y" address="6983c" />
  </table>
  <table name="Force Pass Readiness Monitors" address="540a2" />
  <table name="(P0031) FRONT O2 SENSOR LOW INPUT" address="50ece" />
  <table name="(P0032) FRONT O2 SENSOR HIGH INPUT" address="50ecc" />
  <table name="(P0037) REAR O2 SENSOR LOW INPUT" address="50ecd" />
  <table name="(P0038) REAR O2 SENSOR HIGH INPUT" address="50ecb" />
  <table name="(P0102) MAF SENSOR LOW INPUT" address="50e81" />
  <table name="(P0103) MAF SENSOR HIGH INPUT" address="50e82" />
  <table name="(P0107) MAP SENSOR LOW INPUT" address="50ecf" />
  <table name="(P0108) MAP SENSOR HIGH INPUT" address="50ed0" />
  <table name="(P0112) IAT SENSOR LOW INPUT" address="50ec8" />
  <table name="(P0113) IAT SENSOR HIGH INPUT" address="50ec9" />
  <table name="(P0117) COOLANT TEMP SENSOR LOW INPUT" address="50e89" />
  <table name="(P0118) COOLANT TEMP SENSOR HIGH INPUT" address="50e8a" />
  <table name="(P0122) TPS A LOW INPUT" address="50e86" />
  <table name="(P0123) TPS A HIGH INPUT" address="50e87" />
  <table name="(P0131) FRONT O2 SENSOR LOW INPUT" address="50ec5" />
  <table name="(P0132) FRONT O2 SENSOR HIGH INPUT" address="50ec6" />
  <table name="(P0134) FRONT O2 SENSOR NO ACTIVITY" address="50ee6" />
  <table name="(P0137) REAR O2 SENSOR LOW VOLTAGE" address="50ec4" />
  <table name="(P0138) REAR O2 SENSOR HIGH VOLTAGE" address="50ec7" />
  <table name="(P0171) SYSTEM TOO LEAN" address="50eba" />
  <table name="(P0172) SYSTEM TOO RICH" address="50ebb" />
  <table name="(P0222) TPS B LOW INPUT" address="50eea" />
  <table name="(P0223) TPS B HIGH INPUT" address="50eeb" />
  <table name="(P0230) FUEL PUMP PRIMARY CIRCUIT" address="50ee2" />
  <table name="(P0245) WASTEGATE SOLENOID A LOW" address="50ed6" />
  <table name="(P0246) WASTEGATE SOLENOID A HIGH" address="50ed7" />
  <table name="(P0261) FUEL INJECTOR #1 CIRCUIT LOW" address="50ed9" />
  <table name="(P0264) FUEL INJECTOR #2 CIRCUIT LOW" address="50eda" />
  <table name="(P0267) FUEL INJECTOR #3 CIRCUIT LOW" address="50edb" />
  <table name="(P0270) FUEL INJECTOR #4 CIRCUIT LOW" address="50edc" />
  <table name="(P0327) KNOCK SENSOR 1 LOW INPUT" address="50e84" />
  <table name="(P0328) KNOCK SENSOR 1 HIGH INPUT" address="50e85" />
  <table name="(P0335) CRANKSHAFT POS. SENSOR A MALFUNCTION" address="50e7c" />
  <table name="(P0340) CAMSHAFT POS. SENSOR A MALFUNCTION_" address="50efe" />
  <table name="(P0345) CAMSHAFT POS. SENSOR A BANK 2" address="50efd" />
  <table name="(P0350) IGNITION COIL PRIMARY/SECONDARY" address="50e90" />
  <table name="(P0365) CAMSHAFT POS. SENSOR B BANK 1_" address="50efc" />
  <table name="(P0390) CAMSHAFT POS. SENSOR B BANK 2_" address="50efb" />
  <table name="(P0458) EVAP PURGE VALVE CIRCUIT LOW" address="50eac" />
  <table name="(P0459) EVAP PURGE VALVE CIRCUIT HIGH" address="50ead" />
  <table name="(P0500) VEHICLE SPEED SENSOR A" address="50e83" />
  <table name="(P0512) STARTER REQUEST CIRCUIT" address="50e92" />
  <table name="(P0519) IDLE CONTROL MALFUNCTION (FAIL-SAFE)" address="50ee4" />
  <table name="(P0562) SYSTEM VOLTAGE LOW" address="50ed4" />
  <table name="(P0563) SYSTEM VOLTAGE HIGH" address="50ed5" />
  <table name="(P0600) SERIAL COMMUNICATION LINK" address="50efa" />
  <table name="(P0604) CONTROL MODULE RAM ERROR" address="50e80" />
  <table name="(P0605) CONTROL MODULE ROM ERROR" address="50eff" />
  <table name="(P0607) CONTROL MODULE PERFORMANCE" address="50ef2" />
  <table name="(P0638) THROTTLE ACTUATOR RANGE/PERF" address="50ef1" />
  <table name="(P0700) TRANSMISSION CONTROL SYSTEM" address="50f08" />
  <table name="(P0851) NEUTRAL SWITCH INPUT LOW" address="50e96" />
  <table name="(P0852) NEUTRAL SWITCH INPUT HIGH" address="50e9a" />
  <table name="(P1160) ABNORMAL RETURN SPRING" address="50eec" />
  <table name="(P1518) STARTER SWITCH LOW INPUT" address="50e91" />
  <table name="(P1560) BACK-UP VOLTAGE MALFUNCTION" address="50ed3" />
  <table name="(P2088) OCV SOLENOID A1 CIRCUIT OPEN" address="50f07" />
  <table name="(P2089) OCV SOLENOID A1 CIRCUIT SHORT" address="50f06" />
  <table name="(P2090) OCV SOLENOID B1 CIRCUIT OPEN" address="50f03" />
  <table name="(P2091) OCV SOLENOID B1 CIRCUIT SHORT" address="50f02" />
  <table name="(P2092) OCV SOLENOID A2 CIRCUIT OPEN" address="50f05" />
  <table name="(P2093) OCV SOLENOID A2 CIRCUIT SHORT" address="50f04" />
  <table name="(P2094) OCV SOLENOID B2 CIRCUIT OPEN" address="50f01" />
  <table name="(P2095) OCV SOLENOID B2 CIRCUIT SHORT" address="50f00" />
  <table name="(P2101) THROTTLE ACTUATOR CIRCUIT RANGE/PERF" address="50eef" />
  <table name="(P2102) THROTTLE ACTUATOR CIRCUIT LOW" address="50eed" />
  <table name="(P2103) THROTTLE ACTUATOR CIRCUIT HIGH" address="50eee" />
  <table name="(P2109) TPS A MINIMUM STOP PERF" address="50ee9" />
  <table name="(P2122) TPS D CIRCUIT LOW INPUT" address="50ef6" />
  <table name="(P2123) TPS D CIRCUIT HIGH INPUT" address="50ef7" />
  <table name="(P2127) TPS E CIRCUIT LOW INPUT" address="50ef4" />
  <table name="(P2128) TPS E CIRCUIT HIGH INPUT" address="50ef5" />
  <table name="(P2135) TPS A/B VOLTAGE" address="50ef8" />
  <table name="(P2138) TPS D/E VOLTAGE" address="50ef3" />
  <table name="(P2228) BARO. PRESSURE CIRCUIT LOW INPUT" address="50f12" />
  <table name="(P2229) BARO. PRESSURE CIRCUIT HIGH INPUT" address="50f11" />
</rom>