<rom>
  <romid>
    <xmlid>A2WD001A</xmlid>
    <internalidaddress>2000</internalidaddress>
    <internalidstring>A2WD001A</internalidstring>
    <ecuid>3C04504106</ecuid>
    <year>04</year>
    <market>JDM</market>
    <make>Subaru</make>
    <model>Legacy</model>
    <submodel>GT</submodel>
    <transmission>AT</transmission>
    <memmodel>SH7055</memmodel>
    <flashmethod>sti04</flashmethod>
    <checksummodule>subarudbw</checksummodule>
  </romid>
  <include>32BITBASE</include>
  <table name="Target Boost A" address="61e24">
    <table name="X" address="61dd4" />
    <table name="Y" address="61df4" />
  </table>
  <table name="Target Boost B" address="61f34">
    <table name="X" address="61ee4" />
    <table name="Y" address="61f04" />
  </table>
  <table name="Target Boost Compensation (ECT)" address="615fc">
    <table name="Y" address="614fc" />
  </table>
  <table name="Target Boost Compensation (1st Gear)" address="614f8" />
  <table name="Target Boost Compensation (1st Gear) Speed Disable" address="614f0" />
  <table name="Target Boost Compensation (Atm. Pressure) Multiplier" address="616fc">
    <table name="Y" address="616ec" />
  </table>
  <table name="Target Boost Compensation (Atm. Pressure) Multiplier Offset" address="6162c">
    <table name="Y" address="6161c" />
  </table>
  <table name="Boost Limit (Fuel Cut)" address="66784">
    <table name="Y" address="6676c" />
  </table>
  <table name="Boost Control Disable (IAM)" address="614d8" />
  <table name="Boost Control Disable (Fine Correction)" address="614d4" />
  <table name="Boost Control Disable Delay (Fine Correction)" address="61481" />
  <table name="Initial Wastegate Duty A" address="61864">
    <table name="X" address="61814" />
    <table name="Y" address="61834" />
  </table>
  <table name="Initial Wastegate Duty B" address="61974">
    <table name="X" address="61924" />
    <table name="Y" address="61944" />
  </table>
  <table name="Max Wastegate Duty" address="61c94">
    <table name="X" address="61c54" />
    <table name="Y" address="61c74" />
  </table>
  <table name="Max Wastegate Duty Limit Post-Compensation" address="15020" />
  <table name="Initial/Max Wastegate Duty Compensation (IAT)" address="6157c">
    <table name="Y" address="6153c" />
  </table>
  <table name="Initial/Max Wastegate Duty Compensation (ECT)" address="615dc">
    <table name="Y" address="614fc" />
  </table>
  <table name="Initial/Max Wastegate Duty Compensation (Atm. Pressure)" address="617bc">
    <table name="X" address="61794" />
    <table name="Y" address="617ac" />
  </table>
  <table name="Turbo Dynamics Proportional" address="61668">
    <table name="Y" address="61644" />
  </table>
  <table name="Turbo Dynamics Integral Positive" address="616d8">
    <table name="Y" address="616b4" />
  </table>
  <table name="Turbo Dynamics Integral Negative" address="616a0">
    <table name="Y" address="6167c" />
  </table>
  <table name="TD Activation Thresholds (RPM)" address="614b8" />
  <table name="TD Activation Thresholds (Target Boost)" address="6148c" />
  <table name="TD Integral Cumulative Range (WGDC Correction)" address="614c8" />
  <table name="TD Integral Negative Activation (Boost Error)" address="6149c" />
  <table name="TD Integral Positive Activation (Boost Error)" address="614a4" />
  <table name="TD Integral Positive Activation (Wastegate Duty)" address="614ac" />
  <table name="Manifold Pressure Sensor Scaling" address="60f78" />
  <table name="Manifold Pressure Sensor Limits (CEL)" address="6bdd4" />
  <table name="Manifold Pressure Sensor CEL Delays" address="6505d" />
  <table name="Primary Open Loop Fueling A" address="66bfc">
    <table name="X" address="66b74" elements="16" />
    <table name="Y" address="66bb4" />
  </table>
  <table name="Primary Open Loop Fueling B" address="66da4">
    <table name="X" address="66d1c" elements="16" />
    <table name="Y" address="66d5c" />
  </table>
  <table name="Primary Open Loop Fueling A (Failsafe)" address="66f4c">
    <table name="X" address="66ec4" elements="16" />
    <table name="Y" address="66f04" />
  </table>
  <table name="Primary Open Loop Fueling B (Failsafe)" address="670f4">
    <table name="X" address="6706c" elements="16" />
    <table name="Y" address="670ac" />
  </table>
  <table name="Primary Open Loop Fuel Map Switch (IAM)" address="657d8" />
  <table name="Minimum Active Primary Open Loop Enrichment" address="6573c" />
  <table name="Minimum Primary Open Loop Enrichment (Throttle)" address="65de0">
    <table name="Y" address="65dc8" />
  </table>
  <table name="Primary Open Loop Fueling Compensation (ECT)" address="665d4">
    <table name="Y" address="65ab4" />
  </table>
  <table name="Primary Open Loop Fueling Compensation (Timing Compensation)_" address="65e00">
    <table name="Y" address="65de8" />
  </table>
  <table name="Front Oxygen Sensor Scaling" address="6c460">
    <table name="Y" address="6c42c" />
  </table>
  <table name="Front Oxygen Sensor Rich Limit" address="21c28" />
  <table name="Front Oxygen Sensor Compensation (Atm. Pressure)" address="644bc">
    <table name="Y" address="644ac" />
  </table>
  <table name="CL Fueling Target Compensation (Load)" address="67750">
    <table name="X" address="67708" elements="8" />
    <table name="Y" address="67728" />
  </table>
  <table name="CL Fueling Target Compensation (ECT)_" address="662ba">
    <table name="Y" address="65ab4" />
  </table>
  <table name="CL to OL Delay" address="65416" />
  <table name="CL to OL Transition with Delay A (Throttle)" address="65d18">
    <table name="Y" address="65cd8" />
  </table>
  <table name="CL to OL Transition with Delay B (Throttle)" address="65d68">
    <table name="Y" address="65d28" />
  </table>
  <table name="CL to OL Transition with Delay C (Throttle)" address="65db8">
    <table name="Y" address="65d78" />
  </table>
  <table name="CL to OL Transition with Delay Throttle Hysteresis" address="65740" />
  <table name="CL to OL Transition with Delay A (Base Pulse Width)" address="664f4">
    <table name="Y" address="664b4" />
  </table>
  <table name="CL to OL Transition with Delay B (Base Pulse Width)" address="66554">
    <table name="Y" address="66514" />
  </table>
  <table name="CL to OL Transition with Delay C (Base Pulse Width)" address="665b4">
    <table name="Y" address="66574" />
  </table>
  <table name="CL to OL Transition with Delay BPW Hysteresis" address="65744" />
  <table name="CL Delay Maximum (Vehicle Speed)" address="657b8" />
  <table name="CL Delay Minimum (ECT)" address="65748" />
  <table name="CL Delay Maximum Engine Speed (Per Gear)" address="6574c" />
  <table name="CL Delay Maximum Engine Speed (Neutral)" address="6579c" />
  <table name="CL Delay Throttle Atm. Pressure Thresholds" address="657c8" />
  <table name="CL Delay Maximum (Throttle) (Low Atm. Pressure)" address="657ac" />
  <table name="CL Delay Maximum (Throttle) (High Atm. Pressure)" address="657a4" />
  <table name="Injector Latency" address="6bee0">
    <table name="Y" address="6becc" />
  </table>
  <table name="Injector Flow Scaling" address="655d4" />
  <table name="Per Injector Primary Fuel Offset Compensation A" address="67250">
    <table name="X" address="67214" />
    <table name="Y" address="67234" elements="7" />
  </table>
  <table name="Per Injector Primary Fuel Offset Compensation B" address="672c4">
    <table name="X" address="67288" />
    <table name="Y" address="672a8" elements="7" />
  </table>
  <table name="Per Injector Primary Fuel Offset Compensation C" address="67338">
    <table name="X" address="672fc" />
    <table name="Y" address="6731c" elements="7" />
  </table>
  <table name="Per Injector Primary Fuel Offset Compensation D" address="673ac">
    <table name="X" address="67370" />
    <table name="Y" address="67390" elements="7" />
  </table>
  <table name="Cranking Fuel Injector Pulse Width A (ECT)" address="65fb6">
    <table name="Y" address="65ab4" />
  </table>
  <table name="Cranking Fuel Injector Pulse Width B (ECT)" address="65fd6">
    <table name="Y" address="65ab4" />
  </table>
  <table name="Cranking Fuel Injector Pulse Width C (ECT)" address="65ff6">
    <table name="Y" address="65ab4" />
  </table>
  <table name="Cranking Fuel Injector Pulse Width D (ECT)" address="66016">
    <table name="Y" address="65ab4" />
  </table>
  <table name="Cranking Fuel IPW Compensation (RPM)" address="66a00">
    <table name="X" address="669d0" />
    <table name="Y" address="669e4" />
  </table>
  <table name="Cranking Fuel IPW Compensation (Accelerator)" address="65b4c">
    <table name="Y" address="65b34" />
  </table>
  <table name="Throttle Tip-in Enrichment" address="666d8">
    <table name="Y" address="66694" elements="17" />
  </table>
  <table name="Minimum Tip-in Enrichment Activation" address="658bc" />
  <table name="Minimum Tip-in Enrichment Activation (Throttle)" address="658b8" />
  <table name="Tip-in Enrichment Compensation (Boost Error)" address="65ec4">
    <table name="Y" address="65ea0" />
  </table>
  <table name="Tip-in Enrichment Compensation (ECT)" address="666fa">
    <table name="Y" address="65ab4" />
  </table>
  <table name="Tip-in Enrichment Disable Applied Counter Threshold" address="653e7" />
  <table name="Tip-in Enrichment Applied Counter Reset" address="653e8" />
  <table name="Tip-in Enrichment Disable Throttle Cumulative Threshold" address="658c0" />
  <table name="Tip-in Throttle Cumulative Reset" address="653e9" />
  <table name="Min Primary Base Enrichment 1" address="65ba2">
    <table name="Y" address="65ab4" />
  </table>
  <table name="Min Primary Base Enrichment 1 (Non-Primary OL)" address="66b54">
    <table name="X" address="66b20" />
    <table name="Y" address="66b48" />
  </table>
  <table name="Min Primary Base Enrich 2 Initial Start 1A" address="660b6">
    <table name="Y" address="65ab4" />
  </table>
  <table name="Min Primary Base Enrich 2 Initial Start 1B" address="660f6">
    <table name="Y" address="65ab4" />
  </table>
  <table name="Min Primary Base Enrich 2 Initial Start 2A" address="660d6">
    <table name="Y" address="65ab4" />
  </table>
  <table name="Min Primary Base Enrich 2 Initial Start 2B" address="66116">
    <table name="Y" address="65ab4" />
  </table>
  <table name="Min Primary Base Enrich 2 Decay Step 1" address="66136">
    <table name="Y" address="65ab4" />
  </table>
  <table name="Min Primary Base Enrich 2 Decay Step 2" address="66156">
    <table name="Y" address="65ab4" />
  </table>
  <table name="Min Primary Base Enrich 3 Initial Start 1A" address="66036">
    <table name="Y" address="65ab4" />
  </table>
  <table name="Min Primary Base Enrich 3 Initial Start 1B" address="66056">
    <table name="Y" address="65ab4" />
  </table>
  <table name="Min Primary Base Enrich 3 Initial Start 2A" address="66076">
    <table name="Y" address="65ab4" />
  </table>
  <table name="Min Primary Base Enrich 3 Initial Start 2B" address="66096">
    <table name="Y" address="65ab4" />
  </table>
  <table name="Min Primary Base Enrich 3 Decay Delay A" address="65b62">
    <table name="Y" address="65ab4" />
  </table>
  <table name="Min Primary Base Enrich 3 Decay Delay B" address="65b72">
    <table name="Y" address="65ab4" />
  </table>
  <table name="Min Primary Base Enrich 3 Decay Multiplier" address="655d8" />
  <table name="A/F Learning #1 Limits" address="656e8" />
  <table name="A/F Learning #1 Airflow Ranges" address="656f4" />
  <table name="MAF Limit (Maximum)" address="64218" />
  <table name="MAF Sensor Scaling" address="6c264">
    <table name="Y" address="6c18c" />
  </table>
  <table name="MAF Compensation (IAT)" address="64b2c">
    <table name="X" address="64af8" />
    <table name="Y" address="64b0c" />
  </table>
  <table name="Engine Load Limit (Maximum)" address="20144" />
  <table name="Engine Load Compensation (MP)" address="64a74">
    <table name="X" address="64a18" />
    <table name="Y" address="64a44" elements="12" />
  </table>
  <table name="Base Timing A" address="68964">
    <table name="X" address="688d8" elements="17" />
    <table name="Y" address="6891c" />
  </table>
  <table name="Base Timing B" address="68b24">
    <table name="X" address="68a98" elements="17" />
    <table name="Y" address="68adc" />
  </table>
  <table name="Base Timing Idle" address="680dd">
    <table name="Y" address="67f58" />
  </table>
  <table name="Base Timing Idle Minimum" address="680d4">
    <table name="Y" address="680b0" />
  </table>
  <table name="Base Timing Idle Minimum Vehicle Speed Enable" address="67c9c" />
  <table name="Knock Correction Advance Max A" address="68e04">
    <table name="X" address="68d78" elements="17" />
    <table name="Y" address="68dbc" />
  </table>
  <table name="Knock Correction Advance Max B" address="68fc4">
    <table name="X" address="68f38" elements="17" />
    <table name="Y" address="68f7c" />
  </table>
  <table name="Timing Compensation (IAT)" address="68150">
    <table name="Y" address="68110" />
  </table>
  <table name="Timing Compensation (IAT) Activation" address="68c98">
    <table name="X" address="68c58" />
    <table name="Y" address="68c78" />
  </table>
  <table name="Timing Compensation (ECT)" address="680fd">
    <table name="Y" address="67f58" />
  </table>
  <table name="Timing Compensation (MRP)" address="6912c">
    <table name="X" address="6910c" />
    <table name="Y" address="69120" />
  </table>
  <table name="Timing Compensation Per Cylinder A__" address="68298">
    <table name="Y" address="68260" />
  </table>
  <table name="Timing Compensation Per Cylinder B__" address="682e0">
    <table name="Y" address="682a8" />
  </table>
  <table name="Timing Compensation Per Cylinder C__" address="68328">
    <table name="Y" address="682f0" />
  </table>
  <table name="Timing Compensation Per Cylinder D__" address="68370">
    <table name="Y" address="68338" />
  </table>
  <table name="Timing Comp Minimum Load (Per Cylinder)" address="67d38" />
  <table name="Timing Comp Maximum RPM (Per Cylinder)" address="67d34" />
  <table name="Timing Comp Minimum Coolant Temp (Per Cylinder)" address="67d3c" />
  <table name="Feedback Correction Range (RPM)" address="67d70" />
  <table name="Feedback Correction Minimum Load" address="67d80" />
  <table name="Feedback Correction Retard Value" address="67d50" />
  <table name="Feedback Correction Retard Limit" address="67d4c" />
  <table name="Feedback Correction Negative Advance Value" address="67d58" />
  <table name="Feedback Correction Negative Advance Delay" address="67bb6" />
  <table name="Extended Feedback Correction High RPM Compensation" address="67d88" />
  <table name="Fine Correction Range (RPM)" address="67e68" />
  <table name="Fine Correction Range (Load)" address="67e78" />
  <table name="Fine Correction Rows (RPM)" address="67e98" />
  <table name="Fine Correction Columns (Load)" address="67e88" />
  <table name="Fine Correction Retard Value" address="67eb0" />
  <table name="Fine Correction Retard Limit" address="67e60" />
  <table name="Fine Correction Advance Value" address="67e64" />
  <table name="Fine Correction Advance Limit" address="67e5c" />
  <table name="Fine Correction Advance Delay" address="67bc4" />
  <table name="Rough Correction Range (RPM)" address="67e00" />
  <table name="Rough Correction Range (Load)" address="67e10" />
  <table name="Rough Correction Minimum KC Advance Map Value" address="67e20" />
  <table name="Rough Correction Learning Delay (Increasing)" address="683a8">
    <table name="Y" address="68380" />
  </table>
  <table name="Advance Multiplier (Initial)" address="67dfc" />
  <table name="Advance Multiplier Step Value" address="67e24" />
  <table name="Intake Cam Advance Angle A (AVCS)" address="6d950">
    <table name="X" address="6d8d0" />
    <table name="Y" address="6d908" />
  </table>
  <table name="Intake Cam Advance Angle B (AVCS)" address="6dbc8">
    <table name="X" address="6db48" />
    <table name="Y" address="6db80" />
  </table>
  <table name="Exhaust Cam Retard Angle A (AVCS)" address="6e278">
    <table name="X" address="6e1f8" />
    <table name="Y" address="6e230" />
  </table>
  <table name="Exhaust Cam Retard Angle B (AVCS)" address="6e4f0">
    <table name="X" address="6e470" />
    <table name="Y" address="6e4a8" />
  </table>
  <table name="Requested Torque (Accelerator Pedal)" address="6af24">
    <table name="X" address="6ae90" elements="20" />
    <table name="Y" address="6aee0" />
  </table>
  <table name="Target Throttle Plate Position A (Requested Torque)" address="6a9cc">
    <table name="X" address="6a948" />
    <table name="Y" address="6a98c" />
  </table>
  <table name="Target Throttle Plate Position B (Requested Torque)" address="6ac70">
    <table name="X" address="6abec" />
    <table name="Y" address="6ac30" />
  </table>
  <table name="Rev Limit (Fuel Cut)" address="65914" />
  <table name="Rev Limit Fuel Resume (Boost)" address="6591c" />
  <table name="Speed Limiting Enable (Fuel Cut)" address="65960" />
  <table name="Speed Limiting Disable (Fuel Cut)" address="65968" />
  <table name="Speed Limiting (Throttle)" address="644a0" />
  <table name="Intake Temp Sensor Scaling" address="60d34">
    <table name="Y" address="60cbc" />
  </table>
  <table name="Coolant Temp Sensor Scaling" address="60c4c">
    <table name="Y" address="60bdc" />
  </table>
  <table name="Atmospheric Pressure Sensor Scaling" address="60f24" />
  <table name="Radiator Fan Modes (ECT)" address="6cbb8" />
  <table name="Radiator Fan Modes (Veh. Speed)" address="6cbc8" />
  <table name="Idle Speed Target A" address="69dbe">
    <table name="Y" address="69824" />
  </table>
  <table name="Idle Speed Target B" address="69dfe">
    <table name="Y" address="69824" />
  </table>
  <table name="Idle Speed Target C" address="69e3e">
    <table name="Y" address="69824" />
  </table>
  <table name="Force Pass Readiness Monitors" address="5408a" />
  <table name="(P0031) FRONT O2 SENSOR LOW INPUT" address="50eb6" />
  <table name="(P0032) FRONT O2 SENSOR HIGH INPUT" address="50eb4" />
  <table name="(P0037) REAR O2 SENSOR LOW INPUT" address="50eb5" />
  <table name="(P0038) REAR O2 SENSOR HIGH INPUT" address="50eb3" />
  <table name="(P0102) MAF SENSOR LOW INPUT" address="50e69" />
  <table name="(P0103) MAF SENSOR HIGH INPUT" address="50e6a" />
  <table name="(P0107) MAP SENSOR LOW INPUT" address="50eb7" />
  <table name="(P0108) MAP SENSOR HIGH INPUT" address="50eb8" />
  <table name="(P0112) IAT SENSOR LOW INPUT" address="50eb0" />
  <table name="(P0113) IAT SENSOR HIGH INPUT" address="50eb1" />
  <table name="(P0117) COOLANT TEMP SENSOR LOW INPUT" address="50e71" />
  <table name="(P0118) COOLANT TEMP SENSOR HIGH INPUT" address="50e72" />
  <table name="(P0122) TPS A LOW INPUT" address="50e6e" />
  <table name="(P0123) TPS A HIGH INPUT" address="50e6f" />
  <table name="(P0131) FRONT O2 SENSOR LOW INPUT" address="50ead" />
  <table name="(P0132) FRONT O2 SENSOR HIGH INPUT" address="50eae" />
  <table name="(P0134) FRONT O2 SENSOR NO ACTIVITY" address="50ece" />
  <table name="(P0137) REAR O2 SENSOR LOW VOLTAGE" address="50eac" />
  <table name="(P0138) REAR O2 SENSOR HIGH VOLTAGE" address="50eaf" />
  <table name="(P0171) SYSTEM TOO LEAN" address="50ea2" />
  <table name="(P0172) SYSTEM TOO RICH" address="50ea3" />
  <table name="(P0222) TPS B LOW INPUT" address="50ed2" />
  <table name="(P0223) TPS B HIGH INPUT" address="50ed3" />
  <table name="(P0230) FUEL PUMP PRIMARY CIRCUIT" address="50eca" />
  <table name="(P0245) WASTEGATE SOLENOID A LOW" address="50ebe" />
  <table name="(P0246) WASTEGATE SOLENOID A HIGH" address="50ebf" />
  <table name="(P0261) FUEL INJECTOR #1 CIRCUIT LOW" address="50ec1" />
  <table name="(P0264) FUEL INJECTOR #2 CIRCUIT LOW" address="50ec2" />
  <table name="(P0267) FUEL INJECTOR #3 CIRCUIT LOW" address="50ec3" />
  <table name="(P0270) FUEL INJECTOR #4 CIRCUIT LOW" address="50ec4" />
  <table name="(P0327) KNOCK SENSOR 1 LOW INPUT" address="50e6c" />
  <table name="(P0328) KNOCK SENSOR 1 HIGH INPUT" address="50e6d" />
  <table name="(P0335) CRANKSHAFT POS. SENSOR A MALFUNCTION" address="50e64" />
  <table name="(P0340) CAMSHAFT POS. SENSOR A MALFUNCTION_" address="50ee6" />
  <table name="(P0345) CAMSHAFT POS. SENSOR A BANK 2" address="50ee5" />
  <table name="(P0350) IGNITION COIL PRIMARY/SECONDARY" address="50e78" />
  <table name="(P0365) CAMSHAFT POS. SENSOR B BANK 1_" address="50ee4" />
  <table name="(P0390) CAMSHAFT POS. SENSOR B BANK 2_" address="50ee3" />
  <table name="(P0458) EVAP PURGE VALVE CIRCUIT LOW" address="50e94" />
  <table name="(P0459) EVAP PURGE VALVE CIRCUIT HIGH" address="50e95" />
  <table name="(P0500) VEHICLE SPEED SENSOR A" address="50e6b" />
  <table name="(P0512) STARTER REQUEST CIRCUIT" address="50e7a" />
  <table name="(P0519) IDLE CONTROL MALFUNCTION (FAIL-SAFE)" address="50ecc" />
  <table name="(P0562) SYSTEM VOLTAGE LOW" address="50ebc" />
  <table name="(P0563) SYSTEM VOLTAGE HIGH" address="50ebd" />
  <table name="(P0600) SERIAL COMMUNICATION LINK" address="50ee2" />
  <table name="(P0604) CONTROL MODULE RAM ERROR" address="50e68" />
  <table name="(P0605) CONTROL MODULE ROM ERROR" address="50ee7" />
  <table name="(P0607) CONTROL MODULE PERFORMANCE" address="50eda" />
  <table name="(P0638) THROTTLE ACTUATOR RANGE/PERF" address="50ed9" />
  <table name="(P0700) TRANSMISSION CONTROL SYSTEM" address="50ef0" />
  <table name="(P0851) NEUTRAL SWITCH INPUT LOW" address="50e7e" />
  <table name="(P0852) NEUTRAL SWITCH INPUT HIGH" address="50e82" />
  <table name="(P1160) ABNORMAL RETURN SPRING" address="50ed4" />
  <table name="(P1518) STARTER SWITCH LOW INPUT" address="50e79" />
  <table name="(P1560) BACK-UP VOLTAGE MALFUNCTION" address="50ebb" />
  <table name="(P2088) OCV SOLENOID A1 CIRCUIT OPEN" address="50eef" />
  <table name="(P2089) OCV SOLENOID A1 CIRCUIT SHORT" address="50eee" />
  <table name="(P2090) OCV SOLENOID B1 CIRCUIT OPEN" address="50eeb" />
  <table name="(P2091) OCV SOLENOID B1 CIRCUIT SHORT" address="50eea" />
  <table name="(P2092) OCV SOLENOID A2 CIRCUIT OPEN" address="50eed" />
  <table name="(P2093) OCV SOLENOID A2 CIRCUIT SHORT" address="50eec" />
  <table name="(P2094) OCV SOLENOID B2 CIRCUIT OPEN" address="50ee9" />
  <table name="(P2095) OCV SOLENOID B2 CIRCUIT SHORT" address="50ee8" />
  <table name="(P2101) THROTTLE ACTUATOR CIRCUIT RANGE/PERF" address="50ed7" />
  <table name="(P2102) THROTTLE ACTUATOR CIRCUIT LOW" address="50ed5" />
  <table name="(P2103) THROTTLE ACTUATOR CIRCUIT HIGH" address="50ed6" />
  <table name="(P2109) TPS A MINIMUM STOP PERF" address="50ed1" />
  <table name="(P2122) TPS D CIRCUIT LOW INPUT" address="50ede" />
  <table name="(P2123) TPS D CIRCUIT HIGH INPUT" address="50edf" />
  <table name="(P2127) TPS E CIRCUIT LOW INPUT" address="50edc" />
  <table name="(P2128) TPS E CIRCUIT HIGH INPUT" address="50edd" />
  <table name="(P2135) TPS A/B VOLTAGE" address="50ee0" />
  <table name="(P2138) TPS D/E VOLTAGE" address="50edb" />
  <table name="(P2228) BARO. PRESSURE CIRCUIT LOW INPUT" address="50efa" />
  <table name="(P2229) BARO. PRESSURE CIRCUIT HIGH INPUT" address="50ef9" />
</rom>