<rom>
  <romid>
    <xmlid>A2WF200C</xmlid>
    <internalidaddress>2000</internalidaddress>
    <internalidstring>A2WF200C</internalidstring>
    <ecuid>4512503106</ecuid>
    <year>06</year>
    <market>USDM</market>
    <make>Subaru</make>
    <model>Legacy</model>
    <submodel>GT</submodel>
    <transmission>AT</transmission>
    <memmodel>SH7058</memmodel>
    <flashmethod>sti05</flashmethod>
    <checksummodule>subarudbw</checksummodule>
  </romid>
  <include>32BITBASE</include>
  <table name="Target Boost A" address="c0fb4">
    <table name="X" address="c0f64" />
    <table name="Y" address="c0f84" />
  </table>
  <table name="Target Boost B" address="c10c4">
    <table name="X" address="c1074" />
    <table name="Y" address="c1094" />
  </table>
  <table name="Target Boost Compensation (ECT)" address="c0764">
    <table name="Y" address="c05c4" />
  </table>
  <table name="Target Boost Compensation (1st Gear)" address="c05c0" />
  <table name="Target Boost Compensation (1st Gear) Speed Disable" address="c05b8" />
  <table name="Target Boost Compensation (Atm. Pressure) Multiplier" address="c0864">
    <table name="Y" address="c0854" />
  </table>
  <table name="Target Boost Compensation (Atm. Pressure) Multiplier Offset" address="c0794">
    <table name="Y" address="c0784" />
  </table>
  <table name="Boost Limit (Fuel Cut)" address="c8424">
    <table name="Y" address="c840c" />
  </table>
  <table name="Boost Control Disable (IAM)" address="c0598" />
  <table name="Boost Control Disable (Fine Correction)" address="c0594" />
  <table name="Boost Control Disable Delay (Fine Correction)" address="c0535" />
  <table name="Initial Wastegate Duty A" address="c09c8">
    <table name="X" address="c097c" />
    <table name="Y" address="c099c" elements="11" />
  </table>
  <table name="Initial Wastegate Duty B" address="c0ac4">
    <table name="X" address="c0a78" />
    <table name="Y" address="c0a98" elements="11" />
  </table>
  <table name="Max Wastegate Duty" address="c0db8">
    <table name="X" address="c0d6c" />
    <table name="Y" address="c0d8c" elements="11" />
  </table>
  <table name="Max Wastegate Duty Alternate A (RPM)" address="c08c0">
    <table name="Y" address="c08ac" />
  </table>
  <table name="Max Wastegate Duty Alternate B (RPM)" address="c08e8">
    <table name="Y" address="c08d4" />
  </table>
  <table name="Wastegate Duty Ramping Fix_" address="c0588" />
  <table name="Max Wastegate Duty Alternate Fix" address="c0534" />
  <table name="Max Wastegate Duty Limit Post-Compensation" address="168b8" />
  <table name="Initial/Max Wastegate Duty Compensation (IAT)" address="c0644">
    <table name="Y" address="c0604" />
  </table>
  <table name="Initial/Max Wastegate Duty Alternate Compensation (IAT)" address="c06e4">
    <table name="Y" address="c06a4" />
  </table>
  <table name="Initial/Max Wastegate Duty Compensation (ECT)" address="c0744">
    <table name="Y" address="c05c4" />
  </table>
  <table name="Initial/Max Wastegate Duty Compensation (Atm. Pressure)" address="c0924">
    <table name="X" address="c08fc" />
    <table name="Y" address="c0914" />
  </table>
  <table name="Turbo Dynamics Proportional" address="c07d0">
    <table name="Y" address="c07ac" />
  </table>
  <table name="Turbo Dynamics Integral Positive" address="c0840">
    <table name="Y" address="c081c" />
  </table>
  <table name="Turbo Dynamics Integral Negative" address="c0808">
    <table name="Y" address="c07e4" />
  </table>
  <table name="TD Activation Thresholds (RPM)" address="c056c" />
  <table name="TD Activation Thresholds (Target Boost)" address="c0540" />
  <table name="TD Integral Cumulative Range (WGDC Correction)" address="c057c" />
  <table name="TD Integral Negative Activation (Boost Error)" address="c0550" />
  <table name="TD Integral Positive Activation (Boost Error)" address="c0558" />
  <table name="TD Integral Positive Activation (Wastegate Duty)" address="c0560" />
  <table name="Manifold Pressure Sensor Scaling" address="c00c0" />
  <table name="Manifold Pressure Sensor Limits (CEL)" address="cceb4" />
  <table name="Manifold Pressure Sensor CEL Delays" address="c311a" />
  <table name="Primary Open Loop Fueling" address="c86f8">
    <table name="X" address="c8670" elements="16" />
    <table name="Y" address="c86b0" />
  </table>
  <table name="Primary Open Loop Fueling (Failsafe)" address="c88b4">
    <table name="X" address="c882c" elements="16" />
    <table name="Y" address="c886c" />
  </table>
  <table name="Primary Open Loop Fuel Map Switch (IAM)" address="c70cc" />
  <table name="Minimum Active Primary Open Loop Enrichment" address="c7030" />
  <table name="Minimum Primary Open Loop Enrichment (Throttle)" address="c7790">
    <table name="Y" address="c7778" />
  </table>
  <table name="Primary Open Loop Fueling Compensation (ECT)" address="c7f70">
    <table name="Y" address="c7360" />
  </table>
  <table name="Primary Open Loop Fueling Compensation (Timing Compensation)" address="c77b0">
    <table name="Y" address="c7798" />
  </table>
  <table name="Front Oxygen Sensor Scaling" address="cd540">
    <table name="Y" address="cd50c" />
  </table>
  <table name="Front Oxygen Sensor Rich Limit" address="23b2c" />
  <table name="Front Oxygen Sensor Compensation (Atm. Pressure)" address="c27f4">
    <table name="Y" address="c27e4" />
  </table>
  <table name="CL Fueling Target Compensation (Load)" address="c9224">
    <table name="X" address="c91c8" elements="11" />
    <table name="Y" address="c91f4" elements="12" />
  </table>
  <table name="CL Fueling Target Compensation A (ECT)" address="c906c">
    <table name="X" address="c7360" />
    <table name="Y" address="c9060" />
  </table>
  <table name="CL Fueling Target Compensation B (ECT)" address="c9120">
    <table name="X" address="c7360" />
    <table name="Y" address="c9114" />
  </table>
  <table name="CL to OL Delay" address="c6bf0" />
  <table name="CL to OL Transition with Delay A (Throttle)" address="c76c8">
    <table name="Y" address="c7688" />
  </table>
  <table name="CL to OL Transition with Delay B (Throttle)" address="c7718">
    <table name="Y" address="c76d8" />
  </table>
  <table name="CL to OL Transition with Delay C (Throttle)" address="c7768">
    <table name="Y" address="c7728" />
  </table>
  <table name="CL to OL Transition with Delay Throttle Hysteresis" address="c7034" />
  <table name="CL to OL Transition with Delay A (Base Pulse Width)" address="c7e90">
    <table name="Y" address="c7e50" />
  </table>
  <table name="CL to OL Transition with Delay B (Base Pulse Width)" address="c7ef0">
    <table name="Y" address="c7eb0" />
  </table>
  <table name="CL to OL Transition with Delay C (Base Pulse Width)" address="c7f50">
    <table name="Y" address="c7f10" />
  </table>
  <table name="CL to OL Transition with Delay BPW Hysteresis" address="c7038" />
  <table name="CL Delay Maximum (EGT)" address="c70b4" />
  <table name="CL Delay Maximum (Vehicle Speed)" address="c70ac" />
  <table name="CL Delay Minimum (ECT)" address="c703c" />
  <table name="CL Delay Maximum Engine Speed (Per Gear)" address="c7040" />
  <table name="CL Delay Maximum Engine Speed (Neutral)" address="c7090" />
  <table name="CL Delay Throttle Atm. Pressure Thresholds" address="c70bc" />
  <table name="CL Delay Maximum (Throttle) (Low Atm. Pressure)" address="c70a0" />
  <table name="CL Delay Maximum (Throttle) (High Atm. Pressure)" address="c7098" />
  <table name="Injector Latency" address="ccfc0">
    <table name="Y" address="ccfac" />
  </table>
  <table name="Injector Flow Scaling" address="c6d14" />
  <table name="Per Injector Primary Fuel Offset Compensation A" address="c8a2c">
    <table name="X" address="c89d4" />
    <table name="Y" address="c89f4" />
  </table>
  <table name="Per Injector Primary Fuel Offset Compensation B" address="c8af4">
    <table name="X" address="c8a9c" />
    <table name="Y" address="c8abc" />
  </table>
  <table name="Per Injector Primary Fuel Offset Compensation C" address="c8bbc">
    <table name="X" address="c8b64" />
    <table name="Y" address="c8b84" />
  </table>
  <table name="Per Injector Primary Fuel Offset Compensation D" address="c8c84">
    <table name="X" address="c8c2c" />
    <table name="Y" address="c8c4c" />
  </table>
  <table name="Cranking Fuel Injector Pulse Width A (ECT)" address="c788e">
    <table name="Y" address="c7360" />
  </table>
  <table name="Cranking Fuel Injector Pulse Width B (ECT)" address="c78ae">
    <table name="Y" address="c7360" />
  </table>
  <table name="Cranking Fuel Injector Pulse Width C (ECT)" address="c78ce">
    <table name="Y" address="c7360" />
  </table>
  <table name="Cranking Fuel Injector Pulse Width D (ECT)" address="c78ee">
    <table name="Y" address="c7360" />
  </table>
  <table name="Cranking Fuel IPW Compensation (RPM)" address="c8518">
    <table name="X" address="c84e8" />
    <table name="Y" address="c84fc" />
  </table>
  <table name="Cranking Fuel IPW Compensation (Accelerator)" address="c744c">
    <table name="Y" address="c7434" />
  </table>
  <table name="Throttle Tip-in Enrichment" address="c8378">
    <table name="Y" address="c8330" />
  </table>
  <table name="Minimum Tip-in Enrichment Activation" address="c7218" />
  <table name="Minimum Tip-in Enrichment Activation (Throttle)" address="c7214" />
  <table name="Tip-in Enrichment Compensation (Boost Error)" address="c7834">
    <table name="Y" address="c7810" />
  </table>
  <table name="Tip-in Enrichment Compensation (ECT)" address="c839c">
    <table name="Y" address="c7360" />
  </table>
  <table name="Tip-in Enrichment Disable Applied Counter Threshold" address="c6baf" />
  <table name="Tip-in Enrichment Applied Counter Reset" address="c6bb0" />
  <table name="Tip-in Enrichment Disable Throttle Cumulative Threshold" address="c721c" />
  <table name="Tip-in Throttle Cumulative Reset" address="c6bb1" />
  <table name="Min Primary Base Enrichment 1" address="c74a2">
    <table name="Y" address="c7360" />
  </table>
  <table name="Min Primary Base Enrichment 1 (Non-Primary OL)" address="c8644">
    <table name="X" address="c8618" elements="8" />
    <table name="Y" address="c8638" />
  </table>
  <table name="Min Primary Base Enrich 2 Initial Start 1A" address="c798e">
    <table name="Y" address="c7360" />
  </table>
  <table name="Min Primary Base Enrich 2 Initial Start 1B" address="c79ce">
    <table name="Y" address="c7360" />
  </table>
  <table name="Min Primary Base Enrich 2 Initial Start 2A" address="c79ae">
    <table name="Y" address="c7360" />
  </table>
  <table name="Min Primary Base Enrich 2 Initial Start 2B" address="c79ee">
    <table name="Y" address="c7360" />
  </table>
  <table name="Min Primary Base Enrich 2 Decay Step 1" address="c7a0e">
    <table name="Y" address="c7360" />
  </table>
  <table name="Min Primary Base Enrich 2 Decay Step 2" address="c7a2e">
    <table name="Y" address="c7360" />
  </table>
  <table name="Min Primary Base Enrich 3 Initial Start 1A" address="c790e">
    <table name="Y" address="c7360" />
  </table>
  <table name="Min Primary Base Enrich 3 Initial Start 1B" address="c792e">
    <table name="Y" address="c7360" />
  </table>
  <table name="Min Primary Base Enrich 3 Initial Start 2A" address="c794e">
    <table name="Y" address="c7360" />
  </table>
  <table name="Min Primary Base Enrich 3 Initial Start 2B" address="c796e">
    <table name="Y" address="c7360" />
  </table>
  <table name="Min Primary Base Enrich 3 Decay Delay A" address="c7462">
    <table name="Y" address="c7360" />
  </table>
  <table name="Min Primary Base Enrich 3 Decay Delay B" address="c7472">
    <table name="Y" address="c7360" />
  </table>
  <table name="Min Primary Base Enrich 3 Decay Multiplier" address="c6d18" />
  <table name="A/F Learning #1 Limits" address="c6f44" />
  <table name="A/F Learning #1 Airflow Ranges" address="c6f50" />
  <table name="MAF Limit (Maximum)" address="c23b0" />
  <table name="MAF Sensor Scaling" address="cd344">
    <table name="Y" address="cd26c" />
  </table>
  <table name="MAF Compensation (IAT)" address="c2bb8">
    <table name="X" address="c2b84" />
    <table name="Y" address="c2b98" />
  </table>
  <table name="Engine Load Limit (Maximum)" address="21c04" />
  <table name="Engine Load Compensation (MP)" address="c2b2c">
    <table name="X" address="c2ae0" />
    <table name="Y" address="c2b0c" elements="8" />
  </table>
  <table name="Base Timing" address="ca424">
    <table name="X" address="ca39c" elements="16" />
    <table name="Y" address="ca3dc" />
  </table>
  <table name="Base Timing Idle" address="c98c1">
    <table name="Y" address="c9730" />
  </table>
  <table name="Base Timing Idle Minimum" address="c98b8">
    <table name="Y" address="c9894" />
  </table>
  <table name="Base Timing Idle Minimum Vehicle Speed Enable" address="c95d4" />
  <table name="Knock Correction Advance Max" address="ca254">
    <table name="X" address="ca1cc" />
    <table name="Y" address="ca20c" />
  </table>
  <table name="Timing Compensation A (IAT)" address="c9934">
    <table name="Y" address="c98f4" />
  </table>
  <table name="Timing Compensation A (IAT) Activation" address="ca584">
    <table name="X" address="ca544" />
    <table name="Y" address="ca564" />
  </table>
  <table name="Timing Compensation B (IAT)" address="c9c78">
    <table name="Y" address="c9c38" />
  </table>
  <table name="Timing Compensation B (IAT) IAM Activation" address="c9708" />
  <table name="Timing Compensation B (IAT) Max Additive" address="c96ec" />
  <table name="Timing Compensation (ECT)" address="c98e1">
    <table name="Y" address="c9730" />
  </table>
  <table name="Timing Compensation (MRP)" address="ca734">
    <table name="X" address="ca714" />
    <table name="Y" address="ca728" />
  </table>
  <table name="Timing Compensation Per Cylinder A" address="c9fe0">
    <table name="X" address="c9f98" />
    <table name="Y" address="c9fd0" />
  </table>
  <table name="Timing Compensation Per Cylinder B" address="ca060">
    <table name="X" address="ca018" />
    <table name="Y" address="ca050" />
  </table>
  <table name="Timing Compensation Per Cylinder C" address="ca0e0">
    <table name="X" address="ca098" />
    <table name="Y" address="ca0d0" />
  </table>
  <table name="Timing Compensation Per Cylinder D" address="ca160">
    <table name="X" address="ca118" />
    <table name="Y" address="ca150" />
  </table>
  <table name="Timing Comp Minimum Load (Per Cylinder)" address="c93b8" />
  <table name="Timing Comp Maximum RPM (Per Cylinder)" address="c93b4" />
  <table name="Timing Comp Minimum Coolant Temp (Per Cylinder)" address="c93bc" />
  <table name="Feedback Correction Range (RPM)" address="c93f0" />
  <table name="Feedback Correction Minimum Load" address="c9400" />
  <table name="Feedback Correction Retard Value" address="c93d0" />
  <table name="Feedback Correction Retard Limit" address="c93cc" />
  <table name="Feedback Correction Negative Advance Value" address="c93d8" />
  <table name="Feedback Correction Negative Advance Delay" address="c938e" />
  <table name="Extended Feedback Correction High RPM Compensation" address="c9408" />
  <table name="Fine Correction Range (RPM)" address="c94e8" />
  <table name="Fine Correction Range (Load)" address="c94f8" />
  <table name="Fine Correction Rows (RPM)" address="c9518" />
  <table name="Fine Correction Columns (Load)" address="c9508" />
  <table name="Fine Correction Retard Value" address="c9530" />
  <table name="Fine Correction Retard Limit" address="c94e0" />
  <table name="Fine Correction Advance Value" address="c94e4" />
  <table name="Fine Correction Advance Limit" address="c94dc" />
  <table name="Fine Correction Advance Delay" address="c939c" />
  <table name="Rough Correction Range (RPM)" address="c9480" />
  <table name="Rough Correction Range (Load)" address="c9490" />
  <table name="Rough Correction Minimum KC Advance Map Value" address="c94a0" />
  <table name="Rough Correction Learning Delay (Increasing)" address="c97d8">
    <table name="Y" address="c97b0" />
  </table>
  <table name="Advance Multiplier (Initial)" address="c947c" />
  <table name="Advance Multiplier Step Value" address="c94a4" />
  <table name="Intake Cam Advance Angle (AVCS)" address="ce880">
    <table name="X" address="ce830" elements="10" />
    <table name="Y" address="ce858" elements="10" />
  </table>
  <table name="Requested Torque (Accelerator Pedal)" address="cc030">
    <table name="X" address="cbfb8" />
    <table name="Y" address="cbff4" elements="15" />
  </table>
  <table name="Target Throttle Plate Position (Requested Torque)" address="cbd98">
    <table name="X" address="cbd14" />
    <table name="Y" address="cbd58" />
  </table>
  <table name="Rev Limit (Fuel Cut)" address="c726c" />
  <table name="Rev Limit Fuel Resume (Boost)" address="c7274" />
  <table name="Speed Limiting Enable (Fuel Cut)" address="c72b8" />
  <table name="Speed Limiting Disable (Fuel Cut)" address="c72c0" />
  <table name="Speed Limiting (Throttle)" address="c2658" />
  <table name="EGT Sensor Scaling" address="cd494">
    <table name="Y" address="cd41c" />
  </table>
  <table name="Fuel Temp Sensor Scaling" address="cd1f4">
    <table name="Y" address="cd17c" />
  </table>
  <table name="Intake Temp Sensor Scaling" address="87174">
    <table name="Y" address="870fc" />
  </table>
  <table name="Coolant Temp Sensor Scaling" address="8708c">
    <table name="Y" address="8701c" />
  </table>
  <table name="Atmospheric Pressure Sensor Scaling" address="c0070" />
  <table name="Radiator Fan Modes (ECT)" address="cdc9c" />
  <table name="Radiator Fan Modes (Veh. Speed)" address="cdcac" />
  <table name="Idle Speed Target A" address="cb2d8">
    <table name="Y" address="cacb0" />
  </table>
  <table name="Idle Speed Target B" address="cb318">
    <table name="Y" address="cacb0" />
  </table>
  <table name="Idle Speed Target C" address="cb358">
    <table name="Y" address="cacb0" />
  </table>
  <table name="Force Pass Readiness Monitors" address="797b2" />
  <table name="(P0000) PASS CODE (NO DTC DETECTED)" address="7640e" />
  <table name="(P0000) PASS CODE (NO DTC DETECTED)_" address="7640f" />
  <table name="(P0011) CAMSHAFT POS. - TIMING OVER-ADVANCED 1" address="763f4" />
  <table name="(P0021) CAMSHAFT POS. - TIMING OVER-ADVANCED 2" address="763f5" />
  <table name="(P0030) FRONT O2 SENSOR RANGE/PERF" address="76433" />
  <table name="(P0031) FRONT O2 SENSOR LOW INPUT" address="7641a" />
  <table name="(P0032) FRONT O2 SENSOR HIGH INPUT" address="76418" />
  <table name="(P0037) REAR O2 SENSOR LOW INPUT" address="76419" />
  <table name="(P0038) REAR O2 SENSOR HIGH INPUT" address="76417" />
  <table name="(P0068) MAP SENSOR RANGE/PERF" address="7642f" />
  <table name="(P0101) MAF SENSOR RANGE/PERF" address="76431" />
  <table name="(P0102) MAF SENSOR LOW INPUT" address="763cd" />
  <table name="(P0103) MAF SENSOR HIGH INPUT" address="763ce" />
  <table name="(P0107) MAP SENSOR LOW INPUT" address="7641b" />
  <table name="(P0108) MAP SENSOR HIGH INPUT" address="7641c" />
  <table name="(P0111) IAT SENSOR RANGE/PERF" address="76416" />
  <table name="(P0112) IAT SENSOR LOW INPUT" address="76414" />
  <table name="(P0113) IAT SENSOR HIGH INPUT" address="76415" />
  <table name="(P0117) COOLANT TEMP SENSOR LOW INPUT" address="763d5" />
  <table name="(P0118) COOLANT TEMP SENSOR HIGH INPUT" address="763d6" />
  <table name="(P0122) TPS A LOW INPUT" address="763d2" />
  <table name="(P0123) TPS A HIGH INPUT" address="763d3" />
  <table name="(P0125) INSUFFICIENT COOLANT TEMP (FUELING)" address="763d8" />
  <table name="(P0126) INSUFFICIENT COOLANT TEMP (OPERATION)" address="7645c" />
  <table name="(P0128) THERMOSTAT MALFUNCTION" address="7641d" />
  <table name="(P0131) FRONT O2 SENSOR LOW INPUT" address="76411" />
  <table name="(P0132) FRONT O2 SENSOR HIGH INPUT" address="76412" />
  <table name="(P0133) FRONT O2 SENSOR SLOW RESPONSE" address="763ff" />
  <table name="(P0134) FRONT O2 SENSOR NO ACTIVITY" address="76432" />
  <table name="(P0137) REAR O2 SENSOR LOW VOLTAGE" address="76410" />
  <table name="(P0138) REAR O2 SENSOR HIGH VOLTAGE" address="76413" />
  <table name="(P0139) REAR O2 SENSOR SLOW RESPONSE" address="76400" />
  <table name="(P0171) SYSTEM TOO LEAN" address="76406" />
  <table name="(P0172) SYSTEM TOO RICH" address="76407" />
  <table name="(P0181) FUEL TEMP SENSOR A RANGE/PERF" address="763e5" />
  <table name="(P0182) FUEL TEMP SENSOR A LOW INPUT" address="763e3" />
  <table name="(P0183) FUEL TEMP SENSOR A HIGH INPUT" address="763e4" />
  <table name="(P0222) TPS B LOW INPUT" address="76436" />
  <table name="(P0223) TPS B HIGH INPUT" address="76437" />
  <table name="(P0230) FUEL PUMP PRIMARY CIRCUIT" address="7642e" />
  <table name="(P0244) WASTEGATE SOLENOID A RANGE/PERF" address="76424" />
  <table name="(P0245) WASTEGATE SOLENOID A LOW" address="76422" />
  <table name="(P0246) WASTEGATE SOLENOID A HIGH" address="76423" />
  <table name="(P0301) MISFIRE CYLINDER 1" address="76408" />
  <table name="(P0302) MISFIRE CYLINDER 2" address="76409" />
  <table name="(P0303) MISFIRE CYLINDER 3" address="7640a" />
  <table name="(P0304) MISFIRE CYLINDER 4" address="7640b" />
  <table name="(P0327) KNOCK SENSOR 1 LOW INPUT" address="763d0" />
  <table name="(P0328) KNOCK SENSOR 1 HIGH INPUT" address="763d1" />
  <table name="(P0335) CRANKSHAFT POS. SENSOR A MALFUNCTION" address="763c8" />
  <table name="(P0336) CRANKSHAFT POS. SENSOR A RANGE/PERF" address="763c9" />
  <table name="(P0340) CAMSHAFT POS. SENSOR A MALFUNCTION_" address="7644a" />
  <table name="(P0345) CAMSHAFT POS. SENSOR A BANK 2" address="76449" />
  <table name="(P0420) CAT EFFICIENCY BELOW THRESHOLD" address="76403" />
  <table name="(P0442) EVAP LEAK DETECTED (SMALL)" address="76404" />
  <table name="(P0447) EVAP VENT CONTROL CIRCUIT OPEN" address="763fd" />
  <table name="(P0448) EVAP VENT CONTROL CIRCUIT SHORTED" address="763fe" />
  <table name="(P0451) EVAP PRESSURE SENSOR RANGE/PERF" address="763e1" />
  <table name="(P0452) EVAP PRESSURE SENSOR LOW INPUT" address="763df" />
  <table name="(P0453) EVAP PRESSURE SENSOR HIGH INPUT" address="763e0" />
  <table name="(P0456) EVAP LEAK DETECTED (VERY SMALL)" address="76405" />
  <table name="(P0457) EVAP LEAK DETECTED (FUEL CAP)" address="7640d" />
  <table name="(P0458) EVAP PURGE VALVE CIRCUIT LOW" address="763f8" />
  <table name="(P0459) EVAP PURGE VALVE CIRCUIT HIGH" address="763f9" />
  <table name="(P0461) FUEL LEVEL SENSOR RANGE/PERF" address="763db" />
  <table name="(P0462) FUEL LEVEL SENSOR LOW INPUT" address="763d9" />
  <table name="(P0463) FUEL LEVEL SENSOR HIGH INPUT" address="763da" />
  <table name="(P0464) FUEL LEVEL SENSOR INTERMITTENT" address="763d7" />
  <table name="(P0483) RADIATOR FAN RATIONALITY CHECK" address="763f0" />
  <table name="(P0500) VEHICLE SPEED SENSOR A" address="763cf" />
  <table name="(P0506) IDLE CONTROL RPM LOWER THAN EXPECTED" address="763eb" />
  <table name="(P0507) IDLE CONTROL RPM HIGH THAN EXPECTED" address="763ec" />
  <table name="(P0512) STARTER REQUEST CIRCUIT" address="763de" />
  <table name="(P0519) IDLE CONTROL MALFUNCTION (FAIL-SAFE)" address="76430" />
  <table name="(P0545) EGT SENSOR CIRCUIT LOW" address="76429" />
  <table name="(P0546) EGT SENSOR CIRCUIT HIGH" address="7642a" />
  <table name="(P0600) SERIAL COMMUNICATION LINK" address="76446" />
  <table name="(P0604) CONTROL MODULE RAM ERROR" address="763cc" />
  <table name="(P0605) CONTROL MODULE ROM ERROR" address="7644b" />
  <table name="(P0607) CONTROL MODULE PERFORMANCE" address="7643e" />
  <table name="(P0638) THROTTLE ACTUATOR RANGE/PERF" address="7643d" />
  <table name="(P0691) RADIATOR FAN CIRCUIT LOW" address="763ee" />
  <table name="(P0692) RADIATOR FAN CIRCUIT HIGH" address="763ef" />
  <table name="(P0700) TRANSMISSION CONTROL SYSTEM" address="76454" />
  <table name="(P0851) NEUTRAL SWITCH INPUT LOW" address="763e2" />
  <table name="(P0852) NEUTRAL SWITCH INPUT HIGH" address="763e6" />
  <table name="(P1152) FRONT O2 SENSOR RANGE/PERF LOW B1 S1" address="76401" />
  <table name="(P1153) FRONT O2 SENSOR RANGE/PERF HIGH B1 S1" address="76402" />
  <table name="(P1160) ABNORMAL RETURN SPRING" address="76438" />
  <table name="(P1301) MISFIRE (HIGH TEMP EXHAUST GAS)" address="7640c" />
  <table name="(P1312) EGT SENSOR MALFUNCTION" address="7642b" />
  <table name="(P1400) FUEL TANK PRESSURE SOL. LOW" address="763f6" />
  <table name="(P1420) FUEL TANK PRESSURE SOL. HIGH INPUT" address="763f7" />
  <table name="(P1443) VENT CONTROL SOLENOID FUNCTION PROBLEM" address="763fc" />
  <table name="(P1491) PCV (BLOWBY) FUNCTION PROBLEM" address="7641e" />
  <table name="(P1518) STARTER SWITCH LOW INPUT" address="763dd" />
  <table name="(P1544) EGT TOO HIGH" address="7642c" />
  <table name="(P1560) BACK-UP VOLTAGE MALFUNCTION" address="7641f" />
  <table name="(P2004) TGV - INTAKE MANIFOLD RUNNER 1 STUCK OPEN" address="76457" />
  <table name="(P2005) TGV - INTAKE MANIFOLD RUNNER 2 STUCK OPEN" address="76459" />
  <table name="(P2006) TGV - INTAKE MANIFOLD RUNNER 1 STUCK CLOSED" address="76458" />
  <table name="(P2007) TGV - INTAKE MANIFOLD RUNNER 2 STUCK CLOSED" address="7645a" />
  <table name="(P2008) TGV - INTAKE MANIFOLD RUNNER 1 CIRCUIT OPEN" address="76465" />
  <table name="(P2009) TGV - INTAKE MANIFOLD RUNNER 1 CIRCUIT LOW" address="76463" />
  <table name="(P2011) TGV - INTAKE MANIFOLD RUNNER 2 CIRCUIT OPEN" address="76466" />
  <table name="(P2012) TGV - INTAKE MANIFOLD RUNNER 2 CIRCUIT LOW" address="76464" />
  <table name="(P2016) TGV - INTAKE MANIFOLD RUNNER 1 POS. SENSOR LOW" address="7645f" />
  <table name="(P2017) TGV - INTAKE MANIFOLD RUNNER 1 POS. SENSOR HIGH" address="76460" />
  <table name="(P2021) TGV - INTAKE MANIFOLD RUNNER 2 POS. SENSOR LOW" address="76461" />
  <table name="(P2022) TGV - INTAKE MANIFOLD RUNNER 2 POS. SENSOR HIGH" address="76462" />
  <table name="(P2088) OCV SOLENOID A1 CIRCUIT OPEN" address="76453" />
  <table name="(P2089) OCV SOLENOID A1 CIRCUIT SHORT" address="76452" />
  <table name="(P2092) OCV SOLENOID A2 CIRCUIT OPEN" address="76451" />
  <table name="(P2093) OCV SOLENOID A2 CIRCUIT SHORT" address="76450" />
  <table name="(P2096) POST CATALYST TOO LEAN B1" address="7643c" />
  <table name="(P2097) POST CATALYST TOO RICH B1" address="76445" />
  <table name="(P2101) THROTTLE ACTUATOR CIRCUIT RANGE/PERF" address="7643b" />
  <table name="(P2102) THROTTLE ACTUATOR CIRCUIT LOW" address="76439" />
  <table name="(P2103) THROTTLE ACTUATOR CIRCUIT HIGH" address="7643a" />
  <table name="(P2109) TPS A MINIMUM STOP PERF" address="76435" />
  <table name="(P2122) TPS D CIRCUIT LOW INPUT" address="76442" />
  <table name="(P2123) TPS D CIRCUIT HIGH INPUT" address="76443" />
  <table name="(P2127) TPS E CIRCUIT LOW INPUT" address="76440" />
  <table name="(P2128) TPS E CIRCUIT HIGH INPUT" address="76441" />
  <table name="(P2135) TPS A/B VOLTAGE" address="76444" />
  <table name="(P2138) TPS D/E VOLTAGE" address="7643f" />
  <table name="(P2227) BARO. PRESSURE CIRCUIT RANGE/PERF" address="7645b" />
  <table name="(P2228) BARO. PRESSURE CIRCUIT LOW INPUT" address="7645e" />
  <table name="(P2229) BARO. PRESSURE CIRCUIT HIGH INPUT" address="7645d" />
</rom>