<rom>
  <romid>
    <xmlid>A2ZJD02B</xmlid>
    <internalidaddress>2000</internalidaddress>
    <internalidstring>A2ZJD02B</internalidstring>
    <ecuid>2F04785506</ecuid>
    <year>04</year>
    <market>JDM</market>
    <make>Subaru</make>
    <model>Legacy</model>
    <submodel>GT</submodel>
    <transmission>MT</transmission>
    <memmodel>SH7055</memmodel>
    <flashmethod>sti04</flashmethod>
    <checksummodule>subarudbw</checksummodule>
  </romid>
  <include>A2ZJD00B</include>
</rom>