<rom>
  <romid>
    <xmlid>A2ZJD00B</xmlid>
    <internalidaddress>2000</internalidaddress>
    <internalidstring>A2ZJD00B</internalidstring>
    <ecuid>2F04785306</ecuid>
    <year>04</year>
    <market>JDM</market>
    <make>Subaru</make>
    <model>Legacy</model>
    <submodel>GT</submodel>
    <transmission>MT</transmission>
    <memmodel>SH7055</memmodel>
    <flashmethod>sti04</flashmethod>
    <checksummodule>subarudbw</checksummodule>
  </romid>
  <include>32BITBASE</include>
  <table name="Target Boost A" address="5e840">
    <table name="X" address="5e7f0" />
    <table name="Y" address="5e810" />
  </table>
  <table name="Target Boost B" address="5e950">
    <table name="X" address="5e900" />
    <table name="Y" address="5e920" />
  </table>
  <table name="Target Boost Compensation (ECT)" address="5de80">
    <table name="Y" address="5dd70" />
  </table>
  <table name="Target Boost Compensation (1st Gear)" address="5dd6c" />
  <table name="Target Boost Compensation (1st Gear) Speed Disable" address="5dd64" />
  <table name="Target Boost Compensation (Atm. Pressure) Multiplier" address="5df88">
    <table name="Y" address="5df78" />
  </table>
  <table name="Target Boost Compensation (Atm. Pressure) Multiplier Offset" address="5deb4">
    <table name="Y" address="5dea4" />
  </table>
  <table name="Boost Limit (Fuel Cut)" address="62a50">
    <table name="Y" address="62a38" />
  </table>
  <table name="Boost Control Disable (IAM)" address="5dd4c" />
  <table name="Boost Control Disable (Fine Correction)" address="5dd48" />
  <table name="Boost Control Disable Delay (Fine Correction)" address="5dcf1" />
  <table name="Initial Wastegate Duty A" address="5e280">
    <table name="X" address="5e230" />
    <table name="Y" address="5e250" />
  </table>
  <table name="Initial Wastegate Duty B" address="5e390">
    <table name="X" address="5e340" />
    <table name="Y" address="5e360" />
  </table>
  <table name="Max Wastegate Duty" address="5e550">
    <table name="X" address="5e510" />
    <table name="Y" address="5e530" />
  </table>
  <table name="Max Wastegate Duty Limit Post-Compensation" address="14828" />
  <table name="Initial/Max Wastegate Duty Compensation (IAT)" address="5de40">
    <table name="Y" address="5de00" />
  </table>
  <table name="Initial/Max Wastegate Duty Compensation (ECT)" address="5de60">
    <table name="Y" address="5dd70" />
  </table>
  <table name="Initial/Max Wastegate Duty Compensation (Atm. Pressure)" address="5dff8">
    <table name="X" address="5dfd0" />
    <table name="Y" address="5dfe8" />
  </table>
  <table name="Turbo Dynamics Proportional" address="5dedc">
    <table name="Y" address="5deb8" />
  </table>
  <table name="Turbo Dynamics Integral Positive" address="5df4c">
    <table name="Y" address="5df28" />
  </table>
  <table name="Turbo Dynamics Integral Negative" address="5df14">
    <table name="Y" address="5def0" />
  </table>
  <table name="TD Activation Thresholds (RPM)" address="5dd30" />
  <table name="TD Activation Thresholds (Target Boost)" address="5dd04" />
  <table name="TD Integral Cumulative Range (WGDC Correction)" address="5dd38" />
  <table name="TD Integral Negative Activation (Boost Error)" address="5dd10" />
  <table name="TD Integral Positive Activation (Boost Error)" address="5dd18" />
  <table name="TD Integral Positive Activation (Wastegate Duty)" address="5dd1c" />
  <table name="Manifold Pressure Sensor Scaling" address="5d7d4" />
  <table name="Manifold Pressure Sensor Limits (CEL)" address="67ca8" />
  <table name="Manifold Pressure Sensor CEL Delays" address="615ed" />
  <table name="Primary Open Loop Fueling A" address="62ec8">
    <table name="X" address="62e40" elements="16" />
    <table name="Y" address="62e80" />
  </table>
  <table name="Primary Open Loop Fueling B" address="63070">
    <table name="X" address="62fe8" elements="16" />
    <table name="Y" address="63028" />
  </table>
  <table name="Primary Open Loop Fueling A (Failsafe)" address="63218">
    <table name="X" address="63190" elements="16" />
    <table name="Y" address="631d0" />
  </table>
  <table name="Primary Open Loop Fueling B (Failsafe)" address="633c0">
    <table name="X" address="63338" elements="16" />
    <table name="Y" address="63378" />
  </table>
  <table name="Primary Open Loop Fuel Map Switch (IAM)" address="61cb4" />
  <table name="Minimum Active Primary Open Loop Enrichment" address="61c18" />
  <table name="Minimum Primary Open Loop Enrichment (Throttle)" address="621bc">
    <table name="Y" address="621a4" />
  </table>
  <table name="Primary Open Loop Fueling Compensation (ECT)" address="628d0">
    <table name="Y" address="61f30" />
  </table>
  <table name="Primary Open Loop Fueling Compensation (Timing Compensation)_" address="621dc">
    <table name="Y" address="621c4" />
  </table>
  <table name="Front Oxygen Sensor Scaling" address="682a4">
    <table name="Y" address="68270" />
  </table>
  <table name="Front Oxygen Sensor Rich Limit" address="20fd8" />
  <table name="Front Oxygen Sensor Compensation (Atm. Pressure)" address="60ae0">
    <table name="Y" address="60ad0" />
  </table>
  <table name="CL Fueling Target Compensation (Load)" address="63b04">
    <table name="X" address="63abc" elements="8" />
    <table name="Y" address="63adc" />
  </table>
  <table name="CL Fueling Target Compensation (ECT)_" address="62676">
    <table name="Y" address="61f30" />
  </table>
  <table name="CL to OL Delay" address="61990">
    <table name="Y" elements="6" />
  </table>
  <table name="CL to OL Transition with Delay (Throttle)" address="62194">
    <table name="Y" address="62154" />
  </table>
  <table name="CL to OL Transition with Delay Throttle Hysteresis" address="61c1c" />
  <table name="CL to OL Transition with Delay (Base Pulse Width)" address="628b0">
    <table name="Y" address="62870" />
  </table>
  <table name="CL to OL Transition with Delay BPW Hysteresis" address="61c20" />
  <table name="CL Delay Maximum (Throttle)" address="61c90" />
  <table name="CL Delay Maximum (Vehicle Speed)" address="61c94" />
  <table name="CL Delay Minimum (ECT)" address="61c24" />
  <table name="CL Delay Maximum Engine Speed (Per Gear)" address="61c50" />
  <table name="CL Delay Maximum Engine Speed (Neutral)" address="61c78" />
  <table name="Injector Latency" address="67d7c">
    <table name="Y" address="67d68" />
  </table>
  <table name="Injector Flow Scaling" address="61ab4" />
  <table name="Per Injector Primary Fuel Offset Compensation A" address="6351c">
    <table name="X" address="634e0" />
    <table name="Y" address="63500" elements="7" />
  </table>
  <table name="Per Injector Primary Fuel Offset Compensation B" address="63590">
    <table name="X" address="63554" />
    <table name="Y" address="63574" elements="7" />
  </table>
  <table name="Per Injector Primary Fuel Offset Compensation C" address="63604">
    <table name="X" address="635c8" />
    <table name="Y" address="635e8" elements="7" />
  </table>
  <table name="Per Injector Primary Fuel Offset Compensation D" address="63678">
    <table name="X" address="6363c" />
    <table name="Y" address="6365c" elements="7" />
  </table>
  <table name="Cranking Fuel Injector Pulse Width A (ECT)" address="62392">
    <table name="Y" address="61f30" />
  </table>
  <table name="Cranking Fuel Injector Pulse Width B (ECT)" address="623b2">
    <table name="Y" address="61f30" />
  </table>
  <table name="Cranking Fuel Injector Pulse Width C (ECT)" address="623d2">
    <table name="Y" address="61f30" />
  </table>
  <table name="Cranking Fuel Injector Pulse Width D (ECT)" address="623f2">
    <table name="Y" address="61f30" />
  </table>
  <table name="Cranking Fuel IPW Compensation (RPM)" address="62d20">
    <table name="X" address="62cf0" />
    <table name="Y" address="62d04" />
  </table>
  <table name="Cranking Fuel IPW Compensation (Accelerator)" address="61fc8">
    <table name="Y" address="61fb0" />
  </table>
  <table name="Throttle Tip-in Enrichment" address="629d4">
    <table name="Y" address="62990" elements="17" />
  </table>
  <table name="Minimum Tip-in Enrichment Activation" address="61d98" />
  <table name="Minimum Tip-in Enrichment Activation (Throttle)" address="61d94" />
  <table name="Tip-in Enrichment Compensation (Boost Error)" address="622a0">
    <table name="Y" address="6227c" />
  </table>
  <table name="Tip-in Enrichment Compensation (ECT)" address="629f6">
    <table name="Y" address="61f30" />
  </table>
  <table name="Tip-in Enrichment Disable Applied Counter Threshold" address="61962" />
  <table name="Tip-in Enrichment Applied Counter Reset" address="61963" />
  <table name="Tip-in Enrichment Disable Throttle Cumulative Threshold" address="61d9c" />
  <table name="Tip-in Throttle Cumulative Reset" address="61964" />
  <table name="Min Primary Base Enrichment 1" address="6201e">
    <table name="Y" address="61f30" />
  </table>
  <table name="Min Primary Base Enrichment 1 (Non-Primary OL)" address="62e20">
    <table name="X" address="62dec" />
    <table name="Y" address="62e14" />
  </table>
  <table name="Min Primary Base Enrich 2 Initial Start 1A" address="62492">
    <table name="Y" address="61f30" />
  </table>
  <table name="Min Primary Base Enrich 2 Initial Start 1B" address="624d2">
    <table name="Y" address="61f30" />
  </table>
  <table name="Min Primary Base Enrich 2 Initial Start 2A" address="624b2">
    <table name="Y" address="61f30" />
  </table>
  <table name="Min Primary Base Enrich 2 Initial Start 2B" address="624f2">
    <table name="Y" address="61f30" />
  </table>
  <table name="Min Primary Base Enrich 2 Decay Step 1" address="62512">
    <table name="Y" address="61f30" />
  </table>
  <table name="Min Primary Base Enrich 2 Decay Step 2" address="62532">
    <table name="Y" address="61f30" />
  </table>
  <table name="Min Primary Base Enrich 3 Initial Start 1A" address="62412">
    <table name="Y" address="61f30" />
  </table>
  <table name="Min Primary Base Enrich 3 Initial Start 1B" address="62432">
    <table name="Y" address="61f30" />
  </table>
  <table name="Min Primary Base Enrich 3 Initial Start 2A" address="62452">
    <table name="Y" address="61f30" />
  </table>
  <table name="Min Primary Base Enrich 3 Initial Start 2B" address="62472">
    <table name="Y" address="61f30" />
  </table>
  <table name="Min Primary Base Enrich 3 Decay Delay A" address="61fde">
    <table name="Y" address="61f30" />
  </table>
  <table name="Min Primary Base Enrich 3 Decay Delay B" address="61fee">
    <table name="Y" address="61f30" />
  </table>
  <table name="Min Primary Base Enrich 3 Decay Multiplier" address="61ab8" />
  <table name="A/F Learning #1 Limits" address="61bc4" />
  <table name="A/F Learning #1 Airflow Ranges" address="61bd0" />
  <table name="MAF Limit (Maximum)" address="60858" />
  <table name="MAF Sensor Scaling" address="680a8">
    <table name="Y" address="67fd0" />
  </table>
  <table name="MAF Compensation (IAT)" address="610d0">
    <table name="X" address="6109c" />
    <table name="Y" address="610b0" />
  </table>
  <table name="Engine Load Limit (Maximum)" address="1f64c" />
  <table name="Engine Load Compensation (MP)" address="61018">
    <table name="X" address="60fbc" />
    <table name="Y" address="60fe8" elements="12" />
  </table>
  <table name="Base Timing A" address="64bc8">
    <table name="X" address="64b3c" elements="17" />
    <table name="Y" address="64b80" />
  </table>
  <table name="Base Timing B" address="64d88">
    <table name="X" address="64cfc" elements="17" />
    <table name="Y" address="64d40" />
  </table>
  <table name="Base Timing Idle (Below Speed Threshold)" address="63f90" />
  <table name="Base Timing Idle (Above Speed Threshold)" address="64368">
    <table name="Y" address="64344" />
  </table>
  <table name="Base Timing Idle Vehicle Speed Threshold" address="63f64" />
  <table name="Knock Correction Advance Max A" address="64fe8">
    <table name="X" address="64f5c" elements="17" />
    <table name="Y" address="64fa0" />
  </table>
  <table name="Knock Correction Advance Max B" address="651a8">
    <table name="X" address="6511c" elements="17" />
    <table name="Y" address="65160" />
  </table>
  <table name="Timing Compensation (IAT)" address="643d4">
    <table name="Y" address="64394" />
  </table>
  <table name="Timing Comp Min Load (IAT)" address="63f94" />
  <table name="Timing Compensation (ECT)" address="64381">
    <table name="Y" address="641ec" />
  </table>
  <table name="Timing Compensation (MRP)" address="65310">
    <table name="X" address="652f0" />
    <table name="Y" address="65304" />
  </table>
  <table name="Timing Compensation Per Cylinder A__" address="6471c">
    <table name="Y" address="646e4" />
  </table>
  <table name="Timing Compensation Per Cylinder B__" address="64764">
    <table name="Y" address="6472c" />
  </table>
  <table name="Timing Compensation Per Cylinder C__" address="647ac">
    <table name="Y" address="64774" />
  </table>
  <table name="Timing Compensation Per Cylinder D__" address="647f4">
    <table name="Y" address="647bc" />
  </table>
  <table name="Timing Comp Minimum Load (Per Cylinder)" address="64070" />
  <table name="Timing Comp Maximum RPM (Per Cylinder)" address="6406c" />
  <table name="Timing Comp Minimum Coolant Temp (Per Cylinder)" address="64074" />
  <table name="Feedback Correction Range (RPM)" address="640a4" />
  <table name="Feedback Correction Minimum Load" address="640b4" />
  <table name="Feedback Correction Retard Value" address="64088" />
  <table name="Feedback Correction Retard Limit" address="64084" />
  <table name="Feedback Correction Negative Advance Value" address="6408c" />
  <table name="Feedback Correction Negative Advance Delay" address="63e86" />
  <table name="Extended Feedback Correction High RPM Compensation" address="640bc" />
  <table name="Fine Correction Range (RPM)" address="6418c" />
  <table name="Fine Correction Range (Load)" address="6419c" />
  <table name="Fine Correction Rows (RPM)" address="641bc" />
  <table name="Fine Correction Columns (Load)" address="641ac" />
  <table name="Fine Correction Retard Value" address="641d4" />
  <table name="Fine Correction Retard Limit" address="64184" />
  <table name="Fine Correction Advance Value" address="64188" />
  <table name="Fine Correction Advance Limit" address="64180" />
  <table name="Fine Correction Advance Delay" address="63e94" />
  <table name="Rough Correction Range (RPM)" address="64134" />
  <table name="Rough Correction Range (Load)" address="64144" />
  <table name="Rough Correction Minimum KC Advance Map Value" address="64154" />
  <table name="Rough Correction Learning Delay (Increasing)" address="6482c">
    <table name="Y" address="64804" />
  </table>
  <table name="Advance Multiplier (Initial)" address="64130" />
  <table name="Advance Multiplier Step Value" address="64158" />
  <table name="Intake Cam Advance Angle A (AVCS)" address="69780">
    <table name="X" address="69700" />
    <table name="Y" address="69738" />
  </table>
  <table name="Intake Cam Advance Angle B (AVCS)" address="699f8">
    <table name="X" address="69978" />
    <table name="Y" address="699b0" />
  </table>
  <table name="Exhaust Cam Retard Angle A (AVCS)" address="6a0a8">
    <table name="X" address="6a028" />
    <table name="Y" address="6a060" />
  </table>
  <table name="Exhaust Cam Retard Angle B (AVCS)" address="6a320">
    <table name="X" address="6a2a0" />
    <table name="Y" address="6a2d8" />
  </table>
  <table name="Requested Torque (Accelerator Pedal)" address="66e04">
    <table name="X" address="66d70" elements="20" />
    <table name="Y" address="66dc0" />
  </table>
  <table name="Target Throttle Plate Position A (Requested Torque)" address="668ac">
    <table name="X" address="66828" />
    <table name="Y" address="6686c" />
  </table>
  <table name="Target Throttle Plate Position B (Requested Torque)" address="66b50">
    <table name="X" address="66acc" />
    <table name="Y" address="66b10" />
  </table>
  <table name="Rev Limit (Fuel Cut)" address="61dec" />
  <table name="Rev Limit Fuel Resume (Boost)" address="61df4" />
  <table name="Speed Limiting Enable (Fuel Cut)" address="61e3c" />
  <table name="Speed Limiting Disable (Fuel Cut)" address="61e44" />
  <table name="Speed Limiting (Throttle)" address="60ac4" />
  <table name="Intake Temp Sensor Scaling" address="5d588">
    <table name="Y" address="5d510" />
  </table>
  <table name="Coolant Temp Sensor Scaling" address="5d4a0">
    <table name="Y" address="5d430" />
  </table>
  <table name="Atmospheric Pressure Sensor Scaling" address="5d778" />
  <table name="Radiator Fan Modes (ECT)" address="689fc" />
  <table name="Radiator Fan Modes (Veh. Speed)" address="68a0c" />
  <table name="Gear Determination Thresholds A" address="60814" />
  <table name="Gear Determination Thresholds B" address="60828" />
  <table name="Idle Speed Target A" address="65eb6">
    <table name="Y" address="659c8" />
  </table>
  <table name="Idle Speed Target B" address="65ef6">
    <table name="Y" address="659c8" />
  </table>
  <table name="Idle Speed Target C" address="65f36">
    <table name="Y" address="659c8" />
  </table>
  <table name="Force Pass Readiness Monitors" address="50bca" />
  <table name="(P0031) FRONT O2 SENSOR LOW INPUT" address="4d9c2" />
  <table name="(P0032) FRONT O2 SENSOR HIGH INPUT" address="4d9c0" />
  <table name="(P0037) REAR O2 SENSOR LOW INPUT" address="4d9c1" />
  <table name="(P0038) REAR O2 SENSOR HIGH INPUT" address="4d9bf" />
  <table name="(P0102) MAF SENSOR LOW INPUT" address="4d971" />
  <table name="(P0103) MAF SENSOR HIGH INPUT" address="4d972" />
  <table name="(P0107) MAP SENSOR LOW INPUT" address="4d9c5" />
  <table name="(P0108) MAP SENSOR HIGH INPUT" address="4d9c6" />
  <table name="(P0112) IAT SENSOR LOW INPUT" address="4d9bc" />
  <table name="(P0113) IAT SENSOR HIGH INPUT" address="4d9bd" />
  <table name="(P0117) COOLANT TEMP SENSOR LOW INPUT" address="4d979" />
  <table name="(P0118) COOLANT TEMP SENSOR HIGH INPUT" address="4d97a" />
  <table name="(P0122) TPS A LOW INPUT" address="4d976" />
  <table name="(P0123) TPS A HIGH INPUT" address="4d977" />
  <table name="(P0131) FRONT O2 SENSOR LOW INPUT" address="4d9b9" />
  <table name="(P0132) FRONT O2 SENSOR HIGH INPUT" address="4d9ba" />
  <table name="(P0134) FRONT O2 SENSOR NO ACTIVITY" address="4d9e8" />
  <table name="(P0137) REAR O2 SENSOR LOW VOLTAGE" address="4d9b8" />
  <table name="(P0138) REAR O2 SENSOR HIGH VOLTAGE" address="4d9bb" />
  <table name="(P0171) SYSTEM TOO LEAN" address="4d9ae" />
  <table name="(P0172) SYSTEM TOO RICH" address="4d9af" />
  <table name="(P0222) TPS B LOW INPUT" address="4d9ec" />
  <table name="(P0223) TPS B HIGH INPUT" address="4d9ed" />
  <table name="(P0230) FUEL PUMP PRIMARY CIRCUIT" address="4d9e3" />
  <table name="(P0245) WASTEGATE SOLENOID A LOW" address="4d9cc" />
  <table name="(P0246) WASTEGATE SOLENOID A HIGH" address="4d9cd" />
  <table name="(P0261) FUEL INJECTOR #1 CIRCUIT LOW" address="4d9d3" />
  <table name="(P0264) FUEL INJECTOR #2 CIRCUIT LOW" address="4d9d4" />
  <table name="(P0267) FUEL INJECTOR #3 CIRCUIT LOW" address="4d9d5" />
  <table name="(P0270) FUEL INJECTOR #4 CIRCUIT LOW" address="4d9d6" />
  <table name="(P0327) KNOCK SENSOR 1 LOW INPUT" address="4d974" />
  <table name="(P0328) KNOCK SENSOR 1 HIGH INPUT" address="4d975" />
  <table name="(P0335) CRANKSHAFT POS. SENSOR A MALFUNCTION" address="4d96c" />
  <table name="(P0340) CAMSHAFT POS. SENSOR A MALFUNCTION_" address="4da00" />
  <table name="(P0345) CAMSHAFT POS. SENSOR A BANK 2" address="4d9ff" />
  <table name="(P0350) IGNITION COIL PRIMARY/SECONDARY" address="4d980" />
  <table name="(P0365) CAMSHAFT POS. SENSOR B BANK 1_" address="4d9fe" />
  <table name="(P0390) CAMSHAFT POS. SENSOR B BANK 2_" address="4d9fd" />
  <table name="(P0458) EVAP PURGE VALVE CIRCUIT LOW" address="4d9a0" />
  <table name="(P0459) EVAP PURGE VALVE CIRCUIT HIGH" address="4d9a1" />
  <table name="(P0500) VEHICLE SPEED SENSOR A" address="4d973" />
  <table name="(P0512) STARTER REQUEST CIRCUIT" address="4d982" />
  <table name="(P0519) IDLE CONTROL MALFUNCTION (FAIL-SAFE)" address="4d9e6" />
  <table name="(P0562) SYSTEM VOLTAGE LOW" address="4d9ca" />
  <table name="(P0563) SYSTEM VOLTAGE HIGH" address="4d9cb" />
  <table name="(P0600) SERIAL COMMUNICATION LINK" address="4d9fc" />
  <table name="(P0604) CONTROL MODULE RAM ERROR" address="4d970" />
  <table name="(P0605) CONTROL MODULE ROM ERROR" address="4da01" />
  <table name="(P0607) CONTROL MODULE PERFORMANCE" address="4d9f4" />
  <table name="(P0638) THROTTLE ACTUATOR RANGE/PERF" address="4d9f3" />
  <table name="(P0700) TRANSMISSION CONTROL SYSTEM" address="4da0a" />
  <table name="(P0851) NEUTRAL SWITCH INPUT LOW" address="4d986" />
  <table name="(P0852) NEUTRAL SWITCH INPUT HIGH" address="4d98a" />
  <table name="(P1110) ATMOS. PRESSURE SENSOR LOW INPUT" address="4d9c3" />
  <table name="(P1111) ATMOS. PRESSURE SENSOR HIGH INPUT" address="4d9c4" />
  <table name="(P1160) ABNORMAL RETURN SPRING" address="4d9ee" />
  <table name="(P1518) STARTER SWITCH LOW INPUT" address="4d981" />
  <table name="(P1560) BACK-UP VOLTAGE MALFUNCTION" address="4d9c9" />
  <table name="(P2088) OCV SOLENOID A1 CIRCUIT OPEN" address="4da09" />
  <table name="(P2089) OCV SOLENOID A1 CIRCUIT SHORT" address="4da08" />
  <table name="(P2090) OCV SOLENOID B1 CIRCUIT OPEN" address="4da05" />
  <table name="(P2091) OCV SOLENOID B1 CIRCUIT SHORT" address="4da04" />
  <table name="(P2092) OCV SOLENOID A2 CIRCUIT OPEN" address="4da07" />
  <table name="(P2093) OCV SOLENOID A2 CIRCUIT SHORT" address="4da06" />
  <table name="(P2094) OCV SOLENOID B2 CIRCUIT OPEN" address="4da03" />
  <table name="(P2095) OCV SOLENOID B2 CIRCUIT SHORT" address="4da02" />
  <table name="(P2101) THROTTLE ACTUATOR CIRCUIT RANGE/PERF" address="4d9f1" />
  <table name="(P2102) THROTTLE ACTUATOR CIRCUIT LOW" address="4d9ef" />
  <table name="(P2103) THROTTLE ACTUATOR CIRCUIT HIGH" address="4d9f0" />
  <table name="(P2109) TPS A MINIMUM STOP PERF" address="4d9eb" />
  <table name="(P2122) TPS D CIRCUIT LOW INPUT" address="4d9f8" />
  <table name="(P2123) TPS D CIRCUIT HIGH INPUT" address="4d9f9" />
  <table name="(P2127) TPS E CIRCUIT LOW INPUT" address="4d9f6" />
  <table name="(P2128) TPS E CIRCUIT HIGH INPUT" address="4d9f7" />
  <table name="(P2135) TPS A/B VOLTAGE" address="4d9fa" />
  <table name="(P2138) TPS D/E VOLTAGE" address="4d9f5" />
</rom>