<rom>
  <romid>
    <xmlid>A2ZJ601A</xmlid>
    <internalidaddress>2000</internalidaddress>
    <internalidstring>A2ZJ601A</internalidstring>
    <ecuid>2F04505106</ecuid>
    <year>04</year>
    <market>JDM</market>
    <make>Subaru</make>
    <model>Legacy</model>
    <submodel>GT</submodel>
    <transmission>AT</transmission>
    <memmodel>SH7055</memmodel>
    <flashmethod>sti04</flashmethod>
    <checksummodule>subarudbw</checksummodule>
  </romid>
  <include>32BITBASE</include>
  <table name="Target Boost A" address="5e1a0">
    <table name="X" address="5e150" />
    <table name="Y" address="5e170" />
  </table>
  <table name="Target Boost B" address="5e2b0">
    <table name="X" address="5e260" />
    <table name="Y" address="5e280" />
  </table>
  <table name="Target Boost Compensation (ECT)" address="5d9f0">
    <table name="Y" address="5d8f0" />
  </table>
  <table name="Target Boost Compensation (1st Gear)" address="5d8ec" />
  <table name="Target Boost Compensation (1st Gear) Speed Disable" address="5d8e4" />
  <table name="Target Boost Compensation (Atm. Pressure) Multiplier" address="5daf0">
    <table name="Y" address="5dae0" />
  </table>
  <table name="Target Boost Compensation (Atm. Pressure) Multiplier Offset" address="5da20">
    <table name="Y" address="5da10" />
  </table>
  <table name="Boost Limit (Fuel Cut)" address="62580">
    <table name="Y" address="62568" />
  </table>
  <table name="Boost Control Disable (IAM)" address="5d8cc" />
  <table name="Boost Control Disable (Fine Correction)" address="5d8c8" />
  <table name="Boost Control Disable Delay (Fine Correction)" address="5d871" />
  <table name="Initial Wastegate Duty A" address="5dbe0">
    <table name="X" address="5db90" />
    <table name="Y" address="5dbb0" />
  </table>
  <table name="Initial Wastegate Duty B" address="5dcf0">
    <table name="X" address="5dca0" />
    <table name="Y" address="5dcc0" />
  </table>
  <table name="Max Wastegate Duty" address="5e010">
    <table name="X" address="5dfd0" />
    <table name="Y" address="5dff0" />
  </table>
  <table name="Max Wastegate Duty Limit Post-Compensation" address="14460" />
  <table name="Initial/Max Wastegate Duty Compensation (IAT)" address="5d970">
    <table name="Y" address="5d930" />
  </table>
  <table name="Initial/Max Wastegate Duty Compensation (ECT)" address="5d9d0">
    <table name="Y" address="5d8f0" />
  </table>
  <table name="Initial/Max Wastegate Duty Compensation (Atm. Pressure)" address="5db38">
    <table name="X" address="5db10" />
    <table name="Y" address="5db28" />
  </table>
  <table name="Turbo Dynamics Proportional" address="5da5c">
    <table name="Y" address="5da38" />
  </table>
  <table name="Turbo Dynamics Integral Positive" address="5dacc">
    <table name="Y" address="5daa8" />
  </table>
  <table name="Turbo Dynamics Integral Negative" address="5da94">
    <table name="Y" address="5da70" />
  </table>
  <table name="TD Activation Thresholds (RPM)" address="5d8a8" />
  <table name="TD Activation Thresholds (Target Boost)" address="5d87c" />
  <table name="TD Integral Cumulative Range (WGDC Correction)" address="5d8b8" />
  <table name="TD Integral Negative Activation (Boost Error)" address="5d88c" />
  <table name="TD Integral Positive Activation (Boost Error)" address="5d894" />
  <table name="TD Integral Positive Activation (Wastegate Duty)" address="5d89c" />
  <table name="Manifold Pressure Sensor Scaling" address="5d36c" />
  <table name="Manifold Pressure Sensor Limits (CEL)" address="677a8" />
  <table name="Manifold Pressure Sensor CEL Delays" address="61121" />
  <table name="Primary Open Loop Fueling A" address="629f8">
    <table name="X" address="62970" elements="16" />
    <table name="Y" address="629b0" />
  </table>
  <table name="Primary Open Loop Fueling B" address="62ba0">
    <table name="X" address="62b18" elements="16" />
    <table name="Y" address="62b58" />
  </table>
  <table name="Primary Open Loop Fueling A (Failsafe)" address="62d48">
    <table name="X" address="62cc0" elements="16" />
    <table name="Y" address="62d00" />
  </table>
  <table name="Primary Open Loop Fueling B (Failsafe)" address="62ef0">
    <table name="X" address="62e68" elements="16" />
    <table name="Y" address="62ea8" />
  </table>
  <table name="Primary Open Loop Fuel Map Switch (IAM)" address="617e8" />
  <table name="Minimum Active Primary Open Loop Enrichment" address="6174c" />
  <table name="Minimum Primary Open Loop Enrichment (Throttle)" address="61cec">
    <table name="Y" address="61cd4" />
  </table>
  <table name="Primary Open Loop Fueling Compensation (ECT)" address="62400">
    <table name="Y" address="61a60" />
  </table>
  <table name="Primary Open Loop Fueling Compensation (Timing Compensation)_" address="61d0c">
    <table name="Y" address="61cf4" />
  </table>
  <table name="Front Oxygen Sensor Scaling" address="67da4">
    <table name="Y" address="67d70" />
  </table>
  <table name="Front Oxygen Sensor Rich Limit" address="20bd0" />
  <table name="Front Oxygen Sensor Compensation (Atm. Pressure)" address="60744">
    <table name="Y" address="60734" />
  </table>
  <table name="CL Fueling Target Compensation (Load)" address="6354c">
    <table name="X" address="63504" elements="8" />
    <table name="Y" address="63524" />
  </table>
  <table name="CL Fueling Target Compensation (ECT)_" address="621a6">
    <table name="Y" address="61a60" />
  </table>
  <table name="CL to OL Delay" address="614c4">
    <table name="Y" elements="6" />
  </table>
  <table name="CL to OL Transition with Delay (Throttle)" address="61cc4">
    <table name="Y" address="61c84" />
  </table>
  <table name="CL to OL Transition with Delay Throttle Hysteresis" address="61750" />
  <table name="CL to OL Transition with Delay (Base Pulse Width)" address="623e0">
    <table name="Y" address="623a0" />
  </table>
  <table name="CL to OL Transition with Delay BPW Hysteresis" address="61754" />
  <table name="CL Delay Maximum (Vehicle Speed)" address="617c8" />
  <table name="CL Delay Minimum (ECT)" address="61758" />
  <table name="CL Delay Maximum Engine Speed (Per Gear)" address="6175c" />
  <table name="CL Delay Maximum Engine Speed (Neutral)" address="617ac" />
  <table name="CL Delay Throttle Atm. Pressure Thresholds" address="617d8" />
  <table name="CL Delay Maximum (Throttle) (Low Atm. Pressure)" address="617bc" />
  <table name="CL Delay Maximum (Throttle) (High Atm. Pressure)" address="617b4" />
  <table name="Injector Latency" address="6787c">
    <table name="Y" address="67868" />
  </table>
  <table name="Injector Flow Scaling" address="615e8" />
  <table name="Per Injector Primary Fuel Offset Compensation A" address="6304c">
    <table name="X" address="63010" />
    <table name="Y" address="63030" elements="7" />
  </table>
  <table name="Per Injector Primary Fuel Offset Compensation B" address="630c0">
    <table name="X" address="63084" />
    <table name="Y" address="630a4" elements="7" />
  </table>
  <table name="Per Injector Primary Fuel Offset Compensation C" address="63134">
    <table name="X" address="630f8" />
    <table name="Y" address="63118" elements="7" />
  </table>
  <table name="Per Injector Primary Fuel Offset Compensation D" address="631a8">
    <table name="X" address="6316c" />
    <table name="Y" address="6318c" elements="7" />
  </table>
  <table name="Cranking Fuel Injector Pulse Width A (ECT)" address="61ec2">
    <table name="Y" address="61a60" />
  </table>
  <table name="Cranking Fuel Injector Pulse Width B (ECT)" address="61ee2">
    <table name="Y" address="61a60" />
  </table>
  <table name="Cranking Fuel Injector Pulse Width C (ECT)" address="61f02">
    <table name="Y" address="61a60" />
  </table>
  <table name="Cranking Fuel Injector Pulse Width D (ECT)" address="61f22">
    <table name="Y" address="61a60" />
  </table>
  <table name="Cranking Fuel IPW Compensation (RPM)" address="627fc">
    <table name="X" address="627cc" />
    <table name="Y" address="627e0" />
  </table>
  <table name="Cranking Fuel IPW Compensation (Accelerator)" address="61af8">
    <table name="Y" address="61ae0" />
  </table>
  <table name="Throttle Tip-in Enrichment" address="62504">
    <table name="Y" address="624c0" elements="17" />
  </table>
  <table name="Minimum Tip-in Enrichment Activation" address="618cc" />
  <table name="Minimum Tip-in Enrichment Activation (Throttle)" address="618c8" />
  <table name="Tip-in Enrichment Compensation (Boost Error)" address="61dd0">
    <table name="Y" address="61dac" />
  </table>
  <table name="Tip-in Enrichment Compensation (ECT)" address="62526">
    <table name="Y" address="61a60" />
  </table>
  <table name="Tip-in Enrichment Disable Applied Counter Threshold" address="61496" />
  <table name="Tip-in Enrichment Applied Counter Reset" address="61497" />
  <table name="Tip-in Enrichment Disable Throttle Cumulative Threshold" address="618d0" />
  <table name="Tip-in Throttle Cumulative Reset" address="61498" />
  <table name="Min Primary Base Enrichment 1" address="61b4e">
    <table name="Y" address="61a60" />
  </table>
  <table name="Min Primary Base Enrichment 1 (Non-Primary OL)" address="62950">
    <table name="X" address="6291c" />
    <table name="Y" address="62944" />
  </table>
  <table name="Min Primary Base Enrich 2 Initial Start 1A" address="61fc2">
    <table name="Y" address="61a60" />
  </table>
  <table name="Min Primary Base Enrich 2 Initial Start 1B" address="62002">
    <table name="Y" address="61a60" />
  </table>
  <table name="Min Primary Base Enrich 2 Initial Start 2A" address="61fe2">
    <table name="Y" address="61a60" />
  </table>
  <table name="Min Primary Base Enrich 2 Initial Start 2B" address="62022">
    <table name="Y" address="61a60" />
  </table>
  <table name="Min Primary Base Enrich 2 Decay Step 1" address="62042">
    <table name="Y" address="61a60" />
  </table>
  <table name="Min Primary Base Enrich 2 Decay Step 2" address="62062">
    <table name="Y" address="61a60" />
  </table>
  <table name="Min Primary Base Enrich 3 Initial Start 1A" address="61f42">
    <table name="Y" address="61a60" />
  </table>
  <table name="Min Primary Base Enrich 3 Initial Start 1B" address="61f62">
    <table name="Y" address="61a60" />
  </table>
  <table name="Min Primary Base Enrich 3 Initial Start 2A" address="61f82">
    <table name="Y" address="61a60" />
  </table>
  <table name="Min Primary Base Enrich 3 Initial Start 2B" address="61fa2">
    <table name="Y" address="61a60" />
  </table>
  <table name="Min Primary Base Enrich 3 Decay Delay A" address="61b0e">
    <table name="Y" address="61a60" />
  </table>
  <table name="Min Primary Base Enrich 3 Decay Delay B" address="61b1e">
    <table name="Y" address="61a60" />
  </table>
  <table name="Min Primary Base Enrich 3 Decay Multiplier" address="615ec" />
  <table name="A/F Learning #1 Limits" address="616f8" />
  <table name="A/F Learning #1 Airflow Ranges" address="61704" />
  <table name="MAF Limit (Maximum)" address="60358" />
  <table name="MAF Sensor Scaling" address="67ba8">
    <table name="Y" address="67ad0" />
  </table>
  <table name="MAF Compensation (IAT)" address="60c04">
    <table name="X" address="60bd0" />
    <table name="Y" address="60be4" />
  </table>
  <table name="Engine Load Limit (Maximum)" address="1f244" />
  <table name="Engine Load Compensation (MP)" address="60b4c">
    <table name="X" address="60af0" />
    <table name="Y" address="60b1c" elements="12" />
  </table>
  <table name="Base Timing A" address="646f8">
    <table name="X" address="6466c" elements="17" />
    <table name="Y" address="646b0" />
  </table>
  <table name="Base Timing B" address="648b8">
    <table name="X" address="6482c" elements="17" />
    <table name="Y" address="64870" />
  </table>
  <table name="Base Timing Idle (Below Speed Threshold)" address="63ac0" />
  <table name="Base Timing Idle (Above Speed Threshold)" address="63e98">
    <table name="Y" address="63e74" />
  </table>
  <table name="Base Timing Idle Vehicle Speed Threshold" address="63a94" />
  <table name="Knock Correction Advance Max A" address="64b18">
    <table name="X" address="64a8c" elements="17" />
    <table name="Y" address="64ad0" />
  </table>
  <table name="Knock Correction Advance Max B" address="64cd8">
    <table name="X" address="64c4c" elements="17" />
    <table name="Y" address="64c90" />
  </table>
  <table name="Timing Compensation (IAT)" address="63f04">
    <table name="Y" address="63ec4" />
  </table>
  <table name="Timing Comp Min Load (IAT)" address="63ac4" />
  <table name="Timing Compensation (ECT)" address="63eb1">
    <table name="Y" address="63d1c" />
  </table>
  <table name="Timing Compensation (MRP)" address="64e40">
    <table name="X" address="64e20" />
    <table name="Y" address="64e34" />
  </table>
  <table name="Timing Compensation Per Cylinder A__" address="6424c">
    <table name="Y" address="64214" />
  </table>
  <table name="Timing Compensation Per Cylinder B__" address="64294">
    <table name="Y" address="6425c" />
  </table>
  <table name="Timing Compensation Per Cylinder C__" address="642dc">
    <table name="Y" address="642a4" />
  </table>
  <table name="Timing Compensation Per Cylinder D__" address="64324">
    <table name="Y" address="642ec" />
  </table>
  <table name="Timing Comp Minimum Load (Per Cylinder)" address="63ba0" />
  <table name="Timing Comp Maximum RPM (Per Cylinder)" address="63b9c" />
  <table name="Timing Comp Minimum Coolant Temp (Per Cylinder)" address="63ba4" />
  <table name="Feedback Correction Range (RPM)" address="63bd4" />
  <table name="Feedback Correction Minimum Load" address="63be4" />
  <table name="Feedback Correction Retard Value" address="63bb8" />
  <table name="Feedback Correction Retard Limit" address="63bb4" />
  <table name="Feedback Correction Negative Advance Value" address="63bbc" />
  <table name="Feedback Correction Negative Advance Delay" address="639b6" />
  <table name="Extended Feedback Correction High RPM Compensation" address="63bec" />
  <table name="Fine Correction Range (RPM)" address="63cbc" />
  <table name="Fine Correction Range (Load)" address="63ccc" />
  <table name="Fine Correction Rows (RPM)" address="63cec" />
  <table name="Fine Correction Columns (Load)" address="63cdc" />
  <table name="Fine Correction Retard Value" address="63d04" />
  <table name="Fine Correction Retard Limit" address="63cb4" />
  <table name="Fine Correction Advance Value" address="63cb8" />
  <table name="Fine Correction Advance Limit" address="63cb0" />
  <table name="Fine Correction Advance Delay" address="639c4" />
  <table name="Rough Correction Range (RPM)" address="63c64" />
  <table name="Rough Correction Range (Load)" address="63c74" />
  <table name="Rough Correction Minimum KC Advance Map Value" address="63c84" />
  <table name="Rough Correction Learning Delay (Increasing)" address="6435c">
    <table name="Y" address="64334" />
  </table>
  <table name="Advance Multiplier (Initial)" address="63c60" />
  <table name="Advance Multiplier Step Value" address="63c88" />
  <table name="Intake Cam Advance Angle A (AVCS)" address="69280">
    <table name="X" address="69200" />
    <table name="Y" address="69238" />
  </table>
  <table name="Intake Cam Advance Angle B (AVCS)" address="694f8">
    <table name="X" address="69478" />
    <table name="Y" address="694b0" />
  </table>
  <table name="Exhaust Cam Retard Angle A (AVCS)" address="69ba8">
    <table name="X" address="69b28" />
    <table name="Y" address="69b60" />
  </table>
  <table name="Exhaust Cam Retard Angle B (AVCS)" address="69e20">
    <table name="X" address="69da0" />
    <table name="Y" address="69dd8" />
  </table>
  <table name="Requested Torque (Accelerator Pedal)" address="66904">
    <table name="X" address="66870" elements="20" />
    <table name="Y" address="668c0" />
  </table>
  <table name="Target Throttle Plate Position A (Requested Torque)" address="663ac">
    <table name="X" address="66328" />
    <table name="Y" address="6636c" />
  </table>
  <table name="Target Throttle Plate Position B (Requested Torque)" address="66650">
    <table name="X" address="665cc" />
    <table name="Y" address="66610" />
  </table>
  <table name="Rev Limit (Fuel Cut)" address="61920" />
  <table name="Rev Limit Fuel Resume (Boost)" address="61928" />
  <table name="Speed Limiting Enable (Fuel Cut)" address="6196c" />
  <table name="Speed Limiting Disable (Fuel Cut)" address="61974" />
  <table name="Speed Limiting (Throttle)" address="605f8" />
  <table name="Intake Temp Sensor Scaling" address="5d120">
    <table name="Y" address="5d0a8" />
  </table>
  <table name="Coolant Temp Sensor Scaling" address="5d038">
    <table name="Y" address="5cfc8" />
  </table>
  <table name="Atmospheric Pressure Sensor Scaling" address="5d310" />
  <table name="Radiator Fan Modes (ECT)" address="684fc" />
  <table name="Radiator Fan Modes (Veh. Speed)" address="6850c" />
  <table name="Idle Speed Target A" address="659f6">
    <table name="Y" address="654e8" />
  </table>
  <table name="Idle Speed Target B" address="65a36">
    <table name="Y" address="654e8" />
  </table>
  <table name="Idle Speed Target C" address="65a76">
    <table name="Y" address="654e8" />
  </table>
  <table name="Force Pass Readiness Monitors" address="50672" />
  <table name="(P0031) FRONT O2 SENSOR LOW INPUT" address="4d46a" />
  <table name="(P0032) FRONT O2 SENSOR HIGH INPUT" address="4d468" />
  <table name="(P0037) REAR O2 SENSOR LOW INPUT" address="4d469" />
  <table name="(P0038) REAR O2 SENSOR HIGH INPUT" address="4d467" />
  <table name="(P0102) MAF SENSOR LOW INPUT" address="4d419" />
  <table name="(P0103) MAF SENSOR HIGH INPUT" address="4d41a" />
  <table name="(P0107) MAP SENSOR LOW INPUT" address="4d46d" />
  <table name="(P0108) MAP SENSOR HIGH INPUT" address="4d46e" />
  <table name="(P0112) IAT SENSOR LOW INPUT" address="4d464" />
  <table name="(P0113) IAT SENSOR HIGH INPUT" address="4d465" />
  <table name="(P0117) COOLANT TEMP SENSOR LOW INPUT" address="4d421" />
  <table name="(P0118) COOLANT TEMP SENSOR HIGH INPUT" address="4d422" />
  <table name="(P0122) TPS A LOW INPUT" address="4d41e" />
  <table name="(P0123) TPS A HIGH INPUT" address="4d41f" />
  <table name="(P0131) FRONT O2 SENSOR LOW INPUT" address="4d461" />
  <table name="(P0132) FRONT O2 SENSOR HIGH INPUT" address="4d462" />
  <table name="(P0134) FRONT O2 SENSOR NO ACTIVITY" address="4d490" />
  <table name="(P0137) REAR O2 SENSOR LOW VOLTAGE" address="4d460" />
  <table name="(P0138) REAR O2 SENSOR HIGH VOLTAGE" address="4d463" />
  <table name="(P0171) SYSTEM TOO LEAN" address="4d456" />
  <table name="(P0172) SYSTEM TOO RICH" address="4d457" />
  <table name="(P0222) TPS B LOW INPUT" address="4d494" />
  <table name="(P0223) TPS B HIGH INPUT" address="4d495" />
  <table name="(P0230) FUEL PUMP PRIMARY CIRCUIT" address="4d48b" />
  <table name="(P0245) WASTEGATE SOLENOID A LOW" address="4d474" />
  <table name="(P0246) WASTEGATE SOLENOID A HIGH" address="4d475" />
  <table name="(P0261) FUEL INJECTOR #1 CIRCUIT LOW" address="4d47b" />
  <table name="(P0264) FUEL INJECTOR #2 CIRCUIT LOW" address="4d47c" />
  <table name="(P0267) FUEL INJECTOR #3 CIRCUIT LOW" address="4d47d" />
  <table name="(P0270) FUEL INJECTOR #4 CIRCUIT LOW" address="4d47e" />
  <table name="(P0327) KNOCK SENSOR 1 LOW INPUT" address="4d41c" />
  <table name="(P0328) KNOCK SENSOR 1 HIGH INPUT" address="4d41d" />
  <table name="(P0335) CRANKSHAFT POS. SENSOR A MALFUNCTION" address="4d414" />
  <table name="(P0340) CAMSHAFT POS. SENSOR A MALFUNCTION_" address="4d4a8" />
  <table name="(P0345) CAMSHAFT POS. SENSOR A BANK 2" address="4d4a7" />
  <table name="(P0350) IGNITION COIL PRIMARY/SECONDARY" address="4d428" />
  <table name="(P0365) CAMSHAFT POS. SENSOR B BANK 1_" address="4d4a6" />
  <table name="(P0390) CAMSHAFT POS. SENSOR B BANK 2_" address="4d4a5" />
  <table name="(P0458) EVAP PURGE VALVE CIRCUIT LOW" address="4d448" />
  <table name="(P0459) EVAP PURGE VALVE CIRCUIT HIGH" address="4d449" />
  <table name="(P0500) VEHICLE SPEED SENSOR A" address="4d41b" />
  <table name="(P0512) STARTER REQUEST CIRCUIT" address="4d42a" />
  <table name="(P0519) IDLE CONTROL MALFUNCTION (FAIL-SAFE)" address="4d48e" />
  <table name="(P0562) SYSTEM VOLTAGE LOW" address="4d472" />
  <table name="(P0563) SYSTEM VOLTAGE HIGH" address="4d473" />
  <table name="(P0600) SERIAL COMMUNICATION LINK" address="4d4a4" />
  <table name="(P0604) CONTROL MODULE RAM ERROR" address="4d418" />
  <table name="(P0605) CONTROL MODULE ROM ERROR" address="4d4a9" />
  <table name="(P0607) CONTROL MODULE PERFORMANCE" address="4d49c" />
  <table name="(P0638) THROTTLE ACTUATOR RANGE/PERF" address="4d49b" />
  <table name="(P0700) TRANSMISSION CONTROL SYSTEM" address="4d4b2" />
  <table name="(P0851) NEUTRAL SWITCH INPUT LOW" address="4d42e" />
  <table name="(P0852) NEUTRAL SWITCH INPUT HIGH" address="4d432" />
  <table name="(P1110) ATMOS. PRESSURE SENSOR LOW INPUT" address="4d46b" />
  <table name="(P1111) ATMOS. PRESSURE SENSOR HIGH INPUT" address="4d46c" />
  <table name="(P1160) ABNORMAL RETURN SPRING" address="4d496" />
  <table name="(P1518) STARTER SWITCH LOW INPUT" address="4d429" />
  <table name="(P1560) BACK-UP VOLTAGE MALFUNCTION" address="4d471" />
  <table name="(P2088) OCV SOLENOID A1 CIRCUIT OPEN" address="4d4b1" />
  <table name="(P2089) OCV SOLENOID A1 CIRCUIT SHORT" address="4d4b0" />
  <table name="(P2090) OCV SOLENOID B1 CIRCUIT OPEN" address="4d4ad" />
  <table name="(P2091) OCV SOLENOID B1 CIRCUIT SHORT" address="4d4ac" />
  <table name="(P2092) OCV SOLENOID A2 CIRCUIT OPEN" address="4d4af" />
  <table name="(P2093) OCV SOLENOID A2 CIRCUIT SHORT" address="4d4ae" />
  <table name="(P2094) OCV SOLENOID B2 CIRCUIT OPEN" address="4d4ab" />
  <table name="(P2095) OCV SOLENOID B2 CIRCUIT SHORT" address="4d4aa" />
  <table name="(P2101) THROTTLE ACTUATOR CIRCUIT RANGE/PERF" address="4d499" />
  <table name="(P2102) THROTTLE ACTUATOR CIRCUIT LOW" address="4d497" />
  <table name="(P2103) THROTTLE ACTUATOR CIRCUIT HIGH" address="4d498" />
  <table name="(P2109) TPS A MINIMUM STOP PERF" address="4d493" />
  <table name="(P2122) TPS D CIRCUIT LOW INPUT" address="4d4a0" />
  <table name="(P2123) TPS D CIRCUIT HIGH INPUT" address="4d4a1" />
  <table name="(P2127) TPS E CIRCUIT LOW INPUT" address="4d49e" />
  <table name="(P2128) TPS E CIRCUIT HIGH INPUT" address="4d49f" />
  <table name="(P2135) TPS A/B VOLTAGE" address="4d4a2" />
  <table name="(P2138) TPS D/E VOLTAGE" address="4d49d" />
</rom>