<rom>
  <romid>
    <xmlid>A2ZJ800A</xmlid>
    <internalidaddress>2000</internalidaddress>
    <internalidstring>A2ZJ800A</internalidstring>
    <ecuid>2F04505206</ecuid>
    <year>04</year>
    <market>JDM</market>
    <make>Subaru</make>
    <model>Legacy</model>
    <submodel>GT</submodel>
    <transmission>AT</transmission>
    <memmodel>SH7055</memmodel>
    <flashmethod>sti04</flashmethod>
    <checksummodule>subarudbw</checksummodule>
  </romid>
  <include>32BITBASE</include>
  <table name="Target Boost A" address="5e0ac">
    <table name="X" address="5e05c" />
    <table name="Y" address="5e07c" />
  </table>
  <table name="Target Boost B" address="5e1bc">
    <table name="X" address="5e16c" />
    <table name="Y" address="5e18c" />
  </table>
  <table name="Target Boost Compensation (ECT)" address="5d8fc">
    <table name="Y" address="5d7fc" />
  </table>
  <table name="Target Boost Compensation (1st Gear)" address="5d7f8" />
  <table name="Target Boost Compensation (1st Gear) Speed Disable" address="5d7f0" />
  <table name="Target Boost Compensation (Atm. Pressure) Multiplier" address="5d9fc">
    <table name="Y" address="5d9ec" />
  </table>
  <table name="Target Boost Compensation (Atm. Pressure) Multiplier Offset" address="5d92c">
    <table name="Y" address="5d91c" />
  </table>
  <table name="Boost Limit (Fuel Cut)" address="6248c">
    <table name="Y" address="62474" />
  </table>
  <table name="Boost Control Disable (IAM)" address="5d7d8" />
  <table name="Boost Control Disable (Fine Correction)" address="5d7d4" />
  <table name="Boost Control Disable Delay (Fine Correction)" address="5d77d" />
  <table name="Initial Wastegate Duty A" address="5daec">
    <table name="X" address="5da9c" />
    <table name="Y" address="5dabc" />
  </table>
  <table name="Initial Wastegate Duty B" address="5dbfc">
    <table name="X" address="5dbac" />
    <table name="Y" address="5dbcc" />
  </table>
  <table name="Max Wastegate Duty" address="5df1c">
    <table name="X" address="5dedc" />
    <table name="Y" address="5defc" />
  </table>
  <table name="Max Wastegate Duty Limit Post-Compensation" address="14460" />
  <table name="Initial/Max Wastegate Duty Compensation (IAT)" address="5d87c">
    <table name="Y" address="5d83c" />
  </table>
  <table name="Initial/Max Wastegate Duty Compensation (ECT)" address="5d8dc">
    <table name="Y" address="5d7fc" />
  </table>
  <table name="Initial/Max Wastegate Duty Compensation (Atm. Pressure)" address="5da44">
    <table name="X" address="5da1c" />
    <table name="Y" address="5da34" />
  </table>
  <table name="Turbo Dynamics Proportional" address="5d968">
    <table name="Y" address="5d944" />
  </table>
  <table name="Turbo Dynamics Integral Positive" address="5d9d8">
    <table name="Y" address="5d9b4" />
  </table>
  <table name="Turbo Dynamics Integral Negative" address="5d9a0">
    <table name="Y" address="5d97c" />
  </table>
  <table name="TD Activation Thresholds (RPM)" address="5d7b4" />
  <table name="TD Activation Thresholds (Target Boost)" address="5d788" />
  <table name="TD Integral Cumulative Range (WGDC Correction)" address="5d7c4" />
  <table name="TD Integral Negative Activation (Boost Error)" address="5d798" />
  <table name="TD Integral Positive Activation (Boost Error)" address="5d7a0" />
  <table name="TD Integral Positive Activation (Wastegate Duty)" address="5d7a8" />
  <table name="Manifold Pressure Sensor Scaling" address="5d278" />
  <table name="Manifold Pressure Sensor Limits (CEL)" address="676b4" />
  <table name="Manifold Pressure Sensor CEL Delays" address="6102d" />
  <table name="Primary Open Loop Fueling A" address="62904">
    <table name="X" address="6287c" elements="16" />
    <table name="Y" address="628bc" />
  </table>
  <table name="Primary Open Loop Fueling B" address="62aac">
    <table name="X" address="62a24" elements="16" />
    <table name="Y" address="62a64" />
  </table>
  <table name="Primary Open Loop Fueling A (Failsafe)" address="62c54">
    <table name="X" address="62bcc" elements="16" />
    <table name="Y" address="62c0c" />
  </table>
  <table name="Primary Open Loop Fueling B (Failsafe)" address="62dfc">
    <table name="X" address="62d74" elements="16" />
    <table name="Y" address="62db4" />
  </table>
  <table name="Primary Open Loop Fuel Map Switch (IAM)" address="616f4" />
  <table name="Minimum Active Primary Open Loop Enrichment" address="61658" />
  <table name="Minimum Primary Open Loop Enrichment (Throttle)" address="61bf8">
    <table name="Y" address="61be0" />
  </table>
  <table name="Primary Open Loop Fueling Compensation (ECT)" address="6230c">
    <table name="Y" address="6196c" />
  </table>
  <table name="Primary Open Loop Fueling Compensation (Timing Compensation)_" address="61c18">
    <table name="Y" address="61c00" />
  </table>
  <table name="Front Oxygen Sensor Scaling" address="67cb0">
    <table name="Y" address="67c7c" />
  </table>
  <table name="Front Oxygen Sensor Rich Limit" address="20bec" />
  <table name="Front Oxygen Sensor Compensation (Atm. Pressure)" address="60560">
    <table name="Y" address="60550" />
  </table>
  <table name="CL Fueling Target Compensation (Load)" address="63458">
    <table name="X" address="63410" elements="8" />
    <table name="Y" address="63430" />
  </table>
  <table name="CL Fueling Target Compensation (ECT)_" address="620b2">
    <table name="Y" address="6196c" />
  </table>
  <table name="CL to OL Delay" address="613d0">
    <table name="Y" elements="6" />
  </table>
  <table name="CL to OL Transition with Delay (Throttle)" address="61bd0">
    <table name="Y" address="61b90" />
  </table>
  <table name="CL to OL Transition with Delay Throttle Hysteresis" address="6165c" />
  <table name="CL to OL Transition with Delay (Base Pulse Width)" address="622ec">
    <table name="Y" address="622ac" />
  </table>
  <table name="CL to OL Transition with Delay BPW Hysteresis" address="61660" />
  <table name="CL Delay Maximum (Vehicle Speed)" address="616d4" />
  <table name="CL Delay Minimum (ECT)" address="61664" />
  <table name="CL Delay Maximum Engine Speed (Per Gear)" address="61668" />
  <table name="CL Delay Maximum Engine Speed (Neutral)" address="616b8" />
  <table name="CL Delay Throttle Atm. Pressure Thresholds" address="616e4" />
  <table name="CL Delay Maximum (Throttle) (Low Atm. Pressure)" address="616c8" />
  <table name="CL Delay Maximum (Throttle) (High Atm. Pressure)" address="616c0" />
  <table name="Injector Latency" address="67788">
    <table name="Y" address="67774" />
  </table>
  <table name="Injector Flow Scaling" address="614f4" />
  <table name="Per Injector Primary Fuel Offset Compensation A" address="62f58">
    <table name="X" address="62f1c" />
    <table name="Y" address="62f3c" elements="7" />
  </table>
  <table name="Per Injector Primary Fuel Offset Compensation B" address="62fcc">
    <table name="X" address="62f90" />
    <table name="Y" address="62fb0" elements="7" />
  </table>
  <table name="Per Injector Primary Fuel Offset Compensation C" address="63040">
    <table name="X" address="63004" />
    <table name="Y" address="63024" elements="7" />
  </table>
  <table name="Per Injector Primary Fuel Offset Compensation D" address="630b4">
    <table name="X" address="63078" />
    <table name="Y" address="63098" elements="7" />
  </table>
  <table name="Cranking Fuel Injector Pulse Width A (ECT)" address="61dce">
    <table name="Y" address="6196c" />
  </table>
  <table name="Cranking Fuel Injector Pulse Width B (ECT)" address="61dee">
    <table name="Y" address="6196c" />
  </table>
  <table name="Cranking Fuel Injector Pulse Width C (ECT)" address="61e0e">
    <table name="Y" address="6196c" />
  </table>
  <table name="Cranking Fuel Injector Pulse Width D (ECT)" address="61e2e">
    <table name="Y" address="6196c" />
  </table>
  <table name="Cranking Fuel IPW Compensation (RPM)" address="62708">
    <table name="X" address="626d8" />
    <table name="Y" address="626ec" />
  </table>
  <table name="Cranking Fuel IPW Compensation (Accelerator)" address="61a04">
    <table name="Y" address="619ec" />
  </table>
  <table name="Throttle Tip-in Enrichment" address="62410">
    <table name="Y" address="623cc" elements="17" />
  </table>
  <table name="Minimum Tip-in Enrichment Activation" address="617d8" />
  <table name="Minimum Tip-in Enrichment Activation (Throttle)" address="617d4" />
  <table name="Tip-in Enrichment Compensation (Boost Error)" address="61cdc">
    <table name="Y" address="61cb8" />
  </table>
  <table name="Tip-in Enrichment Compensation (ECT)" address="62432">
    <table name="Y" address="6196c" />
  </table>
  <table name="Tip-in Enrichment Disable Applied Counter Threshold" address="613a2" />
  <table name="Tip-in Enrichment Applied Counter Reset" address="613a3" />
  <table name="Tip-in Enrichment Disable Throttle Cumulative Threshold" address="617dc" />
  <table name="Tip-in Throttle Cumulative Reset" address="613a4" />
  <table name="Min Primary Base Enrichment 1" address="61a5a">
    <table name="Y" address="6196c" />
  </table>
  <table name="Min Primary Base Enrichment 1 (Non-Primary OL)" address="6285c">
    <table name="X" address="62828" />
    <table name="Y" address="62850" />
  </table>
  <table name="Min Primary Base Enrich 2 Initial Start 1A" address="61ece">
    <table name="Y" address="6196c" />
  </table>
  <table name="Min Primary Base Enrich 2 Initial Start 1B" address="61f0e">
    <table name="Y" address="6196c" />
  </table>
  <table name="Min Primary Base Enrich 2 Initial Start 2A" address="61eee">
    <table name="Y" address="6196c" />
  </table>
  <table name="Min Primary Base Enrich 2 Initial Start 2B" address="61f2e">
    <table name="Y" address="6196c" />
  </table>
  <table name="Min Primary Base Enrich 2 Decay Step 1" address="61f4e">
    <table name="Y" address="6196c" />
  </table>
  <table name="Min Primary Base Enrich 2 Decay Step 2" address="61f6e">
    <table name="Y" address="6196c" />
  </table>
  <table name="Min Primary Base Enrich 3 Initial Start 1A" address="61e4e">
    <table name="Y" address="6196c" />
  </table>
  <table name="Min Primary Base Enrich 3 Initial Start 1B" address="61e6e">
    <table name="Y" address="6196c" />
  </table>
  <table name="Min Primary Base Enrich 3 Initial Start 2A" address="61e8e">
    <table name="Y" address="6196c" />
  </table>
  <table name="Min Primary Base Enrich 3 Initial Start 2B" address="61eae">
    <table name="Y" address="6196c" />
  </table>
  <table name="Min Primary Base Enrich 3 Decay Delay A" address="61a1a">
    <table name="Y" address="6196c" />
  </table>
  <table name="Min Primary Base Enrich 3 Decay Delay B" address="61a2a">
    <table name="Y" address="6196c" />
  </table>
  <table name="Min Primary Base Enrich 3 Decay Multiplier" address="614f8" />
  <table name="A/F Learning #1 Limits" address="61604" />
  <table name="A/F Learning #1 Airflow Ranges" address="61610" />
  <table name="MAF Limit (Maximum)" address="60458" />
  <table name="MAF Sensor Scaling" address="67ab4">
    <table name="Y" address="679dc" />
  </table>
  <table name="MAF Compensation (IAT)" address="60b10">
    <table name="X" address="60adc" />
    <table name="Y" address="60af0" />
  </table>
  <table name="Engine Load Limit (Maximum)" address="1f260" />
  <table name="Engine Load Compensation (MP)" address="60a58">
    <table name="X" address="609fc" />
    <table name="Y" address="60a28" elements="12" />
  </table>
  <table name="Base Timing A" address="64604">
    <table name="X" address="64578" elements="17" />
    <table name="Y" address="645bc" />
  </table>
  <table name="Base Timing B" address="647c4">
    <table name="X" address="64738" elements="17" />
    <table name="Y" address="6477c" />
  </table>
  <table name="Base Timing Idle (Below Speed Threshold)" address="639cc" />
  <table name="Base Timing Idle (Above Speed Threshold)" address="63da4">
    <table name="Y" address="63d80" />
  </table>
  <table name="Base Timing Idle Vehicle Speed Threshold" address="639a0" />
  <table name="Knock Correction Advance Max A" address="64a24">
    <table name="X" address="64998" elements="17" />
    <table name="Y" address="649dc" />
  </table>
  <table name="Knock Correction Advance Max B" address="64be4">
    <table name="X" address="64b58" elements="17" />
    <table name="Y" address="64b9c" />
  </table>
  <table name="Timing Compensation (IAT)" address="63e10">
    <table name="Y" address="63dd0" />
  </table>
  <table name="Timing Comp Min Load (IAT)" address="639d0" />
  <table name="Timing Compensation (ECT)" address="63dbd">
    <table name="Y" address="63c28" />
  </table>
  <table name="Timing Compensation (MRP)" address="64d4c">
    <table name="X" address="64d2c" />
    <table name="Y" address="64d40" />
  </table>
  <table name="Timing Compensation Per Cylinder A__" address="64158">
    <table name="Y" address="64120" />
  </table>
  <table name="Timing Compensation Per Cylinder B__" address="641a0">
    <table name="Y" address="64168" />
  </table>
  <table name="Timing Compensation Per Cylinder C__" address="641e8">
    <table name="Y" address="641b0" />
  </table>
  <table name="Timing Compensation Per Cylinder D__" address="64230">
    <table name="Y" address="641f8" />
  </table>
  <table name="Timing Comp Minimum Load (Per Cylinder)" address="63aac" />
  <table name="Timing Comp Maximum RPM (Per Cylinder)" address="63aa8" />
  <table name="Timing Comp Minimum Coolant Temp (Per Cylinder)" address="63ab0" />
  <table name="Feedback Correction Range (RPM)" address="63ae0" />
  <table name="Feedback Correction Minimum Load" address="63af0" />
  <table name="Feedback Correction Retard Value" address="63ac4" />
  <table name="Feedback Correction Retard Limit" address="63ac0" />
  <table name="Feedback Correction Negative Advance Value" address="63ac8" />
  <table name="Feedback Correction Negative Advance Delay" address="638c2" />
  <table name="Extended Feedback Correction High RPM Compensation" address="63af8" />
  <table name="Fine Correction Range (RPM)" address="63bc8" />
  <table name="Fine Correction Range (Load)" address="63bd8" />
  <table name="Fine Correction Rows (RPM)" address="63bf8" />
  <table name="Fine Correction Columns (Load)" address="63be8" />
  <table name="Fine Correction Retard Value" address="63c10" />
  <table name="Fine Correction Retard Limit" address="63bc0" />
  <table name="Fine Correction Advance Value" address="63bc4" />
  <table name="Fine Correction Advance Limit" address="63bbc" />
  <table name="Fine Correction Advance Delay" address="638d0" />
  <table name="Rough Correction Range (RPM)" address="63b70" />
  <table name="Rough Correction Range (Load)" address="63b80" />
  <table name="Rough Correction Minimum KC Advance Map Value" address="63b90" />
  <table name="Rough Correction Learning Delay (Increasing)" address="64268">
    <table name="Y" address="64240" />
  </table>
  <table name="Advance Multiplier (Initial)" address="63b6c" />
  <table name="Advance Multiplier Step Value" address="63b94" />
  <table name="Intake Cam Advance Angle A (AVCS)" address="6918c">
    <table name="X" address="6910c" />
    <table name="Y" address="69144" />
  </table>
  <table name="Intake Cam Advance Angle B (AVCS)" address="69404">
    <table name="X" address="69384" />
    <table name="Y" address="693bc" />
  </table>
  <table name="Exhaust Cam Retard Angle A (AVCS)" address="69ab4">
    <table name="X" address="69a34" />
    <table name="Y" address="69a6c" />
  </table>
  <table name="Exhaust Cam Retard Angle B (AVCS)" address="69d2c">
    <table name="X" address="69cac" />
    <table name="Y" address="69ce4" />
  </table>
  <table name="Requested Torque (Accelerator Pedal)" address="66810">
    <table name="X" address="6677c" elements="20" />
    <table name="Y" address="667cc" />
  </table>
  <table name="Target Throttle Plate Position A (Requested Torque)" address="662b8">
    <table name="X" address="66234" />
    <table name="Y" address="66278" />
  </table>
  <table name="Target Throttle Plate Position B (Requested Torque)" address="6655c">
    <table name="X" address="664d8" />
    <table name="Y" address="6651c" />
  </table>
  <table name="Rev Limit (Fuel Cut)" address="6182c" />
  <table name="Rev Limit Fuel Resume (Boost)" address="61834" />
  <table name="Speed Limiting Enable (Fuel Cut)" address="61878" />
  <table name="Speed Limiting Disable (Fuel Cut)" address="61880" />
  <table name="Speed Limiting (Throttle)" address="60504" />
  <table name="Intake Temp Sensor Scaling" address="5d02c">
    <table name="Y" address="5cfb4" />
  </table>
  <table name="Coolant Temp Sensor Scaling" address="5cf44">
    <table name="Y" address="5ced4" />
  </table>
  <table name="Atmospheric Pressure Sensor Scaling" address="5d21c" />
  <table name="Radiator Fan Modes (ECT)" address="68408" />
  <table name="Radiator Fan Modes (Veh. Speed)" address="68418" />
  <table name="Idle Speed Target A" address="65902">
    <table name="Y" address="653f4" />
  </table>
  <table name="Idle Speed Target B" address="65942">
    <table name="Y" address="653f4" />
  </table>
  <table name="Idle Speed Target C" address="65982">
    <table name="Y" address="653f4" />
  </table>
  <table name="Force Pass Readiness Monitors" address="5068e" />
  <table name="(P0031) FRONT O2 SENSOR LOW INPUT" address="4d486" />
  <table name="(P0032) FRONT O2 SENSOR HIGH INPUT" address="4d484" />
  <table name="(P0037) REAR O2 SENSOR LOW INPUT" address="4d485" />
  <table name="(P0038) REAR O2 SENSOR HIGH INPUT" address="4d483" />
  <table name="(P0102) MAF SENSOR LOW INPUT" address="4d435" />
  <table name="(P0103) MAF SENSOR HIGH INPUT" address="4d436" />
  <table name="(P0107) MAP SENSOR LOW INPUT" address="4d489" />
  <table name="(P0108) MAP SENSOR HIGH INPUT" address="4d48a" />
  <table name="(P0112) IAT SENSOR LOW INPUT" address="4d480" />
  <table name="(P0113) IAT SENSOR HIGH INPUT" address="4d481" />
  <table name="(P0117) COOLANT TEMP SENSOR LOW INPUT" address="4d43d" />
  <table name="(P0118) COOLANT TEMP SENSOR HIGH INPUT" address="4d43e" />
  <table name="(P0122) TPS A LOW INPUT" address="4d43a" />
  <table name="(P0123) TPS A HIGH INPUT" address="4d43b" />
  <table name="(P0131) FRONT O2 SENSOR LOW INPUT" address="4d47d" />
  <table name="(P0132) FRONT O2 SENSOR HIGH INPUT" address="4d47e" />
  <table name="(P0134) FRONT O2 SENSOR NO ACTIVITY" address="4d4ac" />
  <table name="(P0137) REAR O2 SENSOR LOW VOLTAGE" address="4d47c" />
  <table name="(P0138) REAR O2 SENSOR HIGH VOLTAGE" address="4d47f" />
  <table name="(P0171) SYSTEM TOO LEAN" address="4d472" />
  <table name="(P0172) SYSTEM TOO RICH" address="4d473" />
  <table name="(P0222) TPS B LOW INPUT" address="4d4b0" />
  <table name="(P0223) TPS B HIGH INPUT" address="4d4b1" />
  <table name="(P0230) FUEL PUMP PRIMARY CIRCUIT" address="4d4a7" />
  <table name="(P0245) WASTEGATE SOLENOID A LOW" address="4d490" />
  <table name="(P0246) WASTEGATE SOLENOID A HIGH" address="4d491" />
  <table name="(P0261) FUEL INJECTOR #1 CIRCUIT LOW" address="4d497" />
  <table name="(P0264) FUEL INJECTOR #2 CIRCUIT LOW" address="4d498" />
  <table name="(P0267) FUEL INJECTOR #3 CIRCUIT LOW" address="4d499" />
  <table name="(P0270) FUEL INJECTOR #4 CIRCUIT LOW" address="4d49a" />
  <table name="(P0327) KNOCK SENSOR 1 LOW INPUT" address="4d438" />
  <table name="(P0328) KNOCK SENSOR 1 HIGH INPUT" address="4d439" />
  <table name="(P0335) CRANKSHAFT POS. SENSOR A MALFUNCTION" address="4d430" />
  <table name="(P0340) CAMSHAFT POS. SENSOR A MALFUNCTION" address="4d4c4" />
  <table name="(P0345) CAMSHAFT POS. SENSOR A BANK 2" address="4d4c3" />
  <table name="(P0350) IGNITION COIL PRIMARY/SECONDARY" address="4d444" />
  <table name="(P0365) CAMSHAFT POS. SENSOR B BANK 1" address="4d4c2" />
  <table name="(P0390) CAMSHAFT POS. SENSOR B BANK 2" address="4d4c1" />
  <table name="(P0458) EVAP PURGE VALVE CIRCUIT LOW" address="4d464" />
  <table name="(P0459) EVAP PURGE VALVE CIRCUIT HIGH" address="4d465" />
  <table name="(P0500) VEHICLE SPEED SENSOR A" address="4d437" />
  <table name="(P0512) STARTER REQUEST CIRCUIT" address="4d446" />
  <table name="(P0519) IDLE CONTROL MALFUNCTION (FAIL-SAFE)" address="4d4aa" />
  <table name="(P0562) SYSTEM VOLTAGE LOW" address="4d48e" />
  <table name="(P0563) SYSTEM VOLTAGE HIGH" address="4d48f" />
  <table name="(P0600) SERIAL COMMUNICATION LINK" address="4d4c0" />
  <table name="(P0604) CONTROL MODULE RAM ERROR" address="4d434" />
  <table name="(P0605) CONTROL MODULE ROM ERROR" address="4d4c5" />
  <table name="(P0607) CONTROL MODULE PERFORMANCE" address="4d4b8" />
  <table name="(P0638) THROTTLE ACTUATOR RANGE/PERF" address="4d4b7" />
  <table name="(P0700) TRANSMISSION CONTROL SYSTEM" address="4d4ce" />
  <table name="(P0851) NEUTRAL SWITCH INPUT LOW" address="4d44a" />
  <table name="(P0852) NEUTRAL SWITCH INPUT HIGH" address="4d44e" />
  <table name="(P1110) ATMOS. PRESSURE SENSOR LOW INPUT" address="4d487" />
  <table name="(P1111) ATMOS. PRESSURE SENSOR HIGH INPUT" address="4d488" />
  <table name="(P1160) ABNORMAL RETURN SPRING" address="4d4b2" />
  <table name="(P1518) STARTER SWITCH LOW INPUT" address="4d445" />
  <table name="(P1560) BACK-UP VOLTAGE MALFUNCTION" address="4d48d" />
  <table name="(P2088) OCV SOLENOID A1 CIRCUIT OPEN" address="4d4cd" />
  <table name="(P2089) OCV SOLENOID A1 CIRCUIT SHORT" address="4d4cc" />
  <table name="(P2090) OCV SOLENOID B1 CIRCUIT OPEN" address="4d4c9" />
  <table name="(P2091) OCV SOLENOID B1 CIRCUIT SHORT" address="4d4c8" />
  <table name="(P2092) OCV SOLENOID A2 CIRCUIT OPEN" address="4d4cb" />
  <table name="(P2093) OCV SOLENOID A2 CIRCUIT SHORT" address="4d4ca" />
  <table name="(P2094) OCV SOLENOID B2 CIRCUIT OPEN" address="4d4c7" />
  <table name="(P2095) OCV SOLENOID B2 CIRCUIT SHORT" address="4d4c6" />
  <table name="(P2101) THROTTLE ACTUATOR CIRCUIT RANGE/PERF" address="4d4b5" />
  <table name="(P2102) THROTTLE ACTUATOR CIRCUIT LOW" address="4d4b3" />
  <table name="(P2103) THROTTLE ACTUATOR CIRCUIT HIGH" address="4d4b4" />
  <table name="(P2109) TPS A MINIMUM STOP PERF" address="4d4af" />
  <table name="(P2122) TPS D CIRCUIT LOW INPUT" address="4d4bc" />
  <table name="(P2123) TPS D CIRCUIT HIGH INPUT" address="4d4bd" />
  <table name="(P2127) TPS E CIRCUIT LOW INPUT" address="4d4ba" />
  <table name="(P2128) TPS E CIRCUIT HIGH INPUT" address="4d4bb" />
  <table name="(P2135) TPS A/B VOLTAGE" address="4d4be" />
  <table name="(P2138) TPS D/E VOLTAGE" address="4d4b9" />
</rom>