<rom>
  <romid>
    <xmlid>A2TB001N</xmlid>
    <internalidaddress>2000</internalidaddress>
    <internalidstring>A2TB001N</internalidstring>
    <ecuid>52125A5107</ecuid>
    <year>08/09</year>
    <market>USDM</market>
    <make>Subaru</make>
    <model>Legacy(Outback)</model>
    <submodel>GT(XT)</submodel>
    <transmission>MT</transmission>
    <memmodel>SH7058</memmodel>
    <flashmethod>subarucan</flashmethod>
    <checksummodule>subarudbw</checksummodule>
  </romid>
  <include>A2TB001L</include>
  <table name="Primary Open Loop Fuel Map Switch (IAM)" address="c98f8" />
  <table name="Minimum Active Primary Open Loop Enrichment" address="c98fc" />
  <table name="CL to OL Delay_" address="c94a8" />
  <table name="CL to OL Delay/Switch SI-DRIVE Intelligent" address="c94a2" />
  <table name="CL to OL Transition with Delay Throttle Hysteresis" address="c9900" />
  <table name="CL to OL Transition with Delay BPW Hysteresis" address="c9904" />
  <table name="CL Delay Maximum (Throttle)" address="c997c" />
  <table name="CL Delay Maximum (Vehicle Speed)" address="c9980" />
  <table name="CL Delay Minimum (ECT)" address="c9908" />
  <table name="CL Delay Maximum (Engine Load)" address="c9990" />
  <table name="CL Delay Engine Load Counter Threshold" address="c94a0" />
  <table name="CL Delay Maximum Engine Speed (Per Gear)" address="c990c" />
  <table name="CL Delay Maximum Engine Speed (Neutral)" address="c995c" />
  <table name="Injector Flow Scaling" address="c9658" />
  <table name="Minimum Tip-in Enrichment Activation" address="c9b74" />
  <table name="Minimum Tip-in Enrichment Activation (Throttle)" address="c9b6c" />
  <table name="Tip-in Enrichment Disable Applied Counter Threshold" address="c9458" />
  <table name="Tip-in Enrichment Applied Counter Reset" address="c9459" />
  <table name="Tip-in Enrichment Disable Throttle Cumulative Threshold" address="c9b70" />
  <table name="Tip-in Throttle Cumulative Reset" address="c945a" />
  <table name="Min Primary Base Enrich 3 Decay Multiplier" address="c965c" />
  <table name="A/F Learning #1 Limits" address="c9810" />
  <table name="A/F Learning #1 Airflow Ranges" address="c9820" />
  <table name="MAF Limit (Maximum)" address="c39a0" />
  <table name="Rev Limit (Fuel Cut)" address="c9bc8" />
  <table name="Rev Limit Fuel Resume (Boost)" address="c9bd0" />
  <table name="Speed Limiting Enable (Fuel Cut)" address="c9c18" />
  <table name="Speed Limiting Disable (Fuel Cut)" address="c9c24" />
  <table name="Gear Determination Thresholds A" address="c3b88" />
  <table name="Gear Determination Thresholds B" address="c3b9c" />
  <table name="Gear Determination Thresholds C" address="c3bb0" />
</rom>