<rom>
  <romid>
    <xmlid>E2VG211D</xmlid>
    <internalidaddress>2000</internalidaddress>
    <internalidstring>E2VG211D</internalidstring>
    <ecuid>4212047006</ecuid>
    <year>06</year>
    <market>USDM</market>
    <make>Subaru</make>
    <model>Forester</model>
    <submodel>2.5</submodel>
    <transmission>MT/AT</transmission>
    <memmodel>SH7058</memmodel>
    <flashmethod>sti05</flashmethod>
    <checksummodule>subarudbw</checksummodule>
  </romid>
  <include>E2VG221D</include>
</rom>