<rom>
  <romid>
    <xmlid>E2ZJ121H</xmlid>
    <internalidaddress>2000</internalidaddress>
    <internalidstring>E2ZJ121H</internalidstring>
    <ecuid>3B12044206</ecuid>
    <year>05</year>
    <market>USDM</market>
    <make>Subaru</make>
    <model>Forester</model>
    <submodel>2.5</submodel>
    <transmission>MT/AT</transmission>
    <memmodel>SH7058</memmodel>
    <flashmethod>sti05</flashmethod>
    <checksummodule>subarudbw</checksummodule>
  </romid>
  <include>E2ZJ111G</include>
  <table name="Manifold Pressure Sensor CEL Delays" address="c4554" />
  <table name="Front Oxygen Sensor Compensation (Atm. Pressure)" address="c24d4">
    <table name="Y" address="c24c4" />
  </table>
  <table name="CL Fueling Target Compensation (ECT)_" address="c87ec">
    <table name="Y" address="c87ac" />
  </table>
  <table name="CL Fueling Target Compensation (ECT) Disable" address="c7354" />
  <table name="CL to OL Delay A (Atm. Pressure)" address="c8b2c">
    <table name="Y" address="c8b10" />
  </table>
  <table name="CL to OL Delay B (Atm. Pressure)" address="c8b58">
    <table name="Y" address="c8b3c" />
  </table>
  <table name="CL to OL Transition with Delay (Accelerator)" address="c7d60">
    <table name="Y" address="c7d20" />
  </table>
  <table name="CL to OL Transition with Delay Throttle Hysteresis" address="c7500" />
  <table name="CL to OL Transition with Delay (Base Pulse Width)" address="c8ba8">
    <table name="Y" address="c8b68" />
  </table>
  <table name="CL to OL Transition with Delay BPW Hysteresis" address="c7504" />
  <table name="CL Delay Minimum (ECT)" address="c7508" />
  <table name="CL Delay Maximum Engine Speed A" address="c750c" />
  <table name="CL Delay Maximum Engine Speed B" address="c7518" />
  <table name="CL Delay Engine Speed B Counter Threshold" address="c7102" />
  <table name="CL Delay Maximum (Throttle) A" address="c7514" />
  <table name="CL Delay Throttle A Counter Threshold" address="c7100" />
  <table name="CL Delay Maximum (Throttle) B (ECT)" address="c7d70">
    <table name="Y" address="c7830" />
  </table>
  <table name="Injector Flow Scaling" address="c7244" />
  <table name="Throttle Tip-in Enrichment A" address="c8df0">
    <table name="Y" address="c8da8" />
  </table>
  <table name="Throttle Tip-in Enrichment B" address="c8e5c">
    <table name="Y" address="c8e14" />
  </table>
  <table name="Minimum Tip-in Enrichment Activation" address="c76d8" />
  <table name="Minimum Tip-in Enrichment Activation (Throttle)" address="c76d4" />
  <table name="Tip-in Enrichment Compensation (RPM)" address="c7f7c">
    <table name="Y" address="c7f58" />
  </table>
  <table name="Tip-in Enrichment Compensation (MRP)" address="c7fac">
    <table name="Y" address="c7f88" />
  </table>
  <table name="Tip-in Enrichment Compensation A (ECT)" address="c7fb5">
    <table name="Y" address="c7830" />
  </table>
  <table name="Tip-in Enrichment Compensation B (ECT)" address="c8e80">
    <table name="Y" address="c7830" />
  </table>
  <table name="Tip-in Enrichment Compensation C (ECT)" address="c8ea0">
    <table name="Y" address="c7830" />
  </table>
  <table name="Tip-in Enrichment Compensation D (ECT)" address="c8ec0">
    <table name="Y" address="c78c8" />
  </table>
  <table name="Tip-in Enrichment Compensation D (ECT) Activation" address="c76dc" />
  <table name="Tip-in Enrichment Disable Applied Counter Threshold A (ECT)" address="c7fc5">
    <table name="Y" address="c7830" />
  </table>
  <table name="Tip-in Enrichment Disable Applied Counter Threshold B (ECT)" address="c7fd5">
    <table name="Y" address="c7830" />
  </table>
  <table name="Tip-in Enrichment Applied Counter Reset" address="c70b1" />
  <table name="Tip-in Enrichment Disable Throttle Cumulative Threshold A (ECT)" address="c8ee0">
    <table name="Y" address="c7830" />
  </table>
  <table name="Tip-in Enrichment Disable Throttle Cumulative Threshold B (ECT)" address="c8f00">
    <table name="Y" address="c7830" />
  </table>
  <table name="Tip-in Throttle Cumulative Reset" address="c70b2" />
  <table name="A/F Learning #1 Limits" address="c740c" />
  <table name="A/F Learning #1 Airflow Ranges" address="c7418" />
  <table name="Rev Limit (Fuel Cut)" address="c7754" />
  <table name="Speed Limiting (Fuel Cut)" address="c779c" />
</rom>