<rom>
  <romid>
    <xmlid>E2TB101Q</xmlid>
    <internalidaddress>2000</internalidaddress>
    <internalidstring>E2TB101Q</internalidstring>
    <ecuid>5104144007</ecuid>
    <year>08</year>
    <market>JDM</market>
    <make>Subaru</make>
    <model>Exiga</model>
    <submodel>2.0i</submodel>
    <transmission>AT</transmission>
    <memmodel>SH7058</memmodel>
    <flashmethod>subarucan</flashmethod>
    <checksummodule>subarudbw</checksummodule>
  </romid>
  <include>32BITBASE</include>
  <table name="Manifold Pressure Sensor Scaling" address="c0280" />
  <table name="Manifold Pressure Sensor Limits (CEL)" address="cce46" />
  <table name="Manifold Pressure Sensor CEL Delays" address="c4c93" />
  <table name="Primary Open Loop Fueling A_" address="c7fa0">
    <table name="X" address="c7f14" />
    <table name="Y" address="c7f40" elements="24" />
  </table>
  <table name="Primary Open Loop Fueling B_" address="c8134">
    <table name="X" address="c80a8" />
    <table name="Y" address="c80d4" elements="24" />
  </table>
  <table name="Minimum Active Primary Open Loop Enrichment" address="c5a18" />
  <table name="Front Oxygen Sensor Scaling" address="cd36c">
    <table name="Y" address="cd338" />
  </table>
  <table name="Front Oxygen Sensor Rich Limit" address="25ccc" />
  <table name="Front Oxygen Sensor Compensation (Atm. Pressure)" address="c2980">
    <table name="Y" address="c2970" />
  </table>
  <table name="CL Fueling Target Compensation A (Load)" address="c8390">
    <table name="X" address="c8318" />
    <table name="Y" address="c8344" elements="19" />
  </table>
  <table name="CL Fueling Target Compensation B (Load)" address="c85ac">
    <table name="X" address="c8534" />
    <table name="Y" address="c8560" elements="19" />
  </table>
  <table name="CL Fueling Target Compensation (ECT)_" address="c72f0">
    <table name="Y" address="c5d0c" />
  </table>
  <table name="CL Fueling Target Compensation (ECT) Disable" address="c5864" />
  <table name="CL to OL Delay A (Atm. Pressure)" address="c7658">
    <table name="Y" address="c763c" />
  </table>
  <table name="CL to OL Delay B (Atm. Pressure)" address="c7684">
    <table name="Y" address="c7668" />
  </table>
  <table name="CL to OL Transition with Delay (Accelerator)" address="c650c">
    <table name="Y" address="c64cc" />
  </table>
  <table name="CL to OL Transition with Delay Throttle Hysteresis" address="c5a1c" />
  <table name="CL to OL Transition with Delay (Base Pulse Width)" address="c76d4">
    <table name="Y" address="c7694" />
  </table>
  <table name="CL to OL Transition with Delay BPW Hysteresis" address="c5a20" />
  <table name="CL Delay Minimum (ECT)" address="c5a24" />
  <table name="CL Delay Maximum Engine Speed A" address="c5a28" />
  <table name="CL Delay Maximum Engine Speed B" address="c5a34" />
  <table name="CL Delay Engine Speed B Counter Threshold" address="c5606" />
  <table name="CL Delay Maximum (Throttle) A" address="c5a30" />
  <table name="CL Delay Throttle A Counter Threshold" address="c5604" />
  <table name="Injector Latency_" address="c82f8">
    <table name="X" address="c82d8" />
    <table name="Y" address="c82ec" />
  </table>
  <table name="Injector Flow Scaling" address="c5744" />
  <table name="Per Injector Primary Fuel Offset Compensation A" address="c8298">
    <table name="X" address="c8288" elements="2" />
    <table name="Y" address="c8290" elements="2" />
  </table>
  <table name="Per Injector Primary Fuel Offset Compensation B" address="c82ac">
    <table name="X" address="c829c" elements="2" />
    <table name="Y" address="c82a4" elements="2" />
  </table>
  <table name="Per Injector Primary Fuel Offset Compensation C" address="c82c0">
    <table name="X" address="c82b0" elements="2" />
    <table name="Y" address="c82b8" elements="2" />
  </table>
  <table name="Per Injector Primary Fuel Offset Compensation D" address="c82d4">
    <table name="X" address="c82c4" elements="2" />
    <table name="Y" address="c82cc" elements="2" />
  </table>
  <table name="Cranking Fuel Injector Pulse Width A (ECT)" address="c6916">
    <table name="Y" address="c5d0c" />
  </table>
  <table name="Cranking Fuel Injector Pulse Width B (ECT)" address="c6936">
    <table name="Y" address="c5d0c" />
  </table>
  <table name="Cranking Fuel Injector Pulse Width C (ECT)" address="c6956">
    <table name="Y" address="c5d0c" />
  </table>
  <table name="Cranking Fuel Injector Pulse Width D (ECT)" address="c6976">
    <table name="Y" address="c5d0c" />
  </table>
  <table name="Cranking Fuel Injector Pulse Width E (ECT)" address="c6996">
    <table name="Y" address="c5d0c" />
  </table>
  <table name="Cranking Fuel Injector Pulse Width F (ECT)" address="c69b6">
    <table name="Y" address="c5d0c" />
  </table>
  <table name="Cranking Fuel Injector Pulse Width G (ECT)" address="c69d6">
    <table name="Y" address="c5d0c" />
  </table>
  <table name="Cranking Fuel Injector Pulse Width H (ECT)" address="c69f6">
    <table name="Y" address="c5d0c" />
  </table>
  <table name="Cranking Fuel Injector Pulse Width I (ECT)" address="c6a16">
    <table name="Y" address="c5d0c" />
  </table>
  <table name="Cranking Fuel Injector Pulse Width J (ECT)" address="c6a36">
    <table name="Y" address="c5d0c" />
  </table>
  <table name="Cranking Fuel Injector Pulse Width K (ECT)" address="c6a56">
    <table name="Y" address="c5d0c" />
  </table>
  <table name="Cranking Fuel Injector Pulse Width L (ECT)" address="c6a76">
    <table name="Y" address="c5d0c" />
  </table>
  <table name="Cranking Fuel Injector Pulse Width M (ECT)" address="c6a96">
    <table name="Y" address="c5d0c" />
  </table>
  <table name="Cranking Fuel Injector Pulse Width N (ECT)" address="c6ab6">
    <table name="Y" address="c5d0c" />
  </table>
  <table name="Cranking Fuel Injector Pulse Width O (ECT)" address="c6ad6">
    <table name="Y" address="c5d0c" />
  </table>
  <table name="Cranking Fuel Injector Pulse Width P (ECT)" address="c6af6">
    <table name="Y" address="c5d0c" />
  </table>
  <table name="Cranking Fuel Injector Pulse Width Q (ECT)" address="c6b16">
    <table name="Y" address="c5d0c" />
  </table>
  <table name="Cranking Fuel Injector Pulse Width R (ECT)" address="c6b36">
    <table name="Y" address="c5d0c" />
  </table>
  <table name="Cranking Fuel Injector Pulse Width S (ECT)" address="c6b56">
    <table name="Y" address="c5d0c" />
  </table>
  <table name="Cranking Fuel Injector Pulse Width T (ECT)" address="c6b76">
    <table name="Y" address="c5d0c" />
  </table>
  <table name="Cranking Fuel Injector Pulse Width U (ECT)" address="c6b96">
    <table name="Y" address="c5d0c" />
  </table>
  <table name="Cranking Fuel IPW Compensation A (RPM)" address="c7d30">
    <table name="X" address="c7d00" />
    <table name="Y" address="c7d14" />
  </table>
  <table name="Cranking Fuel IPW Compensation B (RPM)" address="c7d8c">
    <table name="X" address="c7d54" />
    <table name="Y" address="c7d68" elements="9" />
  </table>
  <table name="Cranking Fuel IPW Compensation (MAP)" address="c6194">
    <table name="Y" address="c616c" />
  </table>
  <table name="Cranking Fuel IPW Compensation (Accelerator)" address="c61b8">
    <table name="Y" address="c61a0" />
  </table>
  <table name="Throttle Tip-in Enrichment A" address="c7920">
    <table name="Y" address="c78d8" />
  </table>
  <table name="Throttle Tip-in Enrichment B" address="c798c">
    <table name="Y" address="c7944" />
  </table>
  <table name="Minimum Tip-in Enrichment Activation" address="c5bf0" />
  <table name="Minimum Tip-in Enrichment Activation (Throttle)" address="c5bec" />
  <table name="Tip-in Enrichment Compensation (RPM)" address="c66b0">
    <table name="Y" address="c668c" />
  </table>
  <table name="Tip-in Enrichment Compensation (MRP)" address="c66e0">
    <table name="Y" address="c66bc" />
  </table>
  <table name="Tip-in Enrichment Compensation A (ECT)" address="c66e9">
    <table name="Y" address="c5d0c" />
  </table>
  <table name="Tip-in Enrichment Compensation B (ECT)" address="c79b0">
    <table name="Y" address="c5d0c" />
  </table>
  <table name="Tip-in Enrichment Compensation C (ECT)" address="c79d0">
    <table name="Y" address="c5d0c" />
  </table>
  <table name="Tip-in Enrichment Compensation D (ECT)" address="c79f0">
    <table name="Y" address="c5da4" />
  </table>
  <table name="Tip-in Enrichment Compensation D (ECT) Activation" address="c5bf4" />
  <table name="Tip-in Enrichment Disable Applied Counter Threshold A (ECT)" address="c6704">
    <table name="Y" address="c66fc" elements="2" />
  </table>
  <table name="Tip-in Enrichment Disable Applied Counter Threshold B (ECT)" address="c6710">
    <table name="Y" address="c6708" elements="2" />
  </table>
  <table name="Tip-in Enrichment Applied Counter Reset" address="c55ba" />
  <table name="Tip-in Enrichment Disable Throttle Cumulative Threshold A (ECT)" address="c7a18">
    <table name="Y" address="c7a10" elements="2" />
  </table>
  <table name="Tip-in Enrichment Disable Throttle Cumulative Threshold B (ECT)" address="c7a24">
    <table name="Y" address="c7a1c" elements="2" />
  </table>
  <table name="Tip-in Throttle Cumulative Reset" address="c55bb" />
  <table name="A/F Learning #1 Limits" address="c594c" />
  <table name="A/F Learning #1 Airflow Ranges" address="c5958" />
  <table name="MAF Sensor Scaling" address="cd278">
    <table name="Y" address="cd1b8" elements="48" />
  </table>
  <table name="MAF Compensation A (IAT)" address="c37cc">
    <table name="X" address="c3798" />
    <table name="Y" address="c37ac" />
  </table>
  <table name="MAF Compensation B (IAT)" address="c3828">
    <table name="X" address="c37f4" />
    <table name="Y" address="c3808" />
  </table>
  <table name="Engine Load Limit (Maximum)" address="234a4" />
  <table name="Engine Load Compensation A (MP)" address="c3474">
    <table name="X" address="c3418" />
    <table name="Y" address="c3444" />
  </table>
  <table name="Engine Load Compensation B (MP)" address="c3554">
    <table name="X" address="c34f8" />
    <table name="Y" address="c3524" />
  </table>
  <table name="Engine Load Compensation A (Throttle)" address="c3634">
    <table name="X" address="c35d8" />
    <table name="Y" address="c3604" />
  </table>
  <table name="Engine Load Compensation B (Throttle)" address="c3714">
    <table name="X" address="c36b8" />
    <table name="Y" address="c36e4" />
  </table>
  <table name="Base Timing A" address="ca3f8">
    <table name="X" address="ca374" elements="14" />
    <table name="Y" address="ca3ac" elements="19" />
  </table>
  <table name="Base Timing B" address="ca502">
    <table name="X" address="c94f0" elements="14" />
    <table name="Y" address="c9528" elements="19" />
  </table>
  <table name="Base Timing C" address="ca60c">
    <table name="X" address="c94f0" elements="14" />
    <table name="Y" address="c9528" elements="19" />
  </table>
  <table name="Base Timing Idle A (In-Gear)(Above Speed Threshold)" address="c97bd">
    <table name="Y" address="c94cc" />
  </table>
  <table name="Base Timing Idle B (In-Gear)(Above Speed Threshold)" address="c97cf">
    <table name="Y" address="c94cc" />
  </table>
  <table name="Base Timing Idle A (In-Gear)(Below Speed Threshold)" address="c97e1">
    <table name="Y" address="c94cc" />
  </table>
  <table name="Base Timing Idle B (In-Gear)(Below Speed Threshold)" address="c97f3">
    <table name="Y" address="c94cc" />
  </table>
  <table name="Base Timing Idle A (Neutral)_" address="c9805">
    <table name="Y" address="c94cc" />
  </table>
  <table name="Base Timing Idle B (Neutral)_" address="c9817">
    <table name="Y" address="c94cc" />
  </table>
  <table name="Base Timing Idle Vehicle Speed Threshold" address="c91cc" />
  <table name="Knock Correction Advance Max" address="ca96c">
    <table name="X" address="ca8d8" elements="14" />
    <table name="Y" address="ca910" elements="23" />
  </table>
  <table name="Timing Compensation (IAT)" address="c993c">
    <table name="Y" address="c98fc" />
  </table>
  <table name="Timing Comp Min Load (IAT)" address="c921c" />
  <table name="Timing Compensation A (ECT)" address="c98b9">
    <table name="Y" address="c9594" />
  </table>
  <table name="Timing Compensation B (ECT)" address="c98c9">
    <table name="Y" address="c9594" />
  </table>
  <table name="Timing Compensation C (ECT)" address="c98d9">
    <table name="Y" address="c9594" />
  </table>
  <table name="Timing Compensation D (ECT)" address="c98e9">
    <table name="Y" address="c9594" />
  </table>
  <table name="Timing Compensation Per Cylinder A__" address="ca08c">
    <table name="Y" address="ca084" elements="2" />
  </table>
  <table name="Timing Compensation Per Cylinder B__" address="ca098">
    <table name="Y" address="ca090" elements="2" />
  </table>
  <table name="Timing Compensation Per Cylinder C__" address="ca0a4">
    <table name="Y" address="ca09c" elements="2" />
  </table>
  <table name="Timing Compensation Per Cylinder D__" address="ca0b0">
    <table name="Y" address="ca0a8" elements="2" />
  </table>
  <table name="Timing Comp Minimum Load (Per Cylinder)" address="c94b8" />
  <table name="Timing Comp Maximum RPM (Per Cylinder)" address="c94b4" />
  <table name="Timing Comp Minimum Coolant Temp (Per Cylinder)" address="c94bc" />
  <table name="Requested Torque (Accelerator Pedal)" address="cc730">
    <table name="X" address="cc700" elements="10" />
    <table name="Y" address="cc728" elements="2" />
  </table>
  <table name="Target Throttle Plate Position A (Requested Torque)" address="cc614">
    <table name="X" address="cc5e0" elements="11" />
    <table name="Y" address="cc60c" elements="2" />
  </table>
  <table name="Target Throttle Plate Position B (Requested Torque)" address="cc674">
    <table name="X" address="cc640" elements="11" />
    <table name="Y" address="cc66c" elements="2" />
  </table>
  <table name="Target Throttle Plate Position C (Requested Torque)" address="cc6d4">
    <table name="X" address="cc6a0" elements="11" />
    <table name="Y" address="cc6cc" elements="2" />
  </table>
  <table name="Target Throttle Plate Position Maximum (Requested Torque)" address="cc5b4">
    <table name="X" address="cc580" elements="11" />
    <table name="Y" address="cc5ac" elements="2" />
  </table>
  <table name="Rev Limit (Fuel Cut)" address="c5c6c" />
  <table name="Speed Limiting Enable (Fuel Cut)" address="c5cb4" />
  <table name="Speed Limiting Disable (Fuel Cut)" address="c5cbc" />
  <table name="Intake Temp Sensor Scaling" address="80094">
    <table name="Y" address="8001c" />
  </table>
  <table name="Coolant Temp Sensor Scaling" address="cd0c8">
    <table name="Y" address="cd058" />
  </table>
  <table name="Radiator Fan Modes A (ECT)" address="cd9bc" />
  <table name="Radiator Fan Modes B (ECT)" address="cd9fc" />
  <table name="Radiator Fan Modes C (ECT)" address="cda0c" />
  <table name="Radiator Fan Modes (Veh. Speed)" address="cd9cc" />
  <table name="Idle Speed Target A" address="cb740">
    <table name="Y" address="cb134" />
  </table>
  <table name="Idle Speed Target B" address="cb780">
    <table name="Y" address="cb134" />
  </table>
  <table name="Idle Speed Target C" address="cb7c0">
    <table name="Y" address="cb134" />
  </table>
  <table name="Idle Speed Target D" address="cb800">
    <table name="Y" address="cb134" />
  </table>
  <table name="Idle Speed Target E" address="cb834">
    <table name="Y" address="cb82c" elements="2" />
  </table>
  <table name="Idle Speed Target F" address="cb84c">
    <table name="Y" address="cb844" elements="2" />
  </table>
  <table name="Force Pass Readiness Monitors" address="6b9ba" />
  <table name="(P0000) PASS CODE (NO DTC DETECTED)" address="7a1a9" />
  <table name="(P0000) PASS CODE (NO DTC DETECTED)_" address="7a1aa" />
  <table name="(P0031) FRONT O2 SENSOR LOW INPUT" address="7a1b8" />
  <table name="(P0032) FRONT O2 SENSOR HIGH INPUT" address="7a1b6" />
  <table name="(P0037) REAR O2 SENSOR LOW INPUT" address="7a1b7" />
  <table name="(P0038) REAR O2 SENSOR HIGH INPUT" address="7a1b5" />
  <table name="(P0102) MAF SENSOR LOW INPUT" address="7a165" />
  <table name="(P0103) MAF SENSOR HIGH INPUT" address="7a166" />
  <table name="(P0107) MAP SENSOR LOW INPUT" address="7a1b9" />
  <table name="(P0108) MAP SENSOR HIGH INPUT" address="7a1ba" />
  <table name="(P0112) IAT SENSOR LOW INPUT" address="7a1b2" />
  <table name="(P0113) IAT SENSOR HIGH INPUT" address="7a1b3" />
  <table name="(P0117) COOLANT TEMP SENSOR LOW INPUT" address="7a16e" />
  <table name="(P0118) COOLANT TEMP SENSOR HIGH INPUT" address="7a16f" />
  <table name="(P0122) TPS A LOW INPUT" address="7a16c" />
  <table name="(P0123) TPS A HIGH INPUT" address="7a16d" />
  <table name="(P0131) FRONT O2 SENSOR LOW INPUT" address="7a1ac" />
  <table name="(P0132) FRONT O2 SENSOR HIGH INPUT" address="7a1ae" />
  <table name="(P0134) FRONT O2 SENSOR NO ACTIVITY" address="7a1d5" />
  <table name="(P0140) REAR O2 SENSOR NO ACTIVITY" address="7a223" />
  <table name="(P0171) SYSTEM TOO LEAN" address="7a1a0" />
  <table name="(P0172) SYSTEM TOO RICH" address="7a1a1" />
  <table name="(P0222) TPS B LOW INPUT" address="7a1df" />
  <table name="(P0223) TPS B HIGH INPUT" address="7a1e0" />
  <table name="(P0301) MISFIRE CYLINDER 1" address="7a1a2" />
  <table name="(P0302) MISFIRE CYLINDER 2" address="7a1a3" />
  <table name="(P0303) MISFIRE CYLINDER 3" address="7a1a4" />
  <table name="(P0304) MISFIRE CYLINDER 4" address="7a1a5" />
  <table name="(P0327) KNOCK SENSOR 1 LOW INPUT" address="7a16a" />
  <table name="(P0328) KNOCK SENSOR 1 HIGH INPUT" address="7a16b" />
  <table name="(P0335) CRANKSHAFT POS. SENSOR A MALFUNCTION" address="7a160" />
  <table name="(P0340) CAMSHAFT POS. SENSOR A MALFUNCTION" address="7a163" />
  <table name="(P0400) EGR FLOW" address="7a19f" />
  <table name="(P0458) EVAP PURGE VALVE CIRCUIT LOW" address="7a191" />
  <table name="(P0459) EVAP PURGE VALVE CIRCUIT HIGH" address="7a192" />
  <table name="(P0462) FUEL LEVEL SENSOR LOW INPUT" address="7a172" />
  <table name="(P0463) FUEL LEVEL SENSOR HIGH INPUT" address="7a173" />
  <table name="(P0500) VEHICLE SPEED SENSOR A" address="7a167" />
  <table name="(P0512) STARTER REQUEST CIRCUIT" address="7a177" />
  <table name="(P0519) IDLE CONTROL MALFUNCTION (FAIL-SAFE)" address="7a1d2" />
  <table name="(P0562) SYSTEM VOLTAGE LOW" address="7a1c2" />
  <table name="(P0563) SYSTEM VOLTAGE HIGH" address="7a1c3" />
  <table name="(P0600) SERIAL COMMUNICATION LINK" address="7a1ef" />
  <table name="(P0604) CONTROL MODULE RAM ERROR" address="7a164" />
  <table name="(P0605) CONTROL MODULE ROM ERROR" address="7a1f4" />
  <table name="(P0607) CONTROL MODULE PERFORMANCE" address="7a1e7" />
  <table name="(P0638) THROTTLE ACTUATOR RANGE/PERF" address="7a1e6" />
  <table name="(P0700) TRANSMISSION CONTROL SYSTEM" address="7a200" />
  <table name="(P0851) NEUTRAL SWITCH INPUT LOW" address="7a17b" />
  <table name="(P0852) NEUTRAL SWITCH INPUT HIGH" address="7a17f" />
  <table name="(P1160) ABNORMAL RETURN SPRING" address="7a1e1" />
  <table name="(P1492) EGR SOLENOID SIGNAL 1 MALFUNCTION (LOW)" address="7a180" />
  <table name="(P1493) EGR SOLENOID SIGNAL 1 MALFUNCTION (HIGH)" address="7a181" />
  <table name="(P1494) EGR SOLENOID SIGNAL 2 MALFUNCTION (LOW)" address="7a182" />
  <table name="(P1495) EGR SOLENOID SIGNAL 2 MALFUNCTION (HIGH)" address="7a183" />
  <table name="(P1496) EGR SIGNAL 3 CIRCUIT LOW" address="7a184" />
  <table name="(P1497) EGR SOLENOID SIGNAL 3 MALFUNCTION (HIGH)" address="7a185" />
  <table name="(P1498) EGR SIGNAL 4 CIRCUIT LOW" address="7a186" />
  <table name="(P1499) EGR SIGNAL 4 CIRCUIT HIGH" address="7a187" />
  <table name="(P1519) IMRC STUCK CLOSED" address="7a233" />
  <table name="(P1520) IMRC CIRCUIT MALFUNCTION" address="7a232" />
  <table name="(P1560) BACK-UP VOLTAGE MALFUNCTION" address="7a1c1" />
  <table name="(P1616) SBDS INTERACTIVE CODES" address="7a231" />
  <table name="(P2008) TGV - INTAKE MANIFOLD RUNNER 1 CIRCUIT OPEN" address="7a219" />
  <table name="(P2009) TGV - INTAKE MANIFOLD RUNNER 1 CIRCUIT LOW" address="7a217" />
  <table name="(P2011) TGV - INTAKE MANIFOLD RUNNER 2 CIRCUIT OPEN" address="7a21a" />
  <table name="(P2012) TGV - INTAKE MANIFOLD RUNNER 2 CIRCUIT LOW" address="7a218" />
  <table name="(P2101) THROTTLE ACTUATOR CIRCUIT RANGE/PERF" address="7a1e4" />
  <table name="(P2102) THROTTLE ACTUATOR CIRCUIT LOW" address="7a1e2" />
  <table name="(P2103) THROTTLE ACTUATOR CIRCUIT HIGH" address="7a1e3" />
  <table name="(P2109) TPS A MINIMUM STOP PERF" address="7a1de" />
  <table name="(P2122) TPS D CIRCUIT LOW INPUT" address="7a1eb" />
  <table name="(P2123) TPS D CIRCUIT HIGH INPUT" address="7a1ec" />
  <table name="(P2127) TPS E CIRCUIT LOW INPUT" address="7a1e9" />
  <table name="(P2128) TPS E CIRCUIT HIGH INPUT" address="7a1ea" />
  <table name="(P2135) TPS A/B VOLTAGE" address="7a1ed" />
  <table name="(P2138) TPS D/E VOLTAGE" address="7a1e8" />
</rom>