<rom>
  <romid>
    <xmlid>AZ1H101W</xmlid>
    <internalidaddress>2004</internalidaddress>
    <internalidstring>AZ1H101W</internalidstring>
    <ecuid>6304504007</ecuid>
    <year>08</year>
    <market>JDM</market>
    <make>Subaru</make>
    <model>Impreza</model>
    <submodel>SGT</submodel>
    <transmission>AT</transmission>
    <memmodel>SH7058</memmodel>
    <flashmethod>subarucan</flashmethod>
    <checksummodule>subarudbw</checksummodule>
  </romid>
  <include>32BITBASE</include>
  <table name="Target Boost_" address="c1290">
    <table name="X" address="c1228" />
    <table name="Y" address="c1254" />
  </table>
  <table name="Target Boost Compensation (ECT)" address="c0bb0">
    <table name="Y" address="c0ad0" />
  </table>
  <table name="Target Boost Compensation (1st Gear)" address="c0ac8" />
  <table name="Target Boost Compensation (1st Gear) Speed Disable" address="c0ac4" />
  <table name="Target Boost Compensation (IAT)_" address="c0cf8">
    <table name="Y" address="c0ce0" />
  </table>
  <table name="Target Boost Compensation (Atm. Pressure)_" address="c0d8c">
    <table name="X" address="c0d5c" />
    <table name="Y" address="c0d74" />
  </table>
  <table name="Boost Limit (Fuel Cut)_" address="cd704">
    <table name="X" address="cd6c0" />
    <table name="Y" address="cd6d8" elements="11" />
  </table>
  <table name="Boost Control Disable (IAM)" address="c0ab8" />
  <table name="Boost Control Disable (Fine Correction)" address="c0ab4" />
  <table name="Boost Control Disable Delay (Fine Correction)" address="c0a69" />
  <table name="Initial Wastegate Duty_" address="c1064">
    <table name="X" address="c0fec" elements="15" />
    <table name="Y" address="c1028" elements="15" />
  </table>
  <table name="Max Wastegate Duty_" address="c0e28">
    <table name="X" address="c0db0" elements="15" />
    <table name="Y" address="c0dec" elements="15" />
  </table>
  <table name="Max Wastegate Duty Limit Post-Compensation" address="15b4c" />
  <table name="Initial/Max Wastegate Duty Compensation (IAT)" address="c0b50">
    <table name="Y" address="c0b10" />
  </table>
  <table name="Initial/Max Wastegate Duty Compensation (ECT)" address="c0b70">
    <table name="Y" address="c0ad0" />
  </table>
  <table name="Initial/Max Wastegate Duty Compensation (Atm. Pressure)" address="c0d3c">
    <table name="X" address="c0d10" />
    <table name="Y" address="c0d28" elements="5" />
  </table>
  <table name="Turbo Dynamics Proportional" address="c0be4">
    <table name="Y" address="c0bc0" />
  </table>
  <table name="Turbo Dynamics Integral Positive" address="c0c54">
    <table name="Y" address="c0c30" />
  </table>
  <table name="Turbo Dynamics Integral Negative" address="c0c1c">
    <table name="Y" address="c0bf8" />
  </table>
  <table name="TD Proportional Compensation (IAT)" address="c0b80">
    <table name="Y" address="c0b10" elements="16" />
  </table>
  <table name="TD Integral Positive Compensation (IAT)" address="c0ba0">
    <table name="Y" address="c0b10" elements="16" />
  </table>
  <table name="TD Integral Negative Compensation (IAT)" address="c0b90">
    <table name="Y" address="c0b10" elements="16" />
  </table>
  <table name="TD Activation Thresholds (RPM)" address="c0aa4" />
  <table name="TD Activation Thresholds (Target Boost)_" address="c0a90" />
  <table name="TD Integral Cumulative Range (WGDC Correction)" address="c0aac" />
  <table name="TD Integral Negative Activation (Boost Error)" address="c0a98" />
  <table name="TD Integral Positive Activation (Boost Error)" address="c0a9c" />
  <table name="TD Integral Negative Activation (Wastegate Duty)" address="c0aa0" />
  <table name="Manifold Pressure Sensor Scaling_" address="d3cb8" />
  <table name="Manifold Pressure Sensor Limits (CEL)" address="d3c84" />
  <table name="Manifold Pressure Sensor CEL Delays" address="c3df2" />
  <table name="Primary Open Loop Fueling Base" address="cb0ac">
    <table name="X" address="cb024" />
    <table name="Y" address="cb064" />
  </table>
  <table name="Primary Open Loop Fueling Additive" address="cb3fc">
    <table name="X" address="cb374" />
    <table name="Y" address="cb3b4" />
  </table>
  <table name="Minimum Active Primary Open Loop Enrichment" address="c7790" />
  <table name="Minimum Primary Open Loop Enrichment (Throttle)" address="c833c">
    <table name="Y" address="c8320" elements="7" />
  </table>
  <table name="Minimum Primary Open Loop Enrichment (Accelerator)" address="c8360">
    <table name="Y" address="c8344" elements="7" />
  </table>
  <table name="Primary Open Loop Fueling Compensation (ECT)" address="c9c64">
    <table name="Y" address="c7bbc" />
  </table>
  <table name="Front Oxygen Sensor Scaling" address="d4134">
    <table name="Y" address="d4100" />
  </table>
  <table name="Front Oxygen Sensor Rich Limit" address="23c28" />
  <table name="Front Oxygen Sensor Compensation (Atm. Pressure)" address="c3210">
    <table name="Y" address="c3200" />
  </table>
  <table name="CL Fueling Target Compensation A (Load)" address="cc958">
    <table name="X" address="cc900" />
    <table name="Y" address="cc92c" elements="11" />
  </table>
  <table name="CL Fueling Target Compensation B (Load)" address="ccbf0">
    <table name="X" address="ccb98" />
    <table name="Y" address="ccbc4" />
  </table>
  <table name="CL Fueling Target Compensation Imm. Cruise (ECT)" address="cc6e8">
    <table name="X" address="c7bbc" />
    <table name="Y" address="cc6dc" />
  </table>
  <table name="CL Fueling Target Compensation Imm. Non-Cruise (ECT)" address="cc754">
    <table name="X" address="c7bbc" />
    <table name="Y" address="cc748" />
  </table>
  <table name="CL to OL Delay" address="c7296">
    <table name="Y" elements="2" />
  </table>
  <table name="CL to OL Delay/Switch SI-DRIVE Intelligent" address="c7294" />
  <table name="CL to OL Transition with Delay (Throttle)" address="c8310">
    <table name="Y" address="c82d0" />
  </table>
  <table name="CL to OL Transition with Delay Throttle Hysteresis" address="c7798" />
  <table name="CL to OL Transition with Delay (Base Pulse Width)" address="c9b90">
    <table name="Y" address="c9b50" />
  </table>
  <table name="CL to OL Transition with Delay BPW Hysteresis" address="c7794" />
  <table name="CL to OL Transition Counter Step Value (MAF)" address="c9bd8">
    <table name="Y" address="c9bb0" />
  </table>
  <table name="CL Delay Maximum (Vehicle Speed)" address="c7814" />
  <table name="CL Delay Minimum (ECT)" address="c779c" />
  <table name="CL Delay Maximum (Engine Load)" address="c7824" />
  <table name="CL Delay Engine Load Counter Threshold" address="c7292" />
  <table name="CL Delay Maximum Engine Speed (Per Gear)" address="c77d0" />
  <table name="CL Delay Maximum Engine Speed (Neutral)" address="c77c8" />
  <table name="CL Delay Throttle Atm. Pressure Thresholds" address="c77fc" />
  <table name="CL Delay Maximum (Throttle) (Low Atm. Pressure)" address="c7804" />
  <table name="CL Delay Maximum (Throttle) (High Atm. Pressure)" address="c780c" />
  <table name="Injector Latency_" address="cc314">
    <table name="X" address="cc2f4" />
    <table name="Y" address="cc308" />
  </table>
  <table name="Injector Flow Scaling" address="c7460" />
  <table name="Per Injector Pulse Width Compensation A" address="cbac8">
    <table name="X" address="cba40" />
    <table name="Y" address="cba84" elements="17" />
  </table>
  <table name="Per Injector Pulse Width Compensation B" address="cbc74">
    <table name="X" address="cbbec" />
    <table name="Y" address="cbc30" elements="17" />
  </table>
  <table name="Per Injector Pulse Width Compensation C" address="cbe20">
    <table name="X" address="cbd98" />
    <table name="Y" address="cbddc" elements="17" />
  </table>
  <table name="Per Injector Pulse Width Compensation D" address="cbfcc">
    <table name="X" address="cbf44" />
    <table name="Y" address="cbf88" elements="17" />
  </table>
  <table name="Cranking Fuel Injector Pulse Width A (ECT)" address="c8886">
    <table name="Y" address="c7bbc" />
  </table>
  <table name="Cranking Fuel Injector Pulse Width B (ECT)" address="c88a6">
    <table name="Y" address="c7bbc" />
  </table>
  <table name="Cranking Fuel Injector Pulse Width C (ECT)" address="c88c6">
    <table name="Y" address="c7bbc" />
  </table>
  <table name="Cranking Fuel Injector Pulse Width D (ECT)" address="c88e6">
    <table name="Y" address="c7bbc" />
  </table>
  <table name="Cranking Fuel Injector Pulse Width E (ECT)" address="c8906">
    <table name="Y" address="c7bbc" />
  </table>
  <table name="Cranking Fuel Injector Pulse Width F (ECT)" address="c8926">
    <table name="Y" address="c7bbc" />
  </table>
  <table name="Cranking Fuel IPW Compensation Imm. Cruise (RPM)" address="ca9e4">
    <table name="X" address="ca9b4" />
    <table name="Y" address="ca9c8" />
  </table>
  <table name="Cranking Fuel IPW Compensation Imm. Non-Cruise (RPM)" address="ca990">
    <table name="X" address="ca960" />
    <table name="Y" address="ca974" />
  </table>
  <table name="Cranking Fuel IPW Compensation (MAP)" address="c7e00">
    <table name="Y" address="c7dd8" />
  </table>
  <table name="Cranking Fuel IPW Compensation (Accelerator)" address="c7e34">
    <table name="Y" address="c7e0c" elements="10" />
  </table>
  <table name="Cranking Fuel IPW Compensation (IAT)" address="c7e54">
    <table name="Y" address="c7e40" />
  </table>
  <table name="Throttle Tip-in Enrichment A" address="ca0e8">
    <table name="Y" address="ca0a0" />
  </table>
  <table name="Throttle Tip-in Enrichment B" address="ca154">
    <table name="Y" address="ca10c" />
  </table>
  <table name="Minimum Tip-in Enrichment Activation" address="c7ab4" />
  <table name="Minimum Tip-in Enrichment Activation (Throttle)" address="c7ab0" />
  <table name="Tip-in Enrichment Compensation (Boost Error)" address="c86ec">
    <table name="Y" address="c86c8" />
  </table>
  <table name="Tip-in Enrichment Compensation (RPM)" address="c86b8">
    <table name="Y" address="c8678" elements="16" />
  </table>
  <table name="Tip-in Enrichment Compensation A (ECT)" address="c86f5">
    <table name="Y" address="c7bbc" />
  </table>
  <table name="Tip-in Enrichment Compensation B (ECT)" address="ca178">
    <table name="Y" address="c7bbc" />
  </table>
  <table name="Tip-in Enrichment Compensation C (ECT)" address="ca198">
    <table name="Y" address="c7bbc" />
  </table>
  <table name="Tip-in Enrichment Compensation D (ECT)" address="ca1d8">
    <table name="Y" address="c7bfc" />
  </table>
  <table name="Tip-in Enrichment Compensation D (ECT) Activation" address="c7ab8" />
  <table name="Tip-in Enrichment Disable Applied Counter Threshold A (ECT)" address="c8705">
    <table name="Y" address="c7bbc" />
  </table>
  <table name="Tip-in Enrichment Disable Applied Counter Threshold B (ECT)" address="c8715">
    <table name="Y" address="c7bbc" />
  </table>
  <table name="Tip-in Enrichment Applied Counter Reset" address="c7245" />
  <table name="Tip-in Enrichment Disable Throttle Cumulative Threshold A (ECT)" address="ca1f8">
    <table name="Y" address="c7bbc" />
  </table>
  <table name="Tip-in Enrichment Disable Throttle Cumulative Threshold B (ECT)" address="ca218">
    <table name="Y" address="c7bbc" />
  </table>
  <table name="Tip-in Throttle Cumulative Reset" address="c7246" />
  <table name="Min Primary Base Enrichment 1 Cruise" address="cacc0">
    <table name="X" address="c7bbc" />
    <table name="Y" address="caca0" />
  </table>
  <table name="Min Primary Base Enrichment 1 Non-Cruise" address="cac20">
    <table name="X" address="c7bbc" />
    <table name="Y" address="cac00" />
  </table>
  <table name="Min Primary Base Enrichment 1 (Non-Primary OL)_" address="c7eb9">
    <table name="Y" address="c7bbc" />
  </table>
  <table name="A/F Learning #1 Limits" address="c768c" />
  <table name="A/F Learning #1 Airflow Ranges" address="c769c" />
  <table name="MAF Limit (Maximum)" address="c2d80" />
  <table name="MAF Sensor Scaling" address="d4028">
    <table name="Y" address="d3f50" />
  </table>
  <table name="MAF Compensation (IAT)" address="c34f4">
    <table name="X" address="c34c0" />
    <table name="Y" address="c34d4" />
  </table>
  <table name="Engine Load Limit A (Maximum)" address="224c8" />
  <table name="Engine Load Limit B Maximum (RPM)" address="c3110">
    <table name="Y" address="c3108" />
  </table>
  <table name="Engine Load Compensation Cruise (MP)" address="c3584">
    <table name="X" address="c351c" elements="12" />
    <table name="Y" address="c354c" elements="14" />
  </table>
  <table name="Engine Load Compensation Non-Cruise (MP)" address="c3694">
    <table name="X" address="c362c" elements="12" />
    <table name="Y" address="c365c" elements="14" />
  </table>
  <table name="Base Timing Primary Cruise" address="cfe2c">
    <table name="X" address="cfd8c" elements="22" />
    <table name="Y" address="cfde4" />
  </table>
  <table name="Base Timing Reference Cruise (AVCS related)" address="d0284">
    <table name="X" address="d01e4" elements="22" />
    <table name="Y" address="d023c" />
  </table>
  <table name="Base Timing Primary Non-Cruise" address="d0058">
    <table name="X" address="cffb8" elements="22" />
    <table name="Y" address="d0010" />
  </table>
  <table name="Base Timing Reference Non-Cruise (AVCS related)" address="d04b0">
    <table name="X" address="d0410" elements="22" />
    <table name="Y" address="d0468" />
  </table>
  <table name="Base Timing Idle A (In-Gear)" address="ce33e">
    <table name="Y" address="ce0e8" />
  </table>
  <table name="Base Timing Idle B (In-Gear)" address="ce34e">
    <table name="Y" address="ce0e8" />
  </table>
  <table name="Base Timing Idle A (Neutral)" address="ce35e">
    <table name="Y" address="ce0e8" />
  </table>
  <table name="Base Timing Idle B (Neutral)" address="ce36e">
    <table name="Y" address="ce0e8" />
  </table>
  <table name="Base Timing Idle Minimum" address="ce335">
    <table name="Y" address="ce168" />
  </table>
  <table name="Base Timing Idle Minimum Vehicle Speed Enable" address="cdee4" />
  <table name="Knock Correction Advance Max Cruise" address="cf960">
    <table name="X" address="cf8c0" elements="22" />
    <table name="Y" address="cf918" />
  </table>
  <table name="Knock Correction Advance Max Non-Cruise" address="cfb8c">
    <table name="X" address="cfaec" elements="22" />
    <table name="Y" address="cfb44" />
  </table>
  <table name="Timing Compensation A (IAT)" address="ce420">
    <table name="Y" address="ce3e0" />
  </table>
  <table name="Timing Compensation A (IAT) Activation" address="d067c">
    <table name="X" address="d063c" />
    <table name="Y" address="d065c" />
  </table>
  <table name="Timing Compensation B (IAT)" address="ceba4">
    <table name="Y" address="ceb64" />
  </table>
  <table name="Timing Compensation B (IAT) IAM Activation" address="ce0e4" />
  <table name="Timing Compensation B (IAT) Max Additive" address="ce0c8" />
  <table name="Timing Compensation Imm. Cruise A (ECT)" address="ce3be">
    <table name="Y" address="ce0e8" />
  </table>
  <table name="Timing Compensation Imm. Cruise B (ECT)" address="ce3ce">
    <table name="Y" address="ce0e8" />
  </table>
  <table name="Timing Compensation Imm. Non-Cruise A (ECT)" address="ce39e">
    <table name="Y" address="ce0e8" />
  </table>
  <table name="Timing Compensation Imm. Non-Cruise B (ECT)" address="ce3ae">
    <table name="Y" address="ce0e8" />
  </table>
  <table name="Timing Compensation Per Cylinder A" address="cf6c0">
    <table name="X" address="cf678" />
    <table name="Y" address="cf6b0" />
  </table>
  <table name="Timing Compensation Per Cylinder B" address="cf740">
    <table name="X" address="cf6f8" />
    <table name="Y" address="cf730" />
  </table>
  <table name="Timing Compensation Per Cylinder C" address="cf7c0">
    <table name="X" address="cf778" />
    <table name="Y" address="cf7b0" />
  </table>
  <table name="Timing Compensation Per Cylinder D" address="cf844">
    <table name="X" address="cf7f8" />
    <table name="Y" address="cf830" elements="5" />
  </table>
  <table name="Timing Comp Minimum Load (Per Cylinder)" address="cdc04" />
  <table name="Timing Comp Maximum RPM (Per Cylinder)" address="cdc00" />
  <table name="Timing Comp Minimum Coolant Temp (Per Cylinder)" address="cdc08" />
  <table name="Feedback Correction Range (RPM)" address="cdc14" />
  <table name="Feedback Correction Minimum Load" address="cdc0c" />
  <table name="Feedback Correction Retard Value" address="cdc34" />
  <table name="Feedback Correction Retard Limit" address="cdc30" />
  <table name="Feedback Correction Negative Advance Value" address="cdc38" />
  <table name="Feedback Correction Negative Advance Delay" address="cdb74" />
  <table name="Extended Feedback Correction High RPM Compensation" address="cdc40" />
  <table name="Fine Correction Range (RPM)" address="cdddc" />
  <table name="Fine Correction Range (Load)" address="cddec" />
  <table name="Fine Correction Rows (RPM)" address="cdd7c" />
  <table name="Fine Correction Columns (Load)" address="cdd98" />
  <table name="Fine Correction Retard Value A" address="cddc0" />
  <table name="Fine Correction Retard Value B" address="cddd4" />
  <table name="Fine Correction Retard Limit" address="cddbc" />
  <table name="Fine Correction Advance Value" address="cddb8" />
  <table name="Fine Correction Advance Limit" address="cddb4" />
  <table name="Fine Correction Advance Delay" address="cdb84" />
  <table name="Rough Correction Range (RPM)" address="cdd24" />
  <table name="Rough Correction Range (Load)" address="cdd34" />
  <table name="Rough Correction Minimum KC Advance Map Value" address="cdd44" />
  <table name="Rough Correction Learning Delay (Increasing)_" address="cec94">
    <table name="Y" address="cec6c" />
  </table>
  <table name="Advance Multiplier (Initial)" address="cdd48" />
  <table name="Advance Multiplier Step Value" address="cdd4c" />
  <table name="Intake Cam Advance Angle Cruise (AVCS)" address="d5c64">
    <table name="X" address="d5be8" elements="15" />
    <table name="Y" address="d5c24" elements="16" />
  </table>
  <table name="Intake Cam Advance Angle Non-Cruise (AVCS)" address="d5ec0">
    <table name="X" address="d5e44" elements="15" />
    <table name="Y" address="d5e80" elements="16" />
  </table>
  <table name="Requested Torque A (Accelerator Pedal) SI-DRIVE Sport" address="dd350">
    <table name="X" address="dd2b0" elements="20" />
    <table name="Y" address="dd300" elements="20" />
  </table>
  <table name="Requested Torque B (Accelerator Pedal) SI-DRIVE Sport" address="dde90">
    <table name="X" address="dddf0" elements="20" />
    <table name="Y" address="dde40" elements="20" />
  </table>
  <table name="Requested Torque A (Accelerator Pedal) SI-DRIVE Sport Sharp" address="dd710">
    <table name="X" address="dd670" elements="20" />
    <table name="Y" address="dd6c0" elements="20" />
  </table>
  <table name="Requested Torque B (Accelerator Pedal) SI-DRIVE Sport Sharp" address="de250">
    <table name="X" address="de1b0" elements="20" />
    <table name="Y" address="de200" elements="20" />
  </table>
  <table name="Requested Torque A (Accelerator Pedal) SI-DRIVE Intelligent" address="ddad0">
    <table name="X" address="dda30" elements="20" />
    <table name="Y" address="dda80" elements="20" />
  </table>
  <table name="Requested Torque B (Accelerator Pedal) SI-DRIVE Intelligent" address="de610">
    <table name="X" address="de570" elements="20" />
    <table name="Y" address="de5c0" elements="20" />
  </table>
  <table name="Requested Torque Base (RPM)" address="dc7e0">
    <table name="Y" address="dc7a0" />
  </table>
  <table name="Target Throttle Plate Position Cruise (Requested Torque Ratio)" address="dcc7c">
    <table name="X" address="dcc10" elements="11" />
    <table name="Y" address="dcc3c" />
  </table>
  <table name="Target Throttle Plate Position Non-Cruise (Requested Torque Ratio)" address="dce48">
    <table name="X" address="dcddc" elements="11" />
    <table name="Y" address="dce08" />
  </table>
  <table name="Target Throttle Plate Position Maximum (Requested Torque Ratio)" address="dd014">
    <table name="X" address="dcfa8" elements="11" />
    <table name="Y" address="dcfd4" />
  </table>
  <table name="Rev Limit (Fuel Cut)" address="c7b10" />
  <table name="Rev Limit Fuel Resume (Boost)" address="c7b18" />
  <table name="Speed Limiting Enable (Fuel Cut)" address="c7b5c" />
  <table name="Speed Limiting Disable (Fuel Cut)" address="c7b64" />
  <table name="Speed Limiting A (Throttle) SI-DRIVE Sport/Sport Sharp" address="dc63c" />
  <table name="Speed Limiting B (Throttle) SI-DRIVE Sport/Sport Sharp" address="dc654" />
  <table name="Speed Limiting (Throttle) SI-DRIVE Intelligent" address="dc648" />
  <table name="Intake Temp Sensor Scaling" address="d3e58">
    <table name="Y" address="d3de0" />
  </table>
  <table name="Coolant Temp Sensor Scaling" address="d3d70">
    <table name="Y" address="d3d00" />
  </table>
  <table name="Radiator Fan Modes A (ECT)" address="d43f8" />
  <table name="Radiator Fan Modes B (ECT)" address="d4408" />
  <table name="Radiator Fan Modes (Veh. Speed)" address="d4418" />
  <table name="Idle Speed Target A" address="d2162">
    <table name="Y" address="d1acc" />
  </table>
  <table name="Idle Speed Target B" address="d21a2">
    <table name="Y" address="d1acc" />
  </table>
  <table name="Idle Speed Target C" address="d21e2">
    <table name="Y" address="d1acc" />
  </table>
  <table name="Idle Speed Target D" address="d2202">
    <table name="Y" address="d1acc" />
  </table>
  <table name="Force Pass Readiness Monitors_" address="82e60" />
  <table name="(P0000) PASS CODE (NO DTC DETECTED)" address="7819d" />
  <table name="(P0000) PASS CODE (NO DTC DETECTED)_" address="7819e" />
  <table name="(P0011) CAMSHAFT POS. - TIMING OVER-ADVANCED 1" address="78181" />
  <table name="(P0016) CRANKSHAFT/CAMSHAFT CORRELATION 1A" address="78212" />
  <table name="(P0018) CRANKSHAFT/CAMSHAFT CORRELATION 2A" address="78211" />
  <table name="(P0021) CAMSHAFT POS. - TIMING OVER-ADVANCED 2" address="78182" />
  <table name="(P0031) FRONT O2 SENSOR LOW INPUT" address="781ac" />
  <table name="(P0032) FRONT O2 SENSOR HIGH INPUT" address="781aa" />
  <table name="(P0037) REAR O2 SENSOR LOW INPUT" address="781ab" />
  <table name="(P0038) REAR O2 SENSOR HIGH INPUT" address="781a9" />
  <table name="(P0102) MAF SENSOR LOW INPUT" address="7815d" />
  <table name="(P0103) MAF SENSOR HIGH INPUT" address="7815e" />
  <table name="(P0107) MAP SENSOR LOW INPUT" address="781ad" />
  <table name="(P0108) MAP SENSOR HIGH INPUT" address="781ae" />
  <table name="(P0112) IAT SENSOR LOW INPUT" address="781a6" />
  <table name="(P0113) IAT SENSOR HIGH INPUT" address="781a7" />
  <table name="(P0117) COOLANT TEMP SENSOR LOW INPUT" address="78166" />
  <table name="(P0118) COOLANT TEMP SENSOR HIGH INPUT" address="78167" />
  <table name="(P0122) TPS A LOW INPUT" address="78164" />
  <table name="(P0123) TPS A HIGH INPUT" address="78165" />
  <table name="(P0131) FRONT O2 SENSOR LOW INPUT" address="781a0" />
  <table name="(P0132) FRONT O2 SENSOR HIGH INPUT" address="781a2" />
  <table name="(P0133) FRONT O2 SENSOR SLOW RESPONSE" address="7818a" />
  <table name="(P0134) FRONT O2 SENSOR NO ACTIVITY" address="781c0" />
  <table name="(P0139) REAR O2 SENSOR SLOW RESPONSE" address="7818b" />
  <table name="(P0140) REAR O2 SENSOR NO ACTIVITY" address="7820c" />
  <table name="(P0171) SYSTEM TOO LEAN" address="78194" />
  <table name="(P0172) SYSTEM TOO RICH" address="78195" />
  <table name="(P0222) TPS B LOW INPUT" address="781ca" />
  <table name="(P0223) TPS B HIGH INPUT" address="781cb" />
  <table name="(P0230) FUEL PUMP PRIMARY CIRCUIT" address="781bc" />
  <table name="(P0244) WASTEGATE SOLENOID A RANGE/PERF" address="781ba" />
  <table name="(P0245) WASTEGATE SOLENOID A LOW" address="781b8" />
  <table name="(P0246) WASTEGATE SOLENOID A HIGH" address="781b9" />
  <table name="(P0301) MISFIRE CYLINDER 1" address="78196" />
  <table name="(P0302) MISFIRE CYLINDER 2" address="78197" />
  <table name="(P0303) MISFIRE CYLINDER 3" address="78198" />
  <table name="(P0304) MISFIRE CYLINDER 4" address="78199" />
  <table name="(P0327) KNOCK SENSOR 1 LOW INPUT" address="78162" />
  <table name="(P0328) KNOCK SENSOR 1 HIGH INPUT" address="78163" />
  <table name="(P0335) CRANKSHAFT POS. SENSOR A MALFUNCTION" address="78158" />
  <table name="(P0340) CAMSHAFT POS. SENSOR A MALFUNCTION" address="781de" />
  <table name="(P0345) CAMSHAFT POS. SENSOR A BANK 2" address="781dd" />
  <table name="(P0410) SECONDARY AIR PUMP SYSTEM" address="78206" />
  <table name="(P0413) SECONDARY AIR PUMP A OPEN" address="7820a" />
  <table name="(P0414) SECONDARY AIR PUMP A SHORTED" address="7820f" />
  <table name="(P0418) SECONDARY AIR PUMP RELAY A" address="7820b" />
  <table name="(P0420) CAT EFFICIENCY BELOW THRESHOLD" address="78190" />
  <table name="(P0458) EVAP PURGE VALVE CIRCUIT LOW" address="78185" />
  <table name="(P0459) EVAP PURGE VALVE CIRCUIT HIGH" address="78186" />
  <table name="(P0500) VEHICLE SPEED SENSOR A" address="7815f" />
  <table name="(P0512) STARTER REQUEST CIRCUIT" address="7816e" />
  <table name="(P0562) SYSTEM VOLTAGE LOW" address="781b6" />
  <table name="(P0563) SYSTEM VOLTAGE HIGH" address="781b7" />
  <table name="(P0600) SERIAL COMMUNICATION LINK" address="781da" />
  <table name="(P0604) CONTROL MODULE RAM ERROR" address="7815c" />
  <table name="(P0605) CONTROL MODULE ROM ERROR" address="781df" />
  <table name="(P0607) CONTROL MODULE PERFORMANCE" address="781d2" />
  <table name="(P0638) THROTTLE ACTUATOR RANGE/PERF" address="781d1" />
  <table name="(P1160) ABNORMAL RETURN SPRING" address="781cc" />
  <table name="(P1410) SECONDARY AIR PUMP VALVE STUCK OPEN" address="78213" />
  <table name="(P1418) SECONDARY AIR PUMP CIRCUIT SHORTED" address="78210" />
  <table name="(P1519) IMRC STUCK CLOSED" address="7821e" />
  <table name="(P1520) IMRC CIRCUIT MALFUNCTION" address="7821d" />
  <table name="(P1560) BACK-UP VOLTAGE MALFUNCTION" address="781b5" />
  <table name="(P1616) SBDS INTERACTIVE CODES" address="7821c" />
  <table name="(P2004) TGV - INTAKE MANIFOLD RUNNER 1 STUCK OPEN" address="781f4" />
  <table name="(P2005) TGV - INTAKE MANIFOLD RUNNER 2 STUCK OPEN" address="781f6" />
  <table name="(P2006) TGV - INTAKE MANIFOLD RUNNER 1 STUCK CLOSED" address="781f5" />
  <table name="(P2007) TGV - INTAKE MANIFOLD RUNNER 2 STUCK CLOSED" address="781f7" />
  <table name="(P2008) TGV - INTAKE MANIFOLD RUNNER 1 CIRCUIT OPEN" address="78202" />
  <table name="(P2009) TGV - INTAKE MANIFOLD RUNNER 1 CIRCUIT LOW" address="78200" />
  <table name="(P2011) TGV - INTAKE MANIFOLD RUNNER 2 CIRCUIT OPEN" address="78203" />
  <table name="(P2012) TGV - INTAKE MANIFOLD RUNNER 2 CIRCUIT LOW" address="78201" />
  <table name="(P2016) TGV - INTAKE MANIFOLD RUNNER 1 POS. SENSOR LOW" address="781fc" />
  <table name="(P2017) TGV - INTAKE MANIFOLD RUNNER 1 POS. SENSOR HIGH" address="781fd" />
  <table name="(P2021) TGV - INTAKE MANIFOLD RUNNER 2 POS. SENSOR LOW" address="781fe" />
  <table name="(P2022) TGV - INTAKE MANIFOLD RUNNER 2 POS. SENSOR HIGH" address="781ff" />
  <table name="(P2088) OCV SOLENOID A1 CIRCUIT OPEN" address="781e7" />
  <table name="(P2089) OCV SOLENOID A1 CIRCUIT SHORT" address="781e6" />
  <table name="(P2092) OCV SOLENOID A2 CIRCUIT OPEN" address="781e5" />
  <table name="(P2093) OCV SOLENOID A2 CIRCUIT SHORT" address="781e4" />
  <table name="(P2101) THROTTLE ACTUATOR CIRCUIT RANGE/PERF" address="781cf" />
  <table name="(P2102) THROTTLE ACTUATOR CIRCUIT LOW" address="781cd" />
  <table name="(P2103) THROTTLE ACTUATOR CIRCUIT HIGH" address="781ce" />
  <table name="(P2109) TPS A MINIMUM STOP PERF" address="781c9" />
  <table name="(P2122) TPS D CIRCUIT LOW INPUT" address="781d6" />
  <table name="(P2123) TPS D CIRCUIT HIGH INPUT" address="781d7" />
  <table name="(P2127) TPS E CIRCUIT LOW INPUT" address="781d4" />
  <table name="(P2128) TPS E CIRCUIT HIGH INPUT" address="781d5" />
  <table name="(P2135) TPS A/B VOLTAGE" address="781d8" />
  <table name="(P2138) TPS D/E VOLTAGE" address="781d3" />
  <table name="(P2419) EVAP SWITCHING VALVE LOW" address="78220" />
  <table name="(P2420) EVAP SWITCHING VALVE HIGH" address="78221" />
  <table name="(P2432) SECONDARY AIR PUMP CIRCUIT LOW" address="78209" />
  <table name="(P2433) SECONDARY AIR PUMP CIRCUIT HIGH" address="78208" />
  <table name="(P2441) SECONDARY AIR PUMP VALVE 1 STUCK CLOSED" address="78216" />
  <table name="(P2444) SECONDARY AIR PUMP 1 STUCK ON B1" address="78204" />
</rom>