<rom>
  <romid>
    <xmlid>E2SB001K</xmlid>
    <internalidaddress>2000</internalidaddress>
    <internalidstring>E2SB001K</internalidstring>
    <ecuid>6202154007</ecuid>
    <year>08</year>
    <market>JDM</market>
    <make>Subaru</make>
    <model>Legacy</model>
    <submodel>2.5i</submodel>
    <transmission>AT</transmission>
    <memmodel>SH7058</memmodel>
    <flashmethod>subarucan</flashmethod>
    <checksummodule>subarudbw</checksummodule>
  </romid>
  <include>32BITBASE</include>
  <table name="Manifold Pressure Sensor Scaling" address="c0280" />
  <table name="Manifold Pressure Sensor Limits (CEL)" address="cfa1e" />
  <table name="Manifold Pressure Sensor CEL Delays" address="c5a1a" />
  <table name="Primary Open Loop Fueling A_" address="c96b0">
    <table name="X" address="c9634" />
    <table name="Y" address="c9660" />
  </table>
  <table name="Primary Open Loop Fueling B_" address="c9808">
    <table name="X" address="c978c" />
    <table name="Y" address="c97b8" />
  </table>
  <table name="Minimum Active Primary Open Loop Enrichment" address="c6840" />
  <table name="Front Oxygen Sensor Scaling" address="cff44">
    <table name="Y" address="cff10" />
  </table>
  <table name="Front Oxygen Sensor Rich Limit" address="28998" />
  <table name="Front Oxygen Sensor Compensation (Atm. Pressure)" address="c36bc">
    <table name="Y" address="c36ac" />
  </table>
  <table name="CL Fueling Target Compensation A (Load)" address="c9cd8">
    <table name="X" address="c9c60" />
    <table name="Y" address="c9c8c" elements="19" />
  </table>
  <table name="CL Fueling Target Compensation B (Load)" address="c9ef4">
    <table name="X" address="c9e7c" />
    <table name="Y" address="c9ea8" elements="19" />
  </table>
  <table name="CL Fueling Target Compensation (ECT)_" address="c815c">
    <table name="Y" address="c811c" />
  </table>
  <table name="CL Fueling Target Compensation (ECT) Disable" address="c66b0" />
  <table name="CL to OL Delay A (Atm. Pressure)" address="c8508">
    <table name="Y" address="c84ec" />
  </table>
  <table name="CL to OL Delay B (Atm. Pressure)" address="c8534">
    <table name="Y" address="c8518" />
  </table>
  <table name="CL to OL Transition with Delay (Accelerator)" address="c71dc">
    <table name="Y" address="c719c" />
  </table>
  <table name="CL to OL Transition with Delay Throttle Hysteresis" address="c6844" />
  <table name="CL to OL Transition with Delay (Base Pulse Width)" address="c8584">
    <table name="Y" address="c8544" />
  </table>
  <table name="CL to OL Transition with Delay BPW Hysteresis" address="c6848" />
  <table name="CL Delay Minimum (ECT)" address="c684c" />
  <table name="CL Delay Maximum Engine Speed A" address="c6850" />
  <table name="CL Delay Maximum Engine Speed B" address="c685c" />
  <table name="CL Delay Engine Speed B Counter Threshold" address="c6434" />
  <table name="CL Delay Maximum (Throttle) A" address="c6858" />
  <table name="CL Delay Throttle A Counter Threshold" address="c6432" />
  <table name="CL Delay Maximum (Throttle) B (ECT)" address="c71ec">
    <table name="Y" address="c6b78" />
  </table>
  <table name="Injector Latency_" address="c9c40">
    <table name="X" address="c9c20" />
    <table name="Y" address="c9c34" />
  </table>
  <table name="Injector Flow Scaling" address="c6598" />
  <table name="Per Injector Primary Fuel Offset Compensation A" address="c996c">
    <table name="X" address="c9930" />
    <table name="Y" address="c9950" elements="7" />
  </table>
  <table name="Per Injector Primary Fuel Offset Compensation B" address="c99e0">
    <table name="X" address="c99a4" />
    <table name="Y" address="c99c4" elements="7" />
  </table>
  <table name="Per Injector Primary Fuel Offset Compensation C" address="c9a54">
    <table name="X" address="c9a18" />
    <table name="Y" address="c9a38" elements="7" />
  </table>
  <table name="Per Injector Primary Fuel Offset Compensation D" address="c9ac8">
    <table name="X" address="c9a8c" />
    <table name="Y" address="c9aac" elements="7" />
  </table>
  <table name="Cranking Fuel Injector Pulse Width A (ECT)" address="c75fa">
    <table name="Y" address="c6b78" />
  </table>
  <table name="Cranking Fuel Injector Pulse Width B (ECT)" address="c761a">
    <table name="Y" address="c6b78" />
  </table>
  <table name="Cranking Fuel Injector Pulse Width C (ECT)" address="c763a">
    <table name="Y" address="c6b78" />
  </table>
  <table name="Cranking Fuel Injector Pulse Width D (ECT)" address="c765a">
    <table name="Y" address="c6b78" />
  </table>
  <table name="Cranking Fuel Injector Pulse Width E (ECT)" address="c767a">
    <table name="Y" address="c6b78" />
  </table>
  <table name="Cranking Fuel Injector Pulse Width F (ECT)" address="c769a">
    <table name="Y" address="c6b78" />
  </table>
  <table name="Cranking Fuel Injector Pulse Width G (ECT)" address="c76ba">
    <table name="Y" address="c6b78" />
  </table>
  <table name="Cranking Fuel Injector Pulse Width H (ECT)" address="c76da">
    <table name="Y" address="c6b78" />
  </table>
  <table name="Cranking Fuel Injector Pulse Width I (ECT)" address="c76fa">
    <table name="Y" address="c6b78" />
  </table>
  <table name="Cranking Fuel Injector Pulse Width J (ECT)" address="c771a">
    <table name="Y" address="c6b78" />
  </table>
  <table name="Cranking Fuel Injector Pulse Width K (ECT)" address="c773a">
    <table name="Y" address="c6b78" />
  </table>
  <table name="Cranking Fuel Injector Pulse Width L (ECT)" address="c775a">
    <table name="Y" address="c6b78" />
  </table>
  <table name="Cranking Fuel Injector Pulse Width M (ECT)" address="c777a">
    <table name="Y" address="c6b78" />
  </table>
  <table name="Cranking Fuel Injector Pulse Width N (ECT)" address="c779a">
    <table name="Y" address="c6b78" />
  </table>
  <table name="Cranking Fuel Injector Pulse Width O (ECT)" address="c77ba">
    <table name="Y" address="c6b78" />
  </table>
  <table name="Cranking Fuel Injector Pulse Width P (ECT)" address="c77da">
    <table name="Y" address="c6b78" />
  </table>
  <table name="Cranking Fuel Injector Pulse Width Q (ECT)" address="c77fa">
    <table name="Y" address="c6b78" />
  </table>
  <table name="Cranking Fuel Injector Pulse Width R (ECT)" address="c781a">
    <table name="Y" address="c6b78" />
  </table>
  <table name="Cranking Fuel Injector Pulse Width S (ECT)" address="c783a">
    <table name="Y" address="c6b78" />
  </table>
  <table name="Cranking Fuel Injector Pulse Width T (ECT)" address="c785a">
    <table name="Y" address="c6b78" />
  </table>
  <table name="Cranking Fuel Injector Pulse Width U (ECT)" address="c787a">
    <table name="Y" address="c6b78" />
  </table>
  <table name="Cranking Fuel IPW Compensation A (RPM)" address="c91f0">
    <table name="X" address="c91c0" />
    <table name="Y" address="c91d4" />
  </table>
  <table name="Cranking Fuel IPW Compensation B (RPM)" address="c924c">
    <table name="X" address="c9214" />
    <table name="Y" address="c9228" elements="9" />
  </table>
  <table name="Cranking Fuel IPW Compensation (MAP)" address="c6e40">
    <table name="Y" address="c6e18" />
  </table>
  <table name="Cranking Fuel IPW Compensation (Accelerator)" address="c6e64">
    <table name="Y" address="c6e4c" />
  </table>
  <table name="Throttle Tip-in Enrichment A" address="c8d04">
    <table name="Y" address="c8cbc" />
  </table>
  <table name="Throttle Tip-in Enrichment B" address="c8d70">
    <table name="Y" address="c8d28" />
  </table>
  <table name="Minimum Tip-in Enrichment Activation" address="c6a34" />
  <table name="Minimum Tip-in Enrichment Activation (Throttle)" address="c6a30" />
  <table name="Tip-in Enrichment Compensation (RPM)" address="c73cc">
    <table name="Y" address="c73a8" />
  </table>
  <table name="Tip-in Enrichment Compensation (MRP)" address="c73fc">
    <table name="Y" address="c73d8" />
  </table>
  <table name="Tip-in Enrichment Compensation A (ECT)" address="c7405">
    <table name="Y" address="c6b78" />
  </table>
  <table name="Tip-in Enrichment Compensation B (ECT)" address="c8d94">
    <table name="Y" address="c6b78" />
  </table>
  <table name="Tip-in Enrichment Compensation C (ECT)" address="c8db4">
    <table name="Y" address="c6b78" />
  </table>
  <table name="Tip-in Enrichment Compensation D (ECT)" address="c8dd4">
    <table name="Y" address="c6c10" />
  </table>
  <table name="Tip-in Enrichment Compensation D (ECT) Activation" address="c6a38" />
  <table name="Tip-in Enrichment Disable Applied Counter Threshold A (ECT)" address="c7415">
    <table name="Y" address="c6b78" />
  </table>
  <table name="Tip-in Enrichment Disable Applied Counter Threshold B (ECT)" address="c7425">
    <table name="Y" address="c6b78" />
  </table>
  <table name="Tip-in Enrichment Applied Counter Reset" address="c63e7" />
  <table name="Tip-in Enrichment Disable Throttle Cumulative Threshold A (ECT)" address="c8df4">
    <table name="Y" address="c6b78" />
  </table>
  <table name="Tip-in Enrichment Disable Throttle Cumulative Threshold B (ECT)" address="c8e14">
    <table name="Y" address="c6b78" />
  </table>
  <table name="Tip-in Throttle Cumulative Reset" address="c63e8" />
  <table name="A/F Learning #1 Limits" address="c6774" />
  <table name="A/F Learning #1 Airflow Ranges" address="c6780" />
  <table name="MAF Sensor Scaling" address="cfe50">
    <table name="Y" address="cfd90" elements="48" />
  </table>
  <table name="MAF Compensation A (IAT)" address="c45c8">
    <table name="X" address="c4594" />
    <table name="Y" address="c45a8" />
  </table>
  <table name="MAF Compensation B (IAT)" address="c4624">
    <table name="X" address="c45f0" />
    <table name="Y" address="c4604" />
  </table>
  <table name="Engine Load Limit (Maximum)" address="26180" />
  <table name="Engine Load Compensation A (MP)" address="c4244">
    <table name="X" address="c41e4" />
    <table name="Y" address="c4210" elements="13" />
  </table>
  <table name="Engine Load Compensation B (MP)" address="c4330">
    <table name="X" address="c42d4" />
    <table name="Y" address="c4300" />
  </table>
  <table name="Engine Load Compensation A (Throttle)" address="c4414">
    <table name="X" address="c43b4" />
    <table name="Y" address="c43e0" elements="13" />
  </table>
  <table name="Engine Load Compensation B (Throttle)" address="c4504">
    <table name="X" address="c44a4" />
    <table name="Y" address="c44d0" elements="13" />
  </table>
  <table name="Base Timing A" address="cc674">
    <table name="X" address="cb588" elements="14" />
    <table name="Y" address="cc624" elements="20" />
  </table>
  <table name="Base Timing B" address="cc7dc">
    <table name="X" address="cb588" elements="14" />
    <table name="Y" address="cc78c" elements="20" />
  </table>
  <table name="Base Timing C" address="cc944">
    <table name="X" address="cb588" elements="14" />
    <table name="Y" address="cc8f4" elements="20" />
  </table>
  <table name="Base Timing D" address="ccaac">
    <table name="X" address="cb588" elements="14" />
    <table name="Y" address="cca5c" elements="20" />
  </table>
  <table name="Base Timing E" address="ccc14">
    <table name="X" address="cb588" elements="14" />
    <table name="Y" address="ccbc4" elements="20" />
  </table>
  <table name="Base Timing F" address="ccd7c">
    <table name="X" address="cb588" elements="14" />
    <table name="Y" address="ccd2c" elements="20" />
  </table>
  <table name="Base Timing Idle A (In-Gear)(Above Speed Threshold)" address="cbb25">
    <table name="Y" address="cb564" />
  </table>
  <table name="Base Timing Idle B (In-Gear)(Above Speed Threshold)" address="cbb37">
    <table name="Y" address="cb564" />
  </table>
  <table name="Base Timing Idle A (In-Gear)(Below Speed Threshold)" address="cbb49">
    <table name="Y" address="cb564" />
  </table>
  <table name="Base Timing Idle B (In-Gear)(Below Speed Threshold)" address="cbb5b">
    <table name="Y" address="cb564" />
  </table>
  <table name="Base Timing Idle A (Neutral)_" address="cbb94">
    <table name="Y" address="cbb70" />
  </table>
  <table name="Base Timing Idle B (Neutral)_" address="cbbf4">
    <table name="Y" address="cbbd0" />
  </table>
  <table name="Base Timing Idle Vehicle Speed Threshold" address="cb2dc" />
  <table name="Knock Correction Advance Max A" address="cd2fc">
    <table name="X" address="cd278" elements="14" />
    <table name="Y" address="cd2b0" elements="19" />
  </table>
  <table name="Knock Correction Advance Max B" address="cd48c">
    <table name="X" address="cd408" elements="14" />
    <table name="Y" address="cd440" elements="19" />
  </table>
  <table name="Timing Compensation (IAT)" address="cbd50">
    <table name="Y" address="cbd10" />
  </table>
  <table name="Timing Comp Min Load (IAT)" address="cb330" />
  <table name="Timing Compensation A (ECT)" address="cbccd">
    <table name="Y" address="cb630" />
  </table>
  <table name="Timing Compensation B (ECT)" address="cbcdd">
    <table name="Y" address="cb630" />
  </table>
  <table name="Timing Compensation C (ECT)" address="cbced">
    <table name="Y" address="cb630" />
  </table>
  <table name="Timing Compensation D (ECT)" address="cbcfd">
    <table name="Y" address="cb630" />
  </table>
  <table name="Timing Compensation Per Cylinder A__" address="cc09c">
    <table name="Y" address="cc060" elements="15" />
  </table>
  <table name="Timing Compensation Per Cylinder B__" address="cc0e8">
    <table name="Y" address="cc0ac" elements="15" />
  </table>
  <table name="Timing Compensation Per Cylinder C__" address="cc134">
    <table name="Y" address="cc0f8" elements="15" />
  </table>
  <table name="Timing Compensation Per Cylinder D__" address="cc180">
    <table name="Y" address="cc144" elements="15" />
  </table>
  <table name="Timing Comp Minimum Load (Per Cylinder)" address="cb46c" />
  <table name="Timing Comp Maximum RPM (Per Cylinder)" address="cb468" />
  <table name="Timing Comp Minimum Coolant Temp (Per Cylinder)" address="cb470" />
  <table name="Feedback Correction Range (RPM)" address="cb48c" />
  <table name="Feedback Correction Minimum Load_" address="cc254">
    <table name="Y" address="cc244" />
  </table>
  <table name="Feedback Correction Retard Value_" address="cc520">
    <table name="Y" address="cc4ec" />
  </table>
  <table name="Feedback Correction Retard Limit" address="cb478" />
  <table name="Feedback Correction Negative Advance Value" address="cb47c" />
  <table name="Feedback Correction Negative Advance Delay_" address="cc290">
    <table name="Y" address="cc25c" />
  </table>
  <table name="Fine Correction Range (RPM)" address="cb500" />
  <table name="Fine Correction Range (Load)" address="cb510" />
  <table name="Fine Correction Rows (RPM)_" address="cb53c" />
  <table name="Fine Correction Columns (Load)_" address="cb520" />
  <table name="Fine Correction Retard Value_" address="cc588">
    <table name="Y" address="cc554" />
  </table>
  <table name="Fine Correction Retard Limit" address="cb4f8" />
  <table name="Fine Correction Advance Value" address="cb4fc" />
  <table name="Fine Correction Advance Limit" address="cb4f4" />
  <table name="Fine Correction Advance Delay" address="cb152" />
  <table name="Rough Correction Range (RPM)" address="cb4ac" />
  <table name="Rough Correction Range (Load)" address="cb4bc" />
  <table name="Rough Correction Minimum KC Advance Map Value" address="cb4cc" />
  <table name="Rough Correction Learning Delay (Increasing)" address="cc1b8">
    <table name="Y" address="cc190" />
  </table>
  <table name="Advance Multiplier (Initial)" address="cb4a8" />
  <table name="Advance Multiplier Step Value" address="cb4d0" />
  <table name="Requested Torque A (Accelerator Pedal)" address="de770">
    <table name="X" address="de6d4" elements="17" />
    <table name="Y" address="de718" elements="22" />
  </table>
  <table name="Requested Torque B (Accelerator Pedal)" address="deaf8">
    <table name="X" address="dea5c" elements="17" />
    <table name="Y" address="deaa0" elements="22" />
  </table>
  <table name="Requested Torque C (Accelerator Pedal)" address="dee80">
    <table name="X" address="dede4" elements="17" />
    <table name="Y" address="dee28" elements="22" />
  </table>
  <table name="Target Throttle Plate Position A (Requested Torque)" address="dc30c">
    <table name="X" address="dc24c" elements="26" />
    <table name="Y" address="dc2b4" elements="22" />
  </table>
  <table name="Target Throttle Plate Position B (Requested Torque)" address="dc844">
    <table name="X" address="dc784" elements="26" />
    <table name="Y" address="dc7ec" elements="22" />
  </table>
  <table name="Target Throttle Plate Position C (Requested Torque)" address="dcd7c">
    <table name="X" address="dccbc" elements="26" />
    <table name="Y" address="dcd24" elements="22" />
  </table>
  <table name="Target Throttle Plate Position D (Requested Torque)" address="dd2b4">
    <table name="X" address="dd1f4" elements="26" />
    <table name="Y" address="dd25c" elements="22" />
  </table>
  <table name="Target Throttle Plate Position E (Requested Torque)" address="dd7ec">
    <table name="X" address="dd72c" elements="26" />
    <table name="Y" address="dd794" elements="22" />
  </table>
  <table name="Target Throttle Plate Position F (Requested Torque)" address="ddd24">
    <table name="X" address="ddc64" elements="26" />
    <table name="Y" address="ddccc" elements="22" />
  </table>
  <table name="Target Throttle Plate Position G (Requested Torque)" address="de25c">
    <table name="X" address="de19c" elements="26" />
    <table name="Y" address="de204" elements="22" />
  </table>
  <table name="Rev Limit (Fuel Cut)" address="c6560" />
  <table name="Speed Limiting Enable (Fuel Cut)" address="c6b04" />
  <table name="Speed Limiting Disable (Fuel Cut)" address="c6b0c" />
  <table name="Speed Limiting A (Throttle)" address="dbc40" />
  <table name="Speed Limiting B (Throttle)" address="dbc4c" />
  <table name="Intake Temp Sensor Scaling" address="85e4c">
    <table name="Y" address="85dd4" />
  </table>
  <table name="Coolant Temp Sensor Scaling" address="cfca0">
    <table name="Y" address="cfc30" />
  </table>
  <table name="Radiator Fan Modes A (ECT)" address="d0594" />
  <table name="Radiator Fan Modes B (ECT)" address="d05a4" />
  <table name="Radiator Fan Modes C (ECT)" address="d05b4" />
  <table name="Radiator Fan Modes (Veh. Speed)" address="d05c4" />
  <table name="Idle Speed Target A" address="ce1d4">
    <table name="Y" address="cdbe4" />
  </table>
  <table name="Idle Speed Target B" address="ce214">
    <table name="Y" address="cdbe4" />
  </table>
  <table name="Idle Speed Target C" address="ce254">
    <table name="Y" address="cdbe4" />
  </table>
  <table name="Idle Speed Target D" address="ce294">
    <table name="Y" address="cdbe4" />
  </table>
  <table name="Idle Speed Target E" address="ce2d4">
    <table name="Y" address="cdbe4" />
  </table>
  <table name="Idle Speed Target F" address="ce314">
    <table name="Y" address="cdbe4" />
  </table>
  <table name="Force Pass Readiness Monitors" address="70f6a" />
  <table name="(P0000) PASS CODE (NO DTC DETECTED)" address="7f791" />
  <table name="(P0000) PASS CODE (NO DTC DETECTED)_" address="7f792" />
  <table name="(P0026) OSV SOLENOID VALVE CIRCUIT RANGE/PERF B1" address="7f7ec" />
  <table name="(P0028) OSV SOLENOID VALVE CIRCUIT RANGE/PERF B2" address="7f7e9" />
  <table name="(P0031) FRONT O2 SENSOR LOW INPUT" address="7f7a0" />
  <table name="(P0032) FRONT O2 SENSOR HIGH INPUT" address="7f79e" />
  <table name="(P0037) REAR O2 SENSOR LOW INPUT" address="7f79f" />
  <table name="(P0038) REAR O2 SENSOR HIGH INPUT" address="7f79d" />
  <table name="(P0076) INTAKE VALVE CIRCUIT LOW (BANK 1)" address="7f7ee" />
  <table name="(P0077) INTAKE VALVE CONTROL HIGH (BANK 1)" address="7f7ed" />
  <table name="(P0082) INTAKE VALVE CONTROL LOW (BANK 2)" address="7f7eb" />
  <table name="(P0083) INTAKE VALVE CONTROL HIGH (BANK 2)" address="7f7ea" />
  <table name="(P0102) MAF SENSOR LOW INPUT" address="7f74d" />
  <table name="(P0103) MAF SENSOR HIGH INPUT" address="7f74e" />
  <table name="(P0107) MAP SENSOR LOW INPUT" address="7f7a1" />
  <table name="(P0108) MAP SENSOR HIGH INPUT" address="7f7a2" />
  <table name="(P0112) IAT SENSOR LOW INPUT" address="7f79a" />
  <table name="(P0113) IAT SENSOR HIGH INPUT" address="7f79b" />
  <table name="(P0117) COOLANT TEMP SENSOR LOW INPUT" address="7f756" />
  <table name="(P0118) COOLANT TEMP SENSOR HIGH INPUT" address="7f757" />
  <table name="(P0122) TPS A LOW INPUT" address="7f754" />
  <table name="(P0123) TPS A HIGH INPUT" address="7f755" />
  <table name="(P0131) FRONT O2 SENSOR LOW INPUT" address="7f794" />
  <table name="(P0132) FRONT O2 SENSOR HIGH INPUT" address="7f796" />
  <table name="(P0134) FRONT O2 SENSOR NO ACTIVITY" address="7f7bd" />
  <table name="(P0140) REAR O2 SENSOR NO ACTIVITY" address="7f80b" />
  <table name="(P0171) SYSTEM TOO LEAN" address="7f788" />
  <table name="(P0172) SYSTEM TOO RICH" address="7f789" />
  <table name="(P0197) OIL TEMP SENSOR LOW" address="7f7e5" />
  <table name="(P0198) OIL TEMP SENSOR HIGH" address="7f7f0" />
  <table name="(P0222) TPS B LOW INPUT" address="7f7c7" />
  <table name="(P0223) TPS B HIGH INPUT" address="7f7c8" />
  <table name="(P0301) MISFIRE CYLINDER 1" address="7f78a" />
  <table name="(P0302) MISFIRE CYLINDER 2" address="7f78b" />
  <table name="(P0303) MISFIRE CYLINDER 3" address="7f78c" />
  <table name="(P0304) MISFIRE CYLINDER 4" address="7f78d" />
  <table name="(P0327) KNOCK SENSOR 1 LOW INPUT" address="7f752" />
  <table name="(P0328) KNOCK SENSOR 1 HIGH INPUT" address="7f753" />
  <table name="(P0335) CRANKSHAFT POS. SENSOR A MALFUNCTION" address="7f748" />
  <table name="(P0340) CAMSHAFT POS. SENSOR A MALFUNCTION" address="7f74b" />
  <table name="(P0400) EGR FLOW" address="7f787" />
  <table name="(P0458) EVAP PURGE VALVE CIRCUIT LOW" address="7f779" />
  <table name="(P0459) EVAP PURGE VALVE CIRCUIT HIGH" address="7f77a" />
  <table name="(P0462) FUEL LEVEL SENSOR LOW INPUT" address="7f75a" />
  <table name="(P0463) FUEL LEVEL SENSOR HIGH INPUT" address="7f75b" />
  <table name="(P0500) VEHICLE SPEED SENSOR A" address="7f74f" />
  <table name="(P0512) STARTER REQUEST CIRCUIT" address="7f75f" />
  <table name="(P0519) IDLE CONTROL MALFUNCTION (FAIL-SAFE)" address="7f7ba" />
  <table name="(P0562) SYSTEM VOLTAGE LOW" address="7f7aa" />
  <table name="(P0563) SYSTEM VOLTAGE HIGH" address="7f7ab" />
  <table name="(P0600) SERIAL COMMUNICATION LINK" address="7f7d7" />
  <table name="(P0604) CONTROL MODULE RAM ERROR" address="7f74c" />
  <table name="(P0605) CONTROL MODULE ROM ERROR" address="7f7dc" />
  <table name="(P0607) CONTROL MODULE PERFORMANCE" address="7f7cf" />
  <table name="(P0638) THROTTLE ACTUATOR RANGE/PERF" address="7f7ce" />
  <table name="(P0700) TRANSMISSION CONTROL SYSTEM" address="7f7e8" />
  <table name="(P0851) NEUTRAL SWITCH INPUT LOW" address="7f763" />
  <table name="(P0852) NEUTRAL SWITCH INPUT HIGH" address="7f767" />
  <table name="(P1160) ABNORMAL RETURN SPRING" address="7f7c9" />
  <table name="(P1492) EGR SOLENOID SIGNAL 1 MALFUNCTION (LOW)" address="7f768" />
  <table name="(P1493) EGR SOLENOID SIGNAL 1 MALFUNCTION (HIGH)" address="7f769" />
  <table name="(P1494) EGR SOLENOID SIGNAL 2 MALFUNCTION (LOW)" address="7f76a" />
  <table name="(P1495) EGR SOLENOID SIGNAL 2 MALFUNCTION (HIGH)" address="7f76b" />
  <table name="(P1496) EGR SIGNAL 3 CIRCUIT LOW" address="7f76c" />
  <table name="(P1497) EGR SOLENOID SIGNAL 3 MALFUNCTION (HIGH)" address="7f76d" />
  <table name="(P1498) EGR SIGNAL 4 CIRCUIT LOW" address="7f76e" />
  <table name="(P1499) EGR SIGNAL 4 CIRCUIT HIGH" address="7f76f" />
  <table name="(P1519) IMRC STUCK CLOSED" address="7f81b" />
  <table name="(P1520) IMRC CIRCUIT MALFUNCTION" address="7f81a" />
  <table name="(P1560) BACK-UP VOLTAGE MALFUNCTION" address="7f7a9" />
  <table name="(P1616) SBDS INTERACTIVE CODES" address="7f819" />
  <table name="(P2101) THROTTLE ACTUATOR CIRCUIT RANGE/PERF" address="7f7cc" />
  <table name="(P2102) THROTTLE ACTUATOR CIRCUIT LOW" address="7f7ca" />
  <table name="(P2103) THROTTLE ACTUATOR CIRCUIT HIGH" address="7f7cb" />
  <table name="(P2109) TPS A MINIMUM STOP PERF" address="7f7c6" />
  <table name="(P2122) TPS D CIRCUIT LOW INPUT" address="7f7d3" />
  <table name="(P2123) TPS D CIRCUIT HIGH INPUT" address="7f7d4" />
  <table name="(P2127) TPS E CIRCUIT LOW INPUT" address="7f7d1" />
  <table name="(P2128) TPS E CIRCUIT HIGH INPUT" address="7f7d2" />
  <table name="(P2135) TPS A/B VOLTAGE" address="7f7d5" />
  <table name="(P2138) TPS D/E VOLTAGE" address="7f7d0" />
  <table name="(P2228) BARO. PRESSURE CIRCUIT LOW INPUT" address="7f7fa" />
  <table name="(P2229) BARO. PRESSURE CIRCUIT HIGH INPUT" address="7f7f9" />
</rom>