<rom>
  <romid>
    <xmlid>EZ1D302D</xmlid>
    <internalidaddress>2004</internalidaddress>
    <internalidstring>EZ1D302D</internalidstring>
    <ecuid>5212167307</ecuid>
    <year>09</year>
    <market>USDM</market>
    <make>Subaru</make>
    <model>Legacy</model>
    <submodel>2.5i</submodel>
    <transmission>AT</transmission>
    <memmodel>SH7058</memmodel>
    <flashmethod>subarucan</flashmethod>
    <checksummodule>subarudbw</checksummodule>
  </romid>
  <include>32BITBASE</include>
  <table name="Manifold Pressure Sensor Scaling_" address="d0a88" />
  <table name="Manifold Pressure Sensor Limits (CEL)" address="d0a54" />
  <table name="Manifold Pressure Sensor CEL Delays" address="c3364" />
  <table name="Primary Open Loop Fueling A_" address="c9398">
    <table name="X" address="c9344" />
    <table name="Y" address="c9370" elements="10" />
  </table>
  <table name="Primary Open Loop Fueling B_" address="c945c">
    <table name="X" address="c9408" />
    <table name="Y" address="c9434" elements="10" />
  </table>
  <table name="Minimum Active Primary Open Loop Enrichment" address="c667c" />
  <table name="Front Oxygen Sensor Scaling" address="d0fb4">
    <table name="Y" address="d0f80" />
  </table>
  <table name="Front Oxygen Sensor Rich Limit" address="1f178" />
  <table name="Front Oxygen Sensor Compensation (Atm. Pressure)" address="c21e4">
    <table name="Y" address="c21d4" />
  </table>
  <table name="CL Fueling Target Compensation A (Load)" address="c9e7c">
    <table name="X" address="c9e04" />
    <table name="Y" address="c9e30" elements="19" />
  </table>
  <table name="CL Fueling Target Compensation B (Load)" address="ca2b4">
    <table name="X" address="ca23c" />
    <table name="Y" address="ca268" elements="19" />
  </table>
  <table name="CL Fueling Target Compensation C (Load)" address="ca6ec">
    <table name="X" address="ca674" />
    <table name="Y" address="ca6a0" elements="19" />
  </table>
  <table name="CL Fueling Target Compensation D (Load)" address="cab24">
    <table name="X" address="caaac" />
    <table name="Y" address="caad8" elements="19" />
  </table>
  <table name="CL Fueling Target Compensation (ECT)" address="c9b88">
    <table name="X" address="c69c8" />
    <table name="Y" address="c9b7c" />
  </table>
  <table name="CL Fueling Target Compensation (ECT) Disable" address="c64e0" />
  <table name="CL to OL Delay A (Atm. Pressure)" address="c8244">
    <table name="Y" address="c8228" />
  </table>
  <table name="CL to OL Delay B (Atm. Pressure)" address="c8270">
    <table name="Y" address="c8254" />
  </table>
  <table name="CL to OL Transition with Delay (Accelerator)" address="c6fd4">
    <table name="Y" address="c6f94" />
  </table>
  <table name="CL to OL Transition with Delay Throttle Hysteresis" address="c6680" />
  <table name="CL to OL Transition with Delay (Base Pulse Width)" address="c8208">
    <table name="Y" address="c81c8" />
  </table>
  <table name="CL to OL Transition with Delay BPW Hysteresis" address="c6684" />
  <table name="CL Delay Minimum (ECT)" address="c6688" />
  <table name="CL Delay Maximum Engine Speed A" address="c6694" />
  <table name="CL Delay Maximum Engine Speed B" address="c6690" />
  <table name="CL Delay Engine Speed B Counter Threshold" address="c622c" />
  <table name="CL Delay Maximum (Throttle) A" address="c668c" />
  <table name="CL Delay Throttle A Counter Threshold" address="c622a" />
  <table name="CL Delay Maximum (Throttle) B (ECT)" address="c6fe4">
    <table name="Y" address="c69c8" />
  </table>
  <table name="Injector Latency_" address="c99a4">
    <table name="X" address="c9984" />
    <table name="Y" address="c9998" />
  </table>
  <table name="Injector Flow Scaling" address="c639c" />
  <table name="Per Injector Pulse Width Compensation A" address="c9554">
    <table name="X" address="c9518" elements="8" />
    <table name="Y" address="c9538" elements="7" />
  </table>
  <table name="Per Injector Pulse Width Compensation B" address="c95c8">
    <table name="X" address="c958c" elements="8" />
    <table name="Y" address="c95ac" elements="7" />
  </table>
  <table name="Per Injector Pulse Width Compensation C" address="c963c">
    <table name="X" address="c9600" elements="8" />
    <table name="Y" address="c9620" elements="7" />
  </table>
  <table name="Per Injector Pulse Width Compensation D" address="c96b0">
    <table name="X" address="c9674" elements="8" />
    <table name="Y" address="c9694" elements="7" />
  </table>
  <table name="Cranking Fuel Injector Pulse Width A (ECT)" address="c7302">
    <table name="Y" address="c69c8" />
  </table>
  <table name="Cranking Fuel Injector Pulse Width B (ECT)" address="c7322">
    <table name="Y" address="c69c8" />
  </table>
  <table name="Cranking Fuel Injector Pulse Width C (ECT)" address="c7342">
    <table name="Y" address="c69c8" />
  </table>
  <table name="Cranking Fuel Injector Pulse Width D (ECT)" address="c7362">
    <table name="Y" address="c69c8" />
  </table>
  <table name="Cranking Fuel Injector Pulse Width E (ECT)" address="c7382">
    <table name="Y" address="c69c8" />
  </table>
  <table name="Cranking Fuel Injector Pulse Width F (ECT)" address="c73a2">
    <table name="Y" address="c69c8" />
  </table>
  <table name="Cranking Fuel Injector Pulse Width G (ECT)" address="c73c2">
    <table name="Y" address="c69c8" />
  </table>
  <table name="Cranking Fuel Injector Pulse Width H (ECT)" address="c73e2">
    <table name="Y" address="c69c8" />
  </table>
  <table name="Cranking Fuel Injector Pulse Width I (ECT)" address="c7402">
    <table name="Y" address="c69c8" />
  </table>
  <table name="Cranking Fuel IPW Compensation A (RPM)" address="c8e10">
    <table name="X" address="c8de0" />
    <table name="Y" address="c8df4" />
  </table>
  <table name="Cranking Fuel IPW Compensation B (RPM)" address="c8ec0">
    <table name="X" address="c8e88" />
    <table name="Y" address="c8e9c" elements="9" />
  </table>
  <table name="Cranking Fuel IPW Compensation (MAP)" address="c6bc0">
    <table name="Y" address="c6b98" />
  </table>
  <table name="Cranking Fuel IPW Compensation (Accelerator)" address="c6be4">
    <table name="Y" address="c6bcc" />
  </table>
  <table name="Cranking Fuel IPW Compensation (IAT)" address="c6c00">
    <table name="Y" address="c6bec" />
  </table>
  <table name="Throttle Tip-in Enrichment A" address="c8804">
    <table name="Y" address="c87bc" />
  </table>
  <table name="Throttle Tip-in Enrichment B" address="c8870">
    <table name="Y" address="c8828" />
  </table>
  <table name="Minimum Tip-in Enrichment Activation" address="c685c" />
  <table name="Minimum Tip-in Enrichment Activation (Throttle)" address="c6858" />
  <table name="Tip-in Enrichment Compensation (RPM)" address="c7198">
    <table name="Y" address="c7174" />
  </table>
  <table name="Tip-in Enrichment Compensation (MRP)" address="c71c8">
    <table name="Y" address="c71a4" />
  </table>
  <table name="Tip-in Enrichment Compensation A (ECT)" address="c71d1">
    <table name="Y" address="c69c8" />
  </table>
  <table name="Tip-in Enrichment Compensation B (ECT)" address="c8894">
    <table name="Y" address="c69c8" />
  </table>
  <table name="Tip-in Enrichment Compensation C (ECT)" address="c88b4">
    <table name="Y" address="c69c8" />
  </table>
  <table name="Tip-in Enrichment Compensation D (ECT)" address="c88f4">
    <table name="Y" address="c6a08" />
  </table>
  <table name="Tip-in Enrichment Compensation D (ECT) Activation" address="c6860" />
  <table name="Tip-in Enrichment Disable Applied Counter Threshold A (ECT)" address="c71e1">
    <table name="Y" address="c69c8" />
  </table>
  <table name="Tip-in Enrichment Disable Applied Counter Threshold B (ECT)" address="c71f1">
    <table name="Y" address="c69c8" />
  </table>
  <table name="Tip-in Enrichment Applied Counter Reset" address="c61db" />
  <table name="Tip-in Enrichment Disable Throttle Cumulative Threshold A (ECT)" address="c8914">
    <table name="Y" address="c69c8" />
  </table>
  <table name="Tip-in Enrichment Disable Throttle Cumulative Threshold B (ECT)" address="c8934">
    <table name="Y" address="c69c8" />
  </table>
  <table name="Tip-in Throttle Cumulative Reset" address="c61dc" />
  <table name="A/F Learning #1 Limits" address="c6584" />
  <table name="A/F Learning #1 Airflow Ranges" address="c65a4" />
  <table name="MAF Limit (Maximum)" address="c1c1c" />
  <table name="MAF Sensor Scaling" address="d0ec0">
    <table name="Y" address="d0e00" elements="48" />
  </table>
  <table name="MAF Compensation (IAT)" address="c2660">
    <table name="X" address="c262c" />
    <table name="Y" address="c2640" />
  </table>
  <table name="Engine Load Limit (Maximum)" address="1e2e0" />
  <table name="Engine Load Compensation A (MP)" address="c26e4">
    <table name="X" address="c2688" />
    <table name="Y" address="c26b4" />
  </table>
  <table name="Engine Load Compensation B (MP)" address="c27c4">
    <table name="X" address="c2768" />
    <table name="Y" address="c2794" />
  </table>
  <table name="Base Timing A" address="cd3bc">
    <table name="X" address="cd338" elements="14" />
    <table name="Y" address="cd370" elements="19" />
  </table>
  <table name="Base Timing B" address="cd54c">
    <table name="X" address="cd4c8" elements="14" />
    <table name="Y" address="cd500" elements="19" />
  </table>
  <table name="Base Timing C" address="cd6dc">
    <table name="X" address="cd658" elements="14" />
    <table name="Y" address="cd690" elements="19" />
  </table>
  <table name="Base Timing D" address="cd86c">
    <table name="X" address="cd7e8" elements="14" />
    <table name="Y" address="cd820" elements="19" />
  </table>
  <table name="Base Timing Idle (In-Gear)(Above Speed Threshold)" address="cbfc0">
    <table name="Y" address="cbe54" />
  </table>
  <table name="Base Timing Idle (In-Gear)(Below Speed Threshold)" address="cbfc9">
    <table name="Y" address="cbe54" />
  </table>
  <table name="Base Timing Idle (Neutral)" address="cc000">
    <table name="Y" address="cbfdc" />
  </table>
  <table name="Base Timing Idle Vehicle Speed Threshold" address="cbac0" />
  <table name="Knock Correction Advance Max A" address="ce08c">
    <table name="X" address="ce008" elements="14" />
    <table name="Y" address="ce040" elements="19" />
  </table>
  <table name="Knock Correction Advance Max B" address="ce21c">
    <table name="X" address="ce198" elements="14" />
    <table name="Y" address="ce1d0" elements="19" />
  </table>
  <table name="Timing Compensation (IAT)" address="cc16c">
    <table name="Y" address="cc12c" />
  </table>
  <table name="Timing Compensation (IAT) Activation" address="cd9c8">
    <table name="X" address="cd978" elements="16" />
    <table name="Y" address="cd9b8" elements="4" />
  </table>
  <table name="Timing Compensation A (ECT)" address="cc0e9">
    <table name="Y" address="cbdd4" />
  </table>
  <table name="Timing Compensation B (ECT)" address="cc0f9">
    <table name="Y" address="cbdd4" />
  </table>
  <table name="Timing Compensation C (ECT)" address="cc109">
    <table name="Y" address="cbdd4" />
  </table>
  <table name="Timing Compensation D (ECT)" address="cc119">
    <table name="Y" address="cbdd4" />
  </table>
  <table name="Timing Compensation Per Cylinder A" address="cdd7c">
    <table name="X" address="cdd28" />
    <table name="Y" address="cdd60" elements="7" />
  </table>
  <table name="Timing Compensation Per Cylinder B" address="cde34">
    <table name="X" address="cdde0" />
    <table name="Y" address="cde18" elements="7" />
  </table>
  <table name="Timing Compensation Per Cylinder C" address="cdeec">
    <table name="X" address="cde98" />
    <table name="Y" address="cded0" elements="7" />
  </table>
  <table name="Timing Compensation Per Cylinder D" address="cdfa4">
    <table name="X" address="cdf50" />
    <table name="Y" address="cdf88" elements="7" />
  </table>
  <table name="Timing Comp Minimum Load (Per Cylinder)" address="cbcc4" />
  <table name="Timing Comp Maximum RPM (Per Cylinder)" address="cbcc0" />
  <table name="Timing Comp Minimum Coolant Temp (Per Cylinder)" address="cbcc8" />
  <table name="Feedback Correction Range (RPM)" address="cbcd0" />
  <table name="Feedback Correction Minimum Load_" address="cc834">
    <table name="Y" address="cc824" />
  </table>
  <table name="Feedback Correction Retard Value_" address="cd1d4">
    <table name="Y" address="cd1a0" />
  </table>
  <table name="Feedback Correction Retard Limit" address="cbce4" />
  <table name="Feedback Correction Negative Advance Value" address="cbce8" />
  <table name="Feedback Correction Negative Advance Delay_" address="cc870">
    <table name="Y" address="cc83c" />
  </table>
  <table name="Fine Correction Range (RPM)" address="cbd9c" />
  <table name="Fine Correction Range (Load)" address="cbdac" />
  <table name="Fine Correction Rows (RPM)_" address="cbd44" />
  <table name="Fine Correction Columns (Load)_" address="cbd64" />
  <table name="Fine Correction Retard Value_" address="cd23c">
    <table name="Y" address="cd208" />
  </table>
  <table name="Fine Correction Retard Limit" address="cbd90" />
  <table name="Fine Correction Advance Value" address="cbd8c" />
  <table name="Fine Correction Advance Limit" address="cbd88" />
  <table name="Fine Correction Advance Delay" address="cb9d4" />
  <table name="Rough Correction Range (RPM)" address="cbd00" />
  <table name="Rough Correction Range (Load)" address="cbd10" />
  <table name="Rough Correction Minimum KC Advance Map Value" address="cbd20" />
  <table name="Rough Correction Learning Delay (Increasing)_" address="cc8b4">
    <table name="Y" address="cc88c" />
  </table>
  <table name="Advance Multiplier (Initial)" address="cbd24" />
  <table name="Advance Multiplier Step Value" address="cbd28" />
  <table name="Requested Torque A (Accelerator Pedal)" address="ddefc">
    <table name="X" address="dde68" elements="17" />
    <table name="Y" address="ddeac" elements="20" />
  </table>
  <table name="Requested Torque B (Accelerator Pedal)" address="de238">
    <table name="X" address="de1a4" elements="17" />
    <table name="Y" address="de1e8" elements="20" />
  </table>
  <table name="Requested Torque C (Accelerator Pedal)" address="de574">
    <table name="X" address="de4e0" elements="17" />
    <table name="Y" address="de524" elements="20" />
  </table>
  <table name="Requested Torque D (Accelerator Pedal)" address="de8b0">
    <table name="X" address="de81c" elements="17" />
    <table name="Y" address="de860" elements="20" />
  </table>
  <table name="Requested Torque E (Accelerator Pedal)" address="debec">
    <table name="X" address="deb58" elements="17" />
    <table name="Y" address="deb9c" elements="20" />
  </table>
  <table name="Requested Torque F (Accelerator Pedal)" address="def28">
    <table name="X" address="dee94" elements="17" />
    <table name="Y" address="deed8" elements="20" />
  </table>
  <table name="Target Throttle Plate Position A (Requested Torque)" address="dcd98">
    <table name="X" address="dccd8" elements="28" />
    <table name="Y" address="dcd48" elements="20" />
  </table>
  <table name="Target Throttle Plate Position B (Requested Torque)" address="dd2b8">
    <table name="X" address="dd1f8" elements="28" />
    <table name="Y" address="dd268" elements="20" />
  </table>
  <table name="Target Throttle Plate Position Maximum (Requested Torque)" address="dd7d8">
    <table name="X" address="dd718" elements="28" />
    <table name="Y" address="dd788" elements="20" />
  </table>
  <table name="Rev Limit (Fuel Cut)" address="c68e4" />
  <table name="Rev Limit Fuel Resume (MP)" address="c68ec" />
  <table name="Speed Limiting Enable (Fuel Cut)" address="c6930" />
  <table name="Speed Limiting Disable (Fuel Cut)" address="c6938" />
  <table name="Speed Limiting A (Throttle)" address="dc648" />
  <table name="Speed Limiting B (Throttle)" address="dc660" />
  <table name="Fuel Temp Sensor Scaling" address="d0d88">
    <table name="Y" address="d0d10" />
  </table>
  <table name="Intake Temp Sensor Scaling" address="d0c18">
    <table name="Y" address="d0ba0" />
  </table>
  <table name="Coolant Temp Sensor Scaling" address="d0b30">
    <table name="Y" address="d0ac0" />
  </table>
  <table name="Radiator Fan Modes A (ECT)" address="d1258" />
  <table name="Radiator Fan Modes B (ECT)" address="d1268" />
  <table name="Radiator Fan Modes (Veh. Speed)" address="d1278" />
  <table name="Idle Speed Target A" address="cef8c">
    <table name="Y" address="ce9f0" />
  </table>
  <table name="Idle Speed Target B" address="cefcc">
    <table name="Y" address="ce9f0" />
  </table>
  <table name="Idle Speed Target C" address="cf00c">
    <table name="Y" address="ce9f0" />
  </table>
  <table name="Idle Speed Target D" address="cf02c">
    <table name="Y" address="ce9f0" />
  </table>
  <table name="Idle Speed Target E" address="cf06c">
    <table name="Y" address="ce9f0" />
  </table>
  <table name="Idle Speed Target F" address="cf0ac">
    <table name="Y" address="ce9f0" />
  </table>
  <table name="Force Pass Readiness Monitors_" address="8383c" />
  <table name="(P0000) PASS CODE (NO DTC DETECTED)" address="78837" />
  <table name="(P0000) PASS CODE (NO DTC DETECTED)_" address="78838" />
  <table name="(P0026) OSV SOLENOID VALVE CIRCUIT RANGE/PERF B1" address="78889" />
  <table name="(P0028) OSV SOLENOID VALVE CIRCUIT RANGE/PERF B2" address="78886" />
  <table name="(P0030) FRONT O2 SENSOR RANGE/PERF" address="7885c" />
  <table name="(P0031) FRONT O2 SENSOR LOW INPUT" address="78846" />
  <table name="(P0032) FRONT O2 SENSOR HIGH INPUT" address="78844" />
  <table name="(P0037) REAR O2 SENSOR LOW INPUT" address="78845" />
  <table name="(P0038) REAR O2 SENSOR HIGH INPUT" address="78843" />
  <table name="(P0068) MAP SENSOR RANGE/PERF" address="78857" />
  <table name="(P0076) INTAKE VALVE CIRCUIT LOW (BANK 1)" address="7888b" />
  <table name="(P0077) INTAKE VALVE CONTROL HIGH (BANK 1)" address="7888a" />
  <table name="(P0082) INTAKE VALVE CONTROL LOW (BANK 2)" address="78888" />
  <table name="(P0083) INTAKE VALVE CONTROL HIGH (BANK 2)" address="78887" />
  <table name="(P0101) MAF SENSOR RANGE/PERF" address="78858" />
  <table name="(P0102) MAF SENSOR LOW INPUT" address="787f5" />
  <table name="(P0103) MAF SENSOR HIGH INPUT" address="787f6" />
  <table name="(P0107) MAP SENSOR LOW INPUT" address="78847" />
  <table name="(P0108) MAP SENSOR HIGH INPUT" address="78848" />
  <table name="(P0111) IAT SENSOR RANGE/PERF" address="78842" />
  <table name="(P0112) IAT SENSOR LOW INPUT" address="78840" />
  <table name="(P0113) IAT SENSOR HIGH INPUT" address="78841" />
  <table name="(P0117) COOLANT TEMP SENSOR LOW INPUT" address="787fe" />
  <table name="(P0118) COOLANT TEMP SENSOR HIGH INPUT" address="787ff" />
  <table name="(P0122) TPS A LOW INPUT" address="787fc" />
  <table name="(P0123) TPS A HIGH INPUT" address="787fd" />
  <table name="(P0125) INSUFFICIENT COOLANT TEMP (FUELING)" address="78801" />
  <table name="(P0126) INSUFFICIENT COOLANT TEMP (OPERATION)" address="78895" />
  <table name="(P0128) THERMOSTAT MALFUNCTION" address="7884d" />
  <table name="(P0131) FRONT O2 SENSOR LOW INPUT" address="7883a" />
  <table name="(P0132) FRONT O2 SENSOR HIGH INPUT" address="7883c" />
  <table name="(P0133) FRONT O2 SENSOR SLOW RESPONSE" address="78824" />
  <table name="(P0134) FRONT O2 SENSOR NO ACTIVITY" address="7885a" />
  <table name="(P0137) REAR O2 SENSOR LOW VOLTAGE" address="78839" />
  <table name="(P0138) REAR O2 SENSOR HIGH VOLTAGE" address="7883e" />
  <table name="(P0139) REAR O2 SENSOR SLOW RESPONSE" address="78825" />
  <table name="(P0140) REAR O2 SENSOR NO ACTIVITY" address="788a8" />
  <table name="(P0171) SYSTEM TOO LEAN" address="7882e" />
  <table name="(P0172) SYSTEM TOO RICH" address="7882f" />
  <table name="(P0181) FUEL TEMP SENSOR A RANGE/PERF" address="7880d" />
  <table name="(P0182) FUEL TEMP SENSOR A LOW INPUT" address="7880b" />
  <table name="(P0183) FUEL TEMP SENSOR A HIGH INPUT" address="7880c" />
  <table name="(P0196) OIL TEMP SENSOR RANGE/PERF" address="7888c" />
  <table name="(P0197) OIL TEMP SENSOR LOW" address="78882" />
  <table name="(P0198) OIL TEMP SENSOR HIGH" address="7888d" />
  <table name="(P0222) TPS B LOW INPUT" address="78864" />
  <table name="(P0223) TPS B HIGH INPUT" address="78865" />
  <table name="(P0301) MISFIRE CYLINDER 1" address="78830" />
  <table name="(P0302) MISFIRE CYLINDER 2" address="78831" />
  <table name="(P0303) MISFIRE CYLINDER 3" address="78832" />
  <table name="(P0304) MISFIRE CYLINDER 4" address="78833" />
  <table name="(P0327) KNOCK SENSOR 1 LOW INPUT" address="787fa" />
  <table name="(P0328) KNOCK SENSOR 1 HIGH INPUT" address="787fb" />
  <table name="(P0335) CRANKSHAFT POS. SENSOR A MALFUNCTION" address="787f0" />
  <table name="(P0336) CRANKSHAFT POS. SENSOR A RANGE/PERF" address="787f1" />
  <table name="(P0340) CAMSHAFT POS. SENSOR A MALFUNCTION" address="787f3" />
  <table name="(P0341) CAMSHAFT POS. SENSOR A RANGE/PERF" address="787f2" />
  <table name="(P0400) EGR FLOW" address="7882d" />
  <table name="(P0420) CAT EFFICIENCY BELOW THRESHOLD" address="7882a" />
  <table name="(P0442) EVAP LEAK DETECTED (SMALL)" address="7882b" />
  <table name="(P0447) EVAP VENT CONTROL CIRCUIT OPEN" address="78822" />
  <table name="(P0448) EVAP VENT CONTROL CIRCUIT SHORTED" address="78823" />
  <table name="(P0451) EVAP PRESSURE SENSOR RANGE/PERF" address="78809" />
  <table name="(P0452) EVAP PRESSURE SENSOR LOW INPUT" address="78807" />
  <table name="(P0453) EVAP PRESSURE SENSOR HIGH INPUT" address="78808" />
  <table name="(P0456) EVAP LEAK DETECTED (VERY SMALL)" address="7882c" />
  <table name="(P0457) EVAP LEAK DETECTED (FUEL CAP)" address="78836" />
  <table name="(P0458) EVAP PURGE VALVE CIRCUIT LOW" address="7881f" />
  <table name="(P0459) EVAP PURGE VALVE CIRCUIT HIGH" address="78820" />
  <table name="(P0461) FUEL LEVEL SENSOR RANGE/PERF" address="78804" />
  <table name="(P0462) FUEL LEVEL SENSOR LOW INPUT" address="78802" />
  <table name="(P0463) FUEL LEVEL SENSOR HIGH INPUT" address="78803" />
  <table name="(P0464) FUEL LEVEL SENSOR INTERMITTENT" address="78800" />
  <table name="(P0500) VEHICLE SPEED SENSOR A" address="787f7" />
  <table name="(P0506) IDLE CONTROL RPM LOWER THAN EXPECTED" address="78817" />
  <table name="(P0507) IDLE CONTROL RPM HIGH THAN EXPECTED" address="78818" />
  <table name="(P0512) STARTER REQUEST CIRCUIT" address="78806" />
  <table name="(P0600) SERIAL COMMUNICATION LINK" address="78874" />
  <table name="(P0604) CONTROL MODULE RAM ERROR" address="787f4" />
  <table name="(P0605) CONTROL MODULE ROM ERROR" address="78879" />
  <table name="(P0607) CONTROL MODULE PERFORMANCE" address="7886c" />
  <table name="(P0638) THROTTLE ACTUATOR RANGE/PERF" address="7886b" />
  <table name="(P0700) TRANSMISSION CONTROL SYSTEM" address="78885" />
  <table name="(P0851) NEUTRAL SWITCH INPUT LOW" address="7880a" />
  <table name="(P0852) NEUTRAL SWITCH INPUT HIGH" address="7880e" />
  <table name="(P1152) FRONT O2 SENSOR RANGE/PERF LOW B1 S1" address="78826" />
  <table name="(P1153) FRONT O2 SENSOR RANGE/PERF HIGH B1 S1" address="78827" />
  <table name="(P1160) ABNORMAL RETURN SPRING" address="78866" />
  <table name="(P1400) FUEL TANK PRESSURE SOL. LOW" address="7881d" />
  <table name="(P1420) FUEL TANK PRESSURE SOL. HIGH INPUT" address="7881e" />
  <table name="(P1443) VENT CONTROL SOLENOID FUNCTION PROBLEM" address="78821" />
  <table name="(P1491) PCV (BLOWBY) FUNCTION PROBLEM" address="7884e" />
  <table name="(P1492) EGR SOLENOID SIGNAL 1 MALFUNCTION (LOW)" address="7880f" />
  <table name="(P1493) EGR SOLENOID SIGNAL 1 MALFUNCTION (HIGH)" address="78810" />
  <table name="(P1494) EGR SOLENOID SIGNAL 2 MALFUNCTION (LOW)" address="78811" />
  <table name="(P1495) EGR SOLENOID SIGNAL 2 MALFUNCTION (HIGH)" address="78812" />
  <table name="(P1496) EGR SIGNAL 3 CIRCUIT LOW" address="78813" />
  <table name="(P1497) EGR SOLENOID SIGNAL 3 MALFUNCTION (HIGH)" address="78814" />
  <table name="(P1498) EGR SIGNAL 4 CIRCUIT LOW" address="78815" />
  <table name="(P1499) EGR SIGNAL 4 CIRCUIT HIGH" address="78816" />
  <table name="(P1519) IMRC STUCK CLOSED" address="788ba" />
  <table name="(P1520) IMRC CIRCUIT MALFUNCTION" address="788b9" />
  <table name="(P1560) BACK-UP VOLTAGE MALFUNCTION" address="7884f" />
  <table name="(P1602) CONTROL MODULE PROGRAMMING ERROR" address="788aa" />
  <table name="(P1616) SBDS INTERACTIVE CODES" address="788b8" />
  <table name="(P2096) POST CATALYST TOO LEAN B1" address="7886a" />
  <table name="(P2097) POST CATALYST TOO RICH B1" address="78873" />
  <table name="(P2101) THROTTLE ACTUATOR CIRCUIT RANGE/PERF" address="78869" />
  <table name="(P2102) THROTTLE ACTUATOR CIRCUIT LOW" address="78867" />
  <table name="(P2103) THROTTLE ACTUATOR CIRCUIT HIGH" address="78868" />
  <table name="(P2109) TPS A MINIMUM STOP PERF" address="78863" />
  <table name="(P2122) TPS D CIRCUIT LOW INPUT" address="78870" />
  <table name="(P2123) TPS D CIRCUIT HIGH INPUT" address="78871" />
  <table name="(P2127) TPS E CIRCUIT LOW INPUT" address="7886e" />
  <table name="(P2128) TPS E CIRCUIT HIGH INPUT" address="7886f" />
  <table name="(P2135) TPS A/B VOLTAGE" address="78872" />
  <table name="(P2138) TPS D/E VOLTAGE" address="7886d" />
  <table name="(P2227) BARO. PRESSURE CIRCUIT RANGE/PERF" address="78894" />
  <table name="(P2228) BARO. PRESSURE CIRCUIT LOW INPUT" address="78897" />
  <table name="(P2229) BARO. PRESSURE CIRCUIT HIGH INPUT" address="78896" />
</rom>