<rom>
  <romid>
    <xmlid>EZ1D201D</xmlid>
    <internalidaddress>2004</internalidaddress>
    <internalidstring>EZ1D201D</internalidstring>
    <ecuid>5212167107</ecuid>
    <year>08</year>
    <market>USDM</market>
    <make>Subaru</make>
    <model>Legacy</model>
    <submodel>2.5i</submodel>
    <transmission>AT</transmission>
    <memmodel>SH7058</memmodel>
    <flashmethod>subarucan</flashmethod>
    <checksummodule>subarudbw</checksummodule>
  </romid>
  <include>32BITBASE</include>
  <table name="Manifold Pressure Sensor Scaling_" address="d0a7c" />
  <table name="Manifold Pressure Sensor Limits (CEL)" address="d0a48" />
  <table name="Manifold Pressure Sensor CEL Delays" address="c3364" />
  <table name="Primary Open Loop Fueling A_" address="c938c">
    <table name="X" address="c9338" />
    <table name="Y" address="c9364" elements="10" />
  </table>
  <table name="Primary Open Loop Fueling B_" address="c9450">
    <table name="X" address="c93fc" />
    <table name="Y" address="c9428" elements="10" />
  </table>
  <table name="Minimum Active Primary Open Loop Enrichment" address="c667c" />
  <table name="Front Oxygen Sensor Scaling" address="d0fa8">
    <table name="Y" address="d0f74" />
  </table>
  <table name="Front Oxygen Sensor Rich Limit" address="1f178" />
  <table name="Front Oxygen Sensor Compensation (Atm. Pressure)" address="c21e4">
    <table name="Y" address="c21d4" />
  </table>
  <table name="CL Fueling Target Compensation A (Load)" address="c9e70">
    <table name="X" address="c9df8" />
    <table name="Y" address="c9e24" elements="19" />
  </table>
  <table name="CL Fueling Target Compensation B (Load)" address="ca2a8">
    <table name="X" address="ca230" />
    <table name="Y" address="ca25c" elements="19" />
  </table>
  <table name="CL Fueling Target Compensation C (Load)" address="ca6e0">
    <table name="X" address="ca668" />
    <table name="Y" address="ca694" elements="19" />
  </table>
  <table name="CL Fueling Target Compensation D (Load)" address="cab18">
    <table name="X" address="caaa0" />
    <table name="Y" address="caacc" elements="19" />
  </table>
  <table name="CL Fueling Target Compensation (ECT)" address="c9b7c">
    <table name="X" address="c69c8" />
    <table name="Y" address="c9b70" />
  </table>
  <table name="CL Fueling Target Compensation (ECT) Disable" address="c64e0" />
  <table name="CL to OL Delay A (Atm. Pressure)" address="c8238">
    <table name="Y" address="c821c" />
  </table>
  <table name="CL to OL Delay B (Atm. Pressure)" address="c8264">
    <table name="Y" address="c8248" />
  </table>
  <table name="CL to OL Transition with Delay (Accelerator)" address="c6fd4">
    <table name="Y" address="c6f94" />
  </table>
  <table name="CL to OL Transition with Delay Throttle Hysteresis" address="c6680" />
  <table name="CL to OL Transition with Delay (Base Pulse Width)" address="c81fc">
    <table name="Y" address="c81bc" />
  </table>
  <table name="CL to OL Transition with Delay BPW Hysteresis" address="c6684" />
  <table name="CL Delay Minimum (ECT)" address="c6688" />
  <table name="CL Delay Maximum Engine Speed A" address="c6694" />
  <table name="CL Delay Maximum Engine Speed B" address="c6690" />
  <table name="CL Delay Engine Speed B Counter Threshold" address="c622c" />
  <table name="CL Delay Maximum (Throttle) A" address="c668c" />
  <table name="CL Delay Throttle A Counter Threshold" address="c622a" />
  <table name="CL Delay Maximum (Throttle) B (ECT)" address="c6fe4">
    <table name="Y" address="c69c8" />
  </table>
  <table name="Injector Latency_" address="c9998">
    <table name="X" address="c9978" />
    <table name="Y" address="c998c" />
  </table>
  <table name="Injector Flow Scaling" address="c639c" />
  <table name="Per Injector Pulse Width Compensation A" address="c9548">
    <table name="X" address="c950c" elements="8" />
    <table name="Y" address="c952c" elements="7" />
  </table>
  <table name="Per Injector Pulse Width Compensation B" address="c95bc">
    <table name="X" address="c9580" elements="8" />
    <table name="Y" address="c95a0" elements="7" />
  </table>
  <table name="Per Injector Pulse Width Compensation C" address="c9630">
    <table name="X" address="c95f4" elements="8" />
    <table name="Y" address="c9614" elements="7" />
  </table>
  <table name="Per Injector Pulse Width Compensation D" address="c96a4">
    <table name="X" address="c9668" elements="8" />
    <table name="Y" address="c9688" elements="7" />
  </table>
  <table name="Cranking Fuel Injector Pulse Width A (ECT)" address="c7302">
    <table name="Y" address="c69c8" />
  </table>
  <table name="Cranking Fuel Injector Pulse Width B (ECT)" address="c7322">
    <table name="Y" address="c69c8" />
  </table>
  <table name="Cranking Fuel Injector Pulse Width C (ECT)" address="c7342">
    <table name="Y" address="c69c8" />
  </table>
  <table name="Cranking Fuel Injector Pulse Width D (ECT)" address="c7362">
    <table name="Y" address="c69c8" />
  </table>
  <table name="Cranking Fuel Injector Pulse Width E (ECT)" address="c7382">
    <table name="Y" address="c69c8" />
  </table>
  <table name="Cranking Fuel Injector Pulse Width F (ECT)" address="c73a2">
    <table name="Y" address="c69c8" />
  </table>
  <table name="Cranking Fuel Injector Pulse Width G (ECT)" address="c73c2">
    <table name="Y" address="c69c8" />
  </table>
  <table name="Cranking Fuel Injector Pulse Width H (ECT)" address="c73e2">
    <table name="Y" address="c69c8" />
  </table>
  <table name="Cranking Fuel Injector Pulse Width I (ECT)" address="c7402">
    <table name="Y" address="c69c8" />
  </table>
  <table name="Cranking Fuel IPW Compensation A (RPM)" address="c8e04">
    <table name="X" address="c8dd4" />
    <table name="Y" address="c8de8" />
  </table>
  <table name="Cranking Fuel IPW Compensation B (RPM)" address="c8eb4">
    <table name="X" address="c8e7c" />
    <table name="Y" address="c8e90" elements="9" />
  </table>
  <table name="Cranking Fuel IPW Compensation (MAP)" address="c6bc0">
    <table name="Y" address="c6b98" />
  </table>
  <table name="Cranking Fuel IPW Compensation (Accelerator)" address="c6be4">
    <table name="Y" address="c6bcc" />
  </table>
  <table name="Cranking Fuel IPW Compensation (IAT)" address="c6c00">
    <table name="Y" address="c6bec" />
  </table>
  <table name="Throttle Tip-in Enrichment A" address="c87f8">
    <table name="Y" address="c87b0" />
  </table>
  <table name="Throttle Tip-in Enrichment B" address="c8864">
    <table name="Y" address="c881c" />
  </table>
  <table name="Minimum Tip-in Enrichment Activation" address="c685c" />
  <table name="Minimum Tip-in Enrichment Activation (Throttle)" address="c6858" />
  <table name="Tip-in Enrichment Compensation (RPM)" address="c7198">
    <table name="Y" address="c7174" />
  </table>
  <table name="Tip-in Enrichment Compensation (MRP)" address="c71c8">
    <table name="Y" address="c71a4" />
  </table>
  <table name="Tip-in Enrichment Compensation A (ECT)" address="c71d1">
    <table name="Y" address="c69c8" />
  </table>
  <table name="Tip-in Enrichment Compensation B (ECT)" address="c8888">
    <table name="Y" address="c69c8" />
  </table>
  <table name="Tip-in Enrichment Compensation C (ECT)" address="c88a8">
    <table name="Y" address="c69c8" />
  </table>
  <table name="Tip-in Enrichment Compensation D (ECT)" address="c88e8">
    <table name="Y" address="c6a08" />
  </table>
  <table name="Tip-in Enrichment Compensation D (ECT) Activation" address="c6860" />
  <table name="Tip-in Enrichment Disable Applied Counter Threshold A (ECT)" address="c71e1">
    <table name="Y" address="c69c8" />
  </table>
  <table name="Tip-in Enrichment Disable Applied Counter Threshold B (ECT)" address="c71f1">
    <table name="Y" address="c69c8" />
  </table>
  <table name="Tip-in Enrichment Applied Counter Reset" address="c61db" />
  <table name="Tip-in Enrichment Disable Throttle Cumulative Threshold A (ECT)" address="c8908">
    <table name="Y" address="c69c8" />
  </table>
  <table name="Tip-in Enrichment Disable Throttle Cumulative Threshold B (ECT)" address="c8928">
    <table name="Y" address="c69c8" />
  </table>
  <table name="Tip-in Throttle Cumulative Reset" address="c61dc" />
  <table name="A/F Learning #1 Limits" address="c6584" />
  <table name="A/F Learning #1 Airflow Ranges" address="c65a4" />
  <table name="MAF Limit (Maximum)" address="c1c1c" />
  <table name="MAF Sensor Scaling" address="d0eb4">
    <table name="Y" address="d0df4" elements="48" />
  </table>
  <table name="MAF Compensation (IAT)" address="c2660">
    <table name="X" address="c262c" />
    <table name="Y" address="c2640" />
  </table>
  <table name="Engine Load Limit (Maximum)" address="1e2e0" />
  <table name="Engine Load Compensation A (MP)" address="c26e4">
    <table name="X" address="c2688" />
    <table name="Y" address="c26b4" />
  </table>
  <table name="Engine Load Compensation B (MP)" address="c27c4">
    <table name="X" address="c2768" />
    <table name="Y" address="c2794" />
  </table>
  <table name="Base Timing A" address="cd3b0">
    <table name="X" address="cd32c" elements="14" />
    <table name="Y" address="cd364" elements="19" />
  </table>
  <table name="Base Timing B" address="cd540">
    <table name="X" address="cd4bc" elements="14" />
    <table name="Y" address="cd4f4" elements="19" />
  </table>
  <table name="Base Timing C" address="cd6d0">
    <table name="X" address="cd64c" elements="14" />
    <table name="Y" address="cd684" elements="19" />
  </table>
  <table name="Base Timing D" address="cd860">
    <table name="X" address="cd7dc" elements="14" />
    <table name="Y" address="cd814" elements="19" />
  </table>
  <table name="Base Timing Idle (In-Gear)(Above Speed Threshold)" address="cbfb4">
    <table name="Y" address="cbe48" />
  </table>
  <table name="Base Timing Idle (In-Gear)(Below Speed Threshold)" address="cbfbd">
    <table name="Y" address="cbe48" />
  </table>
  <table name="Base Timing Idle (Neutral)" address="cbff4">
    <table name="Y" address="cbfd0" />
  </table>
  <table name="Base Timing Idle Vehicle Speed Threshold" address="cbab4" />
  <table name="Knock Correction Advance Max A" address="ce080">
    <table name="X" address="cdffc" elements="14" />
    <table name="Y" address="ce034" elements="19" />
  </table>
  <table name="Knock Correction Advance Max B" address="ce210">
    <table name="X" address="ce18c" elements="14" />
    <table name="Y" address="ce1c4" elements="19" />
  </table>
  <table name="Timing Compensation (IAT)" address="cc160">
    <table name="Y" address="cc120" />
  </table>
  <table name="Timing Compensation (IAT) Activation" address="cd9bc">
    <table name="X" address="cd96c" elements="16" />
    <table name="Y" address="cd9ac" elements="4" />
  </table>
  <table name="Timing Compensation A (ECT)" address="cc0dd">
    <table name="Y" address="cbdc8" />
  </table>
  <table name="Timing Compensation B (ECT)" address="cc0ed">
    <table name="Y" address="cbdc8" />
  </table>
  <table name="Timing Compensation C (ECT)" address="cc0fd">
    <table name="Y" address="cbdc8" />
  </table>
  <table name="Timing Compensation D (ECT)" address="cc10d">
    <table name="Y" address="cbdc8" />
  </table>
  <table name="Timing Compensation Per Cylinder A" address="cdd70">
    <table name="X" address="cdd1c" />
    <table name="Y" address="cdd54" elements="7" />
  </table>
  <table name="Timing Compensation Per Cylinder B" address="cde28">
    <table name="X" address="cddd4" />
    <table name="Y" address="cde0c" elements="7" />
  </table>
  <table name="Timing Compensation Per Cylinder C" address="cdee0">
    <table name="X" address="cde8c" />
    <table name="Y" address="cdec4" elements="7" />
  </table>
  <table name="Timing Compensation Per Cylinder D" address="cdf98">
    <table name="X" address="cdf44" />
    <table name="Y" address="cdf7c" elements="7" />
  </table>
  <table name="Timing Comp Minimum Load (Per Cylinder)" address="cbcb8" />
  <table name="Timing Comp Maximum RPM (Per Cylinder)" address="cbcb4" />
  <table name="Timing Comp Minimum Coolant Temp (Per Cylinder)" address="cbcbc" />
  <table name="Feedback Correction Range (RPM)" address="cbcc4" />
  <table name="Feedback Correction Minimum Load_" address="cc828">
    <table name="Y" address="cc818" />
  </table>
  <table name="Feedback Correction Retard Value_" address="cd1c8">
    <table name="Y" address="cd194" />
  </table>
  <table name="Feedback Correction Retard Limit" address="cbcd8" />
  <table name="Feedback Correction Negative Advance Value" address="cbcdc" />
  <table name="Feedback Correction Negative Advance Delay_" address="cc864">
    <table name="Y" address="cc830" />
  </table>
  <table name="Fine Correction Range (RPM)" address="cbd90" />
  <table name="Fine Correction Range (Load)" address="cbda0" />
  <table name="Fine Correction Rows (RPM)_" address="cbd38" />
  <table name="Fine Correction Columns (Load)_" address="cbd58" />
  <table name="Fine Correction Retard Value_" address="cd230">
    <table name="Y" address="cd1fc" />
  </table>
  <table name="Fine Correction Retard Limit" address="cbd84" />
  <table name="Fine Correction Advance Value" address="cbd80" />
  <table name="Fine Correction Advance Limit" address="cbd7c" />
  <table name="Fine Correction Advance Delay" address="cb9c8" />
  <table name="Rough Correction Range (RPM)" address="cbcf4" />
  <table name="Rough Correction Range (Load)" address="cbd04" />
  <table name="Rough Correction Minimum KC Advance Map Value" address="cbd14" />
  <table name="Rough Correction Learning Delay (Increasing)_" address="cc8a8">
    <table name="Y" address="cc880" />
  </table>
  <table name="Advance Multiplier (Initial)" address="cbd18" />
  <table name="Advance Multiplier Step Value" address="cbd1c" />
  <table name="Requested Torque A (Accelerator Pedal)" address="ddefc">
    <table name="X" address="dde68" elements="17" />
    <table name="Y" address="ddeac" elements="20" />
  </table>
  <table name="Requested Torque B (Accelerator Pedal)" address="de238">
    <table name="X" address="de1a4" elements="17" />
    <table name="Y" address="de1e8" elements="20" />
  </table>
  <table name="Requested Torque C (Accelerator Pedal)" address="de574">
    <table name="X" address="de4e0" elements="17" />
    <table name="Y" address="de524" elements="20" />
  </table>
  <table name="Requested Torque D (Accelerator Pedal)" address="de8b0">
    <table name="X" address="de81c" elements="17" />
    <table name="Y" address="de860" elements="20" />
  </table>
  <table name="Requested Torque E (Accelerator Pedal)" address="debec">
    <table name="X" address="deb58" elements="17" />
    <table name="Y" address="deb9c" elements="20" />
  </table>
  <table name="Requested Torque F (Accelerator Pedal)" address="def28">
    <table name="X" address="dee94" elements="17" />
    <table name="Y" address="deed8" elements="20" />
  </table>
  <table name="Target Throttle Plate Position A (Requested Torque)" address="dcd98">
    <table name="X" address="dccd8" elements="28" />
    <table name="Y" address="dcd48" elements="20" />
  </table>
  <table name="Target Throttle Plate Position B (Requested Torque)" address="dd2b8">
    <table name="X" address="dd1f8" elements="28" />
    <table name="Y" address="dd268" elements="20" />
  </table>
  <table name="Target Throttle Plate Position Maximum (Requested Torque)" address="dd7d8">
    <table name="X" address="dd718" elements="28" />
    <table name="Y" address="dd788" elements="20" />
  </table>
  <table name="Rev Limit (Fuel Cut)" address="c68e4" />
  <table name="Rev Limit Fuel Resume (MP)" address="c68ec" />
  <table name="Speed Limiting Enable (Fuel Cut)" address="c6930" />
  <table name="Speed Limiting Disable (Fuel Cut)" address="c6938" />
  <table name="Speed Limiting A (Throttle)" address="dc648" />
  <table name="Speed Limiting B (Throttle)" address="dc660" />
  <table name="Fuel Temp Sensor Scaling" address="d0d7c">
    <table name="Y" address="d0d04" />
  </table>
  <table name="Intake Temp Sensor Scaling" address="d0c0c">
    <table name="Y" address="d0b94" />
  </table>
  <table name="Coolant Temp Sensor Scaling" address="d0b24">
    <table name="Y" address="d0ab4" />
  </table>
  <table name="Radiator Fan Modes A (ECT)" address="d124c" />
  <table name="Radiator Fan Modes B (ECT)" address="d125c" />
  <table name="Radiator Fan Modes (Veh. Speed)" address="d126c" />
  <table name="Idle Speed Target A" address="cef80">
    <table name="Y" address="ce9e4" />
  </table>
  <table name="Idle Speed Target B" address="cefc0">
    <table name="Y" address="ce9e4" />
  </table>
  <table name="Idle Speed Target C" address="cf000">
    <table name="Y" address="ce9e4" />
  </table>
  <table name="Idle Speed Target D" address="cf020">
    <table name="Y" address="ce9e4" />
  </table>
  <table name="Idle Speed Target E" address="cf060">
    <table name="Y" address="ce9e4" />
  </table>
  <table name="Idle Speed Target F" address="cf0a0">
    <table name="Y" address="ce9e4" />
  </table>
  <table name="Force Pass Readiness Monitors_" address="83794" />
  <table name="(P0000) PASS CODE (NO DTC DETECTED)" address="7878f" />
  <table name="(P0000) PASS CODE (NO DTC DETECTED)_" address="78790" />
  <table name="(P0026) OSV SOLENOID VALVE CIRCUIT RANGE/PERF B1" address="787e1" />
  <table name="(P0028) OSV SOLENOID VALVE CIRCUIT RANGE/PERF B2" address="787de" />
  <table name="(P0030) FRONT O2 SENSOR RANGE/PERF" address="787b4" />
  <table name="(P0031) FRONT O2 SENSOR LOW INPUT" address="7879e" />
  <table name="(P0032) FRONT O2 SENSOR HIGH INPUT" address="7879c" />
  <table name="(P0037) REAR O2 SENSOR LOW INPUT" address="7879d" />
  <table name="(P0038) REAR O2 SENSOR HIGH INPUT" address="7879b" />
  <table name="(P0068) MAP SENSOR RANGE/PERF" address="787af" />
  <table name="(P0076) INTAKE VALVE CIRCUIT LOW (BANK 1)" address="787e3" />
  <table name="(P0077) INTAKE VALVE CONTROL HIGH (BANK 1)" address="787e2" />
  <table name="(P0082) INTAKE VALVE CONTROL LOW (BANK 2)" address="787e0" />
  <table name="(P0083) INTAKE VALVE CONTROL HIGH (BANK 2)" address="787df" />
  <table name="(P0101) MAF SENSOR RANGE/PERF" address="787b0" />
  <table name="(P0102) MAF SENSOR LOW INPUT" address="7874d" />
  <table name="(P0103) MAF SENSOR HIGH INPUT" address="7874e" />
  <table name="(P0107) MAP SENSOR LOW INPUT" address="7879f" />
  <table name="(P0108) MAP SENSOR HIGH INPUT" address="787a0" />
  <table name="(P0111) IAT SENSOR RANGE/PERF" address="7879a" />
  <table name="(P0112) IAT SENSOR LOW INPUT" address="78798" />
  <table name="(P0113) IAT SENSOR HIGH INPUT" address="78799" />
  <table name="(P0117) COOLANT TEMP SENSOR LOW INPUT" address="78756" />
  <table name="(P0118) COOLANT TEMP SENSOR HIGH INPUT" address="78757" />
  <table name="(P0122) TPS A LOW INPUT" address="78754" />
  <table name="(P0123) TPS A HIGH INPUT" address="78755" />
  <table name="(P0125) INSUFFICIENT COOLANT TEMP (FUELING)" address="78759" />
  <table name="(P0126) INSUFFICIENT COOLANT TEMP (OPERATION)" address="787ed" />
  <table name="(P0128) THERMOSTAT MALFUNCTION" address="787a5" />
  <table name="(P0131) FRONT O2 SENSOR LOW INPUT" address="78792" />
  <table name="(P0132) FRONT O2 SENSOR HIGH INPUT" address="78794" />
  <table name="(P0133) FRONT O2 SENSOR SLOW RESPONSE" address="7877c" />
  <table name="(P0134) FRONT O2 SENSOR NO ACTIVITY" address="787b2" />
  <table name="(P0137) REAR O2 SENSOR LOW VOLTAGE" address="78791" />
  <table name="(P0138) REAR O2 SENSOR HIGH VOLTAGE" address="78796" />
  <table name="(P0139) REAR O2 SENSOR SLOW RESPONSE" address="7877d" />
  <table name="(P0140) REAR O2 SENSOR NO ACTIVITY" address="78800" />
  <table name="(P0171) SYSTEM TOO LEAN" address="78786" />
  <table name="(P0172) SYSTEM TOO RICH" address="78787" />
  <table name="(P0181) FUEL TEMP SENSOR A RANGE/PERF" address="78765" />
  <table name="(P0182) FUEL TEMP SENSOR A LOW INPUT" address="78763" />
  <table name="(P0183) FUEL TEMP SENSOR A HIGH INPUT" address="78764" />
  <table name="(P0196) OIL TEMP SENSOR RANGE/PERF" address="787e4" />
  <table name="(P0197) OIL TEMP SENSOR LOW" address="787da" />
  <table name="(P0198) OIL TEMP SENSOR HIGH" address="787e5" />
  <table name="(P0222) TPS B LOW INPUT" address="787bc" />
  <table name="(P0223) TPS B HIGH INPUT" address="787bd" />
  <table name="(P0301) MISFIRE CYLINDER 1" address="78788" />
  <table name="(P0302) MISFIRE CYLINDER 2" address="78789" />
  <table name="(P0303) MISFIRE CYLINDER 3" address="7878a" />
  <table name="(P0304) MISFIRE CYLINDER 4" address="7878b" />
  <table name="(P0327) KNOCK SENSOR 1 LOW INPUT" address="78752" />
  <table name="(P0328) KNOCK SENSOR 1 HIGH INPUT" address="78753" />
  <table name="(P0335) CRANKSHAFT POS. SENSOR A MALFUNCTION" address="78748" />
  <table name="(P0336) CRANKSHAFT POS. SENSOR A RANGE/PERF" address="78749" />
  <table name="(P0340) CAMSHAFT POS. SENSOR A MALFUNCTION" address="7874b" />
  <table name="(P0341) CAMSHAFT POS. SENSOR A RANGE/PERF" address="7874a" />
  <table name="(P0400) EGR FLOW" address="78785" />
  <table name="(P0420) CAT EFFICIENCY BELOW THRESHOLD" address="78782" />
  <table name="(P0442) EVAP LEAK DETECTED (SMALL)" address="78783" />
  <table name="(P0447) EVAP VENT CONTROL CIRCUIT OPEN" address="7877a" />
  <table name="(P0448) EVAP VENT CONTROL CIRCUIT SHORTED" address="7877b" />
  <table name="(P0451) EVAP PRESSURE SENSOR RANGE/PERF" address="78761" />
  <table name="(P0452) EVAP PRESSURE SENSOR LOW INPUT" address="7875f" />
  <table name="(P0453) EVAP PRESSURE SENSOR HIGH INPUT" address="78760" />
  <table name="(P0456) EVAP LEAK DETECTED (VERY SMALL)" address="78784" />
  <table name="(P0457) EVAP LEAK DETECTED (FUEL CAP)" address="7878e" />
  <table name="(P0458) EVAP PURGE VALVE CIRCUIT LOW" address="78777" />
  <table name="(P0459) EVAP PURGE VALVE CIRCUIT HIGH" address="78778" />
  <table name="(P0461) FUEL LEVEL SENSOR RANGE/PERF" address="7875c" />
  <table name="(P0462) FUEL LEVEL SENSOR LOW INPUT" address="7875a" />
  <table name="(P0463) FUEL LEVEL SENSOR HIGH INPUT" address="7875b" />
  <table name="(P0464) FUEL LEVEL SENSOR INTERMITTENT" address="78758" />
  <table name="(P0500) VEHICLE SPEED SENSOR A" address="7874f" />
  <table name="(P0506) IDLE CONTROL RPM LOWER THAN EXPECTED" address="7876f" />
  <table name="(P0507) IDLE CONTROL RPM HIGH THAN EXPECTED" address="78770" />
  <table name="(P0512) STARTER REQUEST CIRCUIT" address="7875e" />
  <table name="(P0600) SERIAL COMMUNICATION LINK" address="787cc" />
  <table name="(P0604) CONTROL MODULE RAM ERROR" address="7874c" />
  <table name="(P0605) CONTROL MODULE ROM ERROR" address="787d1" />
  <table name="(P0607) CONTROL MODULE PERFORMANCE" address="787c4" />
  <table name="(P0638) THROTTLE ACTUATOR RANGE/PERF" address="787c3" />
  <table name="(P0700) TRANSMISSION CONTROL SYSTEM" address="787dd" />
  <table name="(P0851) NEUTRAL SWITCH INPUT LOW" address="78762" />
  <table name="(P0852) NEUTRAL SWITCH INPUT HIGH" address="78766" />
  <table name="(P1152) FRONT O2 SENSOR RANGE/PERF LOW B1 S1" address="7877e" />
  <table name="(P1153) FRONT O2 SENSOR RANGE/PERF HIGH B1 S1" address="7877f" />
  <table name="(P1160) ABNORMAL RETURN SPRING" address="787be" />
  <table name="(P1400) FUEL TANK PRESSURE SOL. LOW" address="78775" />
  <table name="(P1420) FUEL TANK PRESSURE SOL. HIGH INPUT" address="78776" />
  <table name="(P1443) VENT CONTROL SOLENOID FUNCTION PROBLEM" address="78779" />
  <table name="(P1491) PCV (BLOWBY) FUNCTION PROBLEM" address="787a6" />
  <table name="(P1492) EGR SOLENOID SIGNAL 1 MALFUNCTION (LOW)" address="78767" />
  <table name="(P1493) EGR SOLENOID SIGNAL 1 MALFUNCTION (HIGH)" address="78768" />
  <table name="(P1494) EGR SOLENOID SIGNAL 2 MALFUNCTION (LOW)" address="78769" />
  <table name="(P1495) EGR SOLENOID SIGNAL 2 MALFUNCTION (HIGH)" address="7876a" />
  <table name="(P1496) EGR SIGNAL 3 CIRCUIT LOW" address="7876b" />
  <table name="(P1497) EGR SOLENOID SIGNAL 3 MALFUNCTION (HIGH)" address="7876c" />
  <table name="(P1498) EGR SIGNAL 4 CIRCUIT LOW" address="7876d" />
  <table name="(P1499) EGR SIGNAL 4 CIRCUIT HIGH" address="7876e" />
  <table name="(P1519) IMRC STUCK CLOSED" address="78812" />
  <table name="(P1520) IMRC CIRCUIT MALFUNCTION" address="78811" />
  <table name="(P1560) BACK-UP VOLTAGE MALFUNCTION" address="787a7" />
  <table name="(P1602) CONTROL MODULE PROGRAMMING ERROR" address="78802" />
  <table name="(P1616) SBDS INTERACTIVE CODES" address="78810" />
  <table name="(P2096) POST CATALYST TOO LEAN B1" address="787c2" />
  <table name="(P2097) POST CATALYST TOO RICH B1" address="787cb" />
  <table name="(P2101) THROTTLE ACTUATOR CIRCUIT RANGE/PERF" address="787c1" />
  <table name="(P2102) THROTTLE ACTUATOR CIRCUIT LOW" address="787bf" />
  <table name="(P2103) THROTTLE ACTUATOR CIRCUIT HIGH" address="787c0" />
  <table name="(P2109) TPS A MINIMUM STOP PERF" address="787bb" />
  <table name="(P2122) TPS D CIRCUIT LOW INPUT" address="787c8" />
  <table name="(P2123) TPS D CIRCUIT HIGH INPUT" address="787c9" />
  <table name="(P2127) TPS E CIRCUIT LOW INPUT" address="787c6" />
  <table name="(P2128) TPS E CIRCUIT HIGH INPUT" address="787c7" />
  <table name="(P2135) TPS A/B VOLTAGE" address="787ca" />
  <table name="(P2138) TPS D/E VOLTAGE" address="787c5" />
  <table name="(P2227) BARO. PRESSURE CIRCUIT RANGE/PERF" address="787ec" />
  <table name="(P2228) BARO. PRESSURE CIRCUIT LOW INPUT" address="787ef" />
  <table name="(P2229) BARO. PRESSURE CIRCUIT HIGH INPUT" address="787ee" />
</rom>