<rom>
  <romid>
    <xmlid>EZ1D302C</xmlid>
    <internalidaddress>2004</internalidaddress>
    <internalidstring>EZ1D302C</internalidstring>
    <ecuid>52121A7307</ecuid>
    <year>09</year>
    <market>USDM</market>
    <make>Subaru</make>
    <model>Legacy</model>
    <submodel>2.5i</submodel>
    <transmission>MT</transmission>
    <memmodel>SH7058</memmodel>
    <flashmethod>subarucan</flashmethod>
    <checksummodule>subarudbw</checksummodule>
  </romid>
  <include>32BITBASE</include>
  <table name="Manifold Pressure Sensor Scaling_" address="d09d4" />
  <table name="Manifold Pressure Sensor Limits (CEL)" address="d09a0" />
  <table name="Manifold Pressure Sensor CEL Delays" address="c3348" />
  <table name="Primary Open Loop Fueling A_" address="c9374">
    <table name="X" address="c9320" />
    <table name="Y" address="c934c" elements="10" />
  </table>
  <table name="Primary Open Loop Fueling B_" address="c9438">
    <table name="X" address="c93e4" />
    <table name="Y" address="c9410" elements="10" />
  </table>
  <table name="Minimum Active Primary Open Loop Enrichment" address="c6658" />
  <table name="Front Oxygen Sensor Scaling" address="d0f00">
    <table name="Y" address="d0ecc" />
  </table>
  <table name="Front Oxygen Sensor Rich Limit" address="1f178" />
  <table name="Front Oxygen Sensor Compensation (Atm. Pressure)" address="c21c8">
    <table name="Y" address="c21b8" />
  </table>
  <table name="CL Fueling Target Compensation A (Load)" address="c9c3c">
    <table name="X" address="c9bc4" />
    <table name="Y" address="c9bf0" elements="19" />
  </table>
  <table name="CL Fueling Target Compensation B (Load)" address="ca074">
    <table name="X" address="c9ffc" />
    <table name="Y" address="ca028" elements="19" />
  </table>
  <table name="CL Fueling Target Compensation C (Load)" address="ca4ac">
    <table name="X" address="ca434" />
    <table name="Y" address="ca460" elements="19" />
  </table>
  <table name="CL Fueling Target Compensation D (Load)" address="ca8e4">
    <table name="X" address="ca86c" />
    <table name="Y" address="ca898" elements="19" />
  </table>
  <table name="CL Fueling Target Compensation (ECT)" address="c9b64">
    <table name="X" address="c69a4" />
    <table name="Y" address="c9b58" />
  </table>
  <table name="CL Fueling Target Compensation (ECT) Disable" address="c64bc" />
  <table name="CL to OL Delay A (Atm. Pressure)" address="c8220">
    <table name="Y" address="c8204" />
  </table>
  <table name="CL to OL Delay B (Atm. Pressure)" address="c824c">
    <table name="Y" address="c8230" />
  </table>
  <table name="CL to OL Transition with Delay (Accelerator)" address="c6fb0">
    <table name="Y" address="c6f70" />
  </table>
  <table name="CL to OL Transition with Delay Throttle Hysteresis" address="c665c" />
  <table name="CL to OL Transition with Delay (Base Pulse Width)" address="c81e4">
    <table name="Y" address="c81a4" />
  </table>
  <table name="CL to OL Transition with Delay BPW Hysteresis" address="c6660" />
  <table name="CL Delay Minimum (ECT)" address="c6664" />
  <table name="CL Delay Maximum Engine Speed A" address="c6670" />
  <table name="CL Delay Maximum Engine Speed B" address="c666c" />
  <table name="CL Delay Engine Speed B Counter Threshold" address="c6208" />
  <table name="CL Delay Maximum (Throttle) A" address="c6668" />
  <table name="CL Delay Throttle A Counter Threshold" address="c6206" />
  <table name="CL Delay Maximum (Throttle) B (ECT)" address="c6fc0">
    <table name="Y" address="c69a4" />
  </table>
  <table name="Injector Latency_" address="c9980">
    <table name="X" address="c9960" />
    <table name="Y" address="c9974" />
  </table>
  <table name="Injector Flow Scaling" address="c6378" />
  <table name="Per Injector Pulse Width Compensation A" address="c9530">
    <table name="X" address="c94f4" elements="8" />
    <table name="Y" address="c9514" elements="7" />
  </table>
  <table name="Per Injector Pulse Width Compensation B" address="c95a4">
    <table name="X" address="c9568" elements="8" />
    <table name="Y" address="c9588" elements="7" />
  </table>
  <table name="Per Injector Pulse Width Compensation C" address="c9618">
    <table name="X" address="c95dc" elements="8" />
    <table name="Y" address="c95fc" elements="7" />
  </table>
  <table name="Per Injector Pulse Width Compensation D" address="c968c">
    <table name="X" address="c9650" elements="8" />
    <table name="Y" address="c9670" elements="7" />
  </table>
  <table name="Cranking Fuel Injector Pulse Width A (ECT)" address="c72de">
    <table name="Y" address="c69a4" />
  </table>
  <table name="Cranking Fuel Injector Pulse Width B (ECT)" address="c72fe">
    <table name="Y" address="c69a4" />
  </table>
  <table name="Cranking Fuel Injector Pulse Width C (ECT)" address="c731e">
    <table name="Y" address="c69a4" />
  </table>
  <table name="Cranking Fuel Injector Pulse Width D (ECT)" address="c733e">
    <table name="Y" address="c69a4" />
  </table>
  <table name="Cranking Fuel Injector Pulse Width E (ECT)" address="c735e">
    <table name="Y" address="c69a4" />
  </table>
  <table name="Cranking Fuel Injector Pulse Width F (ECT)" address="c737e">
    <table name="Y" address="c69a4" />
  </table>
  <table name="Cranking Fuel Injector Pulse Width G (ECT)" address="c739e">
    <table name="Y" address="c69a4" />
  </table>
  <table name="Cranking Fuel Injector Pulse Width H (ECT)" address="c73be">
    <table name="Y" address="c69a4" />
  </table>
  <table name="Cranking Fuel Injector Pulse Width I (ECT)" address="c73de">
    <table name="Y" address="c69a4" />
  </table>
  <table name="Cranking Fuel IPW Compensation A (RPM)" address="c8e40">
    <table name="X" address="c8e10" />
    <table name="Y" address="c8e24" />
  </table>
  <table name="Cranking Fuel IPW Compensation B (RPM)" address="c8f04">
    <table name="X" address="c8ecc" />
    <table name="Y" address="c8ee0" elements="9" />
  </table>
  <table name="Cranking Fuel IPW Compensation (MAP)" address="c6b9c">
    <table name="Y" address="c6b74" />
  </table>
  <table name="Cranking Fuel IPW Compensation (Accelerator)" address="c6bc0">
    <table name="Y" address="c6ba8" />
  </table>
  <table name="Cranking Fuel IPW Compensation (IAT)" address="c6bdc">
    <table name="Y" address="c6bc8" />
  </table>
  <table name="Throttle Tip-in Enrichment A" address="c87e0">
    <table name="Y" address="c8798" />
  </table>
  <table name="Throttle Tip-in Enrichment B" address="c884c">
    <table name="Y" address="c8804" />
  </table>
  <table name="Minimum Tip-in Enrichment Activation" address="c6838" />
  <table name="Minimum Tip-in Enrichment Activation (Throttle)" address="c6834" />
  <table name="Tip-in Enrichment Compensation (RPM)" address="c7174">
    <table name="Y" address="c7150" />
  </table>
  <table name="Tip-in Enrichment Compensation (MRP)" address="c71a4">
    <table name="Y" address="c7180" />
  </table>
  <table name="Tip-in Enrichment Compensation A (ECT)" address="c71ad">
    <table name="Y" address="c69a4" />
  </table>
  <table name="Tip-in Enrichment Compensation B (ECT)" address="c8870">
    <table name="Y" address="c69a4" />
  </table>
  <table name="Tip-in Enrichment Compensation C (ECT)" address="c8890">
    <table name="Y" address="c69a4" />
  </table>
  <table name="Tip-in Enrichment Compensation D (ECT)" address="c88d0">
    <table name="Y" address="c69e4" />
  </table>
  <table name="Tip-in Enrichment Compensation D (ECT) Activation" address="c683c" />
  <table name="Tip-in Enrichment Disable Applied Counter Threshold A (ECT)" address="c71bd">
    <table name="Y" address="c69a4" />
  </table>
  <table name="Tip-in Enrichment Disable Applied Counter Threshold B (ECT)" address="c71cd">
    <table name="Y" address="c69a4" />
  </table>
  <table name="Tip-in Enrichment Applied Counter Reset" address="c61b7" />
  <table name="Tip-in Enrichment Disable Throttle Cumulative Threshold A (ECT)" address="c88f0">
    <table name="Y" address="c69a4" />
  </table>
  <table name="Tip-in Enrichment Disable Throttle Cumulative Threshold B (ECT)" address="c8910">
    <table name="Y" address="c69a4" />
  </table>
  <table name="Tip-in Throttle Cumulative Reset" address="c61b8" />
  <table name="A/F Learning #1 Limits" address="c6560" />
  <table name="A/F Learning #1 Airflow Ranges" address="c6580" />
  <table name="MAF Limit (Maximum)" address="c1c00" />
  <table name="MAF Sensor Scaling" address="d0e0c">
    <table name="Y" address="d0d4c" elements="48" />
  </table>
  <table name="MAF Compensation (IAT)" address="c2644">
    <table name="X" address="c2610" />
    <table name="Y" address="c2624" />
  </table>
  <table name="Engine Load Limit (Maximum)" address="1e2e0" />
  <table name="Engine Load Compensation A (MP)" address="c26c8">
    <table name="X" address="c266c" />
    <table name="Y" address="c2698" />
  </table>
  <table name="Engine Load Compensation B (MP)" address="c27a8">
    <table name="X" address="c274c" />
    <table name="Y" address="c2778" />
  </table>
  <table name="Base Timing A" address="cd398">
    <table name="X" address="cd314" elements="14" />
    <table name="Y" address="cd34c" elements="19" />
  </table>
  <table name="Base Timing B" address="cd528">
    <table name="X" address="cd4a4" elements="14" />
    <table name="Y" address="cd4dc" elements="19" />
  </table>
  <table name="Base Timing C" address="cd6b8">
    <table name="X" address="cd634" elements="14" />
    <table name="Y" address="cd66c" elements="19" />
  </table>
  <table name="Base Timing D" address="cd848">
    <table name="X" address="cd7c4" elements="14" />
    <table name="Y" address="cd7fc" elements="19" />
  </table>
  <table name="Base Timing Idle (In-Gear)(Above Speed Threshold)_" address="cd2ec">
    <table name="X" address="cd2b4" />
    <table name="Y" address="cd2dc" />
  </table>
  <table name="Base Timing Idle (In-Gear)(Below Speed Threshold)" address="cbfae">
    <table name="Y" address="cbe30" />
  </table>
  <table name="Base Timing Idle (Neutral)" address="cc00c">
    <table name="Y" address="cbfe8" />
  </table>
  <table name="Base Timing Idle Vehicle Speed Threshold" address="cba9c" />
  <table name="Knock Correction Advance Max A" address="cdfd8">
    <table name="X" address="cdf54" elements="14" />
    <table name="Y" address="cdf8c" elements="19" />
  </table>
  <table name="Knock Correction Advance Max B" address="ce168">
    <table name="X" address="ce0e4" elements="14" />
    <table name="Y" address="ce11c" elements="19" />
  </table>
  <table name="Timing Compensation (IAT)" address="cc148">
    <table name="Y" address="cc108" />
  </table>
  <table name="Timing Compensation (IAT) Activation" address="cd9a4">
    <table name="X" address="cd954" elements="16" />
    <table name="Y" address="cd994" elements="4" />
  </table>
  <table name="Timing Compensation A (ECT)" address="cc0c5">
    <table name="Y" address="cbdb0" />
  </table>
  <table name="Timing Compensation B (ECT)" address="cc0d5">
    <table name="Y" address="cbdb0" />
  </table>
  <table name="Timing Compensation C (ECT)" address="cc0e5">
    <table name="Y" address="cbdb0" />
  </table>
  <table name="Timing Compensation D (ECT)" address="cc0f5">
    <table name="Y" address="cbdb0" />
  </table>
  <table name="Timing Compensation Per Cylinder A" address="cdd50">
    <table name="X" address="cdd04" />
    <table name="Y" address="cdd3c" elements="5" />
  </table>
  <table name="Timing Compensation Per Cylinder B" address="cdde4">
    <table name="X" address="cdd98" />
    <table name="Y" address="cddd0" elements="5" />
  </table>
  <table name="Timing Compensation Per Cylinder C" address="cde78">
    <table name="X" address="cde2c" />
    <table name="Y" address="cde64" elements="5" />
  </table>
  <table name="Timing Compensation Per Cylinder D" address="cdf0c">
    <table name="X" address="cdec0" />
    <table name="Y" address="cdef8" elements="5" />
  </table>
  <table name="Timing Comp Minimum Load (Per Cylinder)" address="cbca0" />
  <table name="Timing Comp Maximum RPM (Per Cylinder)" address="cbc9c" />
  <table name="Timing Comp Minimum Coolant Temp (Per Cylinder)" address="cbca4" />
  <table name="Feedback Correction Range (RPM)" address="cbcac" />
  <table name="Feedback Correction Minimum Load_" address="cc810">
    <table name="Y" address="cc800" />
  </table>
  <table name="Feedback Correction Retard Value_" address="cd1b0">
    <table name="Y" address="cd17c" />
  </table>
  <table name="Feedback Correction Retard Limit" address="cbcc0" />
  <table name="Feedback Correction Negative Advance Value" address="cbcc4" />
  <table name="Feedback Correction Negative Advance Delay_" address="cc84c">
    <table name="Y" address="cc818" />
  </table>
  <table name="Fine Correction Range (RPM)" address="cbd78" />
  <table name="Fine Correction Range (Load)" address="cbd88" />
  <table name="Fine Correction Rows (RPM)_" address="cbd20" />
  <table name="Fine Correction Columns (Load)_" address="cbd40" />
  <table name="Fine Correction Retard Value_" address="cd218">
    <table name="Y" address="cd1e4" />
  </table>
  <table name="Fine Correction Retard Limit" address="cbd6c" />
  <table name="Fine Correction Advance Value" address="cbd68" />
  <table name="Fine Correction Advance Limit" address="cbd64" />
  <table name="Fine Correction Advance Delay" address="cb9b0" />
  <table name="Rough Correction Range (RPM)" address="cbcdc" />
  <table name="Rough Correction Range (Load)" address="cbcec" />
  <table name="Rough Correction Minimum KC Advance Map Value" address="cbcfc" />
  <table name="Rough Correction Learning Delay (Increasing)_" address="cc890">
    <table name="Y" address="cc868" />
  </table>
  <table name="Advance Multiplier (Initial)" address="cbd00" />
  <table name="Advance Multiplier Step Value" address="cbd04" />
  <table name="Requested Torque A (Accelerator Pedal)" address="ddefc">
    <table name="X" address="dde68" elements="17" />
    <table name="Y" address="ddeac" elements="20" />
  </table>
  <table name="Requested Torque B (Accelerator Pedal)" address="de238">
    <table name="X" address="de1a4" elements="17" />
    <table name="Y" address="de1e8" elements="20" />
  </table>
  <table name="Requested Torque C (Accelerator Pedal)" address="de574">
    <table name="X" address="de4e0" elements="17" />
    <table name="Y" address="de524" elements="20" />
  </table>
  <table name="Requested Torque D (Accelerator Pedal)" address="de8b0">
    <table name="X" address="de81c" elements="17" />
    <table name="Y" address="de860" elements="20" />
  </table>
  <table name="Requested Torque E (Accelerator Pedal)" address="debec">
    <table name="X" address="deb58" elements="17" />
    <table name="Y" address="deb9c" elements="20" />
  </table>
  <table name="Requested Torque F (Accelerator Pedal)" address="def28">
    <table name="X" address="dee94" elements="17" />
    <table name="Y" address="deed8" elements="20" />
  </table>
  <table name="Target Throttle Plate Position A (Requested Torque)" address="dcd98">
    <table name="X" address="dccd8" elements="28" />
    <table name="Y" address="dcd48" elements="20" />
  </table>
  <table name="Target Throttle Plate Position B (Requested Torque)" address="dd2b8">
    <table name="X" address="dd1f8" elements="28" />
    <table name="Y" address="dd268" elements="20" />
  </table>
  <table name="Target Throttle Plate Position Maximum (Requested Torque)" address="dd7d8">
    <table name="X" address="dd718" elements="28" />
    <table name="Y" address="dd788" elements="20" />
  </table>
  <table name="Rev Limit (Fuel Cut)" address="c68c0" />
  <table name="Rev Limit Fuel Resume (MP)" address="c68c8" />
  <table name="Speed Limiting Enable (Fuel Cut)" address="c6910" />
  <table name="Speed Limiting Disable (Fuel Cut)" address="c6918" />
  <table name="Speed Limiting A (Throttle)" address="dc648" />
  <table name="Speed Limiting B (Throttle)" address="dc660" />
  <table name="Fuel Temp Sensor Scaling" address="d0cd4">
    <table name="Y" address="d0c5c" />
  </table>
  <table name="Intake Temp Sensor Scaling" address="d0b64">
    <table name="Y" address="d0aec" />
  </table>
  <table name="Coolant Temp Sensor Scaling" address="d0a7c">
    <table name="Y" address="d0a0c" />
  </table>
  <table name="Radiator Fan Modes A (ECT)" address="d11a4" />
  <table name="Radiator Fan Modes B (ECT)" address="d11b4" />
  <table name="Radiator Fan Modes (Veh. Speed)" address="d11c4" />
  <table name="Gear Determination Thresholds A" address="c1d54" />
  <table name="Gear Determination Thresholds B" address="c1d68" />
  <table name="Gear Determination Thresholds C" address="c1d7c" />
  <table name="Idle Speed Target A" address="ceeb8">
    <table name="Y" address="ce93c" />
  </table>
  <table name="Idle Speed Target B" address="ceef8">
    <table name="Y" address="ce93c" />
  </table>
  <table name="Idle Speed Target C" address="cef38">
    <table name="Y" address="ce93c" />
  </table>
  <table name="Idle Speed Target D" address="cef98">
    <table name="Y" address="ce93c" />
  </table>
  <table name="Idle Speed Target E" address="cefd8">
    <table name="Y" address="ce93c" />
  </table>
  <table name="Force Pass Readiness Monitors_" address="8383c" />
  <table name="(P0000) PASS CODE (NO DTC DETECTED)" address="78837" />
  <table name="(P0000) PASS CODE (NO DTC DETECTED)_" address="78838" />
  <table name="(P0026) OSV SOLENOID VALVE CIRCUIT RANGE/PERF B1" address="78889" />
  <table name="(P0028) OSV SOLENOID VALVE CIRCUIT RANGE/PERF B2" address="78886" />
  <table name="(P0030) FRONT O2 SENSOR RANGE/PERF" address="7885c" />
  <table name="(P0031) FRONT O2 SENSOR LOW INPUT" address="78846" />
  <table name="(P0032) FRONT O2 SENSOR HIGH INPUT" address="78844" />
  <table name="(P0037) REAR O2 SENSOR LOW INPUT" address="78845" />
  <table name="(P0038) REAR O2 SENSOR HIGH INPUT" address="78843" />
  <table name="(P0068) MAP SENSOR RANGE/PERF" address="78857" />
  <table name="(P0076) INTAKE VALVE CIRCUIT LOW (BANK 1)" address="7888b" />
  <table name="(P0077) INTAKE VALVE CONTROL HIGH (BANK 1)" address="7888a" />
  <table name="(P0082) INTAKE VALVE CONTROL LOW (BANK 2)" address="78888" />
  <table name="(P0083) INTAKE VALVE CONTROL HIGH (BANK 2)" address="78887" />
  <table name="(P0101) MAF SENSOR RANGE/PERF" address="78858" />
  <table name="(P0102) MAF SENSOR LOW INPUT" address="787f5" />
  <table name="(P0103) MAF SENSOR HIGH INPUT" address="787f6" />
  <table name="(P0107) MAP SENSOR LOW INPUT" address="78847" />
  <table name="(P0108) MAP SENSOR HIGH INPUT" address="78848" />
  <table name="(P0111) IAT SENSOR RANGE/PERF" address="78842" />
  <table name="(P0112) IAT SENSOR LOW INPUT" address="78840" />
  <table name="(P0113) IAT SENSOR HIGH INPUT" address="78841" />
  <table name="(P0117) COOLANT TEMP SENSOR LOW INPUT" address="787fe" />
  <table name="(P0118) COOLANT TEMP SENSOR HIGH INPUT" address="787ff" />
  <table name="(P0122) TPS A LOW INPUT" address="787fc" />
  <table name="(P0123) TPS A HIGH INPUT" address="787fd" />
  <table name="(P0125) INSUFFICIENT COOLANT TEMP (FUELING)" address="78801" />
  <table name="(P0126) INSUFFICIENT COOLANT TEMP (OPERATION)" address="78895" />
  <table name="(P0128) THERMOSTAT MALFUNCTION" address="7884d" />
  <table name="(P0131) FRONT O2 SENSOR LOW INPUT" address="7883a" />
  <table name="(P0132) FRONT O2 SENSOR HIGH INPUT" address="7883c" />
  <table name="(P0133) FRONT O2 SENSOR SLOW RESPONSE" address="78824" />
  <table name="(P0134) FRONT O2 SENSOR NO ACTIVITY" address="7885a" />
  <table name="(P0137) REAR O2 SENSOR LOW VOLTAGE" address="78839" />
  <table name="(P0138) REAR O2 SENSOR HIGH VOLTAGE" address="7883e" />
  <table name="(P0139) REAR O2 SENSOR SLOW RESPONSE" address="78825" />
  <table name="(P0140) REAR O2 SENSOR NO ACTIVITY" address="788a8" />
  <table name="(P0171) SYSTEM TOO LEAN" address="7882e" />
  <table name="(P0172) SYSTEM TOO RICH" address="7882f" />
  <table name="(P0181) FUEL TEMP SENSOR A RANGE/PERF" address="7880d" />
  <table name="(P0182) FUEL TEMP SENSOR A LOW INPUT" address="7880b" />
  <table name="(P0183) FUEL TEMP SENSOR A HIGH INPUT" address="7880c" />
  <table name="(P0196) OIL TEMP SENSOR RANGE/PERF" address="7888c" />
  <table name="(P0197) OIL TEMP SENSOR LOW" address="78882" />
  <table name="(P0198) OIL TEMP SENSOR HIGH" address="7888d" />
  <table name="(P0222) TPS B LOW INPUT" address="78864" />
  <table name="(P0223) TPS B HIGH INPUT" address="78865" />
  <table name="(P0301) MISFIRE CYLINDER 1" address="78830" />
  <table name="(P0302) MISFIRE CYLINDER 2" address="78831" />
  <table name="(P0303) MISFIRE CYLINDER 3" address="78832" />
  <table name="(P0304) MISFIRE CYLINDER 4" address="78833" />
  <table name="(P0327) KNOCK SENSOR 1 LOW INPUT" address="787fa" />
  <table name="(P0328) KNOCK SENSOR 1 HIGH INPUT" address="787fb" />
  <table name="(P0335) CRANKSHAFT POS. SENSOR A MALFUNCTION" address="787f0" />
  <table name="(P0336) CRANKSHAFT POS. SENSOR A RANGE/PERF" address="787f1" />
  <table name="(P0340) CAMSHAFT POS. SENSOR A MALFUNCTION" address="787f3" />
  <table name="(P0341) CAMSHAFT POS. SENSOR A RANGE/PERF" address="787f2" />
  <table name="(P0400) EGR FLOW" address="7882d" />
  <table name="(P0420) CAT EFFICIENCY BELOW THRESHOLD" address="7882a" />
  <table name="(P0442) EVAP LEAK DETECTED (SMALL)" address="7882b" />
  <table name="(P0447) EVAP VENT CONTROL CIRCUIT OPEN" address="78822" />
  <table name="(P0448) EVAP VENT CONTROL CIRCUIT SHORTED" address="78823" />
  <table name="(P0451) EVAP PRESSURE SENSOR RANGE/PERF" address="78809" />
  <table name="(P0452) EVAP PRESSURE SENSOR LOW INPUT" address="78807" />
  <table name="(P0453) EVAP PRESSURE SENSOR HIGH INPUT" address="78808" />
  <table name="(P0456) EVAP LEAK DETECTED (VERY SMALL)" address="7882c" />
  <table name="(P0457) EVAP LEAK DETECTED (FUEL CAP)" address="78836" />
  <table name="(P0458) EVAP PURGE VALVE CIRCUIT LOW" address="7881f" />
  <table name="(P0459) EVAP PURGE VALVE CIRCUIT HIGH" address="78820" />
  <table name="(P0461) FUEL LEVEL SENSOR RANGE/PERF" address="78804" />
  <table name="(P0462) FUEL LEVEL SENSOR LOW INPUT" address="78802" />
  <table name="(P0463) FUEL LEVEL SENSOR HIGH INPUT" address="78803" />
  <table name="(P0464) FUEL LEVEL SENSOR INTERMITTENT" address="78800" />
  <table name="(P0500) VEHICLE SPEED SENSOR A" address="787f7" />
  <table name="(P0506) IDLE CONTROL RPM LOWER THAN EXPECTED" address="78817" />
  <table name="(P0507) IDLE CONTROL RPM HIGH THAN EXPECTED" address="78818" />
  <table name="(P0512) STARTER REQUEST CIRCUIT" address="78806" />
  <table name="(P0600) SERIAL COMMUNICATION LINK" address="78874" />
  <table name="(P0604) CONTROL MODULE RAM ERROR" address="787f4" />
  <table name="(P0605) CONTROL MODULE ROM ERROR" address="78879" />
  <table name="(P0607) CONTROL MODULE PERFORMANCE" address="7886c" />
  <table name="(P0638) THROTTLE ACTUATOR RANGE/PERF" address="7886b" />
  <table name="(P0700) TRANSMISSION CONTROL SYSTEM" address="78885" />
  <table name="(P0851) NEUTRAL SWITCH INPUT LOW" address="7880a" />
  <table name="(P0852) NEUTRAL SWITCH INPUT HIGH" address="7880e" />
  <table name="(P1152) FRONT O2 SENSOR RANGE/PERF LOW B1 S1" address="78826" />
  <table name="(P1153) FRONT O2 SENSOR RANGE/PERF HIGH B1 S1" address="78827" />
  <table name="(P1160) ABNORMAL RETURN SPRING" address="78866" />
  <table name="(P1400) FUEL TANK PRESSURE SOL. LOW" address="7881d" />
  <table name="(P1420) FUEL TANK PRESSURE SOL. HIGH INPUT" address="7881e" />
  <table name="(P1443) VENT CONTROL SOLENOID FUNCTION PROBLEM" address="78821" />
  <table name="(P1491) PCV (BLOWBY) FUNCTION PROBLEM" address="7884e" />
  <table name="(P1492) EGR SOLENOID SIGNAL 1 MALFUNCTION (LOW)" address="7880f" />
  <table name="(P1493) EGR SOLENOID SIGNAL 1 MALFUNCTION (HIGH)" address="78810" />
  <table name="(P1494) EGR SOLENOID SIGNAL 2 MALFUNCTION (LOW)" address="78811" />
  <table name="(P1495) EGR SOLENOID SIGNAL 2 MALFUNCTION (HIGH)" address="78812" />
  <table name="(P1496) EGR SIGNAL 3 CIRCUIT LOW" address="78813" />
  <table name="(P1497) EGR SOLENOID SIGNAL 3 MALFUNCTION (HIGH)" address="78814" />
  <table name="(P1498) EGR SIGNAL 4 CIRCUIT LOW" address="78815" />
  <table name="(P1499) EGR SIGNAL 4 CIRCUIT HIGH" address="78816" />
  <table name="(P1519) IMRC STUCK CLOSED" address="788ba" />
  <table name="(P1520) IMRC CIRCUIT MALFUNCTION" address="788b9" />
  <table name="(P1560) BACK-UP VOLTAGE MALFUNCTION" address="7884f" />
  <table name="(P1602) CONTROL MODULE PROGRAMMING ERROR" address="788aa" />
  <table name="(P1616) SBDS INTERACTIVE CODES" address="788b8" />
  <table name="(P2096) POST CATALYST TOO LEAN B1" address="7886a" />
  <table name="(P2097) POST CATALYST TOO RICH B1" address="78873" />
  <table name="(P2101) THROTTLE ACTUATOR CIRCUIT RANGE/PERF" address="78869" />
  <table name="(P2102) THROTTLE ACTUATOR CIRCUIT LOW" address="78867" />
  <table name="(P2103) THROTTLE ACTUATOR CIRCUIT HIGH" address="78868" />
  <table name="(P2109) TPS A MINIMUM STOP PERF" address="78863" />
  <table name="(P2122) TPS D CIRCUIT LOW INPUT" address="78870" />
  <table name="(P2123) TPS D CIRCUIT HIGH INPUT" address="78871" />
  <table name="(P2127) TPS E CIRCUIT LOW INPUT" address="7886e" />
  <table name="(P2128) TPS E CIRCUIT HIGH INPUT" address="7886f" />
  <table name="(P2135) TPS A/B VOLTAGE" address="78872" />
  <table name="(P2138) TPS D/E VOLTAGE" address="7886d" />
  <table name="(P2227) BARO. PRESSURE CIRCUIT RANGE/PERF" address="78894" />
  <table name="(P2228) BARO. PRESSURE CIRCUIT LOW INPUT" address="78897" />
  <table name="(P2229) BARO. PRESSURE CIRCUIT HIGH INPUT" address="78896" />
</rom>