<rom>
  <romid>
    <xmlid>A2WA20  </xmlid>
    <internalidaddress>2000</internalidaddress>
    <internalidstring>A2WA20  </internalidstring>
    <ecuid>3B02593006</ecuid>
    <year>04</year>
    <market>JDM</market>
    <make>Subaru</make>
    <model>Forester</model>
    <submodel>STi</submodel>
    <transmission>MT</transmission>
    <memmodel>SH7055</memmodel>
    <flashmethod>sti04</flashmethod>
    <checksummodule>subarudbw</checksummodule>
  </romid>
  <include>32BITBASE</include>
  <table name="Target Boost" address="54828">
    <table name="X" address="547d8" />
    <table name="Y" address="547f8" />
  </table>
  <table name="Target Boost Compensation (ECT)" address="543fc">
    <table name="Y" address="54330" />
  </table>
  <table name="Target Boost Compensation (1st Gear)" address="5432c" />
  <table name="Target Boost Compensation (1st Gear) Speed Disable" address="54324" />
  <table name="Target Boost Compensation (Atm. Pressure) Multiplier" address="54504">
    <table name="Y" address="544f4" />
  </table>
  <table name="Target Boost Compensation (Atm. Pressure) Multiplier Offset" address="54430">
    <table name="Y" address="54420" />
  </table>
  <table name="Boost Limit (Fuel Cut)" address="57898">
    <table name="Y" address="57880" />
  </table>
  <table name="Boost Control Disable (IAM)" address="5430c" />
  <table name="Boost Control Disable (Fine Correction)" address="54308" />
  <table name="Boost Control Disable Delay (Fine Correction)" address="542b1" />
  <table name="Initial Wastegate Duty" address="545f8">
    <table name="X" address="545a8" />
    <table name="Y" address="545c8" />
  </table>
  <table name="Max Wastegate Duty" address="54710">
    <table name="X" address="546d0" />
    <table name="Y" address="546f0" />
  </table>
  <table name="Max Wastegate Duty Limit Post-Compensation" address="1335c" />
  <table name="Initial/Max Wastegate Duty Compensation (IAT)" address="543bc">
    <table name="Y" address="5437c" />
  </table>
  <table name="Initial/Max Wastegate Duty Compensation (ECT)" address="543dc">
    <table name="Y" address="54330" />
  </table>
  <table name="Initial/Max Wastegate Duty Compensation (Atm. Pressure)" address="54548">
    <table name="X" address="54520" />
    <table name="Y" address="54538" />
  </table>
  <table name="Turbo Dynamics Proportional" address="54458">
    <table name="Y" address="54434" />
  </table>
  <table name="Turbo Dynamics Integral Positive" address="544c8">
    <table name="Y" address="544a4" />
  </table>
  <table name="Turbo Dynamics Integral Negative" address="54490">
    <table name="Y" address="5446c" />
  </table>
  <table name="TD Activation Thresholds (RPM)" address="542f0" />
  <table name="TD Activation Thresholds (Target Boost)" address="542c4" />
  <table name="TD Integral Cumulative Range (WGDC Correction)" address="542f8" />
  <table name="TD Integral Negative Activation (Boost Error)" address="542d0" />
  <table name="TD Integral Positive Activation (Boost Error)" address="542d8" />
  <table name="TD Integral Positive Activation (Wastegate Duty)" address="542dc" />
  <table name="Manifold Pressure Sensor Scaling" address="53efc" />
  <table name="Manifold Pressure Sensor Limits (CEL)" address="5b5e8" />
  <table name="Manifold Pressure Sensor CEL Delays" address="561b5" />
  <table name="Primary Open Loop Fueling" address="57ba4">
    <table name="X" address="57b1c" elements="16" />
    <table name="Y" address="57b5c" />
  </table>
  <table name="Primary Open Loop Fueling (Failsafe)" address="57d60">
    <table name="X" address="57cd8" elements="16" />
    <table name="Y" address="57d18" />
  </table>
  <table name="Primary Open Loop Fuel Map Switch (IAM)" address="56988" />
  <table name="Minimum Active Primary Open Loop Enrichment" address="568ec" />
  <table name="Minimum Primary Open Loop Enrichment (Throttle)" address="56f50">
    <table name="Y" address="56f38" />
  </table>
  <table name="Primary Open Loop Fueling Compensation (ECT)" address="57714">
    <table name="Y" address="56bcc" />
  </table>
  <table name="Primary Open Loop Fueling Compensation (Timing Compensation)_" address="56f70">
    <table name="Y" address="56f58" />
  </table>
  <table name="Front Oxygen Sensor Scaling" address="5bc78">
    <table name="Y" address="5bc44" />
  </table>
  <table name="Front Oxygen Sensor Rich Limit" address="193f8" />
  <table name="Front Oxygen Sensor Compensation (Atm. Pressure)" address="55894">
    <table name="Y" address="55884" />
  </table>
  <table name="CL Fueling Target Compensation (Load)" address="58714">
    <table name="X" address="586c0" elements="11" />
    <table name="Y" address="586ec" />
  </table>
  <table name="CL Fueling Target Compensation A (ECT)" address="58594">
    <table name="X" address="56bcc" />
    <table name="Y" address="58588" />
  </table>
  <table name="CL Fueling Target Compensation B (ECT)" address="58648">
    <table name="X" address="56bcc" />
    <table name="Y" address="5863c" />
  </table>
  <table name="CL to OL Delay" address="56554">
    <table name="Y" elements="6" />
  </table>
  <table name="CL to OL Transition with Delay A (Throttle)" address="56e88">
    <table name="Y" address="56e48" />
  </table>
  <table name="CL to OL Transition with Delay B (Throttle)" address="56ed8">
    <table name="Y" address="56e98" />
  </table>
  <table name="CL to OL Transition with Delay C (Throttle)" address="56f28">
    <table name="Y" address="56ee8" />
  </table>
  <table name="CL to OL Transition with Delay Throttle Hysteresis" address="568f0" />
  <table name="CL to OL Transition with Delay A (Base Pulse Width)" address="57634">
    <table name="Y" address="575f4" />
  </table>
  <table name="CL to OL Transition with Delay B (Base Pulse Width)" address="57694">
    <table name="Y" address="57654" />
  </table>
  <table name="CL to OL Transition with Delay C (Base Pulse Width)" address="576f4">
    <table name="Y" address="576b4" />
  </table>
  <table name="CL to OL Transition with Delay BPW Hysteresis" address="568f4" />
  <table name="CL Delay Maximum (Throttle)" address="56964" />
  <table name="CL Delay Maximum (Vehicle Speed)" address="56968" />
  <table name="CL Delay Minimum (ECT)" address="568f8" />
  <table name="CL Delay Maximum Engine Speed (Per Gear)" address="56924" />
  <table name="CL Delay Maximum Engine Speed (Neutral)" address="5694c" />
  <table name="Injector Latency" address="5b6f8">
    <table name="Y" address="5b6e4" />
  </table>
  <table name="Injector Flow Scaling" address="5666c" />
  <table name="Per Injector Primary Fuel Offset Compensation A" address="57efc">
    <table name="X" address="57e80" elements="17" />
    <table name="Y" address="57ec4" />
  </table>
  <table name="Per Injector Primary Fuel Offset Compensation B" address="58068">
    <table name="X" address="57fec" elements="17" />
    <table name="Y" address="58030" />
  </table>
  <table name="Per Injector Primary Fuel Offset Compensation C" address="581d4">
    <table name="X" address="58158" elements="17" />
    <table name="Y" address="5819c" />
  </table>
  <table name="Per Injector Primary Fuel Offset Compensation D" address="58340">
    <table name="X" address="582c4" elements="17" />
    <table name="Y" address="58308" />
  </table>
  <table name="Cranking Fuel Injector Pulse Width A (ECT)" address="5707e">
    <table name="Y" address="56bcc" />
  </table>
  <table name="Cranking Fuel Injector Pulse Width B (ECT)" address="5709e">
    <table name="Y" address="56bcc" />
  </table>
  <table name="Cranking Fuel Injector Pulse Width C (ECT)" address="570be">
    <table name="Y" address="56bcc" />
  </table>
  <table name="Cranking Fuel Injector Pulse Width D (ECT)" address="570de">
    <table name="Y" address="56bcc" />
  </table>
  <table name="Cranking Fuel IPW Compensation (RPM)" address="579f8">
    <table name="X" address="579c8" />
    <table name="Y" address="579dc" />
  </table>
  <table name="Cranking Fuel IPW Compensation (Accelerator)" address="56c74">
    <table name="Y" address="56c5c" />
  </table>
  <table name="Throttle Tip-in Enrichment" address="5781c">
    <table name="Y" address="577d4" />
  </table>
  <table name="Minimum Tip-in Enrichment Activation" address="56a60" />
  <table name="Minimum Tip-in Enrichment Activation (Throttle)" address="56a5c" />
  <table name="Tip-in Enrichment Compensation (Boost Error)" address="56ff4">
    <table name="Y" address="56fd0" />
  </table>
  <table name="Tip-in Enrichment Compensation (ECT)" address="57840">
    <table name="Y" address="56bcc" />
  </table>
  <table name="Tip-in Enrichment Disable Applied Counter Threshold" address="56515" />
  <table name="Tip-in Enrichment Applied Counter Reset" address="56516" />
  <table name="Tip-in Enrichment Disable Throttle Cumulative Threshold" address="56a64" />
  <table name="Tip-in Throttle Cumulative Reset" address="56517" />
  <table name="Min Primary Base Enrichment 1 (Non-Primary OL)" address="57af0">
    <table name="X" address="57ac4" elements="8" />
    <table name="Y" address="57ae4" />
  </table>
  <table name="Min Primary Base Enrich 2 Initial Start 1A" address="5717e">
    <table name="Y" address="56bcc" />
  </table>
  <table name="Min Primary Base Enrich 2 Initial Start 1B" address="571be">
    <table name="Y" address="56bcc" />
  </table>
  <table name="Min Primary Base Enrich 2 Initial Start 2A" address="5719e">
    <table name="Y" address="56bcc" />
  </table>
  <table name="Min Primary Base Enrich 2 Initial Start 2B" address="571de">
    <table name="Y" address="56bcc" />
  </table>
  <table name="Min Primary Base Enrich 2 Decay Step 1" address="571fe">
    <table name="Y" address="56bcc" />
  </table>
  <table name="Min Primary Base Enrich 2 Decay Step 2" address="5721e">
    <table name="Y" address="56bcc" />
  </table>
  <table name="Min Primary Base Enrich 3 Initial Start 1A" address="570fe">
    <table name="Y" address="56bcc" />
  </table>
  <table name="Min Primary Base Enrich 3 Initial Start 1B" address="5711e">
    <table name="Y" address="56bcc" />
  </table>
  <table name="Min Primary Base Enrich 3 Initial Start 2A" address="5713e">
    <table name="Y" address="56bcc" />
  </table>
  <table name="Min Primary Base Enrich 3 Initial Start 2B" address="5715e">
    <table name="Y" address="56bcc" />
  </table>
  <table name="Min Primary Base Enrich 3 Decay Delay A" address="56c8a">
    <table name="Y" address="56bcc" />
  </table>
  <table name="Min Primary Base Enrich 3 Decay Delay B" address="56c9a">
    <table name="Y" address="56bcc" />
  </table>
  <table name="Min Primary Base Enrich 3 Decay Multiplier" address="56670" />
  <table name="A/F Learning #1 Limits" address="56898" />
  <table name="A/F Learning #1 Airflow Ranges" address="568a4" />
  <table name="MAF Limit (Maximum)" address="55468" />
  <table name="MAF Sensor Scaling" address="5ba7c">
    <table name="Y" address="5b9a4" />
  </table>
  <table name="MAF Compensation (IAT)" address="55ccc">
    <table name="X" address="55c98" />
    <table name="Y" address="55cac" />
  </table>
  <table name="Engine Load Limit (Maximum)" address="173fc" />
  <table name="Engine Load Compensation (MP)" address="55c14">
    <table name="X" address="55bb8" />
    <table name="Y" address="55be4" elements="12" />
  </table>
  <table name="Base Timing" address="5958c">
    <table name="X" address="59504" elements="16" />
    <table name="Y" address="59544" />
  </table>
  <table name="Base Timing Idle (Below Speed Threshold)" address="58950" />
  <table name="Base Timing Idle (Above Speed Threshold)" address="58d4c">
    <table name="Y" address="58d10" elements="15" />
  </table>
  <table name="Base Timing Idle Vehicle Speed Threshold" address="58920" />
  <table name="Knock Correction Advance Max" address="59968">
    <table name="X" address="598e0" />
    <table name="Y" address="59920" />
  </table>
  <table name="Timing Compensation (IAT)" address="58dbc">
    <table name="Y" address="58d7c" />
  </table>
  <table name="Timing Compensation (IAT) Activation" address="596ec">
    <table name="X" address="596ac" />
    <table name="Y" address="596cc" />
  </table>
  <table name="Timing Compensation (ECT)" address="58d6b">
    <table name="Y" address="58be0" />
  </table>
  <table name="Timing Compensation (MRP)" address="5989c">
    <table name="X" address="5987c" />
    <table name="Y" address="59890" />
  </table>
  <table name="Timing Compensation Per Cylinder A__" address="590ac">
    <table name="Y" address="5906c" elements="16" />
  </table>
  <table name="Timing Compensation Per Cylinder B__" address="590fc">
    <table name="Y" address="590bc" elements="16" />
  </table>
  <table name="Timing Compensation Per Cylinder C__" address="5914c">
    <table name="Y" address="5910c" elements="16" />
  </table>
  <table name="Timing Compensation Per Cylinder D__" address="5919c">
    <table name="Y" address="5915c" elements="16" />
  </table>
  <table name="Timing Comp Minimum Load (Per Cylinder)" address="58a40" />
  <table name="Timing Comp Maximum RPM (Per Cylinder)" address="58a3c" />
  <table name="Timing Comp Minimum Coolant Temp (Per Cylinder)" address="58a44" />
  <table name="Feedback Correction Range (RPM)" address="58a78" />
  <table name="Feedback Correction Minimum Load" address="58a88" />
  <table name="Feedback Correction Retard Value" address="58a58" />
  <table name="Feedback Correction Retard Limit" address="58a54" />
  <table name="Feedback Correction Negative Advance Value" address="58a60" />
  <table name="Feedback Correction Negative Advance Delay" address="5884e" />
  <table name="Extended Feedback Correction High RPM Compensation" address="58a90" />
  <table name="Fine Correction Range (RPM)" address="58b70" />
  <table name="Fine Correction Range (Load)" address="58b80" />
  <table name="Fine Correction Rows (RPM)" address="58ba0" />
  <table name="Fine Correction Columns (Load)" address="58b90" />
  <table name="Fine Correction Retard Value" address="58bb8" />
  <table name="Fine Correction Retard Limit" address="58b68" />
  <table name="Fine Correction Advance Value" address="58b6c" />
  <table name="Fine Correction Advance Limit" address="58b64" />
  <table name="Fine Correction Advance Delay" address="5885c" />
  <table name="Rough Correction Range (RPM)" address="58b08" />
  <table name="Rough Correction Range (Load)" address="58b18" />
  <table name="Rough Correction Minimum KC Advance Map Value" address="58b28" />
  <table name="Rough Correction Learning Delay (Increasing)" address="591d4">
    <table name="Y" address="591ac" />
  </table>
  <table name="Advance Multiplier (Initial)" address="58b04" />
  <table name="Advance Multiplier Step Value" address="58b2c" />
  <table name="Intake Cam Advance Angle (AVCS)" address="5d004">
    <table name="X" address="5cf84" />
    <table name="Y" address="5cfbc" />
  </table>
  <table name="Rev Limit (Fuel Cut)" address="56ab4" />
  <table name="Rev Limit Fuel Resume (Boost)" address="56abc" />
  <table name="Speed Limiting Enable (Fuel Cut)" address="56b04" />
  <table name="Speed Limiting Disable (Fuel Cut)" address="56b0c" />
  <table name="Speed Limiting (Throttle)_" address="55740" />
  <table name="Intake Temp Sensor Scaling" address="53cb0">
    <table name="Y" address="53c38" />
  </table>
  <table name="Coolant Temp Sensor Scaling" address="53bc8">
    <table name="Y" address="53b58" />
  </table>
  <table name="Atmospheric Pressure Sensor Scaling" address="53ea0" />
  <table name="Radiator Fan Modes (ECT)" address="5c3f4" />
  <table name="Radiator Fan Modes (Veh. Speed)" address="5c404" />
  <table name="Gear Determination Thresholds" address="55694" />
  <table name="Idle Speed Target A" address="5a548">
    <table name="Y" address="59fb8" />
  </table>
  <table name="Idle Speed Target B" address="5a588">
    <table name="Y" address="59fb8" />
  </table>
  <table name="Idle Speed Target C" address="5a5c8">
    <table name="Y" address="59fb8" />
  </table>
  <table name="Force Pass Readiness Monitors" address="4755e" />
  <table name="(P0031) FRONT O2 SENSOR LOW INPUT" address="4438a" />
  <table name="(P0032) FRONT O2 SENSOR HIGH INPUT" address="44388" />
  <table name="(P0037) REAR O2 SENSOR LOW INPUT" address="44389" />
  <table name="(P0038) REAR O2 SENSOR HIGH INPUT" address="44387" />
  <table name="(P0102) MAF SENSOR LOW INPUT" address="4433d" />
  <table name="(P0103) MAF SENSOR HIGH INPUT" address="4433e" />
  <table name="(P0107) MAP SENSOR LOW INPUT" address="4438b" />
  <table name="(P0108) MAP SENSOR HIGH INPUT" address="4438c" />
  <table name="(P0112) IAT SENSOR LOW INPUT" address="44384" />
  <table name="(P0113) IAT SENSOR HIGH INPUT" address="44385" />
  <table name="(P0117) COOLANT TEMP SENSOR LOW INPUT" address="44345" />
  <table name="(P0118) COOLANT TEMP SENSOR HIGH INPUT" address="44346" />
  <table name="(P0122) TPS A LOW INPUT" address="44342" />
  <table name="(P0123) TPS A HIGH INPUT" address="44343" />
  <table name="(P0131) FRONT O2 SENSOR LOW INPUT" address="44381" />
  <table name="(P0132) FRONT O2 SENSOR HIGH INPUT" address="44382" />
  <table name="(P0134) FRONT O2 SENSOR NO ACTIVITY" address="443a2" />
  <table name="(P0137) REAR O2 SENSOR LOW VOLTAGE" address="44380" />
  <table name="(P0138) REAR O2 SENSOR HIGH VOLTAGE" address="44383" />
  <table name="(P0171) SYSTEM TOO LEAN" address="44376" />
  <table name="(P0172) SYSTEM TOO RICH" address="44377" />
  <table name="(P0222) TPS B LOW INPUT" address="443a6" />
  <table name="(P0223) TPS B HIGH INPUT" address="443a7" />
  <table name="(P0230) FUEL PUMP PRIMARY CIRCUIT" address="4439e" />
  <table name="(P0245) WASTEGATE SOLENOID A LOW" address="44392" />
  <table name="(P0246) WASTEGATE SOLENOID A HIGH" address="44393" />
  <table name="(P0261) FUEL INJECTOR #1 CIRCUIT LOW" address="44395" />
  <table name="(P0264) FUEL INJECTOR #2 CIRCUIT LOW" address="44396" />
  <table name="(P0267) FUEL INJECTOR #3 CIRCUIT LOW" address="44397" />
  <table name="(P0270) FUEL INJECTOR #4 CIRCUIT LOW" address="44398" />
  <table name="(P0327) KNOCK SENSOR 1 LOW INPUT" address="44340" />
  <table name="(P0328) KNOCK SENSOR 1 HIGH INPUT" address="44341" />
  <table name="(P0335) CRANKSHAFT POS. SENSOR A MALFUNCTION" address="44338" />
  <table name="(P0340) CAMSHAFT POS. SENSOR A MALFUNCTION" address="443ba" />
  <table name="(P0345) CAMSHAFT POS. SENSOR A BANK 2" address="443b9" />
  <table name="(P0350) IGNITION COIL PRIMARY/SECONDARY" address="4434c" />
  <table name="(P0458) EVAP PURGE VALVE CIRCUIT LOW" address="44368" />
  <table name="(P0459) EVAP PURGE VALVE CIRCUIT HIGH" address="44369" />
  <table name="(P0502) VEHICLE SPEED SENSOR LOW INPUT" address="4439d" />
  <table name="(P0503) VEHICLE SPEED SENSOR INTERMITTENT" address="443a4" />
  <table name="(P0512) STARTER REQUEST CIRCUIT" address="4434e" />
  <table name="(P0519) IDLE CONTROL MALFUNCTION (FAIL-SAFE)" address="443a0" />
  <table name="(P0562) SYSTEM VOLTAGE LOW" address="44390" />
  <table name="(P0563) SYSTEM VOLTAGE HIGH" address="44391" />
  <table name="(P0604) CONTROL MODULE RAM ERROR" address="4433c" />
  <table name="(P0605) CONTROL MODULE ROM ERROR" address="443bb" />
  <table name="(P0607) CONTROL MODULE PERFORMANCE" address="443ae" />
  <table name="(P0638) THROTTLE ACTUATOR RANGE/PERF" address="443ad" />
  <table name="(P0851) NEUTRAL SWITCH INPUT LOW" address="44352" />
  <table name="(P0852) NEUTRAL SWITCH INPUT HIGH" address="44356" />
  <table name="(P1160) ABNORMAL RETURN SPRING" address="443a8" />
  <table name="(P1518) STARTER SWITCH LOW INPUT" address="4434d" />
  <table name="(P1560) BACK-UP VOLTAGE MALFUNCTION" address="4438f" />
  <table name="(P2004) TGV - INTAKE MANIFOLD RUNNER 1 STUCK OPEN" address="443c7" />
  <table name="(P2005) TGV - INTAKE MANIFOLD RUNNER 2 STUCK OPEN" address="443c9" />
  <table name="(P2006) TGV - INTAKE MANIFOLD RUNNER 1 STUCK CLOSED" address="443c8" />
  <table name="(P2007) TGV - INTAKE MANIFOLD RUNNER 2 STUCK CLOSED" address="443ca" />
  <table name="(P2008) TGV - INTAKE MANIFOLD RUNNER 1 CIRCUIT OPEN" address="443d5" />
  <table name="(P2009) TGV - INTAKE MANIFOLD RUNNER 1 CIRCUIT LOW" address="443d3" />
  <table name="(P2011) TGV - INTAKE MANIFOLD RUNNER 2 CIRCUIT OPEN" address="443d6" />
  <table name="(P2012) TGV - INTAKE MANIFOLD RUNNER 2 CIRCUIT LOW" address="443d4" />
  <table name="(P2016) TGV - INTAKE MANIFOLD RUNNER 1 POS. SENSOR LOW" address="443cf" />
  <table name="(P2017) TGV - INTAKE MANIFOLD RUNNER 1 POS. SENSOR HIGH" address="443d0" />
  <table name="(P2021) TGV - INTAKE MANIFOLD RUNNER 2 POS. SENSOR LOW" address="443d1" />
  <table name="(P2022) TGV - INTAKE MANIFOLD RUNNER 2 POS. SENSOR HIGH" address="443d2" />
  <table name="(P2088) OCV SOLENOID A1 CIRCUIT OPEN" address="443c3" />
  <table name="(P2089) OCV SOLENOID A1 CIRCUIT SHORT" address="443c2" />
  <table name="(P2092) OCV SOLENOID A2 CIRCUIT OPEN" address="443c1" />
  <table name="(P2093) OCV SOLENOID A2 CIRCUIT SHORT" address="443c0" />
  <table name="(P2101) THROTTLE ACTUATOR CIRCUIT RANGE/PERF" address="443ab" />
  <table name="(P2102) THROTTLE ACTUATOR CIRCUIT LOW" address="443a9" />
  <table name="(P2103) THROTTLE ACTUATOR CIRCUIT HIGH" address="443aa" />
  <table name="(P2109) TPS A MINIMUM STOP PERF" address="443a5" />
  <table name="(P2122) TPS D CIRCUIT LOW INPUT" address="443b2" />
  <table name="(P2123) TPS D CIRCUIT HIGH INPUT" address="443b3" />
  <table name="(P2127) TPS E CIRCUIT LOW INPUT" address="443b0" />
  <table name="(P2128) TPS E CIRCUIT HIGH INPUT" address="443b1" />
  <table name="(P2135) TPS A/B VOLTAGE" address="443b4" />
  <table name="(P2138) TPS D/E VOLTAGE" address="443af" />
  <table name="(P2228) BARO. PRESSURE CIRCUIT LOW INPUT" address="443ce" />
  <table name="(P2229) BARO. PRESSURE CIRCUIT HIGH INPUT" address="443cd" />
</rom>