<rom>
  <romid>
    <xmlid>A2WC000E</xmlid>
    <internalidaddress>2000</internalidaddress>
    <internalidstring>A2WC000E</internalidstring>
    <ecuid>3B02594006</ecuid>
    <year>04</year>
    <market>JDM</market>
    <make>Subaru</make>
    <model>Forester</model>
    <submodel>STi</submodel>
    <transmission>MT</transmission>
    <memmodel>SH7055</memmodel>
    <flashmethod>sti04</flashmethod>
    <checksummodule>subarudbw</checksummodule>
  </romid>
  <include>32BITBASE</include>
  <table name="Target Boost" address="56af0">
    <table name="X" address="56aa0" />
    <table name="Y" address="56ac0" />
  </table>
  <table name="Target Boost Compensation (ECT)" address="5664c">
    <table name="Y" address="56580" />
  </table>
  <table name="Target Boost Compensation (1st Gear)" address="5657c" />
  <table name="Target Boost Compensation (1st Gear) Speed Disable" address="56574" />
  <table name="Target Boost Compensation (Atm. Pressure) Multiplier" address="56754">
    <table name="Y" address="56744" />
  </table>
  <table name="Target Boost Compensation (Atm. Pressure) Multiplier Offset" address="56680">
    <table name="Y" address="56670" />
  </table>
  <table name="Boost Limit (Fuel Cut)" address="59c18">
    <table name="Y" address="59c00" />
  </table>
  <table name="Boost Control Disable (IAM)" address="5655c" />
  <table name="Boost Control Disable (Fine Correction)" address="56558" />
  <table name="Boost Control Disable Delay (Fine Correction)" address="56505" />
  <table name="Initial Wastegate Duty" address="568c0">
    <table name="X" address="56870" />
    <table name="Y" address="56890" />
  </table>
  <table name="Max Wastegate Duty" address="569d8">
    <table name="X" address="56998" />
    <table name="Y" address="569b8" />
  </table>
  <table name="Max Wastegate Duty Limit Post-Compensation" address="13d50" />
  <table name="Initial/Max Wastegate Duty Compensation (IAT)" address="5660c">
    <table name="Y" address="565cc" />
  </table>
  <table name="Initial/Max Wastegate Duty Compensation (ECT)" address="5662c">
    <table name="Y" address="56580" />
  </table>
  <table name="Initial/Max Wastegate Duty Compensation (Atm. Pressure)" address="56810">
    <table name="X" address="567e8" />
    <table name="Y" address="56800" />
  </table>
  <table name="Turbo Dynamics Proportional" address="566a8">
    <table name="Y" address="56684" />
  </table>
  <table name="Turbo Dynamics Integral Positive" address="56718">
    <table name="Y" address="566f4" />
  </table>
  <table name="Turbo Dynamics Integral Negative" address="566e0">
    <table name="Y" address="566bc" />
  </table>
  <table name="TD Activation Thresholds (RPM)" address="56544" />
  <table name="TD Activation Thresholds (Target Boost)" address="56518" />
  <table name="TD Integral Cumulative Range (WGDC Correction)" address="5654c" />
  <table name="TD Integral Negative Activation (Boost Error)" address="56524" />
  <table name="TD Integral Positive Activation (Boost Error)" address="5652c" />
  <table name="TD Integral Positive Activation (Wastegate Duty)" address="56530" />
  <table name="Manifold Pressure Sensor Scaling" address="5614c" />
  <table name="Manifold Pressure Sensor Limits (CEL)" address="5e128" />
  <table name="Manifold Pressure Sensor CEL Delays" address="584d1" />
  <table name="Primary Open Loop Fueling" address="59f34">
    <table name="X" address="59eac" elements="16" />
    <table name="Y" address="59eec" />
  </table>
  <table name="Primary Open Loop Fueling (Failsafe)" address="5a0f0">
    <table name="X" address="5a068" elements="16" />
    <table name="Y" address="5a0a8" />
  </table>
  <table name="Primary Open Loop Fuel Map Switch (IAM)" address="58cb8" />
  <table name="Minimum Active Primary Open Loop Enrichment" address="58c1c" />
  <table name="Minimum Primary Open Loop Enrichment (Throttle)" address="59280">
    <table name="Y" address="59268" />
  </table>
  <table name="Primary Open Loop Fueling Compensation (ECT)" address="59a64">
    <table name="Y" address="58efc" />
  </table>
  <table name="Primary Open Loop Fueling Compensation (Timing Compensation)_" address="592a0">
    <table name="Y" address="59288" />
  </table>
  <table name="Front Oxygen Sensor Scaling" address="5e7b4">
    <table name="Y" address="5e780" />
  </table>
  <table name="Front Oxygen Sensor Rich Limit" address="19d74" />
  <table name="Front Oxygen Sensor Compensation (Atm. Pressure)" address="57bb0">
    <table name="Y" address="57ba0" />
  </table>
  <table name="CL Fueling Target Compensation (Load)" address="5aaa8">
    <table name="X" address="5aa50" elements="12" />
    <table name="Y" address="5aa80" />
  </table>
  <table name="CL Fueling Target Compensation A (ECT)" address="5a924">
    <table name="X" address="58efc" />
    <table name="Y" address="5a918" />
  </table>
  <table name="CL Fueling Target Compensation B (ECT)" address="5a9d8">
    <table name="X" address="58efc" />
    <table name="Y" address="5a9cc" />
  </table>
  <table name="CL to OL Delay" address="58878">
    <table name="Y" elements="6" />
  </table>
  <table name="CL to OL Transition with Delay A (Throttle)" address="591b8">
    <table name="Y" address="59178" />
  </table>
  <table name="CL to OL Transition with Delay B (Throttle)" address="59208">
    <table name="Y" address="591c8" />
  </table>
  <table name="CL to OL Transition with Delay C (Throttle)" address="59258">
    <table name="Y" address="59218" />
  </table>
  <table name="CL to OL Transition with Delay Throttle Hysteresis" address="58c20" />
  <table name="CL to OL Transition with Delay A (Base Pulse Width)" address="59984">
    <table name="Y" address="59944" />
  </table>
  <table name="CL to OL Transition with Delay B (Base Pulse Width)" address="599e4">
    <table name="Y" address="599a4" />
  </table>
  <table name="CL to OL Transition with Delay C (Base Pulse Width)" address="59a44">
    <table name="Y" address="59a04" />
  </table>
  <table name="CL to OL Transition with Delay BPW Hysteresis" address="58c24" />
  <table name="CL Delay Maximum (Throttle)" address="58c94" />
  <table name="CL Delay Maximum (Vehicle Speed)" address="58c98" />
  <table name="CL Delay Minimum (ECT)" address="58c28" />
  <table name="CL Delay Maximum Engine Speed (Per Gear)" address="58c54" />
  <table name="CL Delay Maximum Engine Speed (Neutral)" address="58c7c" />
  <table name="Injector Latency" address="5e234">
    <table name="Y" address="5e220" />
  </table>
  <table name="Injector Flow Scaling" address="58998" />
  <table name="Per Injector Primary Fuel Offset Compensation A" address="5a28c">
    <table name="X" address="5a210" elements="17" />
    <table name="Y" address="5a254" />
  </table>
  <table name="Per Injector Primary Fuel Offset Compensation B" address="5a3f8">
    <table name="X" address="5a37c" elements="17" />
    <table name="Y" address="5a3c0" />
  </table>
  <table name="Per Injector Primary Fuel Offset Compensation C" address="5a564">
    <table name="X" address="5a4e8" elements="17" />
    <table name="Y" address="5a52c" />
  </table>
  <table name="Per Injector Primary Fuel Offset Compensation D" address="5a6d0">
    <table name="X" address="5a654" elements="17" />
    <table name="Y" address="5a698" />
  </table>
  <table name="Cranking Fuel Injector Pulse Width A (ECT)" address="593ae">
    <table name="Y" address="58efc" />
  </table>
  <table name="Cranking Fuel Injector Pulse Width B (ECT)" address="593ce">
    <table name="Y" address="58efc" />
  </table>
  <table name="Cranking Fuel Injector Pulse Width C (ECT)" address="593ee">
    <table name="Y" address="58efc" />
  </table>
  <table name="Cranking Fuel Injector Pulse Width D (ECT)" address="5940e">
    <table name="Y" address="58efc" />
  </table>
  <table name="Cranking Fuel IPW Compensation (RPM)" address="59d78">
    <table name="X" address="59d48" />
    <table name="Y" address="59d5c" />
  </table>
  <table name="Cranking Fuel IPW Compensation (Accelerator)" address="58fa4">
    <table name="Y" address="58f8c" />
  </table>
  <table name="Throttle Tip-in Enrichment" address="59b6c">
    <table name="Y" address="59b24" />
  </table>
  <table name="Minimum Tip-in Enrichment Activation" address="58d90" />
  <table name="Minimum Tip-in Enrichment Activation (Throttle)" address="58d8c" />
  <table name="Tip-in Enrichment Compensation (Boost Error)" address="59324">
    <table name="Y" address="59300" />
  </table>
  <table name="Tip-in Enrichment Compensation (ECT)" address="59b90">
    <table name="Y" address="58efc" />
  </table>
  <table name="Tip-in Enrichment Disable Applied Counter Threshold" address="5883a" />
  <table name="Tip-in Enrichment Applied Counter Reset" address="5883b" />
  <table name="Tip-in Enrichment Disable Throttle Cumulative Threshold" address="58d94" />
  <table name="Tip-in Throttle Cumulative Reset" address="5883c" />
  <table name="Min Primary Base Enrichment 1" address="58ffa">
    <table name="Y" address="58efc" />
  </table>
  <table name="Min Primary Base Enrichment 1 (Non-Primary OL)" address="59e78">
    <table name="X" address="59e44" />
    <table name="Y" address="59e6c" />
  </table>
  <table name="Min Primary Base Enrich 2 Initial Start 1A" address="594ae">
    <table name="Y" address="58efc" />
  </table>
  <table name="Min Primary Base Enrich 2 Initial Start 1B" address="594ee">
    <table name="Y" address="58efc" />
  </table>
  <table name="Min Primary Base Enrich 2 Initial Start 2A" address="594ce">
    <table name="Y" address="58efc" />
  </table>
  <table name="Min Primary Base Enrich 2 Initial Start 2B" address="5950e">
    <table name="Y" address="58efc" />
  </table>
  <table name="Min Primary Base Enrich 2 Decay Step 1" address="5952e">
    <table name="Y" address="58efc" />
  </table>
  <table name="Min Primary Base Enrich 2 Decay Step 2" address="5954e">
    <table name="Y" address="58efc" />
  </table>
  <table name="Min Primary Base Enrich 3 Initial Start 1A" address="5942e">
    <table name="Y" address="58efc" />
  </table>
  <table name="Min Primary Base Enrich 3 Initial Start 1B" address="5944e">
    <table name="Y" address="58efc" />
  </table>
  <table name="Min Primary Base Enrich 3 Initial Start 2A" address="5946e">
    <table name="Y" address="58efc" />
  </table>
  <table name="Min Primary Base Enrich 3 Initial Start 2B" address="5948e">
    <table name="Y" address="58efc" />
  </table>
  <table name="Min Primary Base Enrich 3 Decay Delay A" address="58fba">
    <table name="Y" address="58efc" />
  </table>
  <table name="Min Primary Base Enrich 3 Decay Delay B" address="58fca">
    <table name="Y" address="58efc" />
  </table>
  <table name="Min Primary Base Enrich 3 Decay Multiplier" address="5899c" />
  <table name="A/F Learning #1 Limits" address="58bc8" />
  <table name="A/F Learning #1 Airflow Ranges" address="58bd4" />
  <table name="MAF Limit (Maximum)" address="57730" />
  <table name="MAF Sensor Scaling" address="5e5b8">
    <table name="Y" address="5e4e0" />
  </table>
  <table name="MAF Compensation (IAT)" address="57fe8">
    <table name="X" address="57fb4" />
    <table name="Y" address="57fc8" />
  </table>
  <table name="Engine Load Limit (Maximum)" address="17e08" />
  <table name="Engine Load Compensation (MP)" address="57f30">
    <table name="X" address="57ed4" />
    <table name="Y" address="57f00" elements="12" />
  </table>
  <table name="Base Timing" address="5b940">
    <table name="X" address="5b8b8" elements="16" />
    <table name="Y" address="5b8f8" />
  </table>
  <table name="Base Timing Idle" address="5b0ff">
    <table name="Y" address="5af84" />
  </table>
  <table name="Base Timing Idle Minimum" address="5b0f0">
    <table name="Y" address="5b0b4" elements="15" />
  </table>
  <table name="Base Timing Idle Minimum Vehicle Speed Enable" address="5acc8" />
  <table name="Knock Correction Advance Max" address="5bd58">
    <table name="X" address="5bcd0" />
    <table name="Y" address="5bd10" />
  </table>
  <table name="Timing Compensation (IAT)" address="5b170">
    <table name="Y" address="5b130" />
  </table>
  <table name="Timing Compensation (IAT) Activation" address="5baa0">
    <table name="X" address="5ba60" />
    <table name="Y" address="5ba80" />
  </table>
  <table name="Timing Compensation (ECT)" address="5b11f">
    <table name="Y" address="5af84" />
  </table>
  <table name="Timing Compensation (MRP)" address="5bc8c">
    <table name="X" address="5bc6c" />
    <table name="Y" address="5bc80" />
  </table>
  <table name="Timing Compensation Per Cylinder A__" address="5b460">
    <table name="Y" address="5b420" elements="16" />
  </table>
  <table name="Timing Compensation Per Cylinder B__" address="5b4b0">
    <table name="Y" address="5b470" elements="16" />
  </table>
  <table name="Timing Compensation Per Cylinder C__" address="5b500">
    <table name="Y" address="5b4c0" elements="16" />
  </table>
  <table name="Timing Compensation Per Cylinder D__" address="5b550">
    <table name="Y" address="5b510" elements="16" />
  </table>
  <table name="Timing Comp Minimum Load (Per Cylinder)" address="5ade4" />
  <table name="Timing Comp Maximum RPM (Per Cylinder)" address="5ade0" />
  <table name="Timing Comp Minimum Coolant Temp (Per Cylinder)" address="5ade8" />
  <table name="Feedback Correction Range (RPM)" address="5ae1c" />
  <table name="Feedback Correction Minimum Load" address="5ae2c" />
  <table name="Feedback Correction Retard Value" address="5adfc" />
  <table name="Feedback Correction Retard Limit" address="5adf8" />
  <table name="Feedback Correction Negative Advance Value" address="5ae04" />
  <table name="Feedback Correction Negative Advance Delay" address="5abf6" />
  <table name="Extended Feedback Correction High RPM Compensation" address="5ae34" />
  <table name="Fine Correction Range (RPM)" address="5af14" />
  <table name="Fine Correction Range (Load)" address="5af24" />
  <table name="Fine Correction Rows (RPM)" address="5af44" />
  <table name="Fine Correction Columns (Load)" address="5af34" />
  <table name="Fine Correction Retard Value" address="5af5c" />
  <table name="Fine Correction Retard Limit" address="5af0c" />
  <table name="Fine Correction Advance Value" address="5af10" />
  <table name="Fine Correction Advance Limit" address="5af08" />
  <table name="Fine Correction Advance Delay" address="5ac04" />
  <table name="Rough Correction Range (RPM)" address="5aeac" />
  <table name="Rough Correction Range (Load)" address="5aebc" />
  <table name="Rough Correction Minimum KC Advance Map Value" address="5aecc" />
  <table name="Rough Correction Learning Delay (Increasing)" address="5b588">
    <table name="Y" address="5b560" />
  </table>
  <table name="Advance Multiplier (Initial)" address="5aea8" />
  <table name="Advance Multiplier Step Value" address="5aed0" />
  <table name="Intake Cam Advance Angle (AVCS)" address="5fb70">
    <table name="X" address="5faf0" />
    <table name="Y" address="5fb28" />
  </table>
  <table name="Rev Limit (Fuel Cut)" address="58de4" />
  <table name="Rev Limit Fuel Resume (Boost)" address="58dec" />
  <table name="Speed Limiting Enable (Fuel Cut)" address="58e34" />
  <table name="Speed Limiting Disable (Fuel Cut)" address="58e3c" />
  <table name="Speed Limiting (Throttle)_" address="57a0c" />
  <table name="Intake Temp Sensor Scaling" address="55f08">
    <table name="Y" address="55e90" />
  </table>
  <table name="Coolant Temp Sensor Scaling" address="55e20">
    <table name="Y" address="55db0" />
  </table>
  <table name="Atmospheric Pressure Sensor Scaling" address="560f8" />
  <table name="Radiator Fan Modes (ECT)" address="5ef60" />
  <table name="Radiator Fan Modes (Veh. Speed)" address="5ef70" />
  <table name="Gear Determination Thresholds" address="57960" />
  <table name="Idle Speed Target A" address="5c9cc">
    <table name="Y" address="5c3e4" />
  </table>
  <table name="Idle Speed Target B" address="5ca0c">
    <table name="Y" address="5c3e4" />
  </table>
  <table name="Idle Speed Target C" address="5ca4c">
    <table name="Y" address="5c3e4" />
  </table>
  <table name="Force Pass Readiness Monitors" address="49732" />
  <table name="(P0031) FRONT O2 SENSOR LOW INPUT" address="4655e" />
  <table name="(P0032) FRONT O2 SENSOR HIGH INPUT" address="4655c" />
  <table name="(P0037) REAR O2 SENSOR LOW INPUT" address="4655d" />
  <table name="(P0038) REAR O2 SENSOR HIGH INPUT" address="4655b" />
  <table name="(P0102) MAF SENSOR LOW INPUT" address="46511" />
  <table name="(P0103) MAF SENSOR HIGH INPUT" address="46512" />
  <table name="(P0107) MAP SENSOR LOW INPUT" address="4655f" />
  <table name="(P0108) MAP SENSOR HIGH INPUT" address="46560" />
  <table name="(P0112) IAT SENSOR LOW INPUT" address="46558" />
  <table name="(P0113) IAT SENSOR HIGH INPUT" address="46559" />
  <table name="(P0117) COOLANT TEMP SENSOR LOW INPUT" address="46519" />
  <table name="(P0118) COOLANT TEMP SENSOR HIGH INPUT" address="4651a" />
  <table name="(P0122) TPS A LOW INPUT" address="46516" />
  <table name="(P0123) TPS A HIGH INPUT" address="46517" />
  <table name="(P0131) FRONT O2 SENSOR LOW INPUT" address="46555" />
  <table name="(P0132) FRONT O2 SENSOR HIGH INPUT" address="46556" />
  <table name="(P0134) FRONT O2 SENSOR NO ACTIVITY" address="46576" />
  <table name="(P0137) REAR O2 SENSOR LOW VOLTAGE" address="46554" />
  <table name="(P0138) REAR O2 SENSOR HIGH VOLTAGE" address="46557" />
  <table name="(P0171) SYSTEM TOO LEAN" address="4654a" />
  <table name="(P0172) SYSTEM TOO RICH" address="4654b" />
  <table name="(P0222) TPS B LOW INPUT" address="4657a" />
  <table name="(P0223) TPS B HIGH INPUT" address="4657b" />
  <table name="(P0230) FUEL PUMP PRIMARY CIRCUIT" address="46572" />
  <table name="(P0245) WASTEGATE SOLENOID A LOW" address="46566" />
  <table name="(P0246) WASTEGATE SOLENOID A HIGH" address="46567" />
  <table name="(P0261) FUEL INJECTOR #1 CIRCUIT LOW" address="46569" />
  <table name="(P0264) FUEL INJECTOR #2 CIRCUIT LOW" address="4656a" />
  <table name="(P0267) FUEL INJECTOR #3 CIRCUIT LOW" address="4656b" />
  <table name="(P0270) FUEL INJECTOR #4 CIRCUIT LOW" address="4656c" />
  <table name="(P0327) KNOCK SENSOR 1 LOW INPUT" address="46514" />
  <table name="(P0328) KNOCK SENSOR 1 HIGH INPUT" address="46515" />
  <table name="(P0335) CRANKSHAFT POS. SENSOR A MALFUNCTION" address="4650c" />
  <table name="(P0340) CAMSHAFT POS. SENSOR A MALFUNCTION_" address="4658e" />
  <table name="(P0345) CAMSHAFT POS. SENSOR A BANK 2" address="4658d" />
  <table name="(P0350) IGNITION COIL PRIMARY/SECONDARY" address="46520" />
  <table name="(P0458) EVAP PURGE VALVE CIRCUIT LOW" address="4653c" />
  <table name="(P0459) EVAP PURGE VALVE CIRCUIT HIGH" address="4653d" />
  <table name="(P0502) VEHICLE SPEED SENSOR LOW INPUT" address="46571" />
  <table name="(P0503) VEHICLE SPEED SENSOR INTERMITTENT" address="46578" />
  <table name="(P0512) STARTER REQUEST CIRCUIT" address="46522" />
  <table name="(P0519) IDLE CONTROL MALFUNCTION (FAIL-SAFE)" address="46574" />
  <table name="(P0562) SYSTEM VOLTAGE LOW" address="46564" />
  <table name="(P0563) SYSTEM VOLTAGE HIGH" address="46565" />
  <table name="(P0604) CONTROL MODULE RAM ERROR" address="46510" />
  <table name="(P0605) CONTROL MODULE ROM ERROR" address="4658f" />
  <table name="(P0607) CONTROL MODULE PERFORMANCE" address="46582" />
  <table name="(P0638) THROTTLE ACTUATOR RANGE/PERF" address="46581" />
  <table name="(P0851) NEUTRAL SWITCH INPUT LOW" address="46526" />
  <table name="(P0852) NEUTRAL SWITCH INPUT HIGH" address="4652a" />
  <table name="(P1160) ABNORMAL RETURN SPRING" address="4657c" />
  <table name="(P1518) STARTER SWITCH LOW INPUT" address="46521" />
  <table name="(P1560) BACK-UP VOLTAGE MALFUNCTION" address="46563" />
  <table name="(P2004) TGV - INTAKE MANIFOLD RUNNER 1 STUCK OPEN" address="4659b" />
  <table name="(P2005) TGV - INTAKE MANIFOLD RUNNER 2 STUCK OPEN" address="4659d" />
  <table name="(P2006) TGV - INTAKE MANIFOLD RUNNER 1 STUCK CLOSED" address="4659c" />
  <table name="(P2007) TGV - INTAKE MANIFOLD RUNNER 2 STUCK CLOSED" address="4659e" />
  <table name="(P2008) TGV - INTAKE MANIFOLD RUNNER 1 CIRCUIT OPEN" address="465a9" />
  <table name="(P2009) TGV - INTAKE MANIFOLD RUNNER 1 CIRCUIT LOW" address="465a7" />
  <table name="(P2011) TGV - INTAKE MANIFOLD RUNNER 2 CIRCUIT OPEN" address="465aa" />
  <table name="(P2012) TGV - INTAKE MANIFOLD RUNNER 2 CIRCUIT LOW" address="465a8" />
  <table name="(P2016) TGV - INTAKE MANIFOLD RUNNER 1 POS. SENSOR LOW" address="465a3" />
  <table name="(P2017) TGV - INTAKE MANIFOLD RUNNER 1 POS. SENSOR HIGH" address="465a4" />
  <table name="(P2021) TGV - INTAKE MANIFOLD RUNNER 2 POS. SENSOR LOW" address="465a5" />
  <table name="(P2022) TGV - INTAKE MANIFOLD RUNNER 2 POS. SENSOR HIGH" address="465a6" />
  <table name="(P2088) OCV SOLENOID A1 CIRCUIT OPEN" address="46597" />
  <table name="(P2089) OCV SOLENOID A1 CIRCUIT SHORT" address="46596" />
  <table name="(P2092) OCV SOLENOID A2 CIRCUIT OPEN" address="46595" />
  <table name="(P2093) OCV SOLENOID A2 CIRCUIT SHORT" address="46594" />
  <table name="(P2101) THROTTLE ACTUATOR CIRCUIT RANGE/PERF" address="4657f" />
  <table name="(P2102) THROTTLE ACTUATOR CIRCUIT LOW" address="4657d" />
  <table name="(P2103) THROTTLE ACTUATOR CIRCUIT HIGH" address="4657e" />
  <table name="(P2109) TPS A MINIMUM STOP PERF" address="46579" />
  <table name="(P2122) TPS D CIRCUIT LOW INPUT" address="46586" />
  <table name="(P2123) TPS D CIRCUIT HIGH INPUT" address="46587" />
  <table name="(P2127) TPS E CIRCUIT LOW INPUT" address="46584" />
  <table name="(P2128) TPS E CIRCUIT HIGH INPUT" address="46585" />
  <table name="(P2135) TPS A/B VOLTAGE" address="46588" />
  <table name="(P2138) TPS D/E VOLTAGE" address="46583" />
  <table name="(P2228) BARO. PRESSURE CIRCUIT LOW INPUT" address="465a2" />
  <table name="(P2229) BARO. PRESSURE CIRCUIT HIGH INPUT" address="465a1" />
</rom>