<rom>
  <romid>
    <xmlid>A2UG000L</xmlid>
    <internalidaddress>2000</internalidaddress>
    <internalidstring>A2UG000L</internalidstring>
    <ecuid>4B12785007</ecuid>
    <year>07</year>
    <market>USDM</market>
    <make>Subaru</make>
    <model>Legacy</model>
    <submodel>GT spec.B</submodel>
    <transmission>MT</transmission>
    <memmodel>SH7058</memmodel>
    <flashmethod>subarucan</flashmethod>
    <checksummodule>subarudbw</checksummodule>
  </romid>
  <include>32BITBASE</include>
  <table name="Target Boost_" address="c1598">
    <table name="X" address="c1530" />
    <table name="Y" address="c155c" />
  </table>
  <table name="Target Boost Compensation (ECT)" address="c0a2c">
    <table name="Y" address="c078c" />
  </table>
  <table name="Target Boost Compensation (1st Gear)" address="c0784" />
  <table name="Target Boost Compensation (1st Gear) Speed Disable" address="c0780" />
  <table name="Target Boost Compensation (IAT)_" address="c0b94">
    <table name="Y" address="c0b7c" />
  </table>
  <table name="Target Boost Compensation (Atm. Pressure)" address="c0a54">
    <table name="Y" address="c0a3c" elements="6" />
  </table>
  <table name="Boost Limit (Fuel Cut)" address="ca558">
    <table name="Y" address="ca540" />
  </table>
  <table name="Boost Control Disable (IAM)" address="c0774" />
  <table name="Boost Control Disable (Fine Correction)" address="c0770" />
  <table name="Boost Control Disable Delay (Fine Correction)" address="c070d" />
  <table name="Initial Wastegate Duty_" address="c1214">
    <table name="X" address="c11a8" elements="15" />
    <table name="Y" address="c11e4" />
  </table>
  <table name="Max Wastegate Duty_" address="c0e6c">
    <table name="X" address="c0e00" elements="15" />
    <table name="Y" address="c0e3c" elements="12" />
  </table>
  <table name="Max Wastegate Duty Limit Post-Compensation" address="17a34" />
  <table name="Initial/Max Wastegate Duty Compensation (IAT)" address="c085c">
    <table name="Y" address="c081c" />
  </table>
  <table name="Initial/Max Wastegate Duty Compensation (ECT)" address="c091c">
    <table name="Y" address="c078c" />
  </table>
  <table name="Initial/Max Wastegate Duty Compensation (Atm. Pressure)" address="c0c14">
    <table name="X" address="c0bec" />
    <table name="Y" address="c0c04" />
  </table>
  <table name="Turbo Dynamics Proportional" address="c0a80">
    <table name="Y" address="c0a5c" />
  </table>
  <table name="Turbo Dynamics Integral Positive" address="c0af0">
    <table name="Y" address="c0acc" />
  </table>
  <table name="Turbo Dynamics Integral Negative" address="c0ab8">
    <table name="Y" address="c0a94" />
  </table>
  <table name="TD Proportional Compensation (IAT)" address="c096c">
    <table name="Y" address="c092c" elements="16" />
  </table>
  <table name="TD Integral Positive Compensation (IAT)" address="c0a0c">
    <table name="Y" address="c09cc" elements="16" />
  </table>
  <table name="TD Integral Negative Compensation (IAT)" address="c09bc">
    <table name="Y" address="c097c" elements="16" />
  </table>
  <table name="TD Activation Thresholds (RPM)" address="c0760" />
  <table name="TD Activation Thresholds (Target Boost)_" address="c073c" />
  <table name="TD Integral Cumulative Range (WGDC Correction)" address="c0768" />
  <table name="TD Integral Negative Activation (Boost Error)" address="c0748" />
  <table name="TD Integral Positive Activation (Boost Error)" address="c0750" />
  <table name="TD Integral Positive Activation (Wastegate Duty)" address="c0754" />
  <table name="Manifold Pressure Sensor Scaling" address="c028c" />
  <table name="Manifold Pressure Sensor Limits (CEL)" address="d11fa" />
  <table name="Manifold Pressure Sensor CEL Delays" address="c3b79" />
  <table name="Primary Open Loop Fueling" address="cb228">
    <table name="X" address="cb1a4" />
    <table name="Y" address="cb1e0" />
  </table>
  <table name="Primary Open Loop Fueling (Failsafe)" address="cb3bc">
    <table name="X" address="cb338" />
    <table name="Y" address="cb374" />
  </table>
  <table name="Primary Open Loop Fuel Map Switch (IAM)" address="c8bb4" />
  <table name="Minimum Active Primary Open Loop Enrichment" address="c8bb8" />
  <table name="Minimum Primary Open Loop Enrichment (Throttle)" address="c93c0">
    <table name="Y" address="c93a8" />
  </table>
  <table name="Minimum Primary Open Loop Enrichment (Accelerator)" address="c93e0">
    <table name="Y" address="c93c8" />
  </table>
  <table name="Primary Open Loop Fueling Compensation (ECT)" address="c9f6c">
    <table name="Y" address="c8f48" />
  </table>
  <table name="Primary Open Loop Fueling Compensation (Timing Compensation)" address="c9350">
    <table name="Y" address="c9338" />
  </table>
  <table name="Front Oxygen Sensor Scaling" address="d1764">
    <table name="Y" address="d1730" />
  </table>
  <table name="Front Oxygen Sensor Rich Limit" address="26d7c" />
  <table name="Front Oxygen Sensor Compensation (Atm. Pressure)" address="c31f0">
    <table name="Y" address="c31e0" />
  </table>
  <table name="CL Fueling Target Compensation A (Load)" address="cc374">
    <table name="X" address="cc31c" />
    <table name="Y" address="cc348" elements="11" />
  </table>
  <table name="CL Fueling Target Compensation B (Load)" address="cc4bc">
    <table name="X" address="cc468" />
    <table name="Y" address="cc494" elements="10" />
  </table>
  <table name="CL Fueling Target Compensation Imm. Cruise (ECT)" address="cbf68">
    <table name="X" address="c8f48" />
    <table name="Y" address="cbf5c" />
  </table>
  <table name="CL Fueling Target Compensation Imm. Non-Cruise (ECT)" address="cc040">
    <table name="X" address="c8f48" />
    <table name="Y" address="cc034" />
  </table>
  <table name="CL to OL Delay_" address="c878a" />
  <table name="CL to OL Delay/Switch SI-DRIVE Intelligent" address="c8784" />
  <table name="CL to OL Transition with Delay (Throttle)" address="c9398">
    <table name="Y" address="c9358" />
  </table>
  <table name="CL to OL Transition with Delay Throttle Hysteresis" address="c8bbc" />
  <table name="CL to OL Transition with Delay (Base Pulse Width)" address="c9e98">
    <table name="Y" address="c9e58" />
  </table>
  <table name="CL to OL Transition with Delay BPW Hysteresis" address="c8bc0" />
  <table name="CL to OL Transition Counter Step Value (MAF)" address="c9ee0">
    <table name="Y" address="c9eb8" />
  </table>
  <table name="CL Delay Maximum (Throttle)" address="c8c38" />
  <table name="CL Delay Maximum (Vehicle Speed)" address="c8c3c" />
  <table name="CL Delay Minimum (ECT)" address="c8bc4" />
  <table name="CL Delay Maximum (Engine Load)" address="c8c4c" />
  <table name="CL Delay Engine Load Counter Threshold" address="c8782" />
  <table name="CL Delay Maximum Engine Speed (Per Gear)" address="c8bc8" />
  <table name="CL Delay Maximum Engine Speed (Neutral)" address="c8c18" />
  <table name="Injector Latency" address="c9670">
    <table name="Y" address="c965c" />
  </table>
  <table name="Injector Flow Scaling" address="c8914" />
  <table name="Per Injector Pulse Width Compensation A" address="cb554">
    <table name="X" address="cb4cc" />
    <table name="Y" address="cb510" elements="17" />
  </table>
  <table name="Per Injector Pulse Width Compensation B" address="cb700">
    <table name="X" address="cb678" />
    <table name="Y" address="cb6bc" elements="17" />
  </table>
  <table name="Per Injector Pulse Width Compensation C" address="cb8ac">
    <table name="X" address="cb824" />
    <table name="Y" address="cb868" elements="17" />
  </table>
  <table name="Per Injector Pulse Width Compensation D" address="cba58">
    <table name="X" address="cb9d0" />
    <table name="Y" address="cba14" elements="17" />
  </table>
  <table name="Cranking Fuel Injector Pulse Width A (ECT)" address="c959a">
    <table name="Y" address="c8f48" />
  </table>
  <table name="Cranking Fuel Injector Pulse Width B (ECT)" address="c95ba">
    <table name="Y" address="c8f48" />
  </table>
  <table name="Cranking Fuel Injector Pulse Width C (ECT)" address="c95da">
    <table name="Y" address="c8f48" />
  </table>
  <table name="Cranking Fuel Injector Pulse Width D (ECT)" address="c95fa">
    <table name="Y" address="c8f48" />
  </table>
  <table name="Cranking Fuel Injector Pulse Width E (ECT)" address="c961a">
    <table name="Y" address="c8f48" />
  </table>
  <table name="Cranking Fuel Injector Pulse Width F (ECT)" address="c963a">
    <table name="Y" address="c8f48" />
  </table>
  <table name="Cranking Fuel IPW Compensation Imm. Cruise (RPM)" address="ca7c8">
    <table name="X" address="ca798" />
    <table name="Y" address="ca7ac" />
  </table>
  <table name="Cranking Fuel IPW Compensation Imm. Non-Cruise (RPM)" address="ca870">
    <table name="X" address="ca840" />
    <table name="Y" address="ca854" />
  </table>
  <table name="Cranking Fuel IPW Compensation (Accelerator)" address="c907c">
    <table name="Y" address="c9064" />
  </table>
  <table name="Throttle Tip-in Enrichment" address="ca4ac">
    <table name="Y" address="ca464" />
  </table>
  <table name="Minimum Tip-in Enrichment Activation" address="c8e20" />
  <table name="Minimum Tip-in Enrichment Activation (Throttle)" address="c8e18" />
  <table name="Tip-in Enrichment Compensation (Boost Error)" address="c94f0">
    <table name="Y" address="c94cc" />
  </table>
  <table name="Tip-in Enrichment Compensation (ECT)" address="ca4d0">
    <table name="Y" address="c8f48" />
  </table>
  <table name="Tip-in Enrichment Disable Applied Counter Threshold" address="c873a" />
  <table name="Tip-in Enrichment Applied Counter Reset" address="c873b" />
  <table name="Tip-in Enrichment Disable Throttle Cumulative Threshold" address="c8e1c" />
  <table name="Tip-in Throttle Cumulative Reset" address="c873c" />
  <table name="Min Primary Base Enrichment 1 Cruise" address="ca9c8">
    <table name="X" address="c8f48" />
    <table name="Y" address="ca9a4" elements="9" />
  </table>
  <table name="Min Primary Base Enrichment 1 Non-Cruise" address="ca924">
    <table name="X" address="c8f48" />
    <table name="Y" address="ca904" />
  </table>
  <table name="Min Primary Base Enrichment 1 (Non-Primary OL)" address="caa8c">
    <table name="X" address="caa58" />
    <table name="Y" address="caa80" />
  </table>
  <table name="Min Primary Base Enrich 2 Initial Start 1A" address="c96fa">
    <table name="Y" address="c8f48" />
  </table>
  <table name="Min Primary Base Enrich 2 Initial Start 1B" address="c971a">
    <table name="Y" address="c8f48" />
  </table>
  <table name="Min Primary Base Enrich 2 Initial Start 2A" address="c973a">
    <table name="Y" address="c8f48" />
  </table>
  <table name="Min Primary Base Enrich 2 Initial Start 2B" address="c975a">
    <table name="Y" address="c8f48" />
  </table>
  <table name="Min Primary Base Enrich 2 Decay Step 1" address="c977a">
    <table name="Y" address="c8f48" />
  </table>
  <table name="Min Primary Base Enrich 2 Decay Step 2" address="c979a">
    <table name="Y" address="c8f48" />
  </table>
  <table name="Min Primary Base Enrich 3 Initial Start 1A" address="c967a">
    <table name="Y" address="c8f48" />
  </table>
  <table name="Min Primary Base Enrich 3 Initial Start 1B" address="c969a">
    <table name="Y" address="c8f48" />
  </table>
  <table name="Min Primary Base Enrich 3 Initial Start 2A" address="c96ba">
    <table name="Y" address="c8f48" />
  </table>
  <table name="Min Primary Base Enrich 3 Initial Start 2B" address="c96da">
    <table name="Y" address="c8f48" />
  </table>
  <table name="Min Primary Base Enrich 3 Decay Delay A" address="c9092">
    <table name="Y" address="c8f48" />
  </table>
  <table name="Min Primary Base Enrich 3 Decay Delay B" address="c90a2">
    <table name="Y" address="c8f48" />
  </table>
  <table name="Min Primary Base Enrich 3 Decay Multiplier" address="c8918" />
  <table name="A/F Learning #1 Limits" address="c8acc" />
  <table name="A/F Learning #1 Airflow Ranges" address="c8adc" />
  <table name="MAF Limit (Maximum)" address="c2d0c" />
  <table name="MAF Sensor Scaling" address="d1658">
    <table name="Y" address="d1580" />
  </table>
  <table name="MAF Compensation (IAT)" address="c34b8">
    <table name="X" address="c3484" />
    <table name="Y" address="c3498" />
  </table>
  <table name="Engine Load Limit (Maximum)" address="25514" />
  <table name="Engine Load Compensation (MP)" address="c3544">
    <table name="X" address="c34e0" />
    <table name="Y" address="c350c" elements="14" />
  </table>
  <table name="Base Timing Primary Cruise" address="cdf50">
    <table name="X" address="cdecc" />
    <table name="Y" address="cdf08" />
  </table>
  <table name="Base Timing Reference Cruise (AVCS related)" address="ce278">
    <table name="X" address="ce1f4" />
    <table name="Y" address="ce230" />
  </table>
  <table name="Base Timing Primary Non-Cruise" address="ce0e4">
    <table name="X" address="ce060" />
    <table name="Y" address="ce09c" />
  </table>
  <table name="Base Timing Reference Non-Cruise (AVCS related)" address="ce40c">
    <table name="X" address="ce388" />
    <table name="Y" address="ce3c4" />
  </table>
  <table name="Base Timing Idle A (In-Gear)" address="cd421">
    <table name="Y" address="cd260" />
  </table>
  <table name="Base Timing Idle B (In-Gear)" address="cd431">
    <table name="Y" address="cd260" />
  </table>
  <table name="Base Timing Idle A (Neutral)" address="cd441">
    <table name="Y" address="cd260" />
  </table>
  <table name="Base Timing Idle B (Neutral)" address="cd451">
    <table name="Y" address="cd260" />
  </table>
  <table name="Base Timing Idle Minimum" address="cd418">
    <table name="Y" address="cd3f4" />
  </table>
  <table name="Base Timing Idle Minimum Vehicle Speed Enable" address="ccf14" />
  <table name="Knock Correction Advance Max Cruise" address="ceddc">
    <table name="X" address="ced58" elements="15" />
    <table name="Y" address="ced94" />
  </table>
  <table name="Knock Correction Advance Max Non-Cruise" address="cec48">
    <table name="X" address="cebc4" elements="15" />
    <table name="Y" address="cec00" />
  </table>
  <table name="Timing Compensation A (IAT)" address="cd4d4">
    <table name="Y" address="cd494" />
  </table>
  <table name="Timing Compensation A (IAT) Activation" address="ce55c">
    <table name="X" address="ce51c" />
    <table name="Y" address="ce53c" />
  </table>
  <table name="Timing Compensation B (IAT)" address="cd9c0">
    <table name="Y" address="cd980" />
  </table>
  <table name="Timing Compensation B (IAT) IAM Activation" address="cd098" />
  <table name="Timing Compensation B (IAT) Max Additive" address="cd07c" />
  <table name="Timing Compensation (ECT)" address="cd481">
    <table name="Y" address="cd260" />
  </table>
  <table name="Timing Compensation (MRP)" address="ce78c">
    <table name="X" address="ce76c" />
    <table name="Y" address="ce780" />
  </table>
  <table name="Timing Compensation Per Cylinder A" address="ce7e8">
    <table name="X" address="ce79c" />
    <table name="Y" address="ce7d4" elements="5" />
  </table>
  <table name="Timing Compensation Per Cylinder B" address="ce87c">
    <table name="X" address="ce830" />
    <table name="Y" address="ce868" elements="5" />
  </table>
  <table name="Timing Compensation Per Cylinder C" address="ce910">
    <table name="X" address="ce8c4" />
    <table name="Y" address="ce8fc" elements="5" />
  </table>
  <table name="Timing Compensation Per Cylinder D" address="ce9a8">
    <table name="X" address="ce958" />
    <table name="Y" address="ce990" elements="6" />
  </table>
  <table name="Timing Comp Minimum Load (Per Cylinder)" address="cd0a0" />
  <table name="Timing Comp Maximum RPM (Per Cylinder)" address="cd09c" />
  <table name="Timing Comp Minimum Coolant Temp (Per Cylinder)" address="cd0a4" />
  <table name="Feedback Correction Range (RPM)" address="cd0b0" />
  <table name="Feedback Correction Minimum Load" address="cd0a8" />
  <table name="Feedback Correction Retard Value" address="cd0d0" />
  <table name="Feedback Correction Retard Limit" address="cd0cc" />
  <table name="Feedback Correction Negative Advance Value" address="cd0d4" />
  <table name="Feedback Correction Negative Advance Delay" address="cce1e" />
  <table name="Extended Feedback Correction High RPM Compensation" address="cd0dc" />
  <table name="Fine Correction Minimum (RPM)" address="cd0ec" />
  <table name="Fine Correction Maximum (RPM)" address="cd23c" />
  <table name="Fine Correction Range (Load)" address="cd244" />
  <table name="Fine Correction Rows (RPM)" address="cd208" />
  <table name="Fine Correction Columns (Load)" address="cd1f8" />
  <table name="Fine Correction Retard Value" address="cd238" />
  <table name="Fine Correction Retard Limit" address="cd234" />
  <table name="Fine Correction Advance Value" address="cd230" />
  <table name="Fine Correction Advance Limit" address="cd22c" />
  <table name="Fine Correction Advance Delay" address="cce2e" />
  <table name="Rough Correction Range (RPM)" address="cd1a8" />
  <table name="Rough Correction Range (Load)" address="cd1b8" />
  <table name="Rough Correction Minimum KC Advance Map Value" address="cd1c8" />
  <table name="Rough Correction Learning Delay (Increasing)" address="cd9f8">
    <table name="Y" address="cd9d0" />
  </table>
  <table name="Advance Multiplier (Initial)" address="cd1cc" />
  <table name="Advance Multiplier Step Value" address="cd1d0" />
  <table name="Intake Cam Advance Angle Cruise (AVCS)" address="d3244">
    <table name="X" address="d31c8" elements="15" />
    <table name="Y" address="d3204" elements="16" />
  </table>
  <table name="Intake Cam Advance Angle Non-Cruise (AVCS)" address="d34a0">
    <table name="X" address="d3424" elements="15" />
    <table name="Y" address="d3460" elements="16" />
  </table>
  <table name="Requested Torque (Accelerator Pedal) SI-DRIVE Sport" address="dc5e4">
    <table name="X" address="dc564" />
    <table name="Y" address="dc5a0" />
  </table>
  <table name="Requested Torque (Accelerator Pedal) SI-DRIVE Sport Sharp" address="dc864">
    <table name="X" address="dc7e4" />
    <table name="Y" address="dc820" />
  </table>
  <table name="Requested Torque (Accelerator Pedal) SI-DRIVE Intelligent" address="dcae4">
    <table name="X" address="dca64" />
    <table name="Y" address="dcaa0" />
  </table>
  <table name="Requested Torque Base (RPM)_" address="d0388">
    <table name="Y" address="d0348" />
  </table>
  <table name="Target Throttle Plate Position Cruise (Requested Torque Ratio)" address="dbe64">
    <table name="X" address="dbde4" elements="16" />
    <table name="Y" address="dbe24" />
  </table>
  <table name="Target Throttle Plate Position Non-Cruise (Requested Torque Ratio)" address="dc0e4">
    <table name="X" address="dc064" elements="16" />
    <table name="Y" address="dc0a4" />
  </table>
  <table name="Target Throttle Plate Position Maximum (Requested Torque Ratio)" address="dc364">
    <table name="X" address="dc2e4" elements="16" />
    <table name="Y" address="dc324" />
  </table>
  <table name="Rev Limit (Fuel Cut)" address="c8e74" />
  <table name="Rev Limit Fuel Resume (Boost)" address="c8e7c" />
  <table name="Speed Limiting Enable (Fuel Cut)" address="c8ec4" />
  <table name="Speed Limiting Disable (Fuel Cut)" address="c8ed0" />
  <table name="Speed Limiting A (Throttle) SI-DRIVE Sport/Sport Sharp" address="db844" />
  <table name="Speed Limiting B (Throttle) SI-DRIVE Sport/Sport Sharp" address="db85c" />
  <table name="Speed Limiting (Throttle) SI-DRIVE Intelligent" address="db850" />
  <table name="Fuel Temp Sensor Scaling" address="d1508">
    <table name="Y" address="d1490" />
  </table>
  <table name="Intake Temp Sensor Scaling" address="a3018">
    <table name="Y" address="a2fa0" />
  </table>
  <table name="Coolant Temp Sensor Scaling" address="a2f30">
    <table name="Y" address="a2ec0" />
  </table>
  <table name="Radiator Fan Modes A (ECT)" address="d1ee8" />
  <table name="Radiator Fan Modes B (ECT)" address="d1ef8" />
  <table name="Radiator Fan Modes (Veh. Speed)" address="d1f08" />
  <table name="Gear Determination Thresholds A" address="c2ef4" />
  <table name="Gear Determination Thresholds B" address="c2f08" />
  <table name="Gear Determination Thresholds C" address="c2f1c" />
  <table name="Idle Speed Target A" address="cfa98">
    <table name="Y" address="cf5c4" />
  </table>
  <table name="Idle Speed Target B" address="cfad8">
    <table name="Y" address="cf5c4" />
  </table>
  <table name="Idle Speed Target C" address="cfb18">
    <table name="Y" address="cf5c4" />
  </table>
  <table name="Force Pass Readiness Monitors" address="9b932" />
  <table name="(P0000) PASS CODE (NO DTC DETECTED)" address="8f6c5" />
  <table name="(P0000) PASS CODE (NO DTC DETECTED)_" address="8f6c6" />
  <table name="(P0011) CAMSHAFT POS. - TIMING OVER-ADVANCED 1" address="8f6a9" />
  <table name="(P0016) CRANKSHAFT/CAMSHAFT CORRELATION 1A" address="8f745" />
  <table name="(P0018) CRANKSHAFT/CAMSHAFT CORRELATION 2A" address="8f744" />
  <table name="(P0021) CAMSHAFT POS. - TIMING OVER-ADVANCED 2" address="8f6aa" />
  <table name="(P0030) FRONT O2 SENSOR RANGE/PERF" address="8f6f3" />
  <table name="(P0031) FRONT O2 SENSOR LOW INPUT" address="8f6d4" />
  <table name="(P0032) FRONT O2 SENSOR HIGH INPUT" address="8f6d2" />
  <table name="(P0037) REAR O2 SENSOR LOW INPUT" address="8f6d3" />
  <table name="(P0038) REAR O2 SENSOR HIGH INPUT" address="8f6d1" />
  <table name="(P0068) MAP SENSOR RANGE/PERF" address="8f6ed" />
  <table name="(P0101) MAF SENSOR RANGE/PERF" address="8f6ef" />
  <table name="(P0102) MAF SENSOR LOW INPUT" address="8f681" />
  <table name="(P0103) MAF SENSOR HIGH INPUT" address="8f682" />
  <table name="(P0107) MAP SENSOR LOW INPUT" address="8f6d5" />
  <table name="(P0108) MAP SENSOR HIGH INPUT" address="8f6d6" />
  <table name="(P0111) IAT SENSOR RANGE/PERF" address="8f6d0" />
  <table name="(P0112) IAT SENSOR LOW INPUT" address="8f6ce" />
  <table name="(P0113) IAT SENSOR HIGH INPUT" address="8f6cf" />
  <table name="(P0117) COOLANT TEMP SENSOR LOW INPUT" address="8f68a" />
  <table name="(P0118) COOLANT TEMP SENSOR HIGH INPUT" address="8f68b" />
  <table name="(P0122) TPS A LOW INPUT" address="8f688" />
  <table name="(P0123) TPS A HIGH INPUT" address="8f689" />
  <table name="(P0125) INSUFFICIENT COOLANT TEMP (FUELING)" address="8f68d" />
  <table name="(P0126) INSUFFICIENT COOLANT TEMP (OPERATION)" address="8f72c" />
  <table name="(P0128) THERMOSTAT MALFUNCTION" address="8f6db" />
  <table name="(P0131) FRONT O2 SENSOR LOW INPUT" address="8f6c8" />
  <table name="(P0132) FRONT O2 SENSOR HIGH INPUT" address="8f6ca" />
  <table name="(P0133) FRONT O2 SENSOR SLOW RESPONSE" address="8f6b2" />
  <table name="(P0134) FRONT O2 SENSOR NO ACTIVITY" address="8f6f1" />
  <table name="(P0137) REAR O2 SENSOR LOW VOLTAGE" address="8f6c7" />
  <table name="(P0138) REAR O2 SENSOR HIGH VOLTAGE" address="8f6cc" />
  <table name="(P0139) REAR O2 SENSOR SLOW RESPONSE" address="8f6b3" />
  <table name="(P0140) REAR O2 SENSOR NO ACTIVITY" address="8f73f" />
  <table name="(P0171) SYSTEM TOO LEAN" address="8f6bc" />
  <table name="(P0172) SYSTEM TOO RICH" address="8f6bd" />
  <table name="(P0181) FUEL TEMP SENSOR A RANGE/PERF" address="8f69a" />
  <table name="(P0182) FUEL TEMP SENSOR A LOW INPUT" address="8f698" />
  <table name="(P0183) FUEL TEMP SENSOR A HIGH INPUT" address="8f699" />
  <table name="(P0222) TPS B LOW INPUT" address="8f6fb" />
  <table name="(P0223) TPS B HIGH INPUT" address="8f6fc" />
  <table name="(P0230) FUEL PUMP PRIMARY CIRCUIT" address="8f6ec" />
  <table name="(P0244) WASTEGATE SOLENOID A RANGE/PERF" address="8f6e2" />
  <table name="(P0245) WASTEGATE SOLENOID A LOW" address="8f6e0" />
  <table name="(P0246) WASTEGATE SOLENOID A HIGH" address="8f6e1" />
  <table name="(P0301) MISFIRE CYLINDER 1" address="8f6be" />
  <table name="(P0302) MISFIRE CYLINDER 2" address="8f6bf" />
  <table name="(P0303) MISFIRE CYLINDER 3" address="8f6c0" />
  <table name="(P0304) MISFIRE CYLINDER 4" address="8f6c1" />
  <table name="(P0327) KNOCK SENSOR 1 LOW INPUT" address="8f686" />
  <table name="(P0328) KNOCK SENSOR 1 HIGH INPUT" address="8f687" />
  <table name="(P0335) CRANKSHAFT POS. SENSOR A MALFUNCTION" address="8f67c" />
  <table name="(P0336) CRANKSHAFT POS. SENSOR A RANGE/PERF" address="8f67d" />
  <table name="(P0340) CAMSHAFT POS. SENSOR A MALFUNCTION" address="8f70f" />
  <table name="(P0345) CAMSHAFT POS. SENSOR A BANK 2" address="8f70e" />
  <table name="(P0410) SECONDARY AIR PUMP SYSTEM" address="8f739" />
  <table name="(P0411) SECONDARY AIR PUMP INCORRECT FLOW" address="8f738" />
  <table name="(P0413) SECONDARY AIR PUMP A OPEN" address="8f73d" />
  <table name="(P0414) SECONDARY AIR PUMP A SHORTED" address="8f742" />
  <table name="(P0416) SECONDARY AIR PUMP B OPEN" address="8f74c" />
  <table name="(P0417) SECONDARY AIR PUMP B SHORTED" address="8f74b" />
  <table name="(P0418) SECONDARY AIR PUMP RELAY A" address="8f73e" />
  <table name="(P0420) CAT EFFICIENCY BELOW THRESHOLD" address="8f6b8" />
  <table name="(P0441) EVAP INCORRECT PURGE FLOW" address="8f74d" />
  <table name="(P0442) EVAP LEAK DETECTED (SMALL)" address="8f6b9" />
  <table name="(P0447) EVAP VENT CONTROL CIRCUIT OPEN" address="8f6b0" />
  <table name="(P0448) EVAP VENT CONTROL CIRCUIT SHORTED" address="8f6b1" />
  <table name="(P0451) EVAP PRESSURE SENSOR RANGE/PERF" address="8f696" />
  <table name="(P0452) EVAP PRESSURE SENSOR LOW INPUT" address="8f694" />
  <table name="(P0453) EVAP PRESSURE SENSOR HIGH INPUT" address="8f695" />
  <table name="(P0456) EVAP LEAK DETECTED (VERY SMALL)" address="8f6ba" />
  <table name="(P0457) EVAP LEAK DETECTED (FUEL CAP)" address="8f6c4" />
  <table name="(P0458) EVAP PURGE VALVE CIRCUIT LOW" address="8f6ad" />
  <table name="(P0459) EVAP PURGE VALVE CIRCUIT HIGH" address="8f6ae" />
  <table name="(P0461) FUEL LEVEL SENSOR RANGE/PERF" address="8f690" />
  <table name="(P0462) FUEL LEVEL SENSOR LOW INPUT" address="8f68e" />
  <table name="(P0463) FUEL LEVEL SENSOR HIGH INPUT" address="8f68f" />
  <table name="(P0464) FUEL LEVEL SENSOR INTERMITTENT" address="8f68c" />
  <table name="(P0483) RADIATOR FAN RATIONALITY CHECK" address="8f6a8" />
  <table name="(P0500) VEHICLE SPEED SENSOR A" address="8f683" />
  <table name="(P0506) IDLE CONTROL RPM LOWER THAN EXPECTED" address="8f6a4" />
  <table name="(P0507) IDLE CONTROL RPM HIGH THAN EXPECTED" address="8f6a5" />
  <table name="(P0512) STARTER REQUEST CIRCUIT" address="8f693" />
  <table name="(P0519) IDLE CONTROL MALFUNCTION (FAIL-SAFE)" address="8f6ee" />
  <table name="(P0600) SERIAL COMMUNICATION LINK" address="8f70b" />
  <table name="(P0604) CONTROL MODULE RAM ERROR" address="8f680" />
  <table name="(P0605) CONTROL MODULE ROM ERROR" address="8f710" />
  <table name="(P0607) CONTROL MODULE PERFORMANCE" address="8f703" />
  <table name="(P0638) THROTTLE ACTUATOR RANGE/PERF" address="8f702" />
  <table name="(P0691) RADIATOR FAN CIRCUIT LOW" address="8f6a6" />
  <table name="(P0692) RADIATOR FAN CIRCUIT HIGH" address="8f6a7" />
  <table name="(P0700) TRANSMISSION CONTROL SYSTEM" address="8f71c" />
  <table name="(P0851) NEUTRAL SWITCH INPUT LOW" address="8f697" />
  <table name="(P0852) NEUTRAL SWITCH INPUT HIGH" address="8f69b" />
  <table name="(P1152) FRONT O2 SENSOR RANGE/PERF LOW B1 S1" address="8f6b4" />
  <table name="(P1153) FRONT O2 SENSOR RANGE/PERF HIGH B1 S1" address="8f6b5" />
  <table name="(P1160) ABNORMAL RETURN SPRING" address="8f6fd" />
  <table name="(P1400) FUEL TANK PRESSURE SOL. LOW" address="8f6ab" />
  <table name="(P1410) SECONDARY AIR PUMP VALVE STUCK OPEN" address="8f746" />
  <table name="(P1418) SECONDARY AIR PUMP CIRCUIT SHORTED" address="8f743" />
  <table name="(P1420) FUEL TANK PRESSURE SOL. HIGH INPUT" address="8f6ac" />
  <table name="(P1443) VENT CONTROL SOLENOID FUNCTION PROBLEM" address="8f6af" />
  <table name="(P1491) PCV (BLOWBY) FUNCTION PROBLEM" address="8f6dc" />
  <table name="(P1518) STARTER SWITCH LOW INPUT" address="8f692" />
  <table name="(P1560) BACK-UP VOLTAGE MALFUNCTION" address="8f6dd" />
  <table name="(P1602) CONTROL MODULE PROGRAMMING ERROR" address="8f741" />
  <table name="(P2004) TGV - INTAKE MANIFOLD RUNNER 1 STUCK OPEN" address="8f727" />
  <table name="(P2005) TGV - INTAKE MANIFOLD RUNNER 2 STUCK OPEN" address="8f729" />
  <table name="(P2006) TGV - INTAKE MANIFOLD RUNNER 1 STUCK CLOSED" address="8f728" />
  <table name="(P2007) TGV - INTAKE MANIFOLD RUNNER 2 STUCK CLOSED" address="8f72a" />
  <table name="(P2008) TGV - INTAKE MANIFOLD RUNNER 1 CIRCUIT OPEN" address="8f735" />
  <table name="(P2009) TGV - INTAKE MANIFOLD RUNNER 1 CIRCUIT LOW" address="8f733" />
  <table name="(P2011) TGV - INTAKE MANIFOLD RUNNER 2 CIRCUIT OPEN" address="8f736" />
  <table name="(P2012) TGV - INTAKE MANIFOLD RUNNER 2 CIRCUIT LOW" address="8f734" />
  <table name="(P2016) TGV - INTAKE MANIFOLD RUNNER 1 POS. SENSOR LOW" address="8f72f" />
  <table name="(P2017) TGV - INTAKE MANIFOLD RUNNER 1 POS. SENSOR HIGH" address="8f730" />
  <table name="(P2021) TGV - INTAKE MANIFOLD RUNNER 2 POS. SENSOR LOW" address="8f731" />
  <table name="(P2022) TGV - INTAKE MANIFOLD RUNNER 2 POS. SENSOR HIGH" address="8f732" />
  <table name="(P2088) OCV SOLENOID A1 CIRCUIT OPEN" address="8f718" />
  <table name="(P2089) OCV SOLENOID A1 CIRCUIT SHORT" address="8f717" />
  <table name="(P2092) OCV SOLENOID A2 CIRCUIT OPEN" address="8f716" />
  <table name="(P2093) OCV SOLENOID A2 CIRCUIT SHORT" address="8f715" />
  <table name="(P2096) POST CATALYST TOO LEAN B1" address="8f701" />
  <table name="(P2097) POST CATALYST TOO RICH B1" address="8f70a" />
  <table name="(P2101) THROTTLE ACTUATOR CIRCUIT RANGE/PERF" address="8f700" />
  <table name="(P2102) THROTTLE ACTUATOR CIRCUIT LOW" address="8f6fe" />
  <table name="(P2103) THROTTLE ACTUATOR CIRCUIT HIGH" address="8f6ff" />
  <table name="(P2109) TPS A MINIMUM STOP PERF" address="8f6fa" />
  <table name="(P2122) TPS D CIRCUIT LOW INPUT" address="8f707" />
  <table name="(P2123) TPS D CIRCUIT HIGH INPUT" address="8f708" />
  <table name="(P2127) TPS E CIRCUIT LOW INPUT" address="8f705" />
  <table name="(P2128) TPS E CIRCUIT HIGH INPUT" address="8f706" />
  <table name="(P2135) TPS A/B VOLTAGE" address="8f709" />
  <table name="(P2138) TPS D/E VOLTAGE" address="8f704" />
  <table name="(P2419) EVAP SWITCHING VALVE LOW" address="8f74e" />
  <table name="(P2420) EVAP SWITCHING VALVE HIGH" address="8f74f" />
  <table name="(P2431) SECONDARY AIR PUMP CIRCUIT RANGE/PERF" address="8f73a" />
  <table name="(P2432) SECONDARY AIR PUMP CIRCUIT LOW" address="8f73c" />
  <table name="(P2433) SECONDARY AIR PUMP CIRCUIT HIGH" address="8f73b" />
  <table name="(P2440) SECONDARY AIR PUMP VALVE 1 STUCK OPEN" address="8f74a" />
  <table name="(P2441) SECONDARY AIR PUMP VALVE 1 STUCK CLOSED" address="8f749" />
  <table name="(P2442) SECONDARY AIR PUMP VALVE 2 STUCK OPEN" address="8f748" />
  <table name="(P2443) SECONDARY AIR PUMP 2 STUCK CLOSED" address="8f747" />
  <table name="(P2444) SECONDARY AIR PUMP 1 STUCK ON B1" address="8f737" />
</rom>