<rom>
  <romid>
    <xmlid>A2UI000K</xmlid>
    <internalidaddress>2000</internalidaddress>
    <internalidstring>A2UI000K</internalidstring>
    <ecuid>4B04785207</ecuid>
    <year>07</year>
    <market>JDM</market>
    <make>Subaru</make>
    <model>Legacy</model>
    <submodel>GT spec.B</submodel>
    <transmission>MT</transmission>
    <memmodel>SH7058</memmodel>
    <flashmethod>subarucan</flashmethod>
    <checksummodule>subarudbw</checksummodule>
  </romid>
  <include>32BITBASE</include>
  <table name="Target Boost_" address="c1780">
    <table name="X" address="c1700" elements="16" />
    <table name="Y" address="c1740" elements="16" />
  </table>
  <table name="Target Boost Compensation (ECT)" address="c0980">
    <table name="Y" address="c06e0" />
  </table>
  <table name="Target Boost Compensation (1st Gear)" address="c06d8" />
  <table name="Target Boost Compensation (1st Gear) Speed Disable" address="c06d4" />
  <table name="Target Boost Compensation (IAT)" address="c09d0">
    <table name="Y" address="c0990" />
  </table>
  <table name="Target Boost Compensation (Atm. Pressure)" address="c09f8">
    <table name="Y" address="c09e0" elements="6" />
  </table>
  <table name="Boost Limit (Fuel Cut)" address="c6918">
    <table name="Y" address="c6900" />
  </table>
  <table name="Boost Control Disable (IAM)" address="c06c8" />
  <table name="Boost Control Disable (Fine Correction)" address="c06c4" />
  <table name="Boost Control Disable Delay (Fine Correction)" address="c0661" />
  <table name="Initial Wastegate Duty_" address="c12c0">
    <table name="X" address="c1248" elements="14" />
    <table name="Y" address="c1280" elements="16" />
  </table>
  <table name="Max Wastegate Duty_" address="c0e50">
    <table name="X" address="c0dd8" elements="14" />
    <table name="Y" address="c0e10" elements="16" />
  </table>
  <table name="Max Wastegate Duty Limit Post-Compensation" address="1802c" />
  <table name="Initial/Max Wastegate Duty Compensation (IAT)" address="c07b0">
    <table name="Y" address="c0770" />
  </table>
  <table name="Initial/Max Wastegate Duty Compensation (ECT)" address="c0870">
    <table name="Y" address="c06e0" />
  </table>
  <table name="Initial/Max Wastegate Duty Compensation (Atm. Pressure)" address="c0b88">
    <table name="X" address="c0b60" />
    <table name="Y" address="c0b78" />
  </table>
  <table name="Turbo Dynamics Proportional" address="c0a24">
    <table name="Y" address="c0a00" />
  </table>
  <table name="Turbo Dynamics Integral Positive" address="c0a94">
    <table name="Y" address="c0a70" />
  </table>
  <table name="Turbo Dynamics Integral Negative" address="c0a5c">
    <table name="Y" address="c0a38" />
  </table>
  <table name="TD Proportional Compensation (IAT)" address="c08c0">
    <table name="Y" address="c0880" elements="16" />
  </table>
  <table name="TD Integral Positive Compensation (IAT)" address="c0960">
    <table name="Y" address="c0920" elements="16" />
  </table>
  <table name="TD Integral Negative Compensation (IAT)" address="c0910">
    <table name="Y" address="c08d0" elements="16" />
  </table>
  <table name="TD Activation Thresholds (RPM)" address="c06b4" />
  <table name="TD Activation Thresholds (Target Boost)_" address="c0690" />
  <table name="TD Integral Cumulative Range (WGDC Correction)" address="c06bc" />
  <table name="TD Integral Negative Activation (Boost Error)" address="c069c" />
  <table name="TD Integral Positive Activation (Boost Error)" address="c06a4" />
  <table name="TD Integral Positive Activation (Wastegate Duty)" address="c06a8" />
  <table name="Manifold Pressure Sensor Scaling" address="c028c" />
  <table name="Manifold Pressure Sensor Limits (CEL)" address="cc898" />
  <table name="Manifold Pressure Sensor CEL Delays" address="c3bee" />
  <table name="Primary Open Loop Fueling" address="c6ed8">
    <table name="X" address="c6e48" elements="18" />
    <table name="Y" address="c6e90" />
  </table>
  <table name="Primary Open Loop Fueling (Failsafe)" address="c70ac">
    <table name="X" address="c701c" elements="18" />
    <table name="Y" address="c7064" />
  </table>
  <table name="Primary Open Loop Fuel Map Switch (IAM)" address="c4f70" />
  <table name="Minimum Active Primary Open Loop Enrichment" address="c4f74" />
  <table name="Minimum Primary Open Loop Enrichment (Throttle)" address="c5774">
    <table name="Y" address="c575c" />
  </table>
  <table name="Minimum Primary Open Loop Enrichment (Accelerator)" address="c5794">
    <table name="Y" address="c577c" />
  </table>
  <table name="Primary Open Loop Fueling Compensation (ECT)" address="c6330">
    <table name="Y" address="c530c" />
  </table>
  <table name="Primary Open Loop Fueling Compensation (Timing Compensation)" address="c5704">
    <table name="Y" address="c56ec" />
  </table>
  <table name="Front Oxygen Sensor Scaling" address="cce1c">
    <table name="Y" address="ccde8" />
  </table>
  <table name="Front Oxygen Sensor Rich Limit" address="270f4" />
  <table name="Front Oxygen Sensor Compensation (Atm. Pressure)" address="c32c8">
    <table name="Y" address="c32b8" />
  </table>
  <table name="CL Fueling Target Compensation A (Load)" address="c7bcc">
    <table name="X" address="c7b9c" elements="6" />
    <table name="Y" address="c7bb4" elements="6" />
  </table>
  <table name="CL Fueling Target Compensation B (Load)" address="c7c44">
    <table name="X" address="c7c14" elements="6" />
    <table name="Y" address="c7c2c" elements="6" />
  </table>
  <table name="CL Fueling Target Compensation Imm. Cruise (ECT)" address="c79b8">
    <table name="X" address="c530c" />
    <table name="Y" address="c79b0" elements="2" />
  </table>
  <table name="CL Fueling Target Compensation Imm. Non-Cruise (ECT)" address="c7a6c">
    <table name="X" address="c530c" />
    <table name="Y" address="c7a64" elements="2" />
  </table>
  <table name="CL to OL Delay_" address="c4b32" />
  <table name="CL to OL Delay/Switch SI-DRIVE Intelligent" address="c4b2c" />
  <table name="CL to OL Transition with Delay (Throttle)" address="c574c">
    <table name="Y" address="c570c" />
  </table>
  <table name="CL to OL Transition with Delay Throttle Hysteresis" address="c4f78" />
  <table name="CL to OL Transition with Delay (Base Pulse Width)" address="c625c">
    <table name="Y" address="c621c" />
  </table>
  <table name="CL to OL Transition with Delay BPW Hysteresis" address="c4f7c" />
  <table name="CL to OL Transition Counter Step Value (MAF)" address="c62a4">
    <table name="Y" address="c627c" />
  </table>
  <table name="CL Delay Maximum (Throttle)" address="c4ff4" />
  <table name="CL Delay Maximum (Vehicle Speed)" address="c4ff8" />
  <table name="CL Delay Minimum (ECT)" address="c4f80" />
  <table name="CL Delay Maximum (Engine Load)" address="c5008" />
  <table name="CL Delay Engine Load Counter Threshold" address="c4b2a" />
  <table name="CL Delay Maximum Engine Speed (Per Gear)" address="c4f84" />
  <table name="CL Delay Maximum Engine Speed (Neutral)" address="c4fd4" />
  <table name="Injector Latency" address="c5a34">
    <table name="Y" address="c5a20" />
  </table>
  <table name="Injector Flow Scaling" address="c4cc0" />
  <table name="Per Injector Pulse Width Compensation A" address="c7240">
    <table name="X" address="c71f0" elements="8" />
    <table name="Y" address="c7210" elements="12" />
  </table>
  <table name="Per Injector Pulse Width Compensation B" address="c72f0">
    <table name="X" address="c72a0" elements="8" />
    <table name="Y" address="c72c0" elements="12" />
  </table>
  <table name="Per Injector Pulse Width Compensation C" address="c73a0">
    <table name="X" address="c7350" elements="8" />
    <table name="Y" address="c7370" elements="12" />
  </table>
  <table name="Per Injector Pulse Width Compensation D" address="c7450">
    <table name="X" address="c7400" elements="8" />
    <table name="Y" address="c7420" elements="12" />
  </table>
  <table name="Cranking Fuel Injector Pulse Width A (ECT)" address="c595e">
    <table name="Y" address="c530c" />
  </table>
  <table name="Cranking Fuel Injector Pulse Width B (ECT)" address="c597e">
    <table name="Y" address="c530c" />
  </table>
  <table name="Cranking Fuel Injector Pulse Width C (ECT)" address="c599e">
    <table name="Y" address="c530c" />
  </table>
  <table name="Cranking Fuel Injector Pulse Width D (ECT)" address="c59be">
    <table name="Y" address="c530c" />
  </table>
  <table name="Cranking Fuel Injector Pulse Width E (ECT)" address="c59de">
    <table name="Y" address="c530c" />
  </table>
  <table name="Cranking Fuel Injector Pulse Width F (ECT)" address="c59fe">
    <table name="Y" address="c530c" />
  </table>
  <table name="Cranking Fuel IPW Compensation Imm. Cruise (RPM)" address="c6aa0">
    <table name="X" address="c6a70" />
    <table name="Y" address="c6a84" />
  </table>
  <table name="Cranking Fuel IPW Compensation Imm. Non-Cruise (RPM)" address="c6b48">
    <table name="X" address="c6b18" />
    <table name="Y" address="c6b2c" />
  </table>
  <table name="Cranking Fuel IPW Compensation (Accelerator)" address="c5430">
    <table name="Y" address="c5418" />
  </table>
  <table name="Throttle Tip-in Enrichment" address="c686c">
    <table name="Y" address="c6828" elements="17" />
  </table>
  <table name="Minimum Tip-in Enrichment Activation" address="c51e8" />
  <table name="Minimum Tip-in Enrichment Activation (Throttle)" address="c51e0" />
  <table name="Tip-in Enrichment Compensation (Boost Error)" address="c5904">
    <table name="Y" address="c58e0" />
  </table>
  <table name="Tip-in Enrichment Compensation (ECT)" address="c688e">
    <table name="Y" address="c530c" />
  </table>
  <table name="Tip-in Enrichment Disable Applied Counter Threshold" address="c4ae5" />
  <table name="Tip-in Enrichment Applied Counter Reset" address="c4ae6" />
  <table name="Tip-in Enrichment Disable Throttle Cumulative Threshold" address="c51e4" />
  <table name="Tip-in Throttle Cumulative Reset" address="c4ae7" />
  <table name="Min Primary Base Enrichment 1 Cruise" address="c6c7c">
    <table name="X" address="c530c" />
    <table name="Y" address="c6c5c" />
  </table>
  <table name="Min Primary Base Enrichment 1 Non-Cruise" address="c6bdc">
    <table name="X" address="c530c" />
    <table name="Y" address="c6bbc" />
  </table>
  <table name="Min Primary Base Enrichment 1 (Non-Primary OL)" address="c6d30">
    <table name="X" address="c6cfc" />
    <table name="Y" address="c6d24" />
  </table>
  <table name="Min Primary Base Enrich 2 Initial Start 1A" address="c5abe">
    <table name="Y" address="c530c" />
  </table>
  <table name="Min Primary Base Enrich 2 Initial Start 1B" address="c5ade">
    <table name="Y" address="c530c" />
  </table>
  <table name="Min Primary Base Enrich 2 Initial Start 2A" address="c5afe">
    <table name="Y" address="c530c" />
  </table>
  <table name="Min Primary Base Enrich 2 Initial Start 2B" address="c5b1e">
    <table name="Y" address="c530c" />
  </table>
  <table name="Min Primary Base Enrich 2 Decay Step 1" address="c5b3e">
    <table name="Y" address="c530c" />
  </table>
  <table name="Min Primary Base Enrich 2 Decay Step 2" address="c5b5e">
    <table name="Y" address="c530c" />
  </table>
  <table name="Min Primary Base Enrich 3 Initial Start 1A" address="c5a3e">
    <table name="Y" address="c530c" />
  </table>
  <table name="Min Primary Base Enrich 3 Initial Start 1B" address="c5a5e">
    <table name="Y" address="c530c" />
  </table>
  <table name="Min Primary Base Enrich 3 Initial Start 2A" address="c5a7e">
    <table name="Y" address="c530c" />
  </table>
  <table name="Min Primary Base Enrich 3 Initial Start 2B" address="c5a9e">
    <table name="Y" address="c530c" />
  </table>
  <table name="Min Primary Base Enrich 3 Decay Delay A" address="c5446">
    <table name="Y" address="c530c" />
  </table>
  <table name="Min Primary Base Enrich 3 Decay Delay B" address="c5456">
    <table name="Y" address="c530c" />
  </table>
  <table name="Min Primary Base Enrich 3 Decay Multiplier" address="c4cc4" />
  <table name="A/F Learning #1 Limits" address="c4e88" />
  <table name="A/F Learning #1 Airflow Ranges" address="c4e98" />
  <table name="MAF Limit (Maximum)" address="c2de4" />
  <table name="MAF Sensor Scaling" address="ccd10">
    <table name="Y" address="ccc38" />
  </table>
  <table name="MAF Compensation (IAT)" address="c3580">
    <table name="X" address="c354c" />
    <table name="Y" address="c3560" />
  </table>
  <table name="Engine Load Limit (Maximum)" address="2588c" />
  <table name="Engine Load Compensation (MP)" address="c3608">
    <table name="X" address="c35a8" />
    <table name="Y" address="c35d4" elements="13" />
  </table>
  <table name="Base Timing Primary Cruise" address="c9d5c">
    <table name="X" address="c9ccc" elements="18" />
    <table name="Y" address="c9d14" />
  </table>
  <table name="Base Timing Reference Cruise (AVCS related)" address="ca11c">
    <table name="X" address="ca08c" elements="18" />
    <table name="Y" address="ca0d4" />
  </table>
  <table name="Base Timing Primary Non-Cruise" address="c9f34">
    <table name="X" address="c9ea0" elements="19" />
    <table name="Y" address="c9eec" />
  </table>
  <table name="Base Timing Reference Non-Cruise (AVCS related)" address="ca2f0">
    <table name="X" address="ca260" elements="18" />
    <table name="Y" address="ca2a8" />
  </table>
  <table name="Base Timing Idle A (In-Gear)" address="c8c9d">
    <table name="Y" address="c8aa8" />
  </table>
  <table name="Base Timing Idle B (In-Gear)" address="c8cad">
    <table name="Y" address="c8aa8" />
  </table>
  <table name="Base Timing Idle A (Neutral)" address="c8cbd">
    <table name="Y" address="c8aa8" />
  </table>
  <table name="Base Timing Idle B (Neutral)" address="c8ccd">
    <table name="Y" address="c8aa8" />
  </table>
  <table name="Base Timing Idle Minimum" address="c8c94">
    <table name="Y" address="c8c70" />
  </table>
  <table name="Base Timing Idle Minimum Vehicle Speed Enable" address="c88fc" />
  <table name="Knock Correction Advance Max Cruise" address="c9b28">
    <table name="X" address="c9a98" elements="18" />
    <table name="Y" address="c9ae0" />
  </table>
  <table name="Knock Correction Advance Max Non-Cruise" address="c9940">
    <table name="X" address="c98ac" elements="19" />
    <table name="Y" address="c98f8" />
  </table>
  <table name="Timing Compensation A (IAT)" address="c8d50">
    <table name="Y" address="c8d10" />
  </table>
  <table name="Timing Compensation A (IAT) Activation" address="ca474">
    <table name="X" address="ca434" />
    <table name="Y" address="ca454" />
  </table>
  <table name="Timing Compensation B (IAT)" address="c9284">
    <table name="Y" address="c9244" />
  </table>
  <table name="Timing Compensation B (IAT) IAM Activation" address="c8a74" />
  <table name="Timing Compensation B (IAT) Max Additive" address="c8a58" />
  <table name="Timing Compensation (ECT)" address="c8cfd">
    <table name="Y" address="c8aa8" />
  </table>
  <table name="Timing Compensation (MRP)" address="ca71c">
    <table name="X" address="ca6fc" />
    <table name="Y" address="ca710" />
  </table>
  <table name="Timing Compensation Per Cylinder A" address="c96ac">
    <table name="X" address="c9664" />
    <table name="Y" address="c969c" />
  </table>
  <table name="Timing Compensation Per Cylinder B" address="c972c">
    <table name="X" address="c96e4" />
    <table name="Y" address="c971c" />
  </table>
  <table name="Timing Compensation Per Cylinder C" address="c97ac">
    <table name="X" address="c9764" />
    <table name="Y" address="c979c" />
  </table>
  <table name="Timing Compensation Per Cylinder D" address="c982c">
    <table name="X" address="c97e4" />
    <table name="Y" address="c981c" />
  </table>
  <table name="Timing Comp Minimum Load (Per Cylinder)" address="c868c" />
  <table name="Timing Comp Maximum RPM (Per Cylinder)" address="c8688" />
  <table name="Timing Comp Minimum Coolant Temp (Per Cylinder)" address="c8690" />
  <table name="Feedback Correction Range (RPM)" address="c869c" />
  <table name="Feedback Correction Minimum Load" address="c8694" />
  <table name="Feedback Correction Retard Value" address="c86bc" />
  <table name="Feedback Correction Retard Limit" address="c86b8" />
  <table name="Feedback Correction Negative Advance Value" address="c86c0" />
  <table name="Feedback Correction Negative Advance Delay" address="c8654" />
  <table name="Extended Feedback Correction High RPM Compensation" address="c86c8" />
  <table name="Fine Correction Minimum (RPM)" address="c86d8" />
  <table name="Fine Correction Maximum (RPM)" address="c8824" />
  <table name="Fine Correction Range (Load)" address="c882c" />
  <table name="Fine Correction Rows (RPM)" address="c87f0" />
  <table name="Fine Correction Columns (Load)" address="c87e0" />
  <table name="Fine Correction Retard Value" address="c8820" />
  <table name="Fine Correction Retard Limit" address="c881c" />
  <table name="Fine Correction Advance Value" address="c8818" />
  <table name="Fine Correction Advance Limit" address="c8814" />
  <table name="Fine Correction Advance Delay" address="c8664" />
  <table name="Rough Correction Range (RPM)" address="c8790" />
  <table name="Rough Correction Range (Load)" address="c87a0" />
  <table name="Rough Correction Minimum KC Advance Map Value" address="c87b0" />
  <table name="Rough Correction Learning Delay (Increasing)" address="c8b50">
    <table name="Y" address="c8b28" />
  </table>
  <table name="Advance Multiplier (Initial)" address="c87b4" />
  <table name="Advance Multiplier Step Value" address="c87b8" />
  <table name="Intake Cam Advance Angle Cruise (AVCS)" address="cf4e8">
    <table name="X" address="cf468" />
    <table name="Y" address="cf4a0" />
  </table>
  <table name="Intake Cam Advance Angle Non-Cruise (AVCS)" address="cf760">
    <table name="X" address="cf6e0" />
    <table name="Y" address="cf718" />
  </table>
  <table name="Exhaust Cam Retard Angle Cruise (AVCS)" address="cebc0">
    <table name="X" address="ceb40" />
    <table name="Y" address="ceb78" />
  </table>
  <table name="Exhaust Cam Retard Angle Non-Cruise (AVCS)" address="cee38">
    <table name="X" address="cedb8" />
    <table name="Y" address="cedf0" />
  </table>
  <table name="Requested Torque (Accelerator Pedal) SI-DRIVE Sport" address="dc918">
    <table name="X" address="dc870" elements="20" />
    <table name="Y" address="dc8c0" elements="22" />
  </table>
  <table name="Requested Torque (Accelerator Pedal) SI-DRIVE Sport Sharp" address="dcd30">
    <table name="X" address="dcc88" elements="20" />
    <table name="Y" address="dccd8" elements="22" />
  </table>
  <table name="Requested Torque (Accelerator Pedal) SI-DRIVE Intelligent" address="dd148">
    <table name="X" address="dd0a0" elements="20" />
    <table name="Y" address="dd0f0" elements="22" />
  </table>
  <table name="Target Throttle Plate Position Cruise (Requested Torque)" address="dbf68">
    <table name="X" address="dbed4" elements="21" />
    <table name="Y" address="dbf28" />
  </table>
  <table name="Target Throttle Plate Position Non-Cruise (Requested Torque)" address="dc29c">
    <table name="X" address="dc208" elements="21" />
    <table name="Y" address="dc25c" />
  </table>
  <table name="Target Throttle Plate Position Maximum (Requested Torque)" address="dc5d0">
    <table name="X" address="dc53c" elements="21" />
    <table name="Y" address="dc590" />
  </table>
  <table name="Rev Limit (Fuel Cut)" address="c523c" />
  <table name="Rev Limit Fuel Resume (Boost)" address="c5244" />
  <table name="Speed Limiting Enable (Fuel Cut)" address="c528c" />
  <table name="Speed Limiting Disable (Fuel Cut)" address="c5298" />
  <table name="Speed Limiting A (Throttle) SI-DRIVE Sport/Sport Sharp" address="db844" />
  <table name="Speed Limiting B (Throttle) SI-DRIVE Sport/Sport Sharp" address="db85c" />
  <table name="Speed Limiting (Throttle) SI-DRIVE Intelligent" address="db850" />
  <table name="Intake Temp Sensor Scaling" address="86268">
    <table name="Y" address="861f0" />
  </table>
  <table name="Coolant Temp Sensor Scaling" address="86180">
    <table name="Y" address="86110" />
  </table>
  <table name="Radiator Fan Modes A (ECT)" address="cd57c" />
  <table name="Radiator Fan Modes B (ECT)" address="cd58c" />
  <table name="Radiator Fan Modes (Veh. Speed)" address="cd59c" />
  <table name="Idle Speed Target A" address="cb282">
    <table name="Y" address="cad94" />
  </table>
  <table name="Idle Speed Target B" address="cb2c2">
    <table name="Y" address="cad94" />
  </table>
  <table name="Idle Speed Target C" address="cb302">
    <table name="Y" address="cad94" />
  </table>
  <table name="Force Pass Readiness Monitors" address="7ef8e" />
  <table name="(P0000) PASS CODE (NO DTC DETECTED)" address="73545" />
  <table name="(P0000) PASS CODE (NO DTC DETECTED)_" address="73546" />
  <table name="(P0031) FRONT O2 SENSOR LOW INPUT" address="73554" />
  <table name="(P0032) FRONT O2 SENSOR HIGH INPUT" address="73552" />
  <table name="(P0037) REAR O2 SENSOR LOW INPUT" address="73553" />
  <table name="(P0038) REAR O2 SENSOR HIGH INPUT" address="73551" />
  <table name="(P0102) MAF SENSOR LOW INPUT" address="73501" />
  <table name="(P0103) MAF SENSOR HIGH INPUT" address="73502" />
  <table name="(P0107) MAP SENSOR LOW INPUT" address="73555" />
  <table name="(P0108) MAP SENSOR HIGH INPUT" address="73556" />
  <table name="(P0112) IAT SENSOR LOW INPUT" address="7354e" />
  <table name="(P0113) IAT SENSOR HIGH INPUT" address="7354f" />
  <table name="(P0117) COOLANT TEMP SENSOR LOW INPUT" address="7350a" />
  <table name="(P0118) COOLANT TEMP SENSOR HIGH INPUT" address="7350b" />
  <table name="(P0122) TPS A LOW INPUT" address="73508" />
  <table name="(P0123) TPS A HIGH INPUT" address="73509" />
  <table name="(P0131) FRONT O2 SENSOR LOW INPUT" address="73548" />
  <table name="(P0132) FRONT O2 SENSOR HIGH INPUT" address="7354a" />
  <table name="(P0134) FRONT O2 SENSOR NO ACTIVITY" address="73571" />
  <table name="(P0140) REAR O2 SENSOR NO ACTIVITY" address="735bf" />
  <table name="(P0171) SYSTEM TOO LEAN" address="7353c" />
  <table name="(P0172) SYSTEM TOO RICH" address="7353d" />
  <table name="(P0222) TPS B LOW INPUT" address="7357b" />
  <table name="(P0223) TPS B HIGH INPUT" address="7357c" />
  <table name="(P0230) FUEL PUMP PRIMARY CIRCUIT" address="7356c" />
  <table name="(P0245) WASTEGATE SOLENOID A LOW" address="73560" />
  <table name="(P0246) WASTEGATE SOLENOID A HIGH" address="73561" />
  <table name="(P0301) MISFIRE CYLINDER 1" address="7353e" />
  <table name="(P0302) MISFIRE CYLINDER 2" address="7353f" />
  <table name="(P0303) MISFIRE CYLINDER 3" address="73540" />
  <table name="(P0304) MISFIRE CYLINDER 4" address="73541" />
  <table name="(P0327) KNOCK SENSOR 1 LOW INPUT" address="73506" />
  <table name="(P0328) KNOCK SENSOR 1 HIGH INPUT" address="73507" />
  <table name="(P0335) CRANKSHAFT POS. SENSOR A MALFUNCTION" address="734fc" />
  <table name="(P0340) CAMSHAFT POS. SENSOR A MALFUNCTION" address="7358f" />
  <table name="(P0345) CAMSHAFT POS. SENSOR A BANK 2" address="7358e" />
  <table name="(P0365) CAMSHAFT POS. SENSOR B BANK 1" address="7358d" />
  <table name="(P0390) CAMSHAFT POS. SENSOR B BANK 2" address="7358c" />
  <table name="(P0410) SECONDARY AIR PUMP SYSTEM" address="735b9" />
  <table name="(P0413) SECONDARY AIR PUMP A OPEN" address="735bd" />
  <table name="(P0414) SECONDARY AIR PUMP A SHORTED" address="735c2" />
  <table name="(P0418) SECONDARY AIR PUMP RELAY A" address="735be" />
  <table name="(P0458) EVAP PURGE VALVE CIRCUIT LOW" address="7352d" />
  <table name="(P0459) EVAP PURGE VALVE CIRCUIT HIGH" address="7352e" />
  <table name="(P0462) FUEL LEVEL SENSOR LOW INPUT" address="7350e" />
  <table name="(P0463) FUEL LEVEL SENSOR HIGH INPUT" address="7350f" />
  <table name="(P0500) VEHICLE SPEED SENSOR A" address="73503" />
  <table name="(P0512) STARTER REQUEST CIRCUIT" address="73513" />
  <table name="(P0519) IDLE CONTROL MALFUNCTION (FAIL-SAFE)" address="7356e" />
  <table name="(P0562) SYSTEM VOLTAGE LOW" address="7355e" />
  <table name="(P0563) SYSTEM VOLTAGE HIGH" address="7355f" />
  <table name="(P0600) SERIAL COMMUNICATION LINK" address="7358b" />
  <table name="(P0604) CONTROL MODULE RAM ERROR" address="73500" />
  <table name="(P0605) CONTROL MODULE ROM ERROR" address="73590" />
  <table name="(P0607) CONTROL MODULE PERFORMANCE" address="73583" />
  <table name="(P0638) THROTTLE ACTUATOR RANGE/PERF" address="73582" />
  <table name="(P0700) TRANSMISSION CONTROL SYSTEM" address="7359c" />
  <table name="(P0851) NEUTRAL SWITCH INPUT LOW" address="73517" />
  <table name="(P0852) NEUTRAL SWITCH INPUT HIGH" address="7351b" />
  <table name="(P1160) ABNORMAL RETURN SPRING" address="7357d" />
  <table name="(P1410) SECONDARY AIR PUMP VALVE STUCK OPEN" address="735c6" />
  <table name="(P1418) SECONDARY AIR PUMP CIRCUIT SHORTED" address="735c3" />
  <table name="(P1518) STARTER SWITCH LOW INPUT" address="73512" />
  <table name="(P1560) BACK-UP VOLTAGE MALFUNCTION" address="7355d" />
  <table name="(P2004) TGV - INTAKE MANIFOLD RUNNER 1 STUCK OPEN" address="735a7" />
  <table name="(P2005) TGV - INTAKE MANIFOLD RUNNER 2 STUCK OPEN" address="735a9" />
  <table name="(P2006) TGV - INTAKE MANIFOLD RUNNER 1 STUCK CLOSED" address="735a8" />
  <table name="(P2007) TGV - INTAKE MANIFOLD RUNNER 2 STUCK CLOSED" address="735aa" />
  <table name="(P2008) TGV - INTAKE MANIFOLD RUNNER 1 CIRCUIT OPEN" address="735b5" />
  <table name="(P2009) TGV - INTAKE MANIFOLD RUNNER 1 CIRCUIT LOW" address="735b3" />
  <table name="(P2011) TGV - INTAKE MANIFOLD RUNNER 2 CIRCUIT OPEN" address="735b6" />
  <table name="(P2012) TGV - INTAKE MANIFOLD RUNNER 2 CIRCUIT LOW" address="735b4" />
  <table name="(P2016) TGV - INTAKE MANIFOLD RUNNER 1 POS. SENSOR LOW" address="735af" />
  <table name="(P2017) TGV - INTAKE MANIFOLD RUNNER 1 POS. SENSOR HIGH" address="735b0" />
  <table name="(P2021) TGV - INTAKE MANIFOLD RUNNER 2 POS. SENSOR LOW" address="735b1" />
  <table name="(P2022) TGV - INTAKE MANIFOLD RUNNER 2 POS. SENSOR HIGH" address="735b2" />
  <table name="(P2088) OCV SOLENOID A1 CIRCUIT OPEN" address="73598" />
  <table name="(P2089) OCV SOLENOID A1 CIRCUIT SHORT" address="73597" />
  <table name="(P2090) OCV SOLENOID B1 CIRCUIT OPEN" address="73594" />
  <table name="(P2091) OCV SOLENOID B1 CIRCUIT SHORT" address="73593" />
  <table name="(P2092) OCV SOLENOID A2 CIRCUIT OPEN" address="73596" />
  <table name="(P2093) OCV SOLENOID A2 CIRCUIT SHORT" address="73595" />
  <table name="(P2094) OCV SOLENOID B2 CIRCUIT OPEN" address="73592" />
  <table name="(P2095) OCV SOLENOID B2 CIRCUIT SHORT" address="73591" />
  <table name="(P2101) THROTTLE ACTUATOR CIRCUIT RANGE/PERF" address="73580" />
  <table name="(P2102) THROTTLE ACTUATOR CIRCUIT LOW" address="7357e" />
  <table name="(P2103) THROTTLE ACTUATOR CIRCUIT HIGH" address="7357f" />
  <table name="(P2109) TPS A MINIMUM STOP PERF" address="7357a" />
  <table name="(P2122) TPS D CIRCUIT LOW INPUT" address="73587" />
  <table name="(P2123) TPS D CIRCUIT HIGH INPUT" address="73588" />
  <table name="(P2127) TPS E CIRCUIT LOW INPUT" address="73585" />
  <table name="(P2128) TPS E CIRCUIT HIGH INPUT" address="73586" />
  <table name="(P2135) TPS A/B VOLTAGE" address="73589" />
  <table name="(P2138) TPS D/E VOLTAGE" address="73584" />
  <table name="(P2432) SECONDARY AIR PUMP CIRCUIT LOW" address="735bc" />
  <table name="(P2433) SECONDARY AIR PUMP CIRCUIT HIGH" address="735bb" />
  <table name="(P2440) SECONDARY AIR PUMP VALVE 1 STUCK OPEN" address="735ca" />
  <table name="(P2441) SECONDARY AIR PUMP VALVE 1 STUCK CLOSED" address="735c9" />
  <table name="(P2444) SECONDARY AIR PUMP 1 STUCK ON B1" address="735b7" />
</rom>